Maker,Type,Name,year,Sales,Model,Nippyo,price,kata,capacity,FuelType,FuelEfficiency,HH,size,hppw,NameID,share,share0,iv_BLP_own_hppw,iv_BLP_other_hppw,iv_BLP_own_FuelEfficiency,iv_BLP_other_FuelEfficiency,iv_BLP_own_size,iv_BLP_other_size,iv_GH_own_hppw,iv_GH_other_hppw,iv_GH_own_FuelEfficiency,iv_GH_other_FuelEfficiency,iv_GH_own_size,iv_GH_other_size
Audi,Foreign,A1シリーズ,2011,4206,1.4 TFSI,0,2.9980373831775706,DBA-8XCAX,4,ハイオク,19.4,53783435,9.947232,0.10252100840336134,14,7.820251718768056e-05,0.9389811007794501,0.19653997504558982,15.722896743681806,30.0,2464.5,23.192485499999997,1811.610311865,0.00015442308935109672,0.21631547936117723,43.83999999999992,5703.330000000002,6.619648953746321,1332.3295934361013
Audi,Foreign,A1シリーズ,2012,4502,1.4 TFSI,0,2.835,DBA-8XCAX,4,ハイオク,19.4,54171475,9.947232,0.10252100840336134,14,8.310646885653381e-05,0.9197618488328037,0.2074628270280444,16.185120847671307,30.4,2659.2999999999997,23.231905499999996,1891.364785625,0.00034886476408114986,0.22061982558852655,39.20000000000027,6457.490000000005,6.811799220866192,1428.5058819125188
Audi,Foreign,A1シリーズ,2013,5071,1.4 TFSI,0,2.823260869565218,DBA-8XCAX,4,ハイオク,19.4,54594744,9.947232,0.10252100840336134,14,9.288439927477268e-05,0.9195631909181587,0.2093073593073593,15.538474436893932,33.300000000000004,2762.2000000000003,23.598341249999997,1857.627278875,0.00030821484322135495,0.20162750949406627,31.36999999999989,6612.25999999998,7.5913776292595685,1400.559198809744
Audi,Foreign,A3シリーズ,2006,4830,アトラクション,0,2.918888888888889,GH-8PBSE,5,ハイオク,12.2,51102005,10.815125749999998,0.075,15,9.451683940776884e-05,0.9152275336359111,0.08843537414965986,16.160872653184775,11.2,2391.0,11.605093499999997,1840.9026385,0.00018050927854134854,0.2553132574247594,1.0,4557.360000000001,0.6240490460401134,1004.2912029808358
Audi,Foreign,A3シリーズ,2007,3874,アトラクション,0,2.9394444444444447,GH-8PBSE,5,ハイオク,12.2,51713048,10.815125749999998,0.075,15,7.491339516479477e-05,0.9201741889203668,0.23768910549294342,16.0533523519593,23.2,2382.0,22.295861499999994,1839.158933875,0.005694125896941883,0.25281060045889525,1.0399999999999636,4335.919999999998,0.639513896025278,1039.1139366124553
Audi,Foreign,A3シリーズ,2008,3683,1.4 TFSI,0,3.0294219066937127,ABA-8PCAX,5,ハイオク,15.8,52324877,10.827745499999999,0.09057971014492754,15,7.038716975865992e-05,0.9235641012591391,0.2552139962439458,16.027986782675104,24.2,2408.6,23.055507999999996,1838.3881150000002,0.0036792022281792874,0.21955645601260443,27.40000000000009,3224.4000000000087,2.381114928536533,1073.2142268209718
Audi,Foreign,A3シリーズ,2009,4338,1.4 TFSI,0,3.073055555555556,ABA-8PCAX,5,ハイオク,15.8,52877802,10.827745499999999,0.09057971014492754,15,8.203820574841595e-05,0.9291896626111653,0.10596026490066225,16.50055341275912,13.400000000000002,2422.0,12.364739999999998,1888.995165,0.00023656146459415453,0.2316770894631146,5.759999999999934,3428.540000000008,2.3623520930302675,1100.731404048056
Audi,Foreign,A3シリーズ,2010,4506,1.4 TFSI,0,3.1574611398963732,DBA-8PCAX,5,ハイオク,16.6,53362801,10.827745499999999,0.09057971014492754,15,8.444084484995456e-05,0.9249569564386247,0.2346188014860281,16.818433048746915,25.4,2527.6,24.161380625,1917.23652925,0.0016865584876751827,0.23359835863816825,31.400000000000205,3695.4600000000064,3.301109856278913,1114.4359718710184
Audi,Foreign,A3シリーズ,2011,3739,1.4 TFSI,0,3.1640186915887853,DBA-8PCAX,5,ハイオク,16.6,53783435,10.827745499999999,0.09057971014492754,15,6.951954630640457e-05,0.9389811007794501,0.2084812733040236,15.722896743681806,32.8,2464.5,22.311971999999997,1811.610311865,0.00037915606869102364,0.22979697433273039,18.079999999999927,3678.9300000000076,3.137656116712492,1013.9806804619802
Audi,Foreign,A3シリーズ,2012,3603,1.4 TFSI,0,3.167307692307692,DBA-8PCAX,5,ハイオク,16.6,54171475,10.827745499999999,0.09057971014492754,15,6.651101894493366e-05,0.9197618488328037,0.21940412528647818,16.185120847671307,33.199999999999996,2659.2999999999997,22.351391999999997,1891.364785625,0.0008344638101315041,0.22899931941731078,15.680000000000064,4818.37000000001,3.2603866994924715,1097.7557243328702
Audi,Foreign,A3シリーズ,2013,4604,1.4 TFSI,0,3.1852173913043482,DBA-8VCXS,5,ハイオク,19.5,54594744,11.19418125,0.09242424242424242,15,8.433046228772499e-05,0.9195631909181587,0.21940412528647824,15.538474436893932,33.2,2762.2000000000003,22.351391999999997,1857.627278875,0.0007001812230320661,0.1985052208258864,32.49999999999977,6686.1099999999715,3.018931007527158,1012.1506872247337
Audi,Foreign,A3シリーズ,2014,10400,1.4 TFSI,0,3.2225806451612904,DBA-8VCXS,5,ハイオク,19.5,55952365,11.19418125,0.09242424242424242,15,0.00018587239341893768,0.9188134228106355,0.11688311688311688,16.24547409380297,13.799999999999997,2891.2999999999997,12.404159999999997,1918.75842025,0.0005982365397949815,0.23333989110354159,32.49000000000012,6939.700000000012,1.4640485754515566,1040.096101390991
Audi,Foreign,A3シリーズ,2015,10604,1.4 TFSI,0,3.0269700000000004,DBA-8VCXS,5,ハイオク,19.5,56412140,11.19418125,0.09242424242424242,15,0.00018797372338649092,0.9279170405519096,0.0,16.183900550153076,0.0,2999.9,0.0,1913.483649,0.0,0.2338676400535813,0.0,7336.029999999984,0.0,1126.7750063289714
Audi,Foreign,A3シリーズ,2016,8063,1.4 TFSI,0,3.28,DBA-8VCXS,5,ハイオク,19.5,56950757,11.19418125,0.09242424242424242,15,0.00014157845171399564,0.9300480413280547,0.12337662337662338,16.497019187782353,18.4,3138.2,12.458731999999998,1950.74698775,0.0009580498866213136,0.2586003162217638,1.2100000000000364,7979.190000000002,1.5990885993256256,1119.697344014865
Audi,Foreign,A4シリーズ,2006,6066,2.0 アトラクション,0,3.7925,GH-8EALT,5,ハイオク,11.2,51102005,11.605093499999999,0.08843537414965986,16,0.0001187037573183283,0.9152275336359111,0.075,16.160872653184775,12.2,2391.0,10.815125749999996,1840.9026385,0.00018050927854134854,0.17897642642509526,1.0,5525.1600000000035,0.6240490460401134,982.7175477059791
Audi,Foreign,A4シリーズ,2007,5258,2.0 アトラクション,0,3.8952777777777783,ABA-8EALT,5,ハイオク,11.2,51713048,11.605093499999999,0.08843537414965986,16,0.0001016764666433895,0.9201741889203668,0.22425373134328358,16.0533523519593,24.2,2382.0,21.505893749999995,1839.158933875,0.003879381850272548,0.17716710500953736,1.6399999999999864,5309.120000000003,1.4600401659903923,1002.583972020715
Audi,Foreign,A4シリーズ,2008,5976,1.8 TFSI,0,4.245243407707911,ABA-8KCAB,5,ハイオク,12.2,52324877,12.36474,0.10596026490066225,16,0.00011420953746341343,0.9235641012591391,0.23983344148821112,16.027986782675104,27.8,2408.6,21.518513499999997,1838.3881150000002,0.0021108857012125323,0.2162266026988191,13.0,4236.719999999994,5.164534349814289,1196.7984536626464
Audi,Foreign,A4シリーズ,2009,6587,1.8 TFSI,0,4.3372222222222225,ABA-8KCDH,5,ハイオク,13.4,52877802,12.36474,0.10596026490066225,16,0.000124570230812544,0.9291896626111653,0.09057971014492754,16.50055341275912,15.800000000000002,2422.0,10.827745499999997,1888.995165,0.00023656146459415453,0.21985634998560677,5.759999999999991,3561.0200000000114,2.3623520930302675,1140.0435611769572
Audi,Foreign,A4シリーズ,2010,5660,1.8 TFSI,0,4.503264248704664,ABA-8KCDH,5,ハイオク,13.4,53362801,12.36474,0.10596026490066225,16,0.00010606639632728425,0.9249569564386247,0.2192382467302934,16.818433048746915,28.6,2527.6,22.624386125,1917.23652925,0.0007517730020667746,0.22106797041021276,12.200000000000045,3840.100000000006,2.6850889929055484,1173.8746539149142
Audi,Foreign,A4シリーズ,2011,5220,1.8 TFSI,0,4.512616822429907,ABA-8KCDH,5,ハイオク,13.4,53783435,12.36474,0.10596026490066225,16,9.705590578214277e-05,0.9389811007794501,0.19310071854828892,15.722896743681806,36.0,2464.5,20.7749775,1811.610311865,0.00024838994984836826,0.22073755987987864,46.24000000000001,4379.729999999996,8.206697023094193,1041.6459663106652
Audi,Foreign,A4シリーズ,2012,4797,2.0 TFSI,0,4.56923076923077,DBA-8KCDN,5,ハイオク,13.8,54171475,12.404159999999997,0.11688311688311688,16,8.855213929471183e-05,0.9197618488328037,0.19310071854828886,16.185120847671307,36.0,2659.2999999999997,20.7749775,1891.364785625,0.0008981393660188949,0.27249626196043586,39.20000000000016,5750.770000000004,8.521577872994158,1140.7964602596621
Audi,Foreign,A4シリーズ,2013,6227,2.0 TFSI,0,4.550310559006212,DBA-8KCDN,5,ハイオク,13.8,54594744,12.404159999999997,0.11688311688311688,16,0.00011405859875448817,0.9195631909181587,0.19494525082760378,15.538474436893932,38.900000000000006,2762.2000000000003,21.14141325,1857.627278875,0.000804506699779238,0.26262504012042287,63.84999999999991,7615.779999999984,7.500543772635524,1113.8837445940808
Audi,Foreign,A4シリーズ,2014,5641,2.0 TFSI,0,4.561965725806452,DBA-8KCDN,5,ハイオク,13.8,55952365,12.404159999999997,0.11688311688311688,16,0.00010081790108425264,0.9188134228106355,0.09242424242424242,16.24547409380297,19.499999999999996,2891.2999999999997,11.19418125,1918.75842025,0.0005982365397949815,0.28335256839493583,32.49000000000012,8581.87000000001,1.4640485754515566,1108.1083604973464
Audi,Foreign,A4シリーズ,2016,5807,2.0 TFSI,0,5.18,ABA-8WCVK,5,ハイオク,18.4,56950757,12.458732,0.12337662337662338,16,0.00010196528204181729,0.9300480413280547,0.09242424242424242,16.497019187782353,19.5,3138.2,11.194181249999998,1950.74698775,0.0009580498866213136,0.3528412228201887,1.2100000000000364,7921.0,1.5990885993256256,1181.0818459012517
Audi,Foreign,A5シリーズ,2010,2042,2.0 TFSI クワトロ 4WD,1,6.12858031088083,ABA-8TCDNF,4,ハイオク,12.0,53362801,11.796640625,0.12865853658536586,17,3.8266357120196895e-05,0.9249569564386247,0.1965399750455898,16.818433048746915,30.0,2527.6,23.192485499999997,1917.23652925,0.001965208560553648,0.346917941951693,23.12000000000012,4978.860000000015,1.2614946631241537,1059.9835081257697
Audi,Foreign,TT,2007,3238,クーペ 2.0 TFSI,0,4.573611111111111,ABA-8JBWA,4,ハイオク,12.0,51713048,10.690767999999998,0.14925373134328357,69,6.26147582714521e-05,0.9201741889203668,0.16343537414965986,16.0533523519593,23.4,2382.0,22.420219249999995,1839.158933875,0.009212489190131741,0.5663395388786627,0.6800000000000637,4504.639999999999,0.8514559699353299,1063.2844919554045
Audi,Foreign,TT,2008,2907,クーペ 2.0 TFSI,0,4.447880324543611,ABA-8JBWA,4,ハイオク,12.0,52324877,10.690767999999998,0.14925373134328357,69,5.5556747892594183e-05,0.9235641012591391,0.1965399750455898,16.027986782675104,28.0,2408.6,23.192485499999997,1838.3881150000002,0.005316965000203518,0.6183663571578508,14.480000000000018,4416.080000000002,2.8209450922902306,1099.3463892285
BMW,Foreign,1シリーズ,2006,8821,116i,0,3.0319444444444446,GH-UF16,5,ハイオク,11.6,51102005,10.6106,0.08518518518518518,1,0.0001726155363179977,0.9152275336359111,0.31161651633628035,15.92750632581297,32.0,2370.8,34.0513245,1818.66093325,0.002618600182142883,0.18954306884500394,7.919999999999959,5091.519999999997,10.897299464770867,1033.1643788373767
BMW,Foreign,1シリーズ,2007,8100,116i,0,3.0319444444444446,ABA-UE16,5,ハイオク,11.8,51713048,10.6106,0.08394160583941605,1,0.0001566335830755905,0.9201741889203668,0.3170631837298504,15.965036667882977,34.400000000000006,2371.2000000000003,33.991492,1827.667829125,0.002871825708509697,0.19745239341764886,14.919999999999845,4671.959999999992,11.096583422939489,1071.4631030549426
BMW,Foreign,1シリーズ,2008,7220,116i,0,3.0091582150101424,ABA-UE16,5,ハイオク,11.8,52324877,10.6106,0.08394160583941605,1,0.00013798407973324045,0.9235641012591391,0.3170631837298504,15.972775699494711,34.400000000000006,2402.4,33.991492,1827.6692765,0.002871825708509697,0.24659459271471684,14.919999999999845,4609.68,11.096583422939489,1109.4947215167122
BMW,Foreign,1シリーズ,2009,5350,116i,0,3.0525,ABA-UE16,5,ハイオク,11.8,52877802,10.6106,0.08394160583941605,1,0.00010117667145090487,0.9291896626111653,0.3170631837298504,16.296088598235443,34.400000000000006,2405.0,33.91917325,1867.65787725,0.002871825708509697,0.25840646419291957,14.919999999999845,4702.580000000002,10.914064005713044,1149.855697098821
BMW,Foreign,1シリーズ,2010,5856,116i,0,3.0953471502590673,LBA-UE16,5,ハイオク,13.6,53362801,10.388,0.08776978417266187,1,0.00010973936694215133,0.9249569564386247,0.40484618655750426,16.651015589647702,50.4,2505.6,46.627277,1895.2103783750001,0.0013217050237496752,0.24511257430502775,17.200000000000045,3725.2600000000093,17.328644272239103,1231.353467155539
BMW,Foreign,1シリーズ,2011,5279,116i,0,3.1951401869158884,DBA-1A16,5,ハイオク,16.6,53783435,11.017835999999999,0.09714285714285714,1,9.815289782067657e-05,0.9389811007794501,0.39473480641222575,15.530080063575674,53.4,2443.9,46.530895,1787.201298365,0.0004011759570129725,0.21659415555901607,53.80000000000018,3643.209999999992,12.918230503518998,967.2831967812672
BMW,Foreign,1シリーズ,2012,10436,116i,0,3.1984615384615385,DBA-1A16,5,ハイオク,16.6,54171475,11.017835999999999,0.09714285714285714,1,0.0001926475142129691,0.9197618488328037,0.394122361532265,16.003839464427593,54.6,2637.9,46.668992,1866.857095125,0.00040276247517684327,0.21866391144710828,41.320000000000164,4792.729999999996,12.641879744523976,1050.1896622412532
BMW,Foreign,1シリーズ,2013,8246,116i,0,3.1852173913043482,DBA-1A16,5,ハイオク,16.6,54594744,11.017835999999999,0.0951048951048951,1,0.00015104018071776287,0.9195631909181587,0.4989044016368857,15.256293507862871,71.4,2726.9,61.734116,1818.420900125,0.000644419780038541,0.19602554843998599,38.63999999999987,5837.229999999981,26.500561271038123,1013.2824232309067
BMW,Foreign,1シリーズ,2014,7723,116i ヤングライン,0,3.011098790322581,DBA-1A16,5,ハイオク,16.6,55952365,11.017835999999999,0.0951048951048951,1,0.00013802812445908228,0.9188134228106355,0.30514285714285716,16.054533700862578,49.800000000000004,2858.2,34.99955812500001,1896.339367375,0.0005986847857437291,0.22907131586532437,12.559999999999718,6439.080000000002,10.121377413728169,1062.3532662069556
BMW,Foreign,1シリーズ,2015,8080,118i,0,2.9770200000000004,DBA-1R15,5,ハイオク,18.1,56412140,11.030543999999999,0.0951048951048951,1,0.0001432315810036634,0.9279170405519096,0.28246757731563193,15.898752320156794,51.1,2950.2000000000003,35.084780625,1878.5625056249999,0.0004217307317260985,0.22912914201002677,11.060000000000173,7093.689999999973,10.354672504782002,1146.2474762642814
BMW,Foreign,1シリーズ,2016,7724,118i,0,3.1,DBA-1R15,5,ハイオク,18.1,56950757,11.030543999999999,0.0951048951048951,1,0.0001356259408457029,0.9300480413280547,0.37800897858951726,16.239706179888806,63.49999999999999,3094.5,47.557565625,1915.811791375,0.0004219212693616775,0.25449029508505294,47.150000000000546,7930.169999999984,12.434731606863124,1140.4144376034237
BMW,Foreign,2シリーズ,2015,8182,218i,0,3.6763200000000005,DBA-2D15,7,ハイオク,16.5,56412140,13.516965,0.08662420382165605,4,0.00014503970244702648,0.9279170405519096,0.290948268598871,15.898752320156794,52.7,2950.2000000000003,32.598359625,1878.5625056249999,0.0006611283423125017,0.2506626324283441,11.060000000000173,7621.369999999981,25.172216867103657,1631.159090588575
BMW,Foreign,2シリーズ,2016,9864,218i,0,3.81,DBA-2D15,7,ハイオク,16.9,56950757,13.516965,0.08662420382165605,4,0.00017320226314112032,0.9300480413280547,0.38648966987275635,16.239706179888806,64.69999999999999,3094.5,45.071144625,1915.811791375,0.0007406447527145699,0.27718326920027003,32.99000000000069,8468.969999999987,26.26252873950375,1623.1975649059823
BMW,Foreign,3シリーズ,2006,22789,320i,0,4.491388888888889,ABA-VR20,5,ハイオク,11.4,51102005,11.90866875,0.09740259740259741,7,0.0004459511911518932,0.9152275336359111,0.29939910411886816,15.92750632581297,32.2,2370.8,32.753255749999994,1818.66093325,0.0018458210929789831,0.159508031213055,6.959999999999923,5299.239999999991,11.875038597058506,1017.9515352355302
BMW,Foreign,3シリーズ,2007,23330,320i,0,4.491388888888889,ABA-VR20,5,ハイオク,11.4,51713048,11.90866875,0.1012987012987013,7,0.0004511433942164848,0.9201741889203668,0.2997060882705651,15.965036667882977,34.800000000000004,2371.2000000000003,32.693423249999995,1827.667829125,0.0018122036597554778,0.1608916872252637,14.759999999999764,5074.839999999989,12.229655952195913,1032.8671193134142
BMW,Foreign,3シリーズ,2008,17809,320i,0,4.427616632860041,ABA-VR20,5,ハイオク,11.4,52324877,11.90866875,0.1012987012987013,7,0.00034035435955253175,0.9235641012591391,0.2997060882705651,15.972775699494711,34.800000000000004,2402.4,32.693423249999995,1827.6692765,0.0018122036597554778,0.20976523230143673,14.759999999999764,5037.520000000004,12.229655952195913,1070.894980190671
BMW,Foreign,3シリーズ,2009,14042,320i スタイルエッセンス,0,4.357777777777779,ABA-VR20,5,ハイオク,11.4,52877802,11.83635,0.1012987012987013,7,0.00026555566738572074,0.9291896626111653,0.2997060882705651,16.296088598235443,34.800000000000004,2405.0,32.693423249999995,1867.65787725,0.0018122036597554778,0.21356879178022092,14.759999999999764,5123.220000000001,11.806720733338125,1028.6169429454458
BMW,Foreign,3シリーズ,2010,11664,320i,0,4.813834196891192,LBA-US20,5,ハイオク,13.0,53362801,11.713905,0.10967741935483871,7,0.0002185792308765801,0.9249569564386247,0.3829385513753274,16.651015589647702,51.0,2505.6,45.301372,1895.2103783750001,0.0013656095935164342,0.2292680393360933,14.200000000000045,4098.580000000009,12.660094315994002,1040.9449812660532
BMW,Foreign,3シリーズ,2011,8912,320i,0,4.823831775700935,LBA-US20,5,ハイオク,13.0,53783435,11.713905,0.10967741935483871,7,0.0001657015770748001,0.9389811007794501,0.3822002442002442,15.530080063575674,57.0,2443.9,45.83482600000001,1787.201298365,0.0010322417202803108,0.22909089761236556,25.0,4722.489999999998,11.916756357285749,931.7956907280168
BMW,Foreign,3シリーズ,2012,11107,320i,0,4.828846153846154,LBA-US20,5,ハイオク,13.0,54171475,11.713905,0.10967741935483871,7,0.0002050341069723503,0.9197618488328037,0.3815877993202834,16.003839464427593,58.2,2637.9,45.97292300000001,1866.857095125,0.0010491816953427519,0.23743073149069627,21.160000000000082,6522.889999999985,11.448155516904762,1014.5703161810234
BMW,Foreign,3シリーズ,2013,18739,320i,0,4.870900621118014,DBA-3B20,5,ハイオク,16.4,54594744,12.1545,0.115,7,0.0003432381695937616,0.9195631909181587,0.47900929674178083,15.256293507862871,71.6,2726.9,60.597452000000004,1818.420900125,0.0020890188078694916,0.24942373962083675,34.24000000000069,5885.190000000002,19.146472497406194,1041.0025752739748
BMW,Foreign,3シリーズ,2014,15835,320i,0,5.025211693548387,DBA-3B20,5,ハイオク,16.4,55952365,12.1545,0.115,7,0.0002830085913258537,0.9188134228106355,0.2852477522477523,16.054533700862578,50.00000000000001,2858.2,33.862894125000004,1896.339367375,0.0013929784640933363,0.2716076569391732,12.7199999999998,6506.559999999998,10.865387370746248,1044.6349855690423
BMW,Foreign,3シリーズ,2015,12050,320i SE,0,4.4855100000000006,DBA-8A20,5,ハイオク,15.4,56412140,12.207059999999998,0.1108433734939759,7,0.00021360650384828514,0.9279170405519096,0.26672909892655117,15.898752320156794,53.800000000000004,2950.2000000000003,33.908264625,1878.5625056249999,0.001502147835169304,0.2505360947142776,22.940000000000055,8462.319999999978,11.201489602425113,1127.5752646623805
BMW,Foreign,3シリーズ,2016,11947,320i SE,0,4.49,DBA-8A20,5,ハイオク,15.4,56950757,12.207059999999998,0.1108433734939759,7,0.0002097777207772673,0.9300480413280547,0.3622705002004365,16.239706179888806,66.19999999999999,3094.5,46.381049625,1915.811791375,0.0017362981889937484,0.27488899500700725,35.54000000000019,9806.669999999984,11.272099378050143,1116.1117033776245
BMW,Foreign,5シリーズ,2006,8092,525i,0,6.454444444444444,ABA-NE25,5,ハイオク,8.8,51102005,13.16748825,0.1345679012345679,11,0.00015834995123968228,0.9152275336359111,0.26223380028689763,15.92750632581297,34.8,2370.8,31.49443625,1818.66093325,0.006836325744418503,0.363628711410648,23.600000000000023,9171.679999999993,25.697857327448787,1521.4030639914272
BMW,Foreign,5シリーズ,2007,7236,525i,0,6.505833333333333,ABA-NU25,5,ハイオク,8.8,51713048,13.16748825,0.1345679012345679,11,0.00013992600088086086,0.9201741889203668,0.26643688833469853,15.965036667882977,37.400000000000006,2371.2000000000003,31.43460375,1827.667829125,0.006518359252407055,0.3619856918683224,44.91999999999996,8949.359999999993,26.203111318053743,1513.6425357454718
BMW,Foreign,5シリーズ,2008,4105,525i,0,6.53504056795132,ABA-NU25,5,ハイオク,8.8,52324877,13.16748825,0.1345679012345679,11,7.845216721675237e-05,0.9235641012591391,0.26643688833469853,15.972775699494711,37.400000000000006,2402.4,31.43460375,1827.6692765,0.006518359252407055,0.4103442941644939,44.91999999999996,9074.279999999999,26.203111318053743,1551.6667526549936
BMW,Foreign,5シリーズ,2009,2864,525i,0,6.546944444444445,ABA-NU25,5,ハイオク,8.8,52877802,13.16748825,0.1345679012345679,11,5.41626143991386e-05,0.9291896626111653,0.26643688833469853,16.296088598235443,37.400000000000006,2405.0,31.362285,1867.65787725,0.006518359252407055,0.4004822238610508,44.91999999999996,9120.98000000001,26.390413825086625,1448.3328759077485
BMW,Foreign,5シリーズ,2010,6049,523i,0,6.3149222797927465,DBA-FP25,5,ハイオク,11.2,53362801,13.470585000000002,0.1152542372881356,11,0.00011335611861903575,0.9249569564386247,0.3773617334420305,16.651015589647702,52.8,2505.6,43.544692,1895.2103783750001,0.0021431649165871147,0.2505251525680845,26.800000000000182,5931.340000000011,33.5503501812741,1682.16847867646
BMW,Foreign,5シリーズ,2011,9257,523i,0,6.328037383177571,DBA-XG20,5,ハイオク,14.2,53783435,13.470585000000002,0.10514285714285715,11,0.00017211619153741295,0.9389811007794501,0.38673480641222574,15.530080063575674,55.8,2443.9,44.078146000000004,1787.201298365,0.0006225619115602238,0.21894716025609062,20.200000000000273,3916.3300000000017,30.932796277126045,1510.0830705503613
BMW,Foreign,5シリーズ,2012,7265,523i,0,6.334615384615384,DBA-XG20,5,ハイオク,14.2,54171475,13.470585000000002,0.10514285714285715,11,0.00013411117197750292,0.9197618488328037,0.386122361532265,16.003839464427593,57.0,2637.9,44.216243000000006,1866.857095125,0.0006339475478034651,0.2247647657305527,13.480000000000246,5479.609999999986,29.979010960825008,1622.68583515106
BMW,Foreign,5シリーズ,2013,6360,523i Mスポーツ,0,6.825465838509318,DBA-XG20,5,ハイオク,14.2,54594744,13.452264000000001,0.10514285714285715,11,0.00011649473070154886,0.9195631909181587,0.4888664395989237,15.256293507862871,73.8,2726.9,59.299688,1818.420900125,0.0007796102497584778,0.20733389326564344,17.520000000000437,7246.990000000005,29.70596288092611,1571.8229763743002
BMW,Foreign,5シリーズ,2014,4508,523i,0,6.374667338709678,DBA-XG20,5,ハイオク,14.2,55952365,13.4843025,0.10514285714285715,11,8.056853360890108e-05,0.9188134228106355,0.2951048951048951,16.054533700862578,52.2,2858.2,32.533091625000004,1896.339367375,0.0006036586410592334,0.23440464785821957,35.59999999999991,8109.479999999996,24.85547051495064,1558.531939227163
BMW,Foreign,X1,2010,3829,sドライブ 18i,0,3.757896373056995,ABA-VL18,5,ハイオク,10.8,53362801,12.431069999999998,0.09615384615384616,71,7.175410451186774e-05,0.9249569564386247,0.39646212457631996,16.651015589647702,53.2,2505.6,44.584207,1895.2103783750001,0.0007715949430130709,0.22034075501469141,34.0,6483.820000000014,17.461027035958978,1179.7164935708206
BMW,Foreign,X1,2011,5874,sドライブ 18i,0,3.76570093457944,ABA-VL18,5,ハイオク,10.8,53783435,12.431069999999998,0.09615384615384616,71,0.00010921578363300894,0.9389811007794501,0.39572381740123674,15.530080063575674,59.2,2443.9,45.117661000000005,1787.201298365,0.00041825796752284483,0.2176812478717034,71.19999999999982,7359.849999999991,15.952540001431089,1052.328556804765
BMW,Foreign,X1,2012,5438,sドライブ 18i,0,3.8111538461538466,CBA-VL18,5,ハイオク,12.0,54171475,12.472785,0.09554140127388536,71,0.00010038493506038003,0.9197618488328037,0.39572381740123674,16.003839464427593,59.2,2637.9,45.214043000000004,1866.857095125,0.00043336492801497595,0.219933592206893,38.559999999999945,7748.689999999988,15.667371987624847,1154.6061312505044
BMW,Foreign,X1,2013,4363,sドライブ 18i,0,3.795372670807454,CBA-VL18,5,ハイオク,12.0,54594744,12.472785,0.09554140127388536,71,7.991611793252479e-05,0.9195631909181587,0.4984678954678955,15.256293507862871,76.0,2726.9,60.279167,1818.420900125,0.0006251520418947276,0.19585510492115832,58.88000000000011,10138.229999999981,19.86573485011604,1121.93265706495
BMW,Foreign,X1,2016,5891,sドライブ 18i,0,3.67,CBA-VL18,5,ハイオク,12.0,56950757,12.472785,0.09554140127388536,71,0.00010344024048705797,0.9300480413280547,0.37757247242052705,16.239706179888806,69.6,3094.5,46.115324625,1915.811791375,0.000424978442679122,0.2539606298770072,124.62000000000012,15571.029999999984,12.925707580968947,1173.4740241218751
BMW,Foreign,X3,2013,3502,xドライブ20i 4WD,0,5.656863354037268,DBA-WX20,5,ハイオク,13.4,54594744,14.642850000000001,0.09945945945945946,72,6.414536901207925e-05,0.9195631909181587,0.4945498372823214,15.256293507862871,74.6,2726.9,58.109102,1818.420900125,0.0005545743786238844,0.19702091913841535,25.840000000000146,8121.389999999999,57.16894821400615,2526.8946494768898
BMW,Foreign,ミニ,2006,13184,ワン,0,2.271388888888889,GH-RA16,4,ハイオク,11.8,51102005,8.9751675,0.07964601769911504,233,0.00025799379104596775,0.9152275336359111,0.3171556838223505,15.92750632581297,31.8,2370.8,35.686757,1818.66093325,0.0033623917902867173,0.21899586920048897,9.200000000000045,4896.679999999993,28.85562231668837,1824.73545845419
BMW,Foreign,ミニ,2007,14013,ワン,0,2.374166666666667,ABA-ME14,4,ハイオク,14.2,51713048,8.915335,0.0811965811965812,233,0.0002709760987207716,0.9201741889203668,0.31980820837268525,15.965036667882977,32.0,2371.2000000000003,35.686757,1827.667829125,0.0032601281954870373,0.2121185803170622,42.75999999999999,3336.5999999999913,29.91477762059958,1938.8626018963514
BMW,Foreign,ミニ,2008,12744,ワン,0,2.340456389452333,ABA-ME14,4,ハイオク,14.2,52324877,8.915335,0.0811965811965812,233,0.0002435552786870383,0.9235641012591391,0.31980820837268525,15.972775699494711,32.0,2402.4,35.686757,1827.6692765,0.0032601281954870373,0.26130326727910225,42.75999999999999,3124.5599999999977,29.91477762059958,1976.8991277264831
BMW,Foreign,ミニ,2009,11002,ワン,0,2.415277777777778,ABA-ME14,4,ハイオク,14.2,52877802,8.915335,0.0811965811965812,233,0.00020806462416875798,0.9291896626111653,0.31980820837268525,16.296088598235443,32.0,2405.0,35.61443825,1867.65787725,0.0032601281954870373,0.2744368341131973,42.75999999999999,3267.3800000000047,29.48705931193558,2119.7410196117125
BMW,Foreign,ミニ,2010,11338,ワン,0,2.411058031088083,CBA-SR16,4,ハイオク,15.4,53362801,9.011717,0.08376068376068375,233,0.00021247010628246444,0.9249569564386247,0.40885528696948237,16.651015589647702,48.6,2505.6,48.00355999999999,1895.2103783750001,0.0018331844578604317,0.26515608773201693,47.799999999999955,3318.1000000000204,40.76945366346615,2042.627500052382
BMW,Foreign,ミニ,2011,14350,ワン,0,2.385981308411215,CBA-SR16,4,ハイオク,15.4,53783435,8.915335,0.08376068376068375,233,0.00026681077547389823,0.9389811007794501,0.40811697979439915,15.530080063575674,54.6,2443.9,48.633396000000005,1787.201298365,0.001461547560936513,0.25700980843648,29.799999999999955,3556.5699999999924,45.363199652625894,1986.4938769046857
BMW,Foreign,ミニ,2012,16212,ワン,0,2.418576923076923,CBA-SR16,4,ハイオク,15.4,54171475,9.011717,0.08376068376068375,233,0.0002992718954025158,0.9197618488328037,0.4075045349144384,16.003839464427593,55.800000000000004,2637.9,48.675111,1866.857095125,0.0014467423919590633,0.25481324736310107,20.200000000000045,4902.889999999985,43.18682897155304,2031.034612632655
BMW,Foreign,ミニ,2013,16982,ワン,0,2.408562111801243,CBA-SR16,4,ハイオク,15.4,54594744,9.011717,0.08376068376068375,233,0.0003110555843983809,0.9195631909181587,0.510248612981097,15.256293507862871,72.6,2726.9,63.740235,1818.420900125,0.0019470202122337937,0.2215707334457968,19.44000000000051,6314.5899999999965,77.30870665077214,1960.5164988071265
BMW,Foreign,ミニ,2014,17596,ワン 3ドア,0,2.416935483870968,DBA-XM12,4,ハイオク,19.2,55952365,9.360755625000001,0.085,233,0.00031448179178842576,0.9188134228106355,0.31524775224775226,16.054533700862578,47.2,2858.2,36.6566385,1896.339367375,0.0014078435989584859,0.25687967899092845,39.59999999999991,6748.479999999996,27.554561832376407,1842.78559317693
BMW,Foreign,ミニ,2015,21083,ワン 3ドア,0,2.3976,DBA-XM12,4,ハイオク,19.2,56412140,9.360755625000001,0.085,233,0.00037373161167082123,0.9279170405519096,0.29257247242052703,15.898752320156794,50.0,2950.2000000000003,36.754569,1878.5625056249999,0.0007726268966843503,0.2574290782588018,22.94000000000051,7209.079999999973,28.1637181812672,1937.9371780116126
BMW,Foreign,ミニ,2016,24548,ワン 3ドア,0,2.4,DBA-XM12,4,ハイオク,19.2,56950757,9.360755625000001,0.085,233,0.0004310390465924799,0.9300480413280547,0.38811387369441236,16.239706179888806,62.39999999999999,3094.5,49.227354,1915.811791375,0.0008837480375014362,0.2842210140914907,72.78000000000065,7851.190000000002,37.8484450121299,1954.3535228006513
Daihatsu,KEI,アトレーワゴン,2006,20228,カスタムターボR,0,1.371055555555556,TA-S320G,4,レギュラー,14.6,51102005,9.389296875,0.06597938144329897,83,0.0003958357406915834,0.9152275336359111,0.8770697147811147,15.381258931110022,200.4,2199.4,97.77218412500001,1756.1613767499998,0.004034155039598655,0.3361363214777118,290.83999999999924,3291.19999999999,42.90033903269182,1522.2458661134588
Daihatsu,KEI,アトレーワゴン,2007,20127,カスタムターボR,0,1.4029166666666668,ABA-S321G,4,レギュラー,15.2,51713048,9.389296875,0.06597938144329897,83,0.00038920544772375434,0.9201741889203668,0.8891250552551544,15.41093702075379,199.10000000000002,2203.1,97.93519175,1764.9454325000002,0.00413565253213774,0.33979870634602083,226.16999999999916,3169.3899999999994,42.35370966562391,1583.1446565751758
Daihatsu,KEI,アトレーワゴン,2008,19369,カスタムターボR,0,1.3829969574036514,ABA-S321G,4,レギュラー,15.2,52324877,9.389296875,0.06597938144329897,83,0.00037016809423173606,0.9235641012591391,0.8860857415786594,15.42171536604202,200.10000000000002,2233.2999999999997,97.987455,1764.894616625,0.004091134099507815,0.38926344452055606,227.0099999999993,2894.1100000000006,41.87214325594073,1621.6613768138486
Daihatsu,KEI,アトレーワゴン,2009,12516,カスタムターボR,0,1.4029166666666668,ABA-S321G,4,レギュラー,15.2,52877802,9.389296875,0.06597938144329897,83,0.00023669667661299537,0.9291896626111653,0.8869028330329322,15.744211173328479,199.3,2236.7,97.9588095,1804.839544125,0.004137536202749939,0.40995083715493763,227.32999999999902,3060.8099999999977,41.753613727006496,1735.0321858445168
Daihatsu,KEI,アトレーワゴン,2010,11615,カスタムターボR,0,1.4130932642487049,ABA-S321G,4,レギュラー,15.2,53362801,9.389296875,0.06597938144329897,83,0.00021766098822286335,0.9249569564386247,0.8008633037622676,16.276788875172304,175.20000000000002,2379.2,90.72847725,1852.10788125,0.003782670544808006,0.4202413202000672,162.23999999999978,3191.100000000006,37.73091049785967,1752.5587335567034
Daihatsu,KEI,アトレーワゴン,2011,11377,カスタムターボR,0,1.4160280373831775,ABA-S321G,4,レギュラー,15.2,53783435,9.389296875,0.06597938144329897,83,0.00021153353258303417,0.9389811007794501,0.6750730886620488,15.28090525702541,177.0,2321.7000000000003,77.871464375,1757.489268115,0.001793370949567788,0.40044879422608304,316.7599999999993,3295.9699999999866,25.47076907291398,1645.8155649816836
Daihatsu,KEI,アトレーワゴン,2012,10017,カスタムターボR,0,1.4175,ABA-S321G,4,レギュラー,15.2,54171475,9.389296875,0.06597938144329897,83,0.00018491281620077726,0.9197618488328037,0.7864064219953822,15.642718879664033,192.8,2501.1,90.75351537499999,1824.401110875,0.003850351901611329,0.39436877158213957,407.7600000000011,4576.930000000008,37.67010045061875,1743.5046039413864
Daihatsu,KEI,アトレーワゴン,2013,9477,カスタムターボR,0,1.411630434782609,ABA-S321G,4,レギュラー,15.2,54594744,9.389296875,0.06597938144329897,83,0.00017358813881424189,0.9195631909181587,0.6312695856516494,15.153053837509704,171.8,2627.9,81.59673662499999,1800.186818625,0.0035384220562104662,0.34699535116297886,631.3999999999996,5824.909999999989,35.12505563181412,1714.0103446910944
Daihatsu,KEI,アトレーワゴン,2014,7158,カスタムターボR,0,1.4139072580645162,ABA-S321G,4,レギュラー,15.2,55952365,9.389296875,0.06597938144329897,83,0.00012793024923968808,0.9188134228106355,0.6745850077569218,15.714217063910107,211.10000000000002,2698.2999999999997,86.763010625,1846.204454,0.0034272838310081544,0.40124303719779686,935.9699999999993,6269.710000000006,43.101814612363796,1805.7337998565272
Daihatsu,KEI,アトレーワゴン,2015,4627,カスタムターボR,0,1.4025960000000004,ABA-S321G,4,レギュラー,14.8,56412140,9.389296875,0.0653061224489796,83,8.202135214157804e-05,0.9279170405519096,0.7357068729438276,15.475311797184514,243.09999999999997,2761.5,94.93358125,1820.354952125,0.003554040368194733,0.40731734851658663,1288.6899999999996,7830.049999999988,44.18528994326084,1900.3499234304545
Daihatsu,KEI,アトレーワゴン,2016,4284,カスタムターボR,0,1.4040000000000001,ABA-S321G,4,レギュラー,14.8,56950757,9.389296875,0.0653061224489796,83,7.522288070727488e-05,0.9300480413280547,0.8001928542522388,15.847321076882,268.09999999999997,2893.2,105.59337375,1859.417230375,0.0035547129996851834,0.4395718598195879,1395.13,9196.119999999995,45.968638045161015,1923.9699865885414
Daihatsu,KEI,ウェイク,2014,16948,D,0,1.3595262096774194,DBA-LA700S,4,レギュラー,25.4,55952365,9.188991875,0.052525252525252523,99,0.00030290051189078425,0.9188134228106355,0.6880391366749682,15.714217063910107,200.9,2698.2999999999997,86.963315625,1846.204454,0.007410815131848367,0.5737681118664095,460.64999999999964,16241.23000000001,44.40814923925109,1961.0938780666766
Daihatsu,KEI,ウェイク,2015,50711,D,0,1.3486500000000001,DBA-LA700S,4,レギュラー,25.4,56412140,9.188991875,0.052525252525252523,99,0.0008989377109253434,0.9279170405519096,0.7484877428675547,15.475311797184514,232.49999999999997,2761.5,95.13388625,1820.354952125,0.007463463929580388,0.5709711713566012,508.53000000000065,14908.73000000001,45.04351274016085,2056.518405078663
Daihatsu,KEI,ウェイク,2016,32828,D,0,1.35,DBA-LA700S,4,レギュラー,25.4,56950757,9.188991875,0.052525252525252523,99,0.0005764278076233473,0.9300480413280547,0.8129737241759659,15.847321076882,257.5,2893.2,105.79367875,1859.417230375,0.007606522962604653,0.60821692465863,511.0899999999983,14761.120000000024,47.37595618741739,2084.623235142273
Daihatsu,KEI,エッセ,2006,56487,D,0,0.777,DBA-L235S,4,レギュラー,21.0,51102005,7.361208749999999,0.08169014084507042,106,0.0011053773721794282,0.9152275336359111,0.8613589553793433,15.381258931110022,194.0,2199.4,99.80027225,1756.1613767499998,0.0022421241576842665,0.20779385610568202,272.9200000000001,9998.399999999994,69.90817463001963,3447.906197145454
Daihatsu,KEI,エッセ,2007,37249,D,0,0.777,DBA-L235S,4,レギュラー,21.0,51713048,7.361208749999999,0.08169014084507042,106,0.0007203017698744038,0.9201741889203668,0.8734142958533829,15.41093702075379,193.3,2203.1,99.963279875,1764.9454325000002,0.001964824542835225,0.21052371032219597,259.8099999999995,9737.309999999998,70.02273292004543,3544.434665918998
Daihatsu,KEI,エッセ,2008,33952,D,0,0.7659675456389453,DBA-L235S,4,レギュラー,21.0,52324877,7.361208749999999,0.08169014084507042,106,0.000648869179377144,0.9235641012591391,0.8703749821768879,15.42171536604202,194.3,2233.2999999999997,100.015543125,1764.894616625,0.0020158059620411506,0.25964977651758625,249.04999999999927,9111.710000000006,69.75315546376078,3582.745268012379
Daihatsu,KEI,エッセ,2009,34148,D,0,0.791388888888889,DBA-L235S,4,レギュラー,21.0,52877802,7.361208749999999,0.08169014084507042,106,0.0006457908367673831,0.9291896626111653,0.8711920736311607,15.744211173328479,193.5,2236.7,99.986897625,1804.839544125,0.00203653381078861,0.27252386141489904,258.64999999999964,9448.930000000008,69.51843473805661,3824.168241730702
Daihatsu,KEI,エッセ,2010,33756,D,0,0.8074818652849741,DBA-L235S,4,レギュラー,19.4,53362801,7.361208749999999,0.08055555555555556,106,0.0006325754901808846,0.9249569564386247,0.7862871296500109,16.276788875172304,171.0,2379.2,92.756565375,1852.10788125,0.0020072770372856763,0.28534578501475494,161.39999999999964,6311.700000000012,70.13973110265897,3863.5659881372594
Daihatsu,KEI,エッセ,2011,16202,D,0,0.809158878504673,DBA-L235S,4,レギュラー,19.4,53783435,7.361208749999999,0.08055555555555556,106,0.00030124516963262013,0.9389811007794501,0.6604969145497922,15.28090525702541,172.79999999999998,2321.7000000000003,79.8995525,1757.489268115,0.001549138840659589,0.27536233627106244,155.48000000000047,5591.689999999988,39.70078095400277,3678.7765620684004
Daihatsu,KEI,エッセ,2012,16,D,0,0.81,DBA-L235S,4,レギュラー,19.4,54171475,7.361208749999999,0.08055555555555556,106,2.953583966469438e-07,0.9197618488328037,0.7718302478831256,15.642718879664033,188.6,2501.1,92.78160349999999,1824.401110875,0.0024964104455978547,0.2715501094389281,259.08000000000084,6237.609999999986,70.18048010338771,3844.0428192001054
Daihatsu,KEI,キャスト,2015,32324,660,0,1.2187800000000002,DBA-LA250S,4,レギュラー,30.0,56412140,8.16242875,0.06190476190476191,120,0.0005729972307379227,0.9279170405519096,0.7391082334880453,15.475311797184514,227.89999999999998,2761.5,96.160449375,1820.354952125,0.004243517452869758,0.44595730567268466,939.090000000002,28748.28999999998,63.295937914265096,3050.8383402856125
Daihatsu,KEI,キャスト,2016,66290,660,0,1.22,DBA-LA250S,4,レギュラー,30.0,56950757,8.16242875,0.06190476190476191,120,0.0011639880397024398,0.9300480413280547,0.8035942147964565,15.847321076882,252.89999999999998,2893.2,106.820241875,1859.417230375,0.004250180146479529,0.4794444220992702,966.4899999999998,28153.559999999998,69.70195258283547,3105.7059734691393
Daihatsu,KEI,コペン,2006,6191,アクティブトップ,0,1.6166944444444444,ABA-L880K,2,レギュラー,15.2,51102005,6.234493125,0.0761904761904762,132,0.00012114984529471984,0.9152275336359111,0.8668586200339374,15.381258931110022,199.8,2199.4,100.92698787500001,1756.1613767499998,0.002195546331918069,0.24412894955800102,247.39999999999964,3387.5599999999977,127.5673278868494,5061.566194040068
Daihatsu,KEI,コペン,2007,5703,アクティブトップ,0,1.6166944444444444,ABA-L880K,2,レギュラー,15.2,51713048,6.234493125,0.0761904761904762,132,0.00011028164497285095,0.9201741889203668,0.8789139605079772,15.41093702075379,199.10000000000002,2203.1,101.0899955,1764.9454325000002,0.002050847376877357,0.24718524285577415,226.16999999999916,3169.3899999999994,128.04921265303847,5177.888928542405
Daihatsu,KEI,コペン,2008,5997,アクティブトップ,0,1.5937393509127793,ABA-L880K,2,レギュラー,15.2,52324877,6.234493125,0.0761904761904762,132,0.00011461087619947965,0.9235641012591391,0.8758746468314822,15.42171536604202,200.10000000000002,2233.2999999999997,101.14225875,1764.894616625,0.002068398384081599,0.29642986362039814,227.0099999999993,2894.1100000000006,127.89740683753007,5216.085020555063
Daihatsu,KEI,コペン,2009,3322,アクティブトップ,0,1.6393055555555558,ABA-L880K,2,レギュラー,15.2,52877802,6.234493125,0.0761904761904762,132,6.282409393643101e-05,0.9291896626111653,0.8766917382857549,15.744211173328479,199.3,2236.7,101.11361325,1804.839544125,0.002098113690810338,0.31198289565373116,227.32999999999902,3060.8099999999977,127.5981354469543,5532.202652445467
Daihatsu,KEI,コペン,2010,2490,アクティブトップ,0,1.754720207253886,ABA-L880K,2,レギュラー,15.2,53362801,6.234493125,0.0761904761904762,132,4.666171852560738e-05,0.9249569564386247,0.7906522090150903,16.276788875172304,175.20000000000002,2379.2,93.883281,1852.10788125,0.0020486537171478247,0.3186555253837948,162.23999999999978,3191.100000000006,127.24486490692811,5601.5238981880175
Daihatsu,KEI,コペン,2011,2006,アクティブトップ,0,1.7583644859813086,ABA-L880K,2,レギュラー,15.2,53783435,6.234493125,0.0761904761904762,132,3.7297729310149116e-05,0.9389811007794501,0.6648619939148717,15.28090525702541,177.0,2321.7000000000003,81.026268125,1757.489268115,0.0011765558447286717,0.30613573439550956,316.7599999999993,3295.9699999999866,83.15200989949858,5341.384340067725
Daihatsu,KEI,コペン,2012,1979,アクティブトップ,0,1.7601923076923078,ABA-L880K,2,レギュラー,15.2,54171475,6.234493125,0.0761904761904762,132,3.653214168526886e-05,0.9197618488328037,0.776195327248205,15.642718879664033,192.8,2501.1,93.90831912499999,1824.401110875,0.002411576252891956,0.30137694470734777,407.7600000000011,4576.930000000008,127.34203560097285,5565.520896257469
Daihatsu,KEI,コペン,2014,6754,660,0,1.8106875000000002,DBA-LA400K,2,レギュラー,25.2,55952365,6.40976,0.0735632183908046,132,0.00012070982164918319,0.9188134228106355,0.6670011708094161,15.714217063910107,201.10000000000002,2698.2999999999997,89.7425475,1846.204454,0.0027773279210896867,0.32904304418352703,449.96999999999935,15731.710000000021,145.34178074469423,5416.8043085833015
Daihatsu,KEI,コペン,2015,7274,660,0,1.7962020000000003,DBA-LA400K,2,レギュラー,25.2,56412140,6.40976,0.0735632183908046,132,0.00012894387626493162,0.9279170405519096,0.7274497770020026,15.475311797184514,232.7,2761.5,97.913118125,1820.354952125,0.0029391902385937085,0.32834033052515155,500.369999999999,14454.849999999977,148.0404164602653,5498.602961731191
Daihatsu,KEI,コペン,2016,5152,660,0,1.8519999999999999,DBA-LA400K,2,レギュラー,25.2,56950757,6.40976,0.0735632183908046,132,9.046411797476195e-05,0.9300480413280547,0.7919357583104139,15.847321076882,257.7,2893.2,108.57291062499999,1859.417230375,0.0030215864716436752,0.3578913816128062,502.8099999999995,14329.559999999998,166.27238168007761,5613.776404176195
Daihatsu,KEI,ソニカ,2006,15118,R,0,1.2199722222222222,CBA-L405S,4,レギュラー,23.0,51102005,7.361208749999999,0.07804878048780488,170,0.00029583966421669754,0.9152275336359111,0.8650003157366088,15.381258931110022,192.0,2199.4,99.80027225,1756.1613767499998,0.002130083637730956,0.2308162218637979,468.9200000000001,14664.799999999988,69.90817463001963,3447.906197145454
Daihatsu,KEI,ソニカ,2007,8512,R,0,1.2415555555555557,CBA-L405S,4,レギュラー,23.0,51713048,7.361208749999999,0.07804878048780488,170,0.00016460062458511438,0.9201741889203668,0.8770556562106485,15.41093702075379,191.3,2203.1,99.963279875,1764.9454325000002,0.0019405797006729064,0.23376221331852864,458.60999999999876,14388.910000000003,70.02273292004543,3544.434665918998
Daihatsu,KEI,ソニカ,2008,4455,R,0,1.223926977687627,CBA-L405S,4,レギュラー,23.0,52324877,7.361208749999999,0.07804878048780488,170,8.514114615118923e-05,0.9235641012591391,0.8740163425341535,15.42171536604202,192.3,2233.2999999999997,100.015543125,1764.894616625,0.0019694266472090605,0.2829667751924174,443.84999999999854,13642.51000000001,69.75315546376078,3582.745268012379
Daihatsu,KEI,ソニカ,2009,1142,R,0,1.2415555555555557,CBA-L405S,4,レギュラー,23.0,52877802,7.361208749999999,0.07804878048780488,170,2.1596964261109038e-05,0.9291896626111653,0.8748334339884263,15.744211173328479,191.5,2236.7,99.986897625,1804.839544125,0.0019961051448162404,0.2976078400101514,456.64999999999964,14054.130000000005,69.51843473805661,3824.168241730702
Daihatsu,KEI,タント,2006,106428,L,1,1.0791666666666666,CBA-L350S,4,レギュラー,18.0,51102005,8.638153125,0.06666666666666667,173,0.0020826580092111846,0.9152275336359111,0.876382429557747,15.381258931110022,197.0,2199.4,98.523327875,1756.1613767499998,0.0038318556477572596,0.32894204484445044,158.92000000000007,5293.799999999988,41.39321566922922,2088.700571809335
Daihatsu,KEI,タント,2007,100216,L,1,1.0791666666666666,CBA-L350S,4,レギュラー,18.0,51713048,8.638153125,0.06666666666666667,173,0.0019379248347535037,0.9201741889203668,0.8884377700317867,15.41093702075379,196.3,2203.1,98.6863355,1764.9454325000002,0.0039167822255553875,0.3325636350878196,141.60999999999967,5054.9100000000035,41.09147061960357,2162.7955394235833
Daihatsu,KEI,タント,2008,159322,L,1,1.096265720081136,DBA-L375S,4,レギュラー,18.2,52324877,8.76334375,0.06444444444444444,173,0.003044861433692429,0.9235641012591391,0.8876206785775139,15.42171536604202,197.10000000000002,2233.2999999999997,98.61340812499999,1764.894616625,0.004611545794151503,0.4059767370720877,137.60999999999876,4824.910000000018,39.94534451830441,2092.650552646279
Daihatsu,KEI,タント,2009,145432,L,1,1.1120555555555556,DBA-L375S,4,レギュラー,18.2,52877802,8.76334375,0.06444444444444444,173,0.0027503412490557,0.9291896626111653,0.8884377700317867,15.744211173328479,196.3,2236.7,98.584762625,1804.839544125,0.004660456265202839,0.4274539588437407,142.72999999999956,5071.4100000000035,39.79095350888542,2244.6659639437676
Daihatsu,KEI,タント,2010,191391,L,1,1.1201222797927461,DBA-L375S,4,レギュラー,18.2,53362801,8.76334375,0.06444444444444444,173,0.003586599586479728,0.9249569564386247,0.8023982407611221,16.276788875172304,172.20000000000002,2379.2,91.35443037499999,1852.10788125,0.004241652449465019,0.43837842654808457,122.03999999999905,4847.699999999997,38.07925427260761,2264.554527698736
Daihatsu,KEI,タント,2011,129118,L,1,1.265607476635514,DBA-L375S,4,レギュラー,24.8,53783435,8.76334375,0.05652173913043478,173,0.00240070200053232,0.9389811007794501,0.684530730974913,15.28090525702541,167.39999999999998,2321.7000000000003,78.4974175,1757.489268115,0.004224871531095284,0.5157056993047946,466.52000000000226,16319.330000000002,21.086040199340232,2141.622045109674
Daihatsu,KEI,タント,2012,170609,L,1,1.266923076923077,DBA-L375S,4,レギュラー,25.0,54171475,8.76334375,0.05652173913043478,173,0.003149425043346152,0.9197618488328037,0.7958640643082464,15.642718879664033,183.0,2501.1,91.37946849999999,1824.401110875,0.007229182390158517,0.5095180536266579,664.5200000000004,17013.130000000005,38.0497896105428,2254.902225462316
Daihatsu,KEI,タント,2013,144629,L,1,1.209968944099379,DBA-LA600S,4,レギュラー,28.0,54594744,8.76334375,0.05652173913043478,173,0.0026491377997852686,0.9195631909181587,0.6407272279645135,15.153053837509704,159.0,2627.9,82.22268974999999,1800.186818625,0.006299938692003751,0.4540410513451898,820.8400000000001,24259.47,46.76672049718718,2206.4566445311393
Daihatsu,KEI,タント,2014,234456,L,1,1.2114889112903227,DBA-LA600S,4,レギュラー,28.0,55952365,8.76334375,0.05652173913043478,173,0.004190278641483698,0.9188134228106355,0.6840426500697859,15.714217063910107,198.3,2698.2999999999997,87.38896375,1846.204454,0.005849552223294793,0.516586155966241,672.289999999999,24007.95000000001,49.848468061328504,2333.0644607803115
Daihatsu,KEI,タント,2015,157756,L,1,1.2187800000000002,DBA-LA600S,4,レギュラー,28.0,56412140,8.76334375,0.05652173913043478,173,0.002796490259011624,0.9279170405519096,0.7444912562623724,15.475311797184514,229.89999999999998,2761.5,95.559534375,1820.354952125,0.005854841772612987,0.5143913643287235,694.6900000000023,21930.28999999998,49.79802969750904,2429.4075377761983
Daihatsu,KEI,タント,2016,155998,L,1,1.22,DBA-LA600S,4,レギュラー,28.0,56950757,8.76334375,0.05652173913043478,173,0.00273917342310305,0.9300480413280547,0.8089772375707837,15.847321076882,254.89999999999998,2893.2,106.219326875,1859.417230375,0.005918270926082422,0.5499710719485851,706.0900000000001,21514.360000000015,53.563736527641595,2467.84180483604
Daihatsu,KEI,テリオスキッド,2006,11192,L,0,1.2497777777777777,TA-J131G,4,レギュラー,15.8,51102005,8.387771875,0.0625,177,0.0002190129330541923,0.9152275336359111,0.8805490962244137,15.381258931110022,199.2,2199.4,98.77370912500001,1756.1613767499998,0.005232264782960697,0.3747754526037004,212.59999999999945,3594.079999999987,43.89999819161676,2315.8855584964513
Daihatsu,KEI,テリオスキッド,2007,8528,L,0,1.2847222222222223,ABA-J131G,4,レギュラー,16.0,51713048,8.387771875,0.06666666666666667,177,0.00016491002425538716,0.9201741889203668,0.8884377700317867,15.41093702075379,198.3,2203.1,98.93671675,1764.9454325000002,0.0039167822255553875,0.3325636350878196,182.8099999999995,3463.3099999999977,43.67988124780504,2394.379251828206
Daihatsu,KEI,テリオスキッド,2008,6198,L,0,1.2664807302231238,ABA-J131G,4,レギュラー,16.0,52324877,8.387771875,0.06666666666666667,177,0.00011845226124468482,0.9235641012591391,0.8853984563552917,15.42171536604202,199.3,2233.2999999999997,98.98898,1764.894616625,0.003876441543683537,0.3820135576674568,182.04999999999927,3139.7100000000064,43.303000741034566,2432.7941853284647
Daihatsu,KEI,テリオスキッド,2009,3943,L,0,1.3052777777777778,ABA-J131G,4,レギュラー,16.0,52877802,8.387771875,0.06666666666666667,177,7.456815243568558e-05,0.9291896626111653,0.8862155478095645,15.744211173328479,198.5,2236.7,98.9603345,1804.839544125,0.003921720497160344,0.40234882276475004,183.64999999999964,3325.9300000000076,43.12709284332527,2608.372502608163
Daihatsu,KEI,テリオスキッド,2010,2685,L,0,1.3147461139896373,ABA-J131G,4,レギュラー,16.0,53362801,8.387771875,0.06666666666666667,177,5.031594949448025e-05,0.9249569564386247,0.8001760185388999,16.276788875172304,174.4,2379.2,91.73000225,1852.10788125,0.003593956564600778,0.41236306858435556,132.15999999999894,3353.0200000000186,42.42585138065965,2631.558999099354
Daihatsu,KEI,テリオスキッド,2011,2649,L,0,1.3174766355140186,ABA-J131G,4,レギュラー,16.0,53783435,8.387771875,0.06666666666666667,177,4.9253083221627625e-05,0.9389811007794501,0.6743858034386812,15.28090525702541,176.2,2321.7000000000003,78.872989375,1757.489268115,0.0016863988127217011,0.3931189637810273,258.84000000000015,3325.2499999999854,22.216649096289302,2495.5276265028733
Daihatsu,KEI,テリオスキッド,2012,1359,L,0,1.3188461538461538,ABA-J131G,4,レギュラー,16.0,54171475,8.387771875,0.06666666666666667,177,2.508700381519979e-05,0.9197618488328037,0.7857191367720145,15.642718879664033,192.0,2501.1,91.755040375,1824.401110875,0.0036815099238328014,0.38708859683700325,349.52000000000044,4468.929999999993,42.41519394969987,2620.4193594239296
Daihatsu,KEI,ミラ,2006,59826,2シーター,0,0.7071111111111111,LE-L250V,2,レギュラー,21.0,51102005,7.5114374999999995,0.06857142857142857,234,0.0011707172742047988,0.9152275336359111,0.8744776676529851,15.381258931110022,194.0,2199.4,99.65004350000001,1756.1613767499998,0.003330444124725482,0.30975901762389535,272.9200000000001,9998.399999999994,64.52229261641833,3262.1020957560286
Daihatsu,KEI,ミラ,2007,90500,L,0,0.8962222222222224,DBA-L275S,4,レギュラー,21.0,51713048,7.661666250000001,0.07733333333333334,234,0.0017500418849803632,0.9201741889203668,0.87777110336512,15.41093702075379,193.3,2203.1,99.662822375,1764.9454325000002,0.0019732209093217268,0.2388049786450721,259.8099999999995,9737.309999999998,59.69466342170335,3174.454007541073
Daihatsu,KEI,ミラ,2008,85281,L,0,0.8834969574036512,DBA-L275S,4,レギュラー,21.0,52324877,7.661666250000001,0.07733333333333334,234,0.0016298366071648865,0.9235641012591391,0.874731789688625,15.42171536604202,194.3,2233.2999999999997,99.715085625,1764.894616625,0.0019977189192151024,0.28802496319189386,249.04999999999927,9111.710000000006,59.393680194544686,3212.795145655975
Daihatsu,KEI,ミラ,2009,83952,L,0,0.9095833333333334,DBA-L275S,4,レギュラー,21.0,52877802,7.661666250000001,0.07733333333333334,234,0.0015876605461021243,0.9291896626111653,0.8755488811428978,15.744211173328479,193.5,2236.7,99.686440125,1804.839544125,0.0020255665883340823,0.3030163177337428,258.64999999999964,9448.930000000008,59.17617297947322,3434.7283487309505
Daihatsu,KEI,ミラ,2010,97616,X,0,0.9834715025906736,DBA-L275S,4,レギュラー,24.0,53362801,7.661666250000001,0.07435897435897436,234,0.0018292892833717631,0.9249569564386247,0.7924837108465922,16.276788875172304,166.4,2379.2,92.456107875,1852.10788125,0.002190854109761678,0.3344361391438353,605.7599999999984,16165.820000000022,59.62854898277192,3468.2905196606043
Daihatsu,KEI,ミラ,2011,120014,X,0,0.9855140186915888,DBA-L275S,4,レギュラー,24.0,53783435,7.661666250000001,0.07435897435897436,234,0.0022314305510609356,0.9389811007794501,0.6666934957463735,15.28090525702541,168.2,2321.7000000000003,79.599095,1757.489268115,0.001133717813073365,0.32075000716406876,383.6400000000003,14178.049999999988,32.40183526058354,3299.735218315949
Daihatsu,KEI,ミラ,2012,218295,X,0,0.9865384615384616,DBA-L275S,4,レギュラー,24.0,54171475,7.661666250000001,0.07435897435897436,234,0.004029703824752788,0.9197618488328037,0.7780268290797069,15.642718879664033,184.0,2501.1,92.481146,1824.401110875,0.0025008210346380982,0.3156621525344794,541.5200000000004,14371.330000000016,59.65425219861595,3451.875558247397
Daihatsu,KEI,ミラ,2013,157276,X,0,0.9824534161490684,DBA-L275S,4,レギュラー,24.0,54594744,7.661666250000001,0.07435897435897436,234,0.0028807901361347166,0.9195631909181587,0.622889992735974,15.153053837509704,163.0,2627.9,83.32436725,1800.186818625,0.0024369016746531996,0.27531914125982127,444.84000000000015,13042.669999999984,84.38567675110448,3368.1723593699935
Daihatsu,KEI,ミラ,2014,142506,X,0,0.8912449596774193,DBA-L275S,4,レギュラー,24.5,55952365,7.661666250000001,0.07837837837837838,234,0.0025469164708229936,0.9188134228106355,0.6621860108218424,15.714217063910107,201.8,2698.2999999999997,88.49064125000001,1846.204454,0.002961686863002244,0.29257493196128204,418.8899999999994,14047.300000000017,80.7554960102409,3559.9832347023075
Daihatsu,KEI,ミラ,2015,92988,X,0,0.8841150000000002,DBA-L275S,4,レギュラー,24.5,56412140,7.661666250000001,0.07837837837837838,234,0.0016483685958377044,0.9279170405519096,0.7226346170144289,15.475311797184514,233.39999999999998,2761.5,96.661211875,1820.354952125,0.0032730328580309886,0.29197808317358875,478.7400000000016,12963.289999999979,80.61266133159302,3653.6558743572314
Daihatsu,KEI,ミラ,2016,72924,X,0,0.885,DBA-L275S,4,レギュラー,24.5,56950757,7.661666250000001,0.07837837837837838,234,0.0012804746388182337,0.9300480413280547,0.7871205983228401,15.847321076882,258.4,2893.2,107.321004375,1859.417230375,0.003466031554380619,0.3201414351556662,481.3899999999994,12918.01000000001,89.77061131128835,3723.873015647776
Daihatsu,KEI,ムーヴ,2006,184983,L,0,0.9609722222222223,DBA-L150S,4,レギュラー,23.0,51102005,8.16242875,0.07160493827160494,236,0.0036198775370946796,0.9152275336359111,0.8714441579528087,15.381258931110022,192.0,2199.4,98.99905225,1756.1613767499998,0.0027116633850927246,0.2815002556757369,468.9200000000001,14664.799999999988,47.44251706937962,2536.7538327619295
Daihatsu,KEI,ムーヴ,2007,210425,L,0,1.0473055555555557,DBA-L175S,4,レギュラー,21.0,51713048,8.16242875,0.07073170731707316,236,0.004069089101071745,0.9201741889203668,0.8843727293813802,15.41093702075379,193.3,2203.1,99.162059875,1764.9454325000002,0.0028540652109536324,0.2927265504455616,259.8099999999995,9737.309999999998,47.29586542080051,2619.2063792394474
Daihatsu,KEI,ムーヴ,2008,190364,L,0,1.0324350912778906,DBA-L175S,4,レギュラー,21.0,52324877,8.16242875,0.07073170731707316,236,0.0036381165310718265,0.9235641012591391,0.8813334157048852,15.42171536604202,194.3,2233.2999999999997,99.21432312499999,1764.894616625,0.002838434396370354,0.34208884420171737,249.04999999999927,9111.710000000006,46.942539242185376,2657.5984107235563
Daihatsu,KEI,ムーヴ,2009,182325,L,0,1.0791666666666666,DBA-L175S,4,レギュラー,21.0,52877802,8.16242875,0.07073170731707316,236,0.003448044228464716,0.9291896626111653,0.882150507159158,15.744211173328479,193.5,2236.7,99.185677625,1804.839544125,0.002877070329893719,0.3603607221421443,258.64999999999964,9448.930000000008,46.75372121150167,2847.4498836565363
Daihatsu,KEI,ムーヴ,2010,131859,L,0,1.0869948186528497,DBA-L175S,4,レギュラー,18.4,53362801,8.16242875,0.07073170731707316,236,0.0024709909811518327,0.9249569564386247,0.7961109778884934,16.276788875172304,172.0,2379.2,91.955345375,1852.10788125,0.0026902847898447046,0.36883771782447816,126.39999999999964,5059.900000000009,46.523342349044015,2873.292200109263
Daihatsu,KEI,ムーヴ,2011,145201,L,0,1.1618691588785048,DBA-LA100S,4,レギュラー,25.0,53783435,8.187466875,0.06419753086419754,236,0.0026997345930024736,0.9389811007794501,0.6768549392411503,15.28090525702541,167.2,2321.7000000000003,79.073294375,1757.489268115,0.002114702429763818,0.4201120030018204,489.2399999999998,16884.64999999998,23.973150682464166,2701.5799225296105
Daihatsu,KEI,ムーヴ,2012,146016,L,0,1.1630769230769231,DBA-LA100S,4,レギュラー,27.0,54171475,8.187466875,0.06419753086419754,236,0.002695440727800009,0.9197618488328037,0.7881882725744837,15.642718879664033,181.0,2501.1,91.955345375,1824.401110875,0.004336486304173201,0.4139296411444433,976.5200000000004,23232.73000000001,46.012270789165996,2833.35658959184
Daihatsu,KEI,ムーヴ,2013,205333,L,0,1.106552795031056,DBA-LA100S,4,レギュラー,29.0,54594744,8.1123525,0.06419753086419754,236,0.0037610397074121274,0.9195631909181587,0.6330514362307508,15.153053837509704,158.0,2627.9,82.87368099999999,1800.186818625,0.003935606748575751,0.36504315665400666,959.8400000000001,27838.669999999984,66.35556849093041,2847.449136668347
Daihatsu,KEI,ムーヴ,2014,138048,L,0,1.1087691532258064,DBA-LA100S,4,レギュラー,29.0,55952365,8.1123525,0.06419753086419754,236,0.0024672415544901454,0.9188134228106355,0.6763668583360232,15.714217063910107,197.3,2698.2999999999997,88.039955,1846.204454,0.0037468759367172977,0.4208267491155273,789.6899999999987,27560.350000000006,65.17778379686933,3011.9992476743464
Daihatsu,KEI,ムーヴ,2015,120835,L,0,1.1328660000000002,DBA-LA150S,4,レギュラー,31.0,56412140,8.16242875,0.06341463414634146,236,0.0021420034765566418,0.9279170405519096,0.7375983612464658,15.475311797184514,226.89999999999998,2761.5,96.160449375,1820.354952125,0.0039060419308133976,0.42836512497204704,1094.2900000000009,32619.28999999998,63.295937914265096,3050.8383402856125
Daihatsu,KEI,ムーヴ,2016,102410,L,0,1.1340000000000001,DBA-LA150S,4,レギュラー,31.0,56950757,8.16242875,0.06341463414634146,236,0.001798220171155934,0.9300480413280547,0.8020843425548769,15.847321076882,251.89999999999998,2893.2,106.820241875,1859.417230375,0.003907189715555065,0.4612965172608692,1132.6899999999987,31944.160000000003,69.70195258283547,3105.7059734691393
Daihatsu,Regular,アルティス,2006,142,Gリミテッドエディション,0,2.7195000000000005,DBA-ACV40N,5,レギュラー,11.4,51102005,12.882051,0.11133333333333334,85,2.7787559411807815e-06,0.9152275336359111,0.8317157628910803,15.381258931110022,203.6,2199.4,94.27943,1756.1613767499998,0.014994136385042989,0.1713349136652882,668.4399999999996,4637.759999999995,227.7830353415684,1156.1824309315562
Daihatsu,Regular,アルティス,2007,130,Gリミテッドエディション,0,2.7195000000000005,DBA-ACV40N,5,レギュラー,11.4,51713048,12.882051,0.11133333333333334,85,2.5138723209662674e-06,0.9201741889203668,0.8437711033651201,15.41093702075379,202.9,2203.1,94.442437625,1764.9454325000002,0.01400211921382688,0.17230526123381384,641.8900000000003,4447.709999999999,226.09771486525005,1155.7201274831896
Daihatsu,Regular,アルティス,2008,121,Gリミテッドエディション,0,2.680886409736309,DBA-ACV40N,5,レギュラー,11.4,52324877,12.882051,0.11133333333333334,85,2.3124755744767445e-06,0.9235641012591391,0.840731789688625,15.42171536604202,203.9,2233.2999999999997,94.49470087499999,1764.894616625,0.014233290553721939,0.22079231830103607,650.3299999999999,4401.950000000004,225.2510630915208,1194.591822435912
Daihatsu,Regular,アルティス,2009,54,Gリミテッドエディション,0,2.82125,DBA-ACV40N,5,レギュラー,11.4,52877802,12.882051,0.11133333333333334,85,1.021222478196049e-06,0.9291896626111653,0.8415488811428977,15.744211173328479,203.1,2236.7,94.466055375,1804.839544125,0.014205576003950365,0.22026862461407237,644.5699999999997,4493.4100000000035,225.33263693916115,1106.7153530293872
Daihatsu,Regular,アルティス,2010,21,Gリミテッドエディション,0,2.8417150259067356,DBA-ACV40N,5,レギュラー,11.4,53362801,12.882051,0.11133333333333334,85,3.9353256587861647e-07,0.9249569564386247,0.7555093518722331,16.276788875172304,179.0,2379.2,87.23572312499999,1852.10788125,0.013613343352903512,0.22245926240229652,497.3999999999992,5201.3000000000175,194.02913713291446,1182.9902525896832
Daihatsu,Regular,アルティス,2012,187,Gリミテッドエディション,0,2.850576923076923,DBA-ACV40N,5,レギュラー,11.4,54171475,12.882051,0.11133333333333334,85,3.4520012608111557e-06,0.9197618488328037,0.7410524701053478,15.642718879664033,196.6,2501.1,87.26076124999999,1824.401110875,0.014992378149977309,0.22997637692034933,876.6800000000012,7816.80999999999,193.7934230569217,1134.116969530638
Daihatsu,Regular,アルティス,2013,143,Gリミテッドエディション,0,2.8387732919254667,DBA-ACV40N,5,レギュラー,11.4,54594744,12.882051,0.11133333333333334,85,2.6192997626291645e-06,0.9195631909181587,0.5859156337616149,15.153053837509704,175.6,2627.9,78.10398249999999,1800.186818625,0.012668920857446503,0.21897761369391588,1142.8800000000006,10129.549999999996,99.63644742023371,1195.9835064009167
Daihatsu,Regular,アルティス,2014,84,Gリミテッドエディション,0,2.7643699596774196,DBA-ACV40N,5,レギュラー,11.4,55952365,12.882051,0.11133333333333334,85,1.5012770237683429e-06,0.9188134228106355,0.6292310558668874,15.714217063910107,214.9,2698.2999999999997,83.2702565,1846.204454,0.016670563827196838,0.2384070244544354,1645.0499999999993,10907.230000000003,149.3124989117391,1121.8270743282337
Daihatsu,Regular,アルティス,2015,77,Gリミテッドエディション,0,2.742255,DBA-ACV40N,5,レギュラー,11.4,56412140,12.882051,0.11133333333333334,85,1.3649544229309507e-06,0.9279170405519096,0.6896796620594738,15.475311797184514,246.49999999999997,2761.5,91.440827125,1820.354952125,0.019249688547779448,0.23480057753196792,2062.5299999999997,12889.929999999986,171.10872789420773,1163.6500800292124
Daihatsu,Regular,アルティス,2016,51,Gリミテッドエディション,0,2.745,DBA-ACV40N,5,レギュラー,11.4,56950757,12.882051,0.11133333333333334,85,8.955104846104153e-07,0.9300480413280547,0.7541656433678852,15.847321076882,271.5,2893.2,102.100619625,1859.417230375,0.021444362939526423,0.25720065414519366,2249.8899999999985,14884.320000000007,176.21634970378636,1147.7653026872722
Daihatsu,Regular,メビウス,2013,456,S,0,2.5854037267080745,DAA-ZVW41N,5,レギュラー,26.2,54594744,12.901809375,0.06827586206896552,237,8.35245238992237e-06,0.9195631909181587,0.6289731050259828,15.153053837509704,160.8,2627.9,78.08422412499999,1800.186818625,0.0031108156583918856,0.3251867197190417,616.0,18598.110000000015,100.62599972105454,1203.810287182736
Daihatsu,Regular,メビウス,2014,255,S,0,2.640502016129032,DAA-ZVW41N,5,レギュラー,26.2,55952365,12.94374375,0.06827586206896552,237,4.557448107868184e-06,0.9188134228106355,0.6722885271312552,15.714217063910107,200.10000000000002,2698.2999999999997,83.20856375000001,1846.204454,0.0031090459434949813,0.37747363393057,511.36999999999716,18404.910000000003,153.38134136532835,1144.1747096221152
Daihatsu,Regular,メビウス,2015,184,S,0,2.5684290000000005,DAA-ZVW41N,5,レギュラー,26.2,56412140,12.901809375,0.06827586206896552,237,3.2617092703804537e-06,0.9279170405519096,0.7327371333238417,15.475311797184514,231.7,2761.5,91.42106875,1820.354952125,0.003160181142443652,0.376494427003768,549.9699999999993,16847.449999999983,172.59014580466692,1170.1704345393082
Daihatsu,Regular,メビウス,2016,140,S,0,2.571,DAA-ZVW41N,5,レギュラー,26.2,56950757,12.901809375,0.06827586206896552,237,2.45826407540114e-06,0.9300480413280547,0.7972231146322529,15.847321076882,256.7,2893.2,102.08086125,1859.417230375,0.0031745443386228672,0.40772950804874686,553.8099999999995,16612.959999999992,177.78597444120805,1154.2703844600474
Daihatsu,Regular,クー,2006,6249,CS,0,1.4029166666666668,DBA-M401S,5,レギュラー,16.4,51102005,10.49997,0.08679245283018867,130,0.00012228483011576552,0.9152275336359111,0.856256643394225,15.381258931110022,198.6,2199.4,96.661511,1756.1613767499998,0.0029344718291597627,0.18236045834480397,186.4400000000005,3910.7599999999948,69.94327539707865,1001.0459291593361
Daihatsu,Regular,クー,2007,3626,CS,0,1.4029166666666668,DBA-M401S,5,レギュラー,16.4,51713048,10.49997,0.08679245283018867,130,7.011770027556682e-05,0.9201741889203668,0.8683119838682647,15.41093702075379,197.9,2203.1,96.824518625,1764.9454325000002,0.0025341519979399374,0.1847874588163485,166.89000000000033,3683.709999999992,69.03454965349533,1042.432290321005
Daihatsu,Regular,クー,2008,1716,CS,0,1.3829969574036514,DBA-M401S,5,レギュラー,16.4,52324877,10.49997,0.08679245283018867,130,3.279510814712474e-05,0.9235641012591391,0.8652726701917697,15.42171536604202,198.9,2233.2999999999997,96.87678187499999,1764.894616625,0.002616148470342111,0.23380353605105064,165.32999999999993,3335.9500000000116,68.436888469412,1081.0618902130518
Daihatsu,Regular,クー,2009,882,CS,0,1.4029166666666668,DBA-M401S,5,レギュラー,16.4,52877802,10.49997,0.08679245283018867,130,1.6679967143868803e-05,0.9291896626111653,0.8660897616460425,15.744211173328479,198.1,2236.7,96.848136375,1804.839544125,0.0026285382080494246,0.24424632326002094,167.57000000000062,3532.4100000000035,68.38199051448191,1127.7916585290805
Daihatsu,Regular,クー,2010,597,CL,0,1.5476735751295336,CBA-M401S,5,レギュラー,16.4,53362801,10.49997,0.08679245283018867,130,1.118756865854924e-05,0.9249569564386247,0.7800502323753778,16.276788875172304,174.0,2379.2,89.61780412499999,1852.10788125,0.00267551518707676,0.24826590631326928,122.39999999999964,3510.3000000000175,58.32988452111158,1150.7712337949852
Daihatsu,Regular,クー,2011,405,CL,0,1.5508878504672898,CBA-M401S,5,レギュラー,16.4,53783435,10.49997,0.08679245283018867,130,7.53019958654556e-06,0.9389811007794501,0.6542600172751591,15.28090525702541,175.79999999999998,2321.7000000000003,76.76079125,1757.489268115,0.002742725952502495,0.2413113141805745,234.6800000000012,3411.889999999985,52.539146238234025,1055.394498941474
Daihatsu,Regular,クー,2012,362,CL,0,1.5525,CBA-M401S,5,レギュラー,16.4,54171475,10.49997,0.08679245283018867,130,6.682483724137104e-06,0.9197618488328037,0.7655933506084925,15.642718879664033,191.6,2501.1,89.64284224999999,1824.401110875,0.0033449807683721133,0.23924829257901825,325.6800000000003,4489.809999999998,58.21345612879486,1136.992012069757
Daihatsu,Regular,クー,2013,33,CL,0,1.546071428571429,CBA-M401S,5,レギュラー,16.4,54594744,10.49997,0.08679245283018867,130,6.044537913759611e-07,0.9195631909181587,0.6104565142647597,15.153053837509704,170.6,2627.9,80.48606349999999,1800.186818625,0.003131496836807579,0.2090780880232619,523.8800000000001,5395.549999999988,31.827839060351835,1139.1956059113727
Daihatsu,Regular,トール,2016,1236,X,0,1.463,DBA-M900S,5,レギュラー,24.6,56950757,10.720565,0.06448598130841121,188,2.1702959979970066e-05,0.9300480413280547,0.8010129953928072,15.847321076882,258.29999999999995,2893.2,104.262105625,1859.417230375,0.0036970015073619217,0.44885362827554287,483.7300000000014,13110.23999999999,61.08252673237166,1176.3482504779167
Daihatsu,Regular,ビーゴ,2006,7304,CL,0,1.6403333333333334,CBA-J200G,5,レギュラー,14.6,51102005,11.545450125000002,0.09478260869565218,201,0.00014292981263651006,0.9152275336359111,0.8482664875287615,15.381258931110022,200.4,2199.4,95.616030875,1756.1613767499998,0.005274009808395763,0.15853754137106746,290.83999999999924,3291.19999999999,122.44946135049895,855.3337317480764
Daihatsu,Regular,ビーゴ,2007,2544,CL,0,1.6403333333333334,CBA-J200G,5,レギュラー,14.6,51713048,11.545450125000002,0.09478260869565218,201,4.919454757337065e-05,0.9201741889203668,0.8603218280028012,15.41093702075379,199.70000000000002,2203.1,95.7790385,1764.9454325000002,0.004681041878378311,0.16049027671852567,268.7699999999995,3077.469999999994,121.19989314259374,878.3529815027141
Daihatsu,Regular,ビーゴ,2008,1564,CL,0,1.6818864097363087,CBA-J200G,5,レギュラー,15.4,52324877,11.47252275,0.0939655172413793,201,2.989018015274073e-05,0.9235641012591391,0.858099605780579,15.42171536604202,199.9,2233.2999999999997,95.904229125,1764.894616625,0.004516762314085931,0.2109396707581075,214.32999999999993,2937.1500000000087,116.01067680562528,917.675126495611
Daihatsu,Regular,ビーゴ,2009,886,CL,0,1.6403333333333334,CBA-J200G,5,レギュラー,14.6,52877802,11.44387725,0.09478260869565218,201,1.6755613253364805e-05,0.9291896626111653,0.858099605780579,15.744211173328479,199.9,2236.7,95.904229125,1804.839544125,0.004810939892334332,0.21607412935506698,270.1700000000001,2991.330000000009,114.28415689822486,910.3846998303197
Daihatsu,Regular,ビーゴ,2010,731,CX,0,1.716416580310881,ABA-J200G,5,レギュラー,15.4,53362801,11.47252275,0.0939655172413793,201,1.3698681221774697e-05,0.9249569564386247,0.7728771679641873,16.276788875172304,175.0,2379.2,88.645251375,1852.10788125,0.004502152540132476,0.22091457767869382,153.39999999999964,3212.5000000000146,98.65374215485917,945.9619188727011
Daihatsu,Regular,ビーゴ,2011,697,CX,0,1.719981308411215,ABA-J200G,5,レギュラー,15.4,53783435,11.47252275,0.0939655172413793,201,1.2959380523017914e-05,0.9389811007794501,0.6470869528639684,15.28090525702541,176.79999999999998,2321.7000000000003,75.7882385,1757.489268115,0.005077377373821607,0.21657776316459865,301.08000000000084,3285.2899999999936,96.50184208034739,842.3036945951462
Daihatsu,Regular,ビーゴ,2012,710,CX,0,1.721769230769231,ABA-J200G,5,レギュラー,15.4,54171475,11.47252275,0.0939655172413793,201,1.310652885120813e-05,0.9197618488328037,0.758420286197302,15.642718879664033,192.6,2501.1,88.6702895,1824.401110875,0.005379018409625486,0.21710364809593274,391.880000000001,4531.209999999992,98.48861196789562,921.9670638460229
Daihatsu,Regular,ビーゴ,2013,509,CX,0,1.7477329192546585,ABA-J200G,5,レギュラー,13.8,54594744,11.47252275,0.0939655172413793,201,9.323241812435278e-06,0.9195631909181587,0.6032834498535691,15.153053837509704,173.2,2627.9,79.51351075,1800.186818625,0.004797970393025999,0.19266165275258018,789.6000000000004,6890.029999999999,47.175079111625564,949.9006024733608
Daihatsu,Regular,ビーゴ,2014,393,CX,0,1.7502641129032261,ABA-J200G,5,レギュラー,13.8,55952365,11.47252275,0.0939655172413793,201,7.023831789773319e-06,0.9188134228106355,0.6465988719588414,15.714217063910107,212.5,2698.2999999999997,84.67978475000001,1846.204454,0.006738609252244648,0.22445223757913624,1163.6099999999997,7450.75,77.08668918627859,936.8135650845361
Daihatsu,Regular,ビーゴ,2015,301,CX,0,1.7362620000000004,ABA-J200G,5,レギュラー,13.8,56412140,11.47252275,0.0939655172413793,201,5.335730926002807e-06,0.9279170405519096,0.707047478151428,15.475311797184514,244.09999999999997,2761.5,92.850355375,1820.354952125,0.007851861842891661,0.2232440432269036,1489.8899999999994,8948.649999999994,87.58775868052862,1008.7507436550368
Daihatsu,Regular,ビーゴ,2016,125,CX,0,1.7380000000000002,ABA-J200G,5,レギュラー,13.8,56950757,11.47252275,0.0939655172413793,201,2.1948786387510177e-06,0.9300480413280547,0.7715334594598391,15.847321076882,269.09999999999997,2893.2,103.510147875,1859.417230375,0.008720904881714842,0.24786931930668876,1617.7299999999996,10492.320000000007,88.41747810854986,999.9993565665718
Daihatsu,Regular,ブーン,2006,7513,CL,0,1.0575833333333333,DBA-M300S,5,レギュラー,21.0,51102005,9.188011125000001,0.07888888888888888,216,0.0001470196717330367,0.9152275336359111,0.8641602073355248,15.381258931110022,194.0,2199.4,97.973469875,1756.1613767499998,0.0021276925548641967,0.22514460430620575,272.9200000000001,9998.399999999994,41.16832869595146,1657.1062376083355
Daihatsu,Regular,ブーン,2007,5387,CL,0,1.0575833333333333,DBA-M300S,5,レギュラー,21.5,51713048,9.200790000000001,0.07888888888888888,216,0.00010417100148496371,0.9201741889203668,0.8762155478095645,15.41093702075379,192.8,2203.1,98.123698625,1764.9454325000002,0.0019179330321857924,0.22804073013606008,300.5100000000002,10785.459999999992,40.764207395549874,1712.386397661303
Daihatsu,Regular,ブーン,2008,3899,CL,0,1.0425669371196757,DBA-M300S,5,レギュラー,21.5,52324877,9.200790000000001,0.07888888888888888,216,7.451522532962668e-05,0.9235641012591391,0.8731762341330694,15.42171536604202,193.8,2233.2999999999997,98.175961875,1764.894616625,0.0019518866846282568,0.2772271820530965,288.75,10129.660000000003,40.30234494973706,1750.8839596163816
Daihatsu,Regular,ブーン,2009,6091,CL,0,1.0575833333333333,DBA-M300S,5,レギュラー,21.5,52877802,9.200790000000001,0.07888888888888888,216,0.00011519011323503954,0.9291896626111653,0.8739933255873422,15.744211173328479,193.0,2236.7,98.147316375,1804.839544125,0.001977192291445079,0.29145822865128856,299.14999999999964,10484.73000000001,40.17301567342656,1875.810196374514
Daihatsu,Regular,ブーン,2010,4457,CL,0,1.1387564766839378,DBA-M600S,5,レギュラー,20.8,53362801,9.303021,0.07582417582417582,216,8.352260219623779e-05,0.9249569564386247,0.7910185093813907,16.276788875172304,169.6,2379.2,90.814753125,1852.10788125,0.0020711900535031053,0.32172631222629144,247.36000000000058,8598.460000000021,37.26675074435161,1815.7245128646173
Daihatsu,Regular,ブーン,2011,1999,CL,0,1.141121495327103,DBA-M600S,5,レギュラー,20.8,53783435,9.303021,0.07582417582417582,216,3.7167577712356975e-05,0.9389811007794501,0.665228294281172,15.28090525702541,171.39999999999998,2321.7000000000003,77.95774025,1757.489268115,0.0011626212000635516,0.3089780833742104,180.1200000000017,7532.929999999993,24.40080532849629,1707.1690017345827
Daihatsu,Regular,ブーン,2012,1731,CL,0,1.2253846153846155,DBA-M600S,5,レギュラー,23.0,54171475,9.303021,0.07582417582417582,216,3.195408653724123e-05,0.9197618488328037,0.7765616276145054,15.642718879664033,185.0,2501.1,90.83979124999999,1824.401110875,0.002423521467073697,0.304150260474763,440.52000000000044,12041.529999999999,37.21026106939644,1806.7276197755855
Daihatsu,Regular,ブーン,2013,1363,CL,0,1.2203105590062113,DBA-M600S,5,レギュラー,23.0,54594744,9.303021,0.07582417582417582,216,2.4965773261982876e-05,0.9195631909181587,0.6214247912707725,15.153053837509704,164.0,2627.9,81.68301249999999,1800.186818625,0.002374118403530065,0.2650221165028528,395.84000000000015,11013.469999999987,36.310590213803835,1774.6678381029851
Daihatsu,Regular,ブーン,2014,1159,CL,0,1.2729193548387099,DBA-M600S,5,レギュラー,27.6,55952365,9.32857875,0.07582417582417582,216,2.0714048458898923e-05,0.9188134228106355,0.6647402133760449,15.714217063910107,198.70000000000002,2698.2999999999997,86.82372875,1846.204454,0.002806144193808341,0.31101278310917824,630.9299999999985,22674.910000000003,43.41304714467856,1851.4971985100783
Daihatsu,Regular,ブーン,2015,1062,CL,0,1.262736,DBA-M600S,5,レギュラー,27.6,56412140,9.32857875,0.07582417582417582,216,1.8825735027956747e-05,0.9279170405519096,0.7251888195686315,15.475311797184514,230.29999999999998,2761.5,94.994299375,1820.354952125,0.003032421599698548,0.3103771031099454,656.3700000000008,20714.53,44.35221162070275,1946.3837984477286
Daihatsu,Regular,ブーン,2016,5307,X,0,1.15,DBA-M700S,5,レギュラー,28.0,56950757,9.26780625,0.07582417582417582,216,9.318576748681321e-05,0.9300480413280547,0.7896748008770427,15.847321076882,254.89999999999998,2893.2,105.71486437499999,1859.417230375,0.00316097625457587,0.339259235523377,706.0900000000001,21514.360000000015,46.707313649813386,2019.9073997593223
Fiat,Foreign,500,2008,2495,1.2 8V ラウンジ,0,2.279665314401623,ABA-31212,4,ハイオク,15.6,52324877,8.727346875,0.06831683168316832,9,4.7682864118342794e-05,0.9235641012591391,0.0,16.30546365738081,0.0,2433.0,0.0,1863.5440216250001,0.0,0.36860405242829364,0.0,3195.040000000008,0.0,2163.5020503253727
Fiat,Foreign,500,2009,3053,1.2 8V ラウンジ,0,2.3125,ABA-31212,4,ハイオク,15.6,52877802,8.727346875,0.06831683168316832,9,5.7736893072824776e-05,0.9291896626111653,0.0,16.62877655612154,0.0,2435.6,0.0,1903.460303625,0.0,0.3881403022560739,0.0,3372.2999999999884,0.0,2317.607183236585
Fiat,Foreign,500,2010,4280,1.2 8V ポップ,0,2.0187046632124352,ABA-31212,4,ハイオク,19.2,53362801,8.727346875,0.07040816326530612,9,8.020568485526088e-05,0.9249569564386247,0.0,17.073223397112564,0.0,2550.4,0.0,1943.4983085000001,0.0,0.3748583984974183,0.0,6188.539999999994,0.0,2336.1480930523903
Fiat,Foreign,500,2011,4501,1.2 8V ポップ,0,2.0228971962616824,ABA-31212,4,ハイオク,19.2,53783435,8.727346875,0.07040816326530612,9,8.368747738034954e-05,0.9389811007794501,0.0,15.951549563865452,0.0,2494.7000000000003,0.0,1836.02268249,0.0,0.35697156350646875,0.0,5517.529999999984,0.0,2194.7809250809187
Fiat,Foreign,500,2012,4506,1.2 ポップ,0,2.0665384615384617,ABA-31212,4,ハイオク,19.2,54171475,8.727346875,0.0696969696969697,9,8.318030845569554e-05,0.9197618488328037,0.0,16.425407713405743,0.0,2689.9,0.0,1915.81657625,0.0,0.35980803981090226,0.0,6291.0899999999965,0.0,2326.362245055003
Fiat,Foreign,500,2013,4340,1.2 ポップ,0,2.0579813664596274,ABA-31212,4,ハイオク,19.2,54594744,8.727346875,0.0696969696969697,9,7.94948319567173e-05,0.9195631909181587,0.0,15.780605834907682,0.0,2795.7000000000003,0.0,1882.44550525,0.0,0.3154037388973392,0.0,6503.50999999998,0.0,2286.1199170799373
Fiat,Foreign,500,2014,4650,1.2 ポップ,0,2.012098790322581,ABA-31212,4,ハイオク,19.4,55952365,8.727346875,0.0696969696969697,9,8.310640667289042e-05,0.9188134228106355,0.0,16.385084483413358,0.0,2905.2,0.0,1933.629414625,0.0,0.36655904768829606,0.0,6907.4800000000105,0.0,2417.605571856555
Fiat,Foreign,500,2015,4370,1.2 ポップ,0,1.9960020000000003,ABA-31212,4,ハイオク,19.4,56412140,8.727346875,0.0696969696969697,9,7.746559517153577e-05,0.9279170405519096,0.0,16.20662782288035,0.0,3000.0,0.0,1915.950483375,0.0,0.36574603971618647,0.0,7298.059999999998,0.0,2513.8846583401246
Fiat,Foreign,500,2016,4229,1.2 ポップ,0,1.9980000000000002,ABA-31212,4,ハイオク,19.4,56950757,8.788893749999998,0.0696969696969697,9,7.425713410622443e-05,0.9300480413280547,0.0,16.64312308388625,0.0,3156.7,0.0,1965.61100725,0.0,0.39653916744205775,0.0,7958.210000000006,0.0,2496.3033903357136
Honda,KEI,N-BOX,2012,211155,660 G,0,1.2876923076923077,DBA-JF1,4,レギュラー,22.2,54171475,8.86349625,0.06236559139784946,50,0.0038979001402490885,0.9197618488328037,1.731401635115783,14.701337456589082,271.6,2415.2999999999997,196.9174605,1718.762966375,0.05104257304032228,0.3889396725137666,1206.2599999999984,9571.63000000002,223.0670201255498,1979.2063639734552
Honda,KEI,N-BOX,2013,234994,660 G,0,1.3030434782608697,DBA-JF1,4,レギュラー,24.2,54594744,8.9135725,0.061052631578947365,50,0.004304333765169775,0.9195631909181587,1.2811880328566547,14.50806214016905,277.90000000000003,2512.8,168.36345612500003,1713.8958235,0.014813725595528626,0.38926078972888734,1056.7299999999996,12885.779999999984,185.8269327797584,1934.6946542943333
Honda,KEI,N-BOX,2014,179930,660 G,0,1.2487500000000002,DBA-JF1,4,レギュラー,25.2,55952365,8.9135725,0.061052631578947365,50,0.003215771129602833,0.9188134228106355,1.3337780157170624,15.059950805814319,281.3,2618.1,172.32736375000002,1761.11582525,0.01730326450792527,0.4449864639663872,1226.5299999999988,14955.149999999994,196.18006045071934,2046.619244081936
Honda,KEI,N-BOX,2015,184920,660 G,0,1.2687300000000001,DBA-JF1,4,レギュラー,25.6,56412140,8.9135725,0.061052631578947365,50,0.003278017816732356,0.9279170405519096,1.813664682651335,14.401607478347037,377.0,2616.8,211.48278950000002,1704.28146825,0.03416990979743073,0.42648201880310266,1171.3199999999997,14721.179999999993,204.76145013142286,2134.331098455157
Honda,KEI,N-BOX,2016,186367,660 G,0,1.27,DBA-JF1,4,レギュラー,25.6,56950757,8.9135725,0.061052631578947365,50,0.0032724235781448874,0.9300480413280547,1.790646991297231,14.86112043070704,351.0,2799.5,193.877665875,1771.608662625,0.05844878259054895,0.43602172393305216,980.119999999999,14745.450000000012,209.47913199665618,2167.4963455358957
Honda,KEI,N-ONE,2012,18001,660 G,0,1.1942307692307694,DBA-JG1,4,レギュラー,27.0,54171475,8.06227625,0.06904761904761905,51,0.0003322966561276022,0.9197618488328037,1.7247196074660134,14.701337456589082,266.8,2415.2999999999997,197.7186805,1718.762966375,0.04287648933404206,0.3233080849222234,2636.66,21572.589999999997,308.71584249592024,2712.7920428863617
Honda,KEI,N-ONE,2013,107583,660 G,0,1.1892857142857145,DBA-JG1,4,レギュラー,27.0,54594744,8.06227625,0.06904761904761905,51,0.0019705743102303034,0.9195631909181587,1.2731930453879832,14.50806214016905,275.1,2512.8,169.21475237500002,1713.8958235,0.009993728986207345,0.3112194209858701,1658.729999999996,20031.379999999976,256.433850035894,2713.9423247133127
Honda,KEI,N-ONE,2014,34858,660 G,0,1.1933618951612903,DBA-JG1,4,レギュラー,28.4,55952365,8.06227625,0.06904761904761905,51,0.0006229942201728202,0.9188134228106355,1.325783028248391,15.059950805814319,278.1,2618.1,173.17866,1761.11582525,0.011642355390710762,0.36124085891178925,2009.2500000000018,24098.830000000016,273.5358970998727,2862.908906186127
Honda,KEI,N-ONE,2015,22829,660 G,0,1.183815,DBA-JG1,4,レギュラー,28.4,56412140,8.06227625,0.06904761904761905,51,0.00040468239637780093,0.9279170405519096,1.8056696951826634,14.401607478347037,374.20000000000005,2616.8,212.33408575,1704.28146825,0.024996224396893724,0.34702240781429095,1940.7599999999984,21991.100000000006,290.9771154710643,2940.5638688774743
Honda,KEI,N-ONE,2016,17259,660 G,0,1.185,DBA-JG1,4,レギュラー,28.4,56950757,8.06227625,0.06904761904761905,51,0.00030305128340963054,0.9300480413280547,1.7826520038285594,14.86112043070704,348.20000000000005,2799.5,194.728962125,1771.608662625,0.047562849751018654,0.35545541159320226,1592.7599999999948,21899.449999999983,294.6233986536836,3001.6510338584812
Honda,KEI,N-WGN,2013,11510,660 G,0,1.169636645962733,DBA-JH1,4,レギュラー,29.2,54594744,8.287619375,0.07073170731707316,52,0.00021082615571931248,0.9195631909181587,1.271508957118529,14.50806214016905,272.90000000000003,2512.8,168.98940925000002,1713.8958235,0.00923923705217436,0.2971930135890899,2307.7299999999977,27273.77999999997,235.48691597073184,2486.794856016513
Honda,KEI,N-WGN,2014,146717,660 G,0,1.1712066532258065,DBA-JH1,4,レギュラー,29.2,55952365,8.287619375,0.07073170731707316,52,0.0026221769178121426,0.9188134228106355,1.3240989399789367,15.059950805814319,277.3,2618.1,172.953316875,1761.11582525,0.010710731110225774,0.3460617952308227,2256.130000000001,26867.95000000001,250.80248437185173,2625.533041696308
Honda,KEI,N-WGN,2015,96038,660 G,0,1.1628360000000002,DBA-JH1,4,レギュラー,29.4,56412140,8.287619375,0.06987951807228916,52,0.001702434972330424,0.9279170405519096,1.8048377961579933,14.401607478347037,373.20000000000005,2616.8,212.10874262500002,1704.28146825,0.024188540383818236,0.3398191771156416,2291.5599999999977,25138.49999999997,265.33423703886774,2706.696448173785
Honda,KEI,N-WGN,2016,86710,660 G,0,1.1640000000000001,DBA-JH1,4,レギュラー,29.4,56950757,8.287619375,0.06987951807228916,52,0.001522543414128806,0.9300480413280547,1.7818201048038893,14.86112043070704,347.20000000000005,2799.5,194.50361900000001,1771.608662625,0.046562315828177964,0.3481810842399913,1879.9599999999991,25028.24999999997,269.546234221702,2759.5461918402652
Honda,KEI,S660,2015,9296,660 ベータ,0,1.9780200000000001,DBA-JW5,2,レギュラー,24.2,56412140,5.9089975,0.07529411764705882,64,0.00016478722487748204,0.9279170405519096,1.7994231965832237,14.401607478347037,378.40000000000003,2616.8,214.4873645,1704.28146825,0.01960799536360397,0.2978395820630202,904.1999999999971,11938.819999999992,638.4457836887232,5917.963211015893
Honda,KEI,S660,2016,10298,660 ベータ,0,1.98,DBA-JW5,2,レギュラー,24.2,56950757,5.9089975,0.07529411764705882,64,0.00018082288177486384,0.9300480413280547,1.7764055052291197,14.86112043070704,352.40000000000003,2799.5,196.882240875,1771.608662625,0.04065891975913244,0.3059416745518728,779.6399999999994,12056.330000000016,626.4426834382866,6088.494528628664
Honda,KEI,ザッツ,2006,28102,660,0,0.925,ABA-JD1,4,レギュラー,19.0,51102005,8.1123525,0.06341463414634146,137,0.0005499197145004389,0.9152275336359111,2.1614924359366987,14.099400957251396,306.6,2088.8,226.874126375,1628.3363788749998,0.07163819678398414,0.2975103424741503,821.159999999998,5907.759999999995,295.9655483943384,2340.375541543679
Honda,KEI,ザッツ,2007,22983,660,0,0.925,ABA-JD1,4,レギュラー,19.0,51713048,8.1123525,0.06341463414634146,137,0.00044443328886744406,0.9201741889203668,2.097228455403202,14.205398367902701,271.6,2126.8,221.174919,1642.982649625,0.0717674218113335,0.3013590712118237,689.3199999999979,5777.39999999998,315.77927257559713,2403.7637829560226
Honda,KEI,ザッツ,2008,659,660,0,0.9118661257606492,ABA-JD1,4,レギュラー,19.0,52324877,8.1123525,0.06341463414634146,137,1.2594391765125411e-05,0.9235641012591391,2.083100084660449,14.227265770257189,274.7,2154.9,224.11286825000002,1640.04614775,0.07143804197298148,0.35114836811289596,686.7299999999996,5268.430000000008,336.81886734699765,2420.763038448338
Honda,KEI,ゼスト,2006,71897,660 G,0,1.129527777777778,DBA-JE1,4,レギュラー,19.0,51102005,8.187466875,0.05909090909090909,169,0.0014069310979089764,0.9152275336359111,2.165816160992131,14.099400957251396,306.6,2088.8,226.79901199999998,1628.3363788749998,0.07975468365262817,0.3431602475567679,821.159999999998,5907.759999999995,286.3751890503331,2272.0591100408674
Honda,KEI,ゼスト,2007,47041,660 D,0,1.1870833333333335,DBA-JE1,4,レギュラー,19.0,51713048,8.187466875,0.05909090909090909,169,0.0009096543680813399,0.9201741889203668,2.1015521804586346,14.205398367902701,271.6,2126.8,221.099804625,1642.982649625,0.07985786940111284,0.34739590332820525,689.3199999999979,5777.39999999998,305.820747286562,2334.471411251241
Honda,KEI,ゼスト,2008,42339,660 D,0,1.1702281947261666,DBA-JE1,4,レギュラー,19.0,52324877,8.187466875,0.05909090909090909,169,0.0008091562260146354,0.9235641012591391,2.0874238097158813,14.227265770257189,274.7,2154.9,224.037753875,1640.04614775,0.07940631518161503,0.3973742975001917,686.7299999999996,5268.430000000008,326.41897761457176,2351.9118137496152
Honda,KEI,ゼスト,2009,43660,660 D,0,1.2086666666666668,DBA-JE1,4,レギュラー,18.4,52877802,8.237543125,0.058426966292134834,169,0.0008256772851488797,0.9291896626111653,2.0416478901556347,14.597018531356941,259.0,2173.7999999999997,215.89974237500002,1688.050365,0.08337242135022072,0.4269543621730616,685.460000000001,4763.3200000000215,324.48861597013183,2486.940452207611
Honda,KEI,ゼスト,2010,38376,660 D,0,1.2174341968911917,DBA-JE1,4,レギュラー,18.6,53362801,8.237543125,0.058426966292134834,169,0.0007191526546741802,0.9249569564386247,2.0247432523494218,15.060461341736314,264.2,2286.7999999999997,213.768123625,1730.219988625,0.08167690826842733,0.44157210242012024,682.340000000002,4734.120000000024,316.68435792476475,2519.26928296802
Honda,KEI,ゼスト,2011,18104,660 D,0,1.2199626168224298,DBA-JE1,4,レギュラー,18.6,53783435,8.237543125,0.058426966292134834,169,0.00033660921806128596,0.9389811007794501,1.8008540945753662,14.162676666263257,256.4,2238.9,204.469542375,1632.042943865,0.059618628611958435,0.434301547456986,618.1800000000021,4287.229999999981,315.55855602206066,2356.838654996038
Honda,KEI,ゼスト,2012,7738,660 D,0,1.2212307692307691,DBA-JE1,4,レギュラー,18.6,54171475,8.237543125,0.058426966292134834,169,0.00014284270457837818,0.9197618488328037,1.7353402602214976,14.701337456589082,275.2,2415.2999999999997,197.543413625,1718.762966375,0.05660890749920908,0.43385805265708854,677.7800000000007,5076.669999999998,288.00540333632716,2535.9735572549944
Honda,KEI,ゼスト,2013,128,660 D,0,1.2161739130434783,DBA-JE1,4,レギュラー,18.6,54594744,8.237543125,0.058426966292134834,169,2.344548039276455e-06,0.9195631909181587,1.2838136981434674,14.50806214016905,283.5,2512.8,169.0394855,1713.8958235,0.016842860112043362,0.4190178319829716,605.369999999999,5556.499999999985,240.0013628818474,2535.9731185207856
Honda,KEI,バモス,2006,29218,660 M,0,1.281638888888889,ABA-HM1,4,レギュラー,15.8,51102005,8.888534374999999,0.04693877551020408,195,0.0005717583879536625,0.9152275336359111,2.1779682945728362,14.099400957251396,309.8,2088.8,226.09794449999998,1628.3363788749998,0.10677119478658867,0.5002937429634902,566.4399999999987,3240.2400000000052,208.29244212595677,1712.7975303591193
Honda,KEI,バモス,2007,28354,660 M,0,1.2847222222222223,ABA-HM1,4,レギュラー,15.8,51713048,8.888534374999999,0.04693877551020408,195,0.000548294890682135,0.9201741889203668,2.1137043140393397,14.205398367902701,274.8,2126.8,220.398737125,1642.982649625,0.10660097847412431,0.5058171012310215,321.9599999999991,3241.720000000001,223.75762898859693,1766.6452122377814
Honda,KEI,バモス,2008,25438,660 M,0,1.2664807302231238,ABA-HM1,4,レギュラー,15.8,52324877,8.888534374999999,0.04693877551020408,195,0.0004861549889548713,0.9235641012591391,2.0995759432965864,14.227265770257189,277.9,2154.9,223.336686375,1640.04614775,0.10580604455753917,0.5563269665919577,339.2099999999991,2912.589999999982,240.23645784495784,1788.202986792654
Honda,KEI,バモス,2009,14415,660 M,0,1.2847222222222223,ABA-HM1,4,レギュラー,15.8,52877802,8.888534374999999,0.04693877551020408,195,0.0002726096670962231,0.9291896626111653,2.0531360809375654,14.597018531356941,261.59999999999997,2173.7999999999997,215.248751125,1688.050365,0.10862576943424276,0.5844031533196521,438.46000000000095,2995.8400000000256,244.4953980387436,1928.0206279593149
Honda,KEI,バモス,2010,13075,660 M,0,1.3354507772020725,ABA-HM1,4,レギュラー,14.2,53362801,8.788381874999999,0.045454545454545456,195,0.0002450208713744243,0.9249569564386247,2.037715673187011,15.060461341736314,268.6,2286.7999999999997,213.217284875,1730.219988625,0.1101201307086945,0.6288265896555583,428.89999999999964,3065.6400000000212,250.29795564107235,2029.28427738326
Honda,KEI,バモス,2011,9939,660 M,0,1.3382242990654205,ABA-HM1,4,レギュラー,14.2,53783435,8.788381874999999,0.045454545454545456,195,0.0001847966757794477,0.9389811007794501,1.8138265154129556,14.162676666263257,260.8,2238.9,203.918703625,1632.042943865,0.08360067698861157,0.61039150561748,440.41999999999916,3496.1099999999933,250.03765223882192,1890.6062374385147
Honda,KEI,バモス,2012,7819,660 G,0,1.347923076923077,ABA-HM1,4,レギュラー,14.2,54171475,8.788381874999999,0.045,195,0.00014433795646140335,0.9197618488328037,1.7487672265136325,14.701337456589082,279.6,2415.2999999999997,196.992574875,1718.762966375,0.07978182465003786,0.6217289294896937,665.4599999999982,4827.630000000005,230.11485975906726,2039.8534168108672
Honda,KEI,バモス,2013,5848,660 G,0,1.3423416149068326,ABA-HM1,4,レギュラー,14.2,54594744,8.788381874999999,0.045,195,0.00010711653854444303,0.9195631909181587,1.2972406644356023,14.50806214016905,287.90000000000003,2512.8,168.48864675000002,1713.8958235,0.030667934185026183,0.6030872168883317,954.7299999999977,6309.779999999984,194.75587709232832,2035.8364606267387
Honda,KEI,バモス,2014,5425,660 G,0,1.3444203629032259,ABA-HM1,4,レギュラー,14.2,55952365,8.788381874999999,0.045,195,9.695747445170548e-05,0.9188134228106355,1.34983064729601,15.059950805814319,292.3,2618.1,172.452554375,1761.11582525,0.034845888336625386,0.6714241505020879,1035.1299999999992,7109.949999999997,206.10149290932077,2152.935697281726
Honda,KEI,バモス,2015,4045,660 G,0,1.3726260000000001,ABA-HM1,4,レギュラー,15.0,56412140,8.788381874999999,0.045,195,7.170442390591813e-05,0.9279170405519096,1.8297173142302825,14.401607478347037,387.6,2616.8,211.607980125,1704.28146825,0.06030972606316193,0.6419979624985102,1099.2399999999998,7795.139999999985,215.62219210588046,2239.714006697908
Honda,KEI,バモス,2016,2718,660 G,0,1.374,ABA-HM1,4,レギュラー,15.0,56950757,8.788381874999999,0.045,195,4.7725441121002134e-05,0.9300480413280547,1.8066996228761785,14.86112043070704,361.6,2799.5,194.0028565,1771.608662625,0.0872544574634988,0.6560759089521506,1217.5599999999995,9110.48999999999,220.36411857533722,2276.4400084736844
Honda,KEI,ライフ,2006,105503,660 C,1,1.0144166666666667,DBA-JB5,4,レギュラー,20.0,51102005,7.887009375,0.06190476190476191,240,0.0020645569581858873,0.9152275336359111,2.163002308178278,14.099400957251396,305.6,2088.8,227.0994695,1628.3363788749998,0.07438330580839858,0.31283978678087165,988.9599999999991,7346.1600000000035,326.1584530979312,2555.07450465719
Honda,KEI,ライフ,2007,87132,660 C,1,1.0144166666666667,DBA-JB5,4,レギュラー,20.0,51713048,7.887009375,0.06190476190476191,240,0.0016849132543879449,0.9201741889203668,2.0987383276447815,14.205398367902701,270.6,2126.8,221.400262125,1642.982649625,0.0745076863124951,0.3168193843371594,888.119999999999,7178.799999999988,347.0089690822965,2621.4582727074194
Honda,KEI,ライフ,2008,97126,660 C,1,0.9574594320486817,DBA-JC1,4,レギュラー,21.0,52324877,8.06227625,0.06419753086419754,240,0.001856210765674614,0.9235641012591391,2.082317187942593,14.227265770257189,272.7,2154.9,224.1629445,1640.04614775,0.07007518621951947,0.3433579448077575,1111.9300000000003,8248.830000000002,343.8775087093186,2467.572871084256
Honda,KEI,ライフ,2009,75745,660 C,1,0.97125,DBA-JC1,4,レギュラー,19.2,52877802,8.06227625,0.06419753086419754,240,0.001432453640943699,0.9291896626111653,2.035877325583572,14.597018531356941,258.2,2173.7999999999997,216.07500925000002,1688.050365,0.07257982521981571,0.36250733529020795,813.1400000000012,5707.000000000015,348.7767494777736,2658.706771316585
Honda,KEI,ライフ,2010,63344,660 C,1,0.9886476683937824,DBA-JC1,4,レギュラー,19.2,53362801,8.06227625,0.06419753086419754,240,0.001187044135857861,0.9249569564386247,2.018972687777359,15.060461341736314,263.6,2286.7999999999997,213.9433905,1730.219988625,0.07107941074607849,0.3746068725275913,773.8999999999996,5414.6400000000285,340.2252871183987,2694.390204762669
Honda,KEI,ライフ,2011,67574,660 C,1,0.9907009345794393,DBA-JC1,4,レギュラー,19.2,53783435,8.06227625,0.06419753086419754,240,0.001256409152743777,0.9389811007794501,1.7950835300033035,14.162676666263257,255.8,2238.9,204.64480925,1632.042943865,0.05089745219449213,0.371329253237092,696.4200000000001,4821.110000000001,338.69683706537353,2523.2565747713306
Honda,KEI,ライフ,2012,43935,660 C,1,1.0176923076923077,DBA-JC1,4,レギュラー,19.4,54171475,8.06227625,0.06419753086419754,240,0.0008110356972927173,0.9197618488328037,1.7295696956494349,14.701337456589082,274.40000000000003,2415.2999999999997,197.7186805,1718.762966375,0.04864383470474762,0.3696222927438688,754.8999999999978,5741.790000000008,308.71584249592024,2712.7920428863617
Honda,KEI,ライフ,2013,13065,660 C,1,1.0134782608695654,DBA-JC1,4,レギュラー,19.4,54594744,8.06227625,0.06419753086419754,240,0.00023930875104021004,0.9195631909181587,1.2780431335714046,14.50806214016905,282.70000000000005,2512.8,169.21475237500002,1713.8958235,0.012673688524612758,0.35630507487796925,608.409999999998,6035.219999999987,256.433850035894,2713.9423247133127
Honda,KEI,ライフ,2014,2840,660 C,1,1.0151129032258064,DBA-JC1,4,レギュラー,19.4,55952365,8.06227625,0.06419753086419754,240,5.075746127978683e-05,0.9188134228106355,1.3306331164318124,15.059950805814319,287.1,2618.1,173.17866,1761.11582525,0.014832447037991386,0.409741178014253,643.0499999999993,6264.430000000008,273.5358970998727,2862.908906186127
Honda,KEI,ライフ,2015,38,660 C,1,1.006992,DBA-JC1,4,レギュラー,19.4,56412140,8.06227625,0.06419753086419754,240,6.736138710568328e-07,0.9279170405519096,1.8105197833660849,14.401607478347037,383.20000000000005,2616.8,212.33408575,1704.28146825,0.030256298441191154,0.39301418489290096,583.5599999999977,6714.5,290.9771154710643,2940.5638688774743
Honda,Regular,CR-V,2006,11906,2.4 ZL,0,2.536555555555556,DBA-RE3,5,レギュラー,12.2,51102005,13.902616,0.11486486486486487,26,0.00023298498757534072,0.9152275336359111,2.1100422052181753,14.099400957251396,313.40000000000003,2088.8,221.083862875,1628.3363788749998,0.03531718110458737,0.16751855332438614,793.9599999999982,3764.399999999994,251.62012489066728,1839.4176134242734
Honda,Regular,CR-V,2007,15672,2.4 ZL,0,2.536555555555556,DBA-RE3,5,レギュラー,12.2,51713048,13.902616,0.11486486486486487,26,0.00030305697703217956,0.9201741889203668,2.0457782246846787,14.205398367902701,278.40000000000003,2126.8,215.3846555,1642.982649625,0.032886678026105676,0.1696326209514174,398.27999999999975,3938.679999999993,209.96120539751155,1860.666789526127
Honda,Regular,CR-V,2008,7163,2.4 ZL,0,2.500539553752536,DBA-RE3,5,レギュラー,12.2,52324877,13.902616,0.11486486486486487,26,0.00013689473173534645,0.9235641012591391,2.0316498539419254,14.227265770257189,281.5,2154.9,218.32260475,1640.04614775,0.03401111405653667,0.2171717520597829,437.84999999999945,3811.8699999999953,196.9777995546574,1911.6722842674426
Honda,Regular,CR-V,2009,3861,2.4 ZL,0,2.538611111111111,DBA-RE3,5,レギュラー,11.6,52877802,14.041027000000001,0.11486486486486487,26,7.301740719101751e-05,0.9291896626111653,1.9852099915829045,14.597018531356941,265.79999999999995,2173.7999999999997,210.0962585,1688.050365,0.03214910687964789,0.2169975976763414,582.1000000000013,4339.000000000015,179.50749869048013,1899.9127096155353
Honda,Regular,CR-V,2010,3726,2.4 ZL,0,2.5570259067357513,DBA-RE3,5,レギュラー,11.6,53362801,14.041027000000001,0.11486486486486487,26,6.982392097446309e-05,0.9249569564386247,1.9683053537766915,15.060461341736314,271.2,2286.7999999999997,207.96463974999998,1730.219988625,0.03236171826568607,0.2184247684317815,624.9400000000014,4827.920000000013,196.44487073165783,1959.953368844901
Honda,Regular,CR-V,2011,4017,2.4 ZL,0,2.5623364485981313,DBA-RE3,5,レギュラー,11.6,53783435,14.041027000000001,0.11486486486486487,26,7.468842404729263e-05,0.9389811007794501,1.744416196002636,14.162676666263257,263.4,2238.9,198.6660585,1632.042943865,0.02579487897486793,0.22447033326475418,662.9800000000014,5613.029999999992,173.9540790399642,1773.4206308860958
Honda,Regular,CR-V,2012,12139,2.4 ZL,0,2.565,DBA-RE3,5,レギュラー,11.6,54171475,14.041027000000001,0.11486486486486487,26,0.0002240847235560782,0.9197618488328037,1.6789023616487675,14.701337456589082,282.2,2415.2999999999997,191.73992975,1718.762966375,0.030180084138867136,0.23168665989807558,985.7799999999997,7392.270000000004,226.7922793878297,1851.0522859416742
Honda,Regular,CR-V,2013,5378,2.4 ZL,0,2.554378881987578,DBA-RE3,5,レギュラー,11.6,54594744,14.041027000000001,0.11486486486486487,26,9.85076512127248e-05,0.9195631909181587,1.2273757995707373,14.50806214016905,290.5,2512.8,163.236001625,1713.8958235,0.021820003797965337,0.22888231784308877,1452.37,9448.499999999993,251.04576847155386,1778.2512951137396
Honda,Regular,CR-V,2014,1750,2.4 ZL,0,2.487429435483871,DBA-RE3,5,レギュラー,11.6,55952365,14.041027000000001,0.11486486486486487,26,3.127660466184048e-05,0.9188134228106355,1.279965782431145,15.059950805814319,294.9,2618.1,167.19990925,1761.11582525,0.018649573857988655,0.25361080890660137,1555.6500000000005,10594.990000000005,220.74938416373243,1759.0350574811673
Honda,Regular,CR-V,2015,837,2.4 ZL,0,2.4675300000000004,DBA-RE3,5,レギュラー,11.6,56412140,14.041027000000001,0.11486486486486487,26,1.4837231844067608e-05,0.9279170405519096,1.7598524493654175,14.401607478347037,391.0,2616.8,206.355335,1704.28146825,0.021734726034593144,0.24916113303685616,2028.1200000000008,12475.579999999994,298.59010392981963,1723.3860839510671
Honda,Regular,CR-V,2016,441,2.4 ZL,0,2.47,DBA-RE3,5,レギュラー,11.6,56950757,14.041027000000001,0.11486486486486487,26,7.74353183751359e-06,0.9300480413280547,1.7368347580113135,14.86112043070704,365.0,2799.5,188.750211375,1771.608662625,0.029557838865993946,0.2660450819324649,2150.5200000000004,14490.649999999987,248.44939749923196,1772.3090665027048
Honda,Regular,CR-Z,2010,22372,1.5 ベータ,0,2.3479088082901556,DAA-ZF1,4,レギュラー,22.8,53362801,9.903383999999999,0.09741379310344828,27,0.00041924336018268606,0.9249569564386247,1.9857564255381082,15.060461341736314,260.0,2286.7999999999997,212.10228275,1730.219988625,0.03468351244038281,0.18468914756418497,1610.5400000000009,11780.880000000034,151.2101900064108,1317.931508579306
Honda,Regular,CR-Z,2011,6794,1.5 ベータ,0,2.352785046728972,DAA-ZF1,4,レギュラー,22.8,53783435,9.903383999999999,0.09741379310344828,27,0.00012632142219997663,0.9389811007794501,1.7618672677640528,14.162676666263257,252.2,2238.9,202.80370150000002,1632.042943865,0.02400695172535061,0.19274051364379652,1438.0200000000004,10171.429999999978,150.84440364000238,1210.6164676661574
Honda,Regular,CR-Z,2012,5060,1.5 ベータ,0,2.4559615384615388,DAA-ZF2,4,レギュラー,23.0,54171475,9.8912475,0.10085470085470086,27,9.340709293959598e-05,0.9197618488328037,1.6929125256589315,14.701337456589082,270.8,2415.2999999999997,195.88970925,1718.762966375,0.02604123329110869,0.1933052498752983,1387.0599999999995,11094.990000000005,147.03755305839286,1318.2912782235653
Honda,Regular,CR-Z,2013,3007,1.5 ベータ,0,2.445791925465839,DAA-ZF2,4,レギュラー,23.0,54594744,9.8912475,0.10085470085470086,27,5.5078562141439846e-05,0.9195631909181587,1.2413859635809013,14.50806214016905,279.1,2512.8,167.38578112500002,1713.8958235,0.011073763562754413,0.18810753655192203,875.5299999999988,10533.779999999984,133.34833315386504,1304.4088100516092
Honda,Regular,CR-Z,2014,1315,1.5 ベータ,0,2.450168346774194,DAA-ZF2,4,レギュラー,23.0,55952365,9.8912475,0.10085470085470086,27,2.3502134360182986e-05,0.9188134228106355,1.293975946441309,15.059950805814319,283.5,2618.1,171.34968875,1761.11582525,0.00937692219310976,0.21923332956971908,878.4899999999998,10462.750000000015,135.95063405028168,1379.156776597847
Honda,Regular,CR-Z,2015,732,1.5 アルファ,0,2.6973000000000003,DAA-ZF2,4,レギュラー,23.0,56412140,9.964066500000001,0.10085470085470086,27,1.2975930358252674e-05,0.9279170405519096,1.7738626133755815,14.401607478347037,379.6,2616.8,210.4322955,1704.28146825,0.013819590206064603,0.21447025668994035,737.6399999999958,10006.339999999982,138.32826839908648,1429.1289280710917
Honda,Regular,CR-Z,2016,1059,1.5 アルファ,0,2.7,DAA-ZF2,4,レギュラー,23.0,56950757,9.964066500000001,0.10085470085470086,27,1.8595011827498623e-05,0.9300480413280547,1.7508449220214775,14.86112043070704,353.6,2799.5,192.827171875,1771.608662625,0.027042272767317688,0.2260963102646718,663.9599999999973,10222.48999999999,140.37241073162886,1439.8256267182878
Honda,Regular,S2000,2006,1225,2.2,0,3.885,ABA-AP2,2,ハイオク,11.0,51102005,9.29858125,0.1936,63,2.397166216863702e-05,0.9152275336359111,2.0313070700830402,14.099400957251396,314.6,2088.8,225.68789762499998,1628.3363788749998,0.19498794266347896,1.4446133599560937,990.7599999999993,4768.55999999999,172.19046793925554,1451.2991126765664
Honda,Regular,S2000,2007,997,2.2,0,3.9713333333333334,ABA-AP2,2,ハイオク,11.0,51713048,9.29858125,0.1936,63,1.9279466953872067e-05,0.9201741889203668,1.9670430895495437,14.205398367902701,279.6,2126.8,219.98869025,1642.982649625,0.17839008314867388,1.4543230094994914,538.9199999999992,5006.19999999999,184.8719692227919,1500.5930493796368
Honda,Regular,S2000,2008,1228,2.2,0,3.9149452332657204,ABA-AP2,2,ハイオク,11.0,52324877,9.29858125,0.1936,63,2.346876037568134e-05,0.9235641012591391,1.9529147188067904,14.227265770257189,282.7,2154.9,222.9266395,1640.04614775,0.18173931753844486,1.4984186748489874,585.9300000000003,4946.8299999999945,198.94140426141075,1524.5590307690618
Honda,Regular,S2000,2009,1122,2.2,0,3.9713333333333334,ABA-AP2,2,ハイオク,11.0,52877802,9.29858125,0.1936,63,2.121873371362902e-05,0.9291896626111653,1.9064748564477694,14.597018531356941,266.4,2173.7999999999997,214.83870425,1688.050365,0.16290318521896896,1.4885934988811416,657.340000000001,4954.2400000000125,202.37563967683127,1639.9238532499476
Honda,Regular,S2000,2010,42,2.2,0,4.000140932642487,ABA-AP2,2,ハイオク,11.0,53362801,9.29858125,0.1936,63,7.870651317572329e-07,0.9249569564386247,1.8895702186415564,15.060461341736314,271.8,2286.7999999999997,212.70708549999998,1730.219988625,0.16577777448917252,1.5141902963096339,706.6600000000008,5524.520000000011,199.09483915489363,1657.1915133507755
Honda,Regular,アコード,2006,11393,2.0 20A,0,2.093583333333333,ABA-CL7,5,レギュラー,13.8,51102005,11.90508,0.11313868613138686,80,0.00022294624252022988,0.9152275336359111,2.1117683839516532,14.099400957251396,311.8,2088.8,223.081398875,1628.3363788749998,0.034733283142640736,0.159519942651003,625.6400000000012,3070.6399999999994,107.82018844459435,921.279222713114
Honda,Regular,アコード,2007,6929,2.0 20A,0,2.093583333333333,DBA-CL7,5,レギュラー,13.8,51713048,11.90508,0.11313868613138686,80,0.00013398939470750206,0.9201741889203668,2.0475044034181566,14.205398367902701,276.8,2126.8,217.3821915,1642.982649625,0.032474492711994984,0.16160637634928676,300.3600000000006,3164.919999999991,94.94432698243872,949.4895031556662
Honda,Regular,アコード,2008,3435,2.0 20A,0,2.0638569979716026,DBA-CL7,5,レギュラー,13.8,52324877,11.90508,0.11313868613138686,80,6.56475503994018e-05,0.9235641012591391,2.0333760326754033,14.227265770257189,279.9,2154.9,220.32014075,1640.04614775,0.03355015255619631,0.20922100154745404,330.0100000000011,2948.189999999995,93.69823992568126,988.7634614782073
Honda,Regular,アコード,2009,5106,2.4 24TL,0,2.980555555555556,DBA-CU2,5,ハイオク,11.2,52877802,12.532608,0.13642384105960265,80,9.656225877164864e-05,0.9291896626111653,1.9636510153881668,14.597018531356941,266.2,2173.7999999999997,211.6046775,1688.050365,0.04453119655660731,0.3839805502807119,630.7400000000016,4737.400000000016,94.09403607549393,1100.1133345008566
Honda,Regular,アコード,2010,2067,2.4 24TL,0,3.002176165803109,DBA-CU2,5,ハイオク,11.2,53362801,12.532608,0.13642384105960265,80,3.873484827005239e-05,0.9249569564386247,1.9467463775819538,15.060461341736314,271.6,2286.7999999999997,209.47305874999998,1730.219988625,0.04547270131073511,0.3870951249190986,677.9000000000015,5280.240000000005,104.60065967015908,1127.0362129955538
Honda,Regular,アコード,2011,3192,2.0 20TL,0,2.5913831775700937,DBA-CU1,5,レギュラー,13.2,53783435,12.532608,0.10684931506849316,80,5.934912859321834e-05,0.9389811007794501,1.752431745799008,14.162676666263257,261.8,2238.9,200.1744775,1632.042943865,0.02361229993582059,0.19915674432735164,497.22000000000025,4083.1099999999933,94.1417306504436,1005.0768190746676
Honda,Regular,アコード,2012,2267,2.0 20TL,0,2.5940769230769236,DBA-CU1,5,レギュラー,13.2,54171475,12.532608,0.10684931506849316,80,4.184859282491385e-05,0.9197618488328037,1.6869179114451391,14.701337456589082,280.6,2415.2999999999997,193.24834875,1718.762966375,0.02694724629659051,0.2025682683883696,759.8599999999988,5575.629999999997,126.08492259241575,1063.7395018678144
Honda,Regular,アコード,2013,11394,2.0 20TL,0,2.583335403726709,DBA-CU1,5,レギュラー,13.2,54594744,12.532608,0.10684931506849316,80,0.00020870140905871818,0.9195631909181587,1.235391349367109,14.50806214016905,288.90000000000003,2512.8,164.744420625,1713.8958235,0.014903020769881814,0.1984426715368519,1120.5299999999997,7280.179999999993,144.5150300255009,1016.3393053962136
Honda,Regular,アコード,2014,7587,2.0 20TL,0,2.5156270161290326,DBA-CU1,5,レギュラー,13.2,55952365,12.532608,0.10684931506849316,80,0.00013559748546821925,0.9188134228106355,1.2879813322275169,15.059950805814319,293.3,2618.1,168.70832825,1761.11582525,0.012575666082720927,0.22668706161397756,1209.7300000000005,8208.75,126.17711286926988,1019.3256356039128
Honda,Regular,アコード,2015,3108,2.0 20TL,0,2.4955020000000006,DBA-CU1,5,レギュラー,13.2,56412140,12.532608,0.10684931506849316,80,5.509452398012201e-05,0.9279170405519096,1.7678679991617892,14.401607478347037,389.40000000000003,2616.8,207.863754,1704.28146825,0.016245285010908272,0.222346384594291,1533.3999999999996,9855.419999999984,161.80670521187585,1052.7216697690383
Honda,Regular,アコード,2016,4270,2.0 ハイブリッド LX,0,3.85,DAA-CR7,5,レギュラー,31.6,56950757,13.402186250000002,0.09177215189873418,80,7.497705429973476e-05,0.9300480413280547,1.7599274709774442,14.86112043070704,345.0,2799.5,189.389052125,1771.608662625,0.02918680695375009,0.2318690520941029,2638.5200000000004,32974.649999999994,191.9788383023415,1388.5523967873814
Honda,Regular,インスパイア,2006,3171,3.0 30TE,1,2.91375,DBA-UC1,5,レギュラー,11.4,51102005,12.7241205,0.16233766233766234,93,6.20523597851004e-05,0.9152275336359111,2.062569407745378,14.099400957251396,314.20000000000005,2088.8,222.262358375,1628.3363788749998,0.10042322372639001,0.7238219793896432,918.4399999999996,4387.7599999999875,146.5118686770811,1158.745366534502
Honda,Regular,インスパイア,2007,1646,3.0 30TE,1,2.91375,DBA-UC1,5,レギュラー,11.4,51713048,12.7241205,0.16233766233766234,93,3.1829491079311354e-05,0.9201741889203668,1.9983054272118812,14.205398367902701,279.20000000000005,2126.8,216.563151,1642.982649625,0.09093472308039996,0.7290316392325265,485.6399999999985,4603.959999999992,122.7994578388525,1183.136181832735
Honda,Regular,インスパイア,2008,5779,3.5 35TL,1,3.3435091277890474,DBA-CP3,5,レギュラー,9.8,52324877,13.443592500000001,0.175,93,0.00011044459789174469,0.9235641012591391,1.9715147188067903,14.227265770257189,283.9,2154.9,218.78162825,1640.04614775,0.12447046507805737,1.0335587615025545,791.6100000000006,6499.389999999992,159.12042004053728,1597.1916411479178
Honda,Regular,インスパイア,2009,1334,3.5 35TL,1,3.391666666666667,DBA-CP3,5,レギュラー,9.8,52877802,13.443592500000001,0.175,93,2.522797751691721e-05,0.9291896626111653,1.9250748564477693,14.597018531356941,267.59999999999997,2173.7999999999997,210.69369300000002,1688.050365,0.11076272987882596,1.0237764682476191,848.8600000000006,6502.2400000000125,135.33725461379618,1503.1335546178234
Honda,Regular,インスパイア,2010,1076,3.5,1,3.809658031088083,DBA-CP3,5,レギュラー,9.6,53362801,13.49802,0.175,93,2.016385908978054e-05,0.9249569564386247,1.9081702186415563,15.060461341736314,273.2,2286.7999999999997,208.50764675,1730.219988625,0.11300846662263841,1.0391894982222238,950.5400000000018,7572.720000000008,153.42212230924088,1580.9583101278258
Honda,Regular,インスパイア,2011,989,3.5,1,3.817570093457944,DBA-CP3,5,レギュラー,9.6,53783435,13.49802,0.175,93,1.838856145949027e-05,0.9389811007794501,1.684281060867501,14.162676666263257,265.4,2238.9,199.2090655,1632.042943865,0.11593777402831273,0.9963323032426601,999.7800000000016,8547.830000000002,135.78683649423874,1422.3889847299943
Honda,Regular,インスパイア,2012,627,3.5,1,3.821538461538462,DBA-CP3,5,レギュラー,9.6,54171475,13.49802,0.175,93,1.1574357168602111e-05,0.9197618488328037,1.6187672265136324,14.701337456589082,284.2,2415.2999999999997,192.28293675,1718.762966375,0.12820234575649336,1.0607811907765319,1397.7800000000007,10735.869999999995,181.10316405380127,1489.5225312514376
Honda,Regular,インテグラ,2006,1842,2.0 タイプS,0,2.158333333333333,ABA-DC5,4,レギュラー,13.8,51102005,10.551954375,0.13008130081300814,94,3.604555242010563e-05,0.9152275336359111,2.0948257692700323,14.099400957251396,311.8,2088.8,224.43452449999998,1628.3363788749998,0.04587822971600153,0.27515119045038716,625.6400000000012,3070.6399999999994,105.62167847247747,952.2114143622093
Honda,Regular,インテグラ,2007,88,2.0 タイプS,0,2.158333333333333,ABA-DC5,4,レギュラー,13.8,51713048,10.551954375,0.13008130081300814,94,1.7016981865002426e-06,0.9201741889203668,2.0305617887365357,14.205398367902701,276.8,2126.8,218.735317125,1642.982649625,0.04167625648386042,0.2777666600985098,300.3600000000006,3164.919999999991,107.70951860203695,989.6709946554693
Honda,Regular,ヴェゼル,2014,96029,1.5 G,0,1.8831955645161293,DBA-RU1,5,レギュラー,20.6,55952365,12.20145075,0.11101694915254237,258,0.0017162634680410738,0.9188134228106355,1.2838136981434676,15.059950805814319,285.9,2618.1,169.0394855,1761.11582525,0.015477168484939352,0.23826435019748615,675.4500000000025,7228.990000000005,115.16180690940564,948.9178884212015
Honda,Regular,ヴェゼル,2015,71021,1.5 G,0,1.9290690000000001,DBA-RU1,5,レギュラー,20.6,56412140,12.20145075,0.11101694915254237,258,0.0012589665983244033,0.9279170405519096,1.76370036507774,14.401607478347037,382.0,2616.8,208.19491125000002,1704.28146825,0.018778750828062796,0.23396322014772553,577.3199999999997,7394.1799999999785,143.96115397195626,993.8168811089781
Honda,Regular,ヴェゼル,2016,73889,1.5 G,0,1.92,DBA-RU1,5,レギュラー,20.6,56950757,12.20145075,0.11101694915254237,258,0.0012974191019093917,0.9300480413280547,1.740682673723636,14.86112043070704,356.0,2799.5,190.589787625,1771.608662625,0.028163071749588875,0.24916845817442557,588.119999999999,7859.449999999997,125.59859056374717,1000.7966463030607
Honda,Regular,エディックス,2006,7991,2.0 20X,1,2.072,DBA-BE3,6,レギュラー,13.0,51102005,12.383435750000002,0.10833333333333334,107,0.0001563735121547579,0.9152275336359111,2.116573736749707,14.099400957251396,312.6,2088.8,222.603043125,1628.3363788749998,0.03376693501497341,0.14177296319936472,696.3599999999988,3325.3599999999933,126.99549628791374,1036.5024513638928
Honda,Regular,エディックス,2007,3836,2.0 20X,1,2.050416666666667,DBA-BE3,6,レギュラー,13.0,51713048,12.383435750000002,0.10909090909090909,107,7.417857094789695e-05,0.9201741889203668,2.0515521804586347,14.205398367902701,277.6,2126.8,216.90383575,1642.982649625,0.03197537862797656,0.14617424835611637,336.5199999999995,3458.9999999999927,107.9535808943283,1062.3190273157743
Honda,Regular,エディックス,2008,1595,2.0 20X,1,2.0213032454361057,DBA-BE3,6,レギュラー,13.0,52324877,12.383435750000002,0.10909090909090909,107,3.0482632572647997e-05,0.9235641012591391,2.0374238097158814,14.227265770257189,280.7,2154.9,219.84178500000002,1640.04614775,0.03293666148275409,0.19396590229265476,371.1300000000001,3287.229999999996,103.89672400367908,1104.402370751901
Honda,Regular,エディックス,2009,488,2.0 20X,1,2.050416666666667,DBA-BE3,6,レギュラー,13.0,52877802,12.383435750000002,0.10909090909090909,107,9.228825358512443e-06,0.9291896626111653,1.9909839473568602,14.597018531356941,264.4,2173.7999999999997,211.75384975000003,1688.050365,0.03183148161718896,0.19547539862070318,459.7400000000007,3315.040000000008,90.34529861091505,1057.3668774505568
Honda,Regular,エリシオン,2006,19474,2.4 M,0,2.8058333333333336,DBA-RR1,8,レギュラー,10.2,51102005,15.854388000000002,0.0898876404494382,110,0.00038108093801798973,0.9152275336359111,2.1350194296336023,14.099400957251396,315.40000000000003,2088.8,219.132090875,1628.3363788749998,0.03906405271847446,0.13540886140979413,1155.5599999999995,5668.399999999994,553.9966966298816,3846.4946700817163
Honda,Regular,エリシオン,2007,19111,2.4 MX,0,2.8818888888888887,DBA-RR1,8,レギュラー,10.2,51713048,15.854388000000002,0.08888888888888889,110,0.0003695585686614334,0.9201741889203668,2.0717542006606546,14.205398367902701,280.40000000000003,2126.8,213.4328835,1642.982649625,0.03928225174925187,0.14018891560328184,664.6800000000003,5949.87999999999,476.5059966790759,3868.6503710861216
Honda,Regular,エリシオン,2008,11758,2.4 MX,0,2.840969574036511,DBA-RR1,8,レギュラー,10.2,52324877,15.854388000000002,0.08888888888888889,110,0.00022471146946031044,0.9235641012591391,2.0576258299179013,14.227265770257189,283.5,2154.9,216.37083275,1640.04614775,0.03967269134169599,0.18886410094808204,716.6499999999996,5935.469999999994,452.0541766690794,3931.1186301025737
Honda,Regular,エリシオン,2009,5914,2.4 LX,0,3.0525,DBA-RR1,8,レギュラー,9.9,52877802,15.854388000000002,0.08791208791208792,110,0.00011184277288984138,0.9291896626111653,2.0121627685356813,14.597018531356941,267.5,2173.7999999999997,208.28289750000002,1688.050365,0.0415121676517326,0.20044387601270586,830.8100000000004,6357.070000000007,396.63628750383305,3746.866720814811
Honda,Regular,エリシオン,2010,4002,2.4 プレステージ S,0,3.314816580310881,DBA-RR1,7,レギュラー,9.9,53362801,16.248545999999997,0.08791208791208792,110,7.499606326886776e-05,0.9249569564386247,1.9952581307294686,15.060461341736314,272.90000000000003,2286.7999999999997,205.75712074999998,1730.219988625,0.04081352517325404,0.2049915802477491,892.0100000000002,7083.990000000005,486.71276590342404,4417.552363513401
Honda,Regular,エリシオン,2011,2825,2.4 プレステージ S,0,3.3217009345794395,DBA-RR1,7,レギュラー,9.9,53783435,16.248545999999997,0.08791208791208792,110,5.252546625183014e-05,0.9389811007794501,1.7713689729554132,14.162676666263257,265.1,2238.9,196.4585395,1632.042943865,0.027643218798538594,0.21183018267567766,940.0799999999999,8035.189999999995,438.41075587718024,4062.6917378032085
Honda,Regular,エリシオン,2012,1700,2.4 プレステージ S,0,3.4684615384615385,DBA-RR1,7,レギュラー,9.9,54171475,16.248545999999997,0.08648648648648649,110,3.138182964373778e-05,0.9197618488328037,1.707280740027146,14.701337456589082,283.90000000000003,2415.2999999999997,189.53241075,1718.762966375,0.029136047250707342,0.21469719340937665,1326.7999999999984,10158.340000000004,521.828077849188,4225.504853411992
Honda,Regular,エリシオン,2013,714,2.4 プレステージ S,0,3.454099378881988,DBA-RR1,7,レギュラー,9.9,54594744,16.248545999999997,0.08648648648648649,110,1.3078182031588974e-05,0.9195631909181587,1.2557541779491157,14.50806214016905,292.20000000000005,2512.8,161.028482625,1713.8958235,0.006576833328021031,0.20663719606889908,1894.7099999999973,12582.619999999995,538.1978769552825,4107.327675429224
Honda,Regular,エリシオン,2014,14,2.4 プレステージ S,0,3.363568548387097,DBA-RR1,7,レギュラー,9.9,55952365,16.248545999999997,0.08648648648648649,110,2.5021283729472383e-07,0.9188134228106355,1.3083441608095234,15.059950805814319,296.6,2618.1,164.99239025,1761.11582525,0.006391240253094538,0.24554702337831236,2012.949999999999,13977.480000000003,490.40068985459675,4080.2277594085026
Honda,Regular,オデッセイ,2006,44986,2.4 B,0,2.3207222222222224,DBA-RB1,7,レギュラー,11.6,51102005,13.308300000000001,0.1,113,0.000880317709647596,0.9152275336359111,2.12490707008304,14.099400957251396,314.0,2088.8,221.678178875,1628.3363788749998,0.034390386183024035,0.12676297915355494,884.7999999999993,4214.639999999992,191.3230354262405,1446.1592236215583
Honda,Regular,オデッセイ,2007,31791,2.4 B,0,2.3207222222222224,DBA-RB1,7,レギュラー,11.6,51713048,13.308300000000001,0.1,113,0.0006147578073526048,0.9201741889203668,2.0606430895495436,14.205398367902701,279.0,2126.8,215.9789715,1642.982649625,0.03324326951234846,0.12883438397087676,461.3999999999987,4420.239999999998,159.06173842597946,1468.645543064078
Honda,Regular,オデッセイ,2008,28982,2.4 M,0,2.624148073022313,DBA-RB3,7,レギュラー,12.4,52324877,13.3488,0.108125,113,0.0005538856785081406,0.9235641012591391,2.0383897188067905,14.227265770257189,281.3,2154.9,218.87642075,1640.04614775,0.03288712121846554,0.19102782389945316,418.7699999999995,3663.3099999999977,152.35248119530206,1539.8606994909496
Honda,Regular,オデッセイ,2009,23027,2.4 M,0,2.7236111111111114,DBA-RB3,7,レギュラー,12.4,52877802,13.3488,0.108125,113,0.0004354757408411189,0.9291896626111653,1.9919498564477693,14.597018531356941,265.0,2173.7999999999997,210.7884855,1688.050365,0.03190203880371506,0.1928319936916103,503.0600000000004,3683.320000000007,129.57568243024525,1449.8240567560788
Honda,Regular,オデッセイ,2010,16801,2.4 M,0,2.7433678756476683,DBA-RB3,7,レギュラー,12.4,53362801,13.3488,0.108125,113,0.0003148447923488874,0.9249569564386247,1.9750452186415564,15.060461341736314,270.40000000000003,2286.7999999999997,208.65686674999998,1730.219988625,0.031886780240946544,0.19449456205445603,537.2600000000002,4068.2400000000125,143.56192636651122,1492.4067089926612
Honda,Regular,オデッセイ,2011,10289,2.4 M,0,2.8216822429906547,DBA-RB3,7,レギュラー,12.4,53783435,13.3488,0.108125,113,0.000191304255669055,0.9389811007794501,1.751156060867501,14.162676666263257,262.6,2238.9,199.3582855,1632.042943865,0.023804897169341088,0.20196452610537152,568.5800000000008,4757.190000000002,127.15765444365843,1340.592168680254
Honda,Regular,オデッセイ,2012,7898,2.4 M,0,2.8246153846153845,DBA-RB3,7,レギュラー,12.4,54171475,13.3488,0.108125,113,0.00014579628854484764,0.9197618488328037,1.6856422265136324,14.701337456589082,281.40000000000003,2415.2999999999997,192.43215675,1718.762966375,0.02730699355269184,0.20592140372032208,861.2999999999993,6388.590000000004,170.40694813907157,1405.5638613567862
Honda,Regular,オデッセイ,2013,14826,2.4 G,0,2.781894409937889,DBA-RC1,8,レギュラー,13.8,54594744,14.736330000000002,0.10174418604651163,113,0.00027156460336181815,0.9195631909181587,1.2404964783890906,14.50806214016905,288.3,2512.8,162.540698625,1713.8958235,0.011569296529446549,0.18896901272766486,1017.21,6662.419999999984,324.66699127019274,2356.226912397011
Honda,Regular,オデッセイ,2014,32749,2.4 G,0,2.7865252016129034,DBA-RC1,8,レギュラー,13.8,55952365,14.736330000000002,0.10174418604651163,113,0.0005853014434689222,0.9188134228106355,1.2930864612494983,15.059950805814319,292.7,2618.1,166.50460625,1761.11582525,0.009778899137818098,0.2196536382835501,1101.130000000001,7513.2300000000105,288.858373235601,2331.373204973388
Honda,Regular,オデッセイ,2015,15834,2.4 G,0,2.7572400000000004,DBA-RC1,8,レギュラー,13.8,56412140,14.736330000000002,0.10174418604651163,113,0.00028068426406089187,0.9279170405519096,1.7729731281837708,14.401607478347037,388.8,2616.8,205.660032,1704.28146825,0.014088697821905916,0.2149804864269349,1374.2799999999988,9064.259999999995,392.28525363786866,2254.7045333686037
Honda,Regular,オデッセイ,2016,30858,2.4 G,0,2.76,DBA-RC1,8,レギュラー,13.8,56950757,14.736330000000002,0.10174418604651163,113,0.0005418365202766313,0.9300480413280547,1.7499554368296668,14.86112043070704,362.8,2799.5,188.054908375,1771.608662625,0.02699191075482532,0.226870332327183,1499.319999999998,10610.729999999996,326.6083724426053,2330.055811384227
Honda,Regular,クロスロード,2007,18026,1.8 18L,0,1.9856666666666667,DBA-RT1,7,レギュラー,13.8,51713048,12.55869225,0.09929078014184398,129,0.00034857740352106105,0.9201741889203668,2.0613523094076998,14.205398367902701,276.8,2126.8,216.72857925,1642.982649625,0.03348119190686066,0.1284894432724637,300.3600000000006,3164.919999999991,115.01081261568925,1120.2664079434035
Honda,Regular,クロスロード,2008,8851,1.8 18L,0,1.9574726166328602,DBA-RT1,7,レギュラー,13.8,52324877,12.55869225,0.09929078014184398,129,0.00016915472156771625,0.9235641012591391,2.0472239386649465,14.227265770257189,279.9,2154.9,219.6665285,1640.04614775,0.03416555505139984,0.17670970393471164,330.0100000000011,2948.189999999995,109.9241663195744,1163.3790334612495
Honda,Regular,クロスロード,2009,3822,1.8 18L,0,1.9856666666666667,DBA-RT1,7,レギュラー,13.8,52877802,12.55869225,0.09929078014184398,129,7.227985762343148e-05,0.9291896626111653,2.0007840763059255,14.597018531356941,263.59999999999997,2173.7999999999997,211.57859325,1688.050365,0.03419230933194911,0.18138211488865164,423.2600000000011,2988.6400000000067,94.83639731926178,1108.2599780706223
Honda,Regular,クロスロード,2010,2379,1.8 18L,0,2.0000704663212434,DBA-RT1,7,レギュラー,13.8,53362801,12.55869225,0.09929078014184398,129,4.458161782024898e-05,0.9249569564386247,1.9838794384997125,15.060461341736314,269.0,2286.7999999999997,209.44697449999998,1730.219988625,0.03387837219517542,0.1839035681933474,442.34000000000106,3203.8800000000047,105.45422426668756,1135.6008815494351
Honda,Regular,クロスロード,2011,19,1.8 18L,0,2.0042242990654207,DBA-RT1,7,レギュラー,13.8,53783435,12.55869225,0.09929078014184398,129,3.532686225786806e-07,0.9389811007794501,1.759990280725657,14.162676666263257,261.2,2238.9,200.14839325,1632.042943865,0.023673073640127107,0.19200228726185475,458.8200000000015,3696.8299999999945,94.82590053436616,1012.8728470511924
Honda,Regular,ジェイド,2015,12656,1.5 RS,0,2.5274700000000005,DBA-FR5,6,レギュラー,18.0,56412140,12.628237500000001,0.09933774834437085,146,0.00022434887242355988,0.9279170405519096,1.7753795658859115,14.401607478347037,384.6,2616.8,207.7681245,1704.28146825,0.013433655710793191,0.21412941236163396,663.6399999999994,6449.339999999982,167.77629890696335,1075.6497662706315
Honda,Regular,ジェイド,2016,6503,1.5 RS,0,2.53,DBA-FR5,6,レギュラー,18.0,56950757,12.628237500000001,0.09933774834437085,146,0.00011418636630238295,0.9300480413280547,1.7523618745318075,14.86112043070704,358.6,2799.5,190.163000875,1771.608662625,0.0271938696594064,0.22532748995941887,739.9599999999991,7262.489999999991,143.24703858581688,1088.7427142272572
Honda,Regular,シビック,2006,15604,2.0,0,2.2816666666666667,LA-EP3,4,ハイオク,12.4,51102005,10.022619749999999,0.18067226890756302,139,0.00030535005426890786,0.9152275336359111,2.0442348011754774,14.099400957251396,313.20000000000005,2088.8,224.963859125,1628.3363788749998,0.1509056270752116,1.1124171485534564,767.0399999999981,3637.3599999999933,125.68711376439114,1107.8009023587401
Honda,Regular,シビック,2007,14077,2.0,0,2.91375,ABA-FD2,4,ハイオク,11.0,51713048,11.491194,0.17716535433070865,139,0.0002722136974018627,0.9201741889203668,1.983477735218835,14.205398367902701,279.6,2126.8,217.7960775,1642.982649625,0.1275409458402842,1.037701789427917,538.9199999999992,5006.19999999999,91.07410507125769,905.412949190264
Honda,Regular,シビック,2008,12076,2.0,0,2.872378296146045,ABA-FD2,4,ハイオク,11.0,52324877,11.491194,0.17716535433070865,139,0.00023078888460645593,0.9235641012591391,1.9693493644760818,14.227265770257189,282.7,2154.9,220.73402675,1640.04614775,0.13042579069597204,1.0825162207962205,585.9300000000003,4946.8299999999945,92.25997014107088,942.25615348274
Honda,Regular,シビック,2009,7736,2.0,0,2.91375,ABA-FD2,4,ハイオク,11.0,52877802,11.491194,0.17857142857142858,139,0.00014629957576527103,0.9291896626111653,1.9215034278763408,14.597018531356941,266.4,2173.7999999999997,212.6460915,1688.050365,0.11975454212868886,1.1051370501664985,657.340000000001,4954.2400000000125,85.57769917435508,938.2795109369545
Honda,Regular,シビック,2010,6975,2.0,0,2.9348860103626944,ABA-FD2,4,ハイオク,11.0,53362801,11.491194,0.17857142857142858,139,0.00013070903080968332,0.9249569564386247,1.9045987900701278,15.060461341736314,271.8,2286.7999999999997,210.51447274999998,1730.219988625,0.12212102628540278,1.1222907947608416,706.6600000000008,5524.520000000011,91.644527551196,952.959567323167
Honda,Regular,シビック,2011,748,2.0,0,2.9409813084112155,ABA-FD2,4,ハイオク,11.0,53783435,11.491194,0.17857142857142858,139,1.3907627878360689e-05,0.9389811007794501,1.6807096322960724,14.162676666263257,264.0,2238.9,201.2158915,1632.042943865,0.12538678685885107,1.0744815515448618,748.9000000000005,6374.189999999995,86.8369768797329,851.6827892431393
Honda,Regular,シビック,2012,20,2.0,0,2.944038461538462,ABA-FD2,4,ハイオク,11.0,54171475,11.491194,0.17857142857142858,139,3.6919799580867975e-07,0.9197618488328037,1.6151957979422038,14.701337456589082,282.8,2415.2999999999997,194.28976275,1718.762966375,0.13811931454670223,1.1439221477192634,1094.2599999999993,8270.190000000002,104.35423392960001,915.8372969285483
Honda,Regular,シビック,2016,22,2.0,0,4.28,DBA-FK2,4,ハイオク,13.0,56950757,12.049672,0.2246376811594203,139,3.862986404201791e-07,0.9300480413280547,1.6270619417167582,14.86112043070704,363.6,2799.5,190.74156637500002,1771.608662625,0.293851984889264,2.6308417390448424,1715.9599999999991,11852.48999999999,120.90290015911796,982.780173247018
Honda,Regular,ステップワゴン,2006,78216,2.0 B,0,2.050416666666667,DBA-RG1,8,レギュラー,13.2,51102005,13.8906945,0.10333333333333333,155,0.0015305857372915211,0.9152275336359111,2.1215737367497067,14.099400957251396,312.40000000000003,2088.8,221.095784375,1628.3363788749998,0.03379100571580379,0.1303669727718786,676.1599999999999,3244.399999999994,250.2648105328426,1830.5293727436874
Honda,Regular,ステップワゴン,2007,55800,2.0 B,0,2.061722222222222,DBA-RG1,8,レギュラー,12.6,51713048,13.920696,0.10197368421052631,155,0.0010790313500762903,0.9201741889203668,2.0586694053390175,14.205398367902701,278.0,2126.8,215.3665755,1642.982649625,0.0326870606408578,0.1305621224078255,364.1999999999998,3675.639999999992,211.73108727927138,1874.198131654899
Honda,Regular,ステップワゴン,2008,44441,2.0 B,0,2.032448275862069,DBA-RG1,8,レギュラー,13.2,52324877,13.8906945,0.10333333333333333,155,0.0008493283223580248,0.9235641012591391,2.043181385473457,14.227265770257189,280.5,2154.9,218.33452625,1640.04614775,0.03319313032925292,0.1804529663505292,358.4499999999998,3185.0699999999924,195.88798647048498,1902.7319016550173
Honda,Regular,ステップワゴン,2009,43020,2.0 G,0,2.1460000000000004,DBA-RK1,8,レギュラー,14.2,52877802,14.428433250000001,0.0949367088607595,155,0.0008135739076295191,0.9291896626111653,2.00513814758701,14.597018531356941,263.2,2173.7999999999997,209.70885225,1688.050365,0.0364121342677185,0.18418002445841264,414.1400000000003,2896.0000000000073,215.39881803356548,2213.289470925527
Honda,Regular,ステップワゴン,2010,80934,2.0 G,0,2.1615668393782386,DBA-RK1,8,レギュラー,14.2,53362801,14.428433250000001,0.0949367088607595,155,0.0015166745088961878,0.9249569564386247,1.9882335097807968,15.060461341736314,268.6,2286.7999999999997,207.57723349999998,1730.219988625,0.035950989134966416,0.18735448249785103,428.89999999999964,3065.6400000000212,233.98779492747872,2284.773565989861
Honda,Regular,ステップワゴン,2011,48797,2.0 G,0,2.1660560747663555,DBA-RK1,8,レギュラー,14.2,53783435,14.428433250000001,0.0949367088607595,155,0.0009072867882090462,0.9389811007794501,1.7643443520067414,14.162676666263257,260.8,2238.9,198.27865225,1632.042943865,0.024641712207761124,0.19524628760897844,440.41999999999916,3496.1099999999933,207.67241338557415,2075.0464080093734
Honda,Regular,ステップワゴン,2012,63707,2.0 G,0,2.2721538461538464,DBA-RK1,8,レギュラー,15.0,54171475,14.428433250000001,0.09375,155,0.001176024835949178,0.9197618488328037,1.7000172265136324,14.701337456589082,278.8,2415.2999999999997,191.3525235,1718.762966375,0.026642645064958725,0.19619383997225803,615.8600000000006,4443.790000000008,265.87706486554816,2162.6910334687564
Honda,Regular,ステップワゴン,2013,62206,2.0 G,0,2.2627453416149073,DBA-RK1,8,レギュラー,15.0,54594744,14.428433250000001,0.09375,155,0.0011394137135252434,0.9195631909181587,1.2484906644356022,14.50806214016905,287.1,2512.8,162.848595375,1713.8958235,0.008024469402554968,0.18963240822184924,845.1299999999992,5746.579999999987,290.1572600896707,2082.6319189446804
Honda,Regular,ステップワゴン,2014,42743,2.0 G,0,2.2034395161290323,DBA-RK1,8,レギュラー,15.0,55952365,14.428433250000001,0.09375,155,0.0007639176646063129,0.9188134228106355,1.30108064729601,15.059950805814319,291.5,2618.1,166.812503,1761.11582525,0.007074900225264441,0.22445238443519155,918.4899999999998,6448.350000000006,256.78959060515444,2059.9167742111167
Honda,Regular,ステップワゴン,2015,53699,1.5 B,0,2.285712,DBA-RP1,7,レギュラー,17.0,56412140,14.627172000000003,0.09202453987730061,155,0.0009519050332073912,0.9279170405519096,1.782692774352982,14.401607478347037,385.6,2616.8,205.76919,1704.28146825,0.012864606652364108,0.22184984341917735,768.8399999999983,6607.939999999973,376.2960827779398,2162.0135794502494
Honda,Regular,ステップワゴン,2016,52472,1.5 B,0,2.2880000000000003,DBA-RP1,7,レギュラー,17.0,56950757,14.627172000000003,0.09202453987730061,155,0.0009213573754603473,0.9300480413280547,1.7596750829988779,14.86112043070704,359.6,2799.5,188.164066375,1771.608662625,0.02908709886337213,0.23137211520581324,863.159999999998,7576.489999999991,313.18624371599344,2232.8318943251506
Honda,Regular,フィット,2006,101793,1.3 Y,0,1.1552222222222224,DBA-GD1,5,レギュラー,24.0,51102005,9.821571875,0.08686868686868687,205,0.0019919570670465865,0.9152275336359111,2.1380383832143535,14.099400957251396,301.6,2088.8,225.164907,1628.3363788749998,0.04129183295777911,0.1436985782145186,2080.159999999998,15979.759999999995,136.39189452421215,1188.0409516237014
Honda,Regular,フィット,2007,116561,1.3 G,0,1.23025,DBA-GE6,5,レギュラー,24.0,51713048,10.0810125,0.09900990099009901,205,0.0022539959354165315,0.9201741889203668,2.0616331885594446,14.205398367902701,266.6,2126.8,219.206259,1642.982649625,0.03358098056115755,0.12839315732953116,2083.319999999998,15684.39999999998,129.33291157121675,1128.215078365014
Honda,Regular,フィット,2008,174910,1.3 G,0,1.2127819472616634,DBA-GE6,5,レギュラー,24.0,52324877,10.0810125,0.09900990099009901,205,0.0033427694440638627,0.9235641012591391,2.0475048178166912,14.227265770257189,269.7,2154.9,222.14420825000002,1640.04614775,0.03425740697611718,0.17662570218662754,2049.7300000000014,14894.429999999993,138.80486000160727,1156.776281419814
Honda,Regular,フィット,2009,157324,1.3 G,0,1.23025,DBA-GE6,5,レギュラー,24.0,52877802,10.0810125,0.09900990099009901,205,0.002975237132587319,0.9291896626111653,2.0010649554576703,14.597018531356941,253.39999999999998,2173.7999999999997,214.05627300000003,1688.050365,0.034313771805480175,0.1813944277701398,2089.9400000000005,15320.440000000002,139.73240222987715,1227.3475040089324
Honda,Regular,フィット,2010,185433,1.3 G,0,1.2733367875647668,DBA-GE6,5,レギュラー,20.6,53362801,10.0810125,0.09801980198019802,205,0.003474948775646166,0.9249569564386247,1.9851504166613583,15.060461341736314,262.2,2286.7999999999997,211.92465425,1730.219988625,0.034408928527108196,0.1843192095509143,1040.7400000000034,7425.3200000000215,139.78729195411051,1239.2783005090896
Honda,Regular,フィット,2011,207881,1.3 G,0,1.275981308411215,DBA-GE6,5,レギュラー,20.6,53783435,10.0810125,0.09801980198019802,205,0.003865149185804142,0.9389811007794501,1.761261258887303,14.162676666263257,254.4,2238.9,202.62607300000002,1632.042943865,0.023885290952678384,0.19239279615509686,929.380000000001,6464.430000000008,139.17509329313407,1134.893156622944
Honda,Regular,フィット,2012,209275,1.3 G,0,1.2773076923076925,DBA-GE6,5,レギュラー,21.0,54171475,10.0810125,0.09705882352941177,205,0.0038631955286430727,0.9197618488328037,1.6967084029842205,14.701337456589082,272.8,2415.2999999999997,195.69994425,1718.762966375,0.026136475702649653,0.1929771334039998,978.2600000000002,7644.190000000002,137.15815308326592,1230.6845215113572
Honda,Regular,フィット,2013,181414,1.3 13G,0,1.3082142857142858,DBA-GK3,5,レギュラー,26.0,54594744,10.223180625,0.10309278350515463,205,0.003322920609353897,0.9195631909181587,1.2391478809304475,14.50806214016905,276.1,2512.8,167.05384800000002,1713.8958235,0.012368893696732441,0.19072184851641039,1414.9299999999985,17212.97999999998,122.4864167113501,1154.7546746116423
Honda,Regular,フィット,2014,202838,1.3 13G,0,1.310180443548387,DBA-GK3,5,レギュラー,26.0,55952365,10.223180625,0.10309278350515463,205,0.003625190820799085,0.9188134228106355,1.2917378637908552,15.059950805814319,280.5,2618.1,171.017755625,1761.11582525,0.010436650870632724,0.2207466506181306,1391.4899999999998,16951.150000000023,122.45721311741136,1218.184810626466
Honda,Regular,フィット,2015,119846,1.3 13G,0,1.2987,DBA-GK3,5,レギュラー,26.0,56412140,10.223180625,0.10309278350515463,205,0.002124471789228347,0.9279170405519096,1.7716245307251277,14.401607478347037,376.6,2616.8,210.173181375,1704.28146825,0.014557072142086125,0.2161917233387487,1262.0399999999972,15620.539999999979,128.72866491252353,1304.3882521406777
Honda,Regular,フィット,2016,105662,1.3 13G,0,1.3,DBA-GK3,5,レギュラー,26.0,56950757,10.223180625,0.10309278350515463,205,0.0018553221338216803,0.9300480413280547,1.7486068393710237,14.86112043070704,350.6,2799.5,192.56805775,1771.608662625,0.026969883041986498,0.22849962893890474,1050.359999999997,15622.48999999999,129.43467790237628,1311.5789019192162
Honda,Regular,レジェンド,2006,1886,3.5 4WD,0,5.395833333333334,DBA-KB1,5,ハイオク,8.6,51102005,13.23446175,0.17045454545454544,252,3.690657538779545e-05,0.9152275336359111,2.054452524628495,14.099400957251396,317.0,2088.8,221.75201712499998,1628.3363788749998,0.12103054696884352,0.8839135054251548,1565.8000000000002,8021.039999999994,184.86772354029927,1404.404805675178
Honda,Regular,レジェンド,2007,1292,3.5 4WD,0,5.395833333333334,DBA-KB1,5,ハイオク,8.6,51713048,13.23446175,0.17045454545454544,252,2.498402337452629e-05,0.9201741889203668,1.9901885440949982,14.205398367902701,282.0,2126.8,216.05280975,1642.982649625,0.10988405730722683,0.8901036635350001,993.0,8394.039999999994,153.72465861991077,1427.0941640423189
Honda,Regular,レジェンド,2008,538,3.7 4WD,0,5.62317444219067,DBA-KB2,5,ハイオク,8.3,52324877,13.382107875000003,0.1697802197802198,252,1.0281916190648666e-05,0.9235641012591391,1.9767344990265705,14.227265770257189,285.4,2154.9,218.843112875,1640.04614775,0.11088559579184176,0.9211320015507045,1129.71,9027.339999999997,154.68961870886505,1559.70850735384
Honda,Regular,レジェンド,2009,433,3.7 4WD,0,5.7041666666666675,DBA-KB2,5,ハイオク,8.3,52877802,13.382107875000003,0.1697802197802198,252,8.188691352942394e-06,0.9291896626111653,1.9302946366675495,14.597018531356941,269.09999999999997,2173.7999999999997,210.75517762500002,1688.050365,0.09849272581408863,0.911610410650205,1165.210000000001,9032.590000000004,131.56125407830132,1468.254727159976
Honda,Regular,レジェンド,2010,372,3.7 4WD,0,6.418445595854922,DBA-KB2,5,ハイオク,8.7,53362801,13.382107875000003,0.16702702702702701,252,6.971148309849777e-06,0.9249569564386247,1.9161431916145293,15.060461341736314,274.1,2286.7999999999997,208.623558875,1730.219988625,0.09441411371755815,0.8675699920791295,1146.6500000000015,9201.990000000005,145.68949739631353,1511.5896172441062
Honda,Regular,レジェンド,2011,360,3.7 4WD,0,6.431775700934581,DBA-KB2,5,ハイオク,8.7,53783435,13.382107875000003,0.16702702702702701,252,6.693510743596053e-06,0.9389811007794501,1.692254033840474,14.162676666263257,266.3,2238.9,199.324977625,1632.042943865,0.0965002689579969,0.8349395213759889,1198.3200000000006,10239.109999999993,129.014307699229,1358.302066757933
Honda,Regular,レジェンド,2012,239,3.7 4WD,0,6.43846153846154,DBA-KB2,5,ハイオク,8.7,54171475,13.382107875000003,0.16702702702702701,252,4.411916049913723e-06,0.9197618488328037,1.6267401994866053,14.701337456589082,285.1,2415.2999999999997,192.398848875,1718.762966375,0.10772016062485923,0.8888890590580072,1630.1599999999999,12629.379999999997,172.7249906559182,1423.7292882619076
Honda,Regular,レジェンド,2015,2790,3.5 4WD,0,6.793200000000001,DAA-KC2,5,ハイオク,16.8,56412140,13.972014,0.15858585858585858,252,4.9457439480225355e-05,0.9279170405519096,1.7161314556444238,14.401607478347037,385.8,2616.8,206.424348,1704.28146825,0.0969164654461977,0.7234088704043922,794.6800000000003,6674.459999999992,290.34525222057164,1678.2979581004547
Honda,Regular,レジェンド,2016,829,3.5 4WD,0,6.8,DAA-KC2,5,ハイオク,16.8,56950757,13.972014,0.15858585858585858,252,1.455643513219675e-05,0.9300480413280547,1.6931137642903198,14.86112043070704,359.8,2799.5,188.819224375,1771.608662625,0.08284121622994711,0.771845317668248,892.119999999999,7675.529999999984,241.64110899358548,1724.9142599916959
Honda,Regular,HR-V,2006,211,1.6 J,1,1.4707499999999998,ABA-GH3,5,レギュラー,14.8,51102005,10.9668195,0.08823529411764706,40,4.128996504148907e-06,0.9152275336359111,2.136671775965393,14.099400957251396,310.8,2088.8,224.019659375,1628.3363788749998,0.04023595046179457,0.13962085634839738,575.0400000000009,3011.439999999988,98.1214536923735,886.6754527779631
Honda,Regular,インサイト,2006,84,1.0,0,2.3525833333333335,AAA-ZE1,2,レギュラー,32.0,51102005,9.0490965,0.08235294117647059,92,1.6437711201351101e-06,0.9152275336359111,2.1425541289065695,14.099400957251396,293.6,2088.8,225.937382375,1628.3363788749998,0.04533866339702752,0.1609978918316317,6278.559999999998,47070.95999999999,193.31477208294973,1604.6342267739783
Honda,Regular,インサイト,2009,93283,1.3 G,0,1.9425,DAA-ZE2,5,レギュラー,26.0,52877802,10.60349625,0.07394957983193277,92,0.0017641240080289269,0.9291896626111653,2.0261252766158364,14.597018531356941,251.39999999999998,2173.7999999999997,213.53378925,1688.050365,0.05721688992477564,0.2758466123629355,2880.34,21325.240000000005,110.85529761770431,1052.0657299161394
Honda,Regular,インサイト,2010,38080,1.3 G,0,1.9565906735751295,DAA-ZE2,5,レギュラー,26.0,53362801,10.60349625,0.07394957983193277,92,0.0007136057194598912,0.9249569564386247,2.0092206388096234,15.060461341736314,256.8,2286.7999999999997,211.40217049999998,1730.219988625,0.05604618516237447,0.2842959851922293,2767.6600000000017,20725.520000000004,113.13765965807852,1063.1599190353809
Honda,Regular,インサイト,2011,13127,1.3 G,0,2.0021495327102805,DAA-ZE2,5,レギュラー,27.2,53783435,10.60349625,0.07394957983193277,92,0.00024407143203107053,0.9389811007794501,1.7853314810355683,14.162676666263257,247.8,2238.9,202.10358925,1632.042943865,0.03888376528244342,0.28640388964278296,2978.0200000000004,21709.109999999986,111.43485650085404,964.1007188820076
Honda,Regular,インサイト,2012,8905,1.3 G,0,2.0042307692307695,DAA-ZE2,5,レギュラー,27.2,54171475,10.60349625,0.07394957983193277,92,0.00016438540763381466,0.9197618488328037,1.7198176466816997,14.701337456589082,266.6,2415.2999999999997,195.1774605,1718.762966375,0.03790793603406495,0.2836213580588658,2714.2599999999984,22221.630000000005,116.65549573555018,1044.9237165384548
Honda,Regular,インサイト,2013,3880,1.3 G,0,1.995931677018634,DAA-ZE2,5,レギュラー,27.2,54594744,10.60349625,0.07394957983193277,92,7.106911244056754e-05,0.9195631909181587,1.2682910846036695,14.50806214016905,274.90000000000003,2512.8,166.673532375,1713.8958235,0.008049973364646662,0.2727265835046717,1711.329999999998,20630.579999999987,114.3753389502499,1023.3771256065738
Honda,Regular,インサイト,2014,1091,1.3 G,0,1.9436189516129034,DAA-ZE2,5,レギュラー,27.2,55952365,10.60349625,0.07394957983193277,92,1.9498728963467408e-05,0.9188134228106355,1.3208810674640772,15.059950805814319,279.3,2618.1,170.63744,1761.11582525,0.009183011701891175,0.31944024822151285,1677.33,20307.54999999999,111.33106334462309,1074.6523845624688
Honda,Regular,インサイト,2015,56,1.3 G,0,1.9280700000000002,DAA-ZE2,5,レギュラー,27.2,56412140,10.60349625,0.07394957983193277,92,9.926941257679641e-07,0.9279170405519096,1.8007677343983497,14.401607478347037,375.40000000000003,2616.8,209.79286575,1704.28146825,0.020635976108317577,0.30747034350468727,1572.5999999999985,18597.01999999996,119.50251723678412,1156.5615502902
Honda,Regular,エアウェイブ,2006,32253,1.5 G,0,1.540638888888889,DBA-GJ1,5,レギュラー,18.0,51102005,11.09674125,0.09482758620689655,100,0.0006311494040204489,0.9152275336359111,2.130079483876144,14.099400957251396,307.6,2088.8,223.88973762499998,1628.3363788749998,0.03624435944072013,0.12750589036412174,695.3599999999988,4757.360000000001,97.25900947011542,876.3440739512298
Honda,Regular,エアウェイブ,2007,21175,1.5 M,0,1.5755833333333336,DBA-GJ1,5,レギュラー,18.0,51713048,11.09674125,0.09482758620689655,100,0.0004094711261266209,0.9201741889203668,2.0658155033426473,14.205398367902701,272.6,2126.8,218.19053025,1642.982649625,0.03544017186559578,0.12966609122504247,530.5199999999986,4665.999999999985,93.762631113912,909.6393873372581
Honda,Regular,エアウェイブ,2008,15648,1.5 M,0,1.574488843813388,DBA-GJ1,5,レギュラー,18.0,52324877,11.2810725,0.09482758620689655,100,0.00029905469247448014,0.9235641012591391,2.051687132599894,14.227265770257189,275.7,2154.9,220.94414825,1640.04614775,0.035998419692915506,0.17808154880241345,534.130000000001,4213.229999999996,94.15213767711793,937.6573614215813
Honda,Regular,エアウェイブ,2009,7052,1.5 M,0,1.5971666666666666,DBA-GJ1,5,レギュラー,18.0,52877802,11.2810725,0.09482758620689655,100,0.0001333640910414544,0.9291896626111653,2.005247270240873,14.597018531356941,259.4,2173.7999999999997,212.85621300000003,1688.050365,0.036477021664773235,0.1843217404871953,630.7399999999998,4362.040000000008,88.85591133251546,944.2842695548243
Honda,Regular,エアウェイブ,2010,2685,1.5 M,0,1.6087523316062178,DBA-GJ1,5,レギュラー,18.0,53362801,11.2810725,0.09482758620689655,100,5.031594949448025e-05,0.9249569564386247,1.9883426324346598,15.060461341736314,264.8,2286.7999999999997,210.72459425,1730.219988625,0.03601218717414123,0.18751451241145345,604.460000000001,4162.320000000007,94.02694185100154,957.5460439005547
Honda,Regular,エアウェイブ,2011,125,1.5 M,0,1.6120934579439252,DBA-GJ1,5,レギュラー,18.0,53783435,11.2810725,0.09482758620689655,100,2.324135674859741e-06,0.9389811007794501,1.7644534746606044,14.162676666263257,257.0,2238.9,201.426013,1632.042943865,0.024674755072287224,0.1953967484811865,552.9000000000015,3855.589999999982,90.09667029467346,858.0755351578773
Honda,Regular,グレイス,2015,24558,1.5 LX,0,1.74825,DBA-GM6,5,レギュラー,21.8,56412140,11.100555000000002,0.11891891891891893,131,0.00043533182751088686,0.9279170405519096,1.7557983953113636,14.401607478347037,380.8,2616.8,209.295807,1704.28146825,0.025489757307086858,0.2698182966528879,628.6799999999967,8491.459999999992,116.16640852146793,1026.5928624950102
Honda,Regular,グレイス,2016,12194,1.5 LX,0,1.75,DBA-GM6,5,レギュラー,21.8,56950757,11.100555000000002,0.11891891891891893,131,0.0002141148009674393,0.9300480413280547,1.7327807039572596,14.86112043070704,354.8,2799.5,191.690683375,1771.608662625,0.031603955875544265,0.28866309743221086,600.119999999999,8823.529999999999,110.3471917525867,1027.8945974029193
Honda,Regular,シャトル,2015,34992,1.5 G,1,1.6883100000000002,DBA-GK8,5,レギュラー,21.8,56412140,11.52261,0.1168141592920354,143,0.0006202920151584393,0.9279170405519096,1.7579031549382471,14.401607478347037,380.8,2616.8,208.87375200000002,1704.28146825,0.02345818662192173,0.25849872808597363,628.6799999999967,8491.459999999992,121.09203347514722,972.4837184213757
Honda,Regular,シャトル,2016,42514,1.5 G,1,1.695,DBA-GK8,5,レギュラー,21.8,56950757,11.52261,0.1168141592920354,143,0.0007465045635828861,0.9300480413280547,1.734885463584143,14.86112043070704,354.8,2799.5,191.268628375,1771.608662625,0.03046781470692561,0.2763008886911744,600.119999999999,8823.529999999999,111.03703780121486,974.2432147098516
Honda,Regular,ストリーム,2006,41131,1.8 X,0,1.8561666666666667,DBA-RN6,7,レギュラー,14.8,51102005,11.967801750000001,0.1037037037037037,158,0.0008048803564556812,0.9152275336359111,2.1212033663793366,14.099400957251396,310.8,2088.8,223.01867712499998,1628.3363788749998,0.0337532144704748,0.13096494737144537,575.0400000000009,3011.439999999988,109.78698942080246,932.6332527797567
Honda,Regular,ストリーム,2007,57351,1.8 X,0,1.8561666666666667,DBA-RN6,7,レギュラー,14.8,51713048,11.967801750000001,0.1037037037037037,158,0.001109023780613357,0.9201741889203668,2.05693938584584,14.205398367902701,275.8,2126.8,217.31946975,1642.982649625,0.03232766912336699,0.13300564434580853,291.15999999999985,3058.3199999999997,96.12870755809035,960.5036026783782
Honda,Regular,ストリーム,2008,41399,1.8 X,0,1.8298113590263694,DBA-RN6,7,レギュラー,14.8,52324877,11.967801750000001,0.1037037037037037,158,0.0007911915397335764,0.9235641012591391,2.0428110151030867,14.227265770257189,278.9,2154.9,220.257419,1640.04614775,0.033136727108188935,0.18103290665788307,314.60999999999876,2785.389999999985,94.5140738645905,1000.1459260738702
Honda,Regular,ストリーム,2009,27058,1.8 X,0,1.8705555555555557,DBA-RN6,7,レギュラー,13.4,52877802,11.967801750000001,0.10294117647058823,158,0.0005117081076857166,0.9291896626111653,1.997133679977181,14.597018531356941,264.0,2173.7999999999997,212.16948375,1688.050365,0.03288640728730208,0.18333164759369724,438.46000000000004,3128.320000000007,84.36060895950413,972.7723979433504
Honda,Regular,ストリーム,2010,22246,1.8 X,0,1.8841243523316065,DBA-RN6,7,レギュラー,13.4,53362801,11.967801750000001,0.10294117647058823,158,0.0004168821647874144,0.9249569564386247,1.980229042170968,15.060461341736314,269.40000000000003,2286.7999999999997,210.03786499999998,1730.219988625,0.03269588740610141,0.185422508199101,461.8599999999997,3390.440000000017,92.45932936893587,991.9786721877172
Honda,Regular,ストリーム,2011,10365,1.8 X,0,1.8880373831775703,DBA-RN6,7,レギュラー,13.4,53783435,11.967801750000001,0.10294117647058823,158,0.0001927173301593697,0.9389811007794501,1.7563398843969127,14.162676666263257,261.6,2238.9,200.73928375,1632.042943865,0.02338693037824846,0.19343172590655255,482.97999999999956,3942.9899999999907,85.33459129131552,883.6591222821226
Honda,Regular,ストリーム,2012,5530,1.8 RSZ,0,2.0665384615384617,DBA-RN6,6,レギュラー,13.2,54171475,11.967801750000001,0.10071942446043165,158,0.00010208324584109995,0.9197618488328037,1.6930478020532007,14.701337456589082,280.6,2415.2999999999997,193.813155,1718.762966375,0.026035714040919977,0.1932197728126832,759.8599999999988,5575.629999999997,109.45394162067805,943.4159346223096
Honda,Regular,ストリーム,2013,2863,1.8 RSZ,0,2.0579813664596274,DBA-RN6,6,レギュラー,13.2,54594744,11.967801750000001,0.10071942446043165,158,5.244094559725383e-05,0.9195631909181587,1.2415212399751705,14.50806214016905,288.90000000000003,2512.8,165.309226875,1713.8958235,0.011000618983797505,0.18799703653434463,1120.5299999999997,7280.179999999993,123.36162465338339,904.3557372741925
Honda,Regular,ストリーム,2014,777,1.8 RSZ,0,2.061444556451613,DBA-RN6,6,レギュラー,13.2,55952365,11.967801750000001,0.10071942446043165,158,1.3886812469857172e-05,0.9188134228106355,1.2941112228355782,15.059950805814319,293.3,2618.1,169.2731345,1761.11582525,0.009318005980664956,0.21919033990704273,1209.7300000000005,8208.75,109.50138709919793,919.1684180456214
Honda,Regular,ストリーム,2015,14,1.8 RSZ,0,2.044953,DBA-RN6,6,レギュラー,13.2,56412140,11.967801750000001,0.10071942446043165,158,2.4817353144199103e-07,0.9279170405519096,1.7739978897698507,14.401607478347037,389.40000000000003,2616.8,208.42856025,1704.28146825,0.01378143578613883,0.2144127597293064,1533.3999999999996,9855.419999999984,134.00949959438276,971.391559440257
Honda,Regular,フリード,2008,50646,1.5 G,0,1.7132951318458418,DBA-GB3,7,レギュラー,16.4,52324877,12.252688875,0.0921875,209,0.0009679143631813984,0.9235641012591391,2.0543272188067903,14.227265770257189,277.3,2154.9,219.97253187500002,1640.04614775,0.037457668505432085,0.1816122523576511,373.1700000000019,3128.109999999986,100.20024168558757,1066.2052236098534
Honda,Regular,フリード,2009,79525,1.5 G,0,1.7461944444444446,DBA-GB3,7,レギュラー,16.4,52877802,12.252688875,0.0921875,209,0.0015039392144174223,0.9291896626111653,2.0078873564477693,14.597018531356941,261.0,2173.7999999999997,211.88459662500003,1688.050365,0.03818479594673779,0.1888173304723626,472.65999999999985,3227.320000000007,87.75496808137359,1025.280340479374
Honda,Regular,フリード,2010,95123,1.5 G,0,1.7578259067357516,DBA-GB3,7,レギュラー,16.6,53362801,12.252688875,0.0921875,209,0.001782571345908173,0.9249569564386247,1.9909827186415563,15.060461341736314,266.2,2286.7999999999997,209.752977875,1730.219988625,0.03763070205389618,0.1924822165410509,475.9400000000023,3250.9200000000274,97.06822996537267,1048.059872810998
Honda,Regular,フリード,2011,67736,1.5 G,0,1.761476635514019,DBA-GB3,6,レギュラー,16.6,53783435,12.252688875,0.09147286821705426,209,0.0012594212325783953,0.9389811007794501,1.7678081926504468,14.162676666263257,258.4,2238.9,200.45439662500002,1632.042943865,0.02589974357092495,0.2016723818664543,450.9800000000014,3246.029999999999,88.34147810528975,933.5781214885355
Honda,Regular,フリード,2012,106316,1.5 G,0,1.7633076923076925,DBA-GB3,6,レギュラー,16.6,54171475,12.252688875,0.09147286821705426,209,0.00196258270611978,0.9197618488328037,1.7022943582965782,14.701337456589082,277.2,2415.2999999999997,193.528267875,1718.762966375,0.027219949947742295,0.2003028503790092,585.7799999999988,4248.270000000019,116.40715824858671,992.2248396248324
Honda,Regular,フリード,2013,68371,1.5 G,0,1.7560062111801247,DBA-GB3,6,レギュラー,16.6,54594744,12.252688875,0.09147286821705426,209,0.001252336671823207,0.9195631909181587,1.250767796218548,14.50806214016905,285.5,2512.8,165.02433975000002,1713.8958235,0.0073889570749252065,0.19328296877698792,687.369999999999,5188.5,132.75543367027603,949.0377090177062
Honda,Regular,フリード,2014,54313,1.5 G,0,1.758320564516129,DBA-GB3,6,レギュラー,16.6,55952365,12.252688875,0.09147286821705426,209,0.0009707007022848811,0.9188134228106355,1.3033577790789557,15.059950805814319,289.9,2618.1,168.98824737500001,1761.11582525,0.006678896540506685,0.22935106079227063,746.6499999999996,5704.990000000005,116.63666362198819,957.6459665277725
Honda,Regular,フリード,2015,41091,1.5 G,0,1.7442540000000002,DBA-GB3,6,レギュラー,16.6,56412140,12.252688875,0.09147286821705426,209,0.000728407041463061,0.9279170405519096,1.7832444460132282,14.401607478347037,386.0,2616.8,208.14367312500002,1704.28146825,0.012908457083345759,0.22306136446749347,822.1200000000008,6752.579999999987,146.43544653801746,1000.8512254148372
Honda,Regular,フリード,2016,52202,1.5 B,0,1.88,DBA-GB5,6,レギュラー,19.0,56950757,12.361889249999999,0.09776119402985074,209,0.000916616437600645,0.9300480413280547,1.7539384288463276,14.86112043070704,357.6,2799.5,190.42934912500002,1771.608662625,0.027439210334914088,0.225264901640585,652.7599999999984,7250.489999999991,131.46384401031264,1027.4048925790266
Honda,Regular,モビリオ,2006,36249,1.5 A,0,1.6023055555555559,DBA-GB1,7,レギュラー,17.0,51102005,11.932833,0.07086614173228346,239,0.0007093459444497334,0.9152275336359111,2.154040928350757,14.099400957251396,308.6,2088.8,223.053645875,1628.3363788749998,0.05949285158472534,0.23147232378898508,611.5599999999977,3894.959999999992,108.67007453742826,926.1633819936978
Honda,Regular,モビリオ,2007,26615,1.5 A,0,1.6023055555555559,DBA-GB1,7,レギュラー,17.0,51713048,11.932833,0.07086614173228346,239,0.0005146670140193632,0.9201741889203668,2.0897769478172603,14.205398367902701,273.6,2126.8,217.35443850000001,1642.982649625,0.05957920946886541,0.23474196572764772,411.7199999999975,3844.5999999999767,95.44897968034002,954.2222801314783
Honda,Regular,モビリオ,2008,10330,1.5 A,0,1.5795547667342802,DBA-GB1,7,レギュラー,17.0,52324877,11.932833,0.07086614173228346,239,0.00019742043540780802,0.9235641012591391,2.075648577074507,14.227265770257189,276.7,2154.9,220.29238775000002,1640.04614775,0.0594603849540466,0.2842053723996609,421.53000000000065,3448.029999999999,94.03981881251184,993.6592319271076
Lexas,Regular,CT200h,2011,20704,200h,0,3.682710280373832,DAA-ZWA10,5,レギュラー,30.4,53783435,11.05596,0.07173913043478261,28,0.00038495124009836856,0.9389811007794501,1.017797267258917,14.932421329437059,68.9,2414.6,78.03634625,1755.657723115,0.07286407741777126,0.2717290276207547,2239.2299999999996,35850.139999999985,31.343972781802677,942.8455780566073
Lexas,Regular,CT200h,2012,11325,200h,0,3.696923076923077,DAA-ZWA10,5,レギュラー,30.4,54171475,11.05596,0.07173913043478261,28,0.0002090583651266649,0.9197618488328037,0.9607975346400265,15.462568018027904,68.4,2610.2999999999997,78.5246975,1834.963265625,0.06298987352589866,0.277682342835051,2262.74,36116.350000000035,33.22026905056009,1023.4060614683476
Lexas,Regular,CT200h,2013,5828,200h,0,3.6816149068322988,DAA-ZWA10,5,レギュラー,30.4,54594744,11.05596,0.07173913043478261,28,0.00010675020291330609,0.9195631909181587,0.9599308088478794,14.818632865321991,68.6,2715.9,78.7729005,1801.343991625,0.06287759755159328,0.23515739030387106,2268.620000000001,32286.410000000003,33.57270110185959,1000.0249251587084
Lexas,Regular,CT200h,2014,8592,200h,0,3.585120967741936,DAA-ZWA10,5,レギュラー,30.4,55952365,11.132737499999998,0.07173913043478261,28,0.00015355919271687623,0.9188134228106355,1.466855178255212,14.916187144420334,112.79999999999998,2781.4,116.97509975,1814.24892425,0.10601510792532107,0.24157280934724668,3123.060000000002,30925.820000000007,41.99826791214991,1009.1543630542583
Lexas,Regular,CT200h,2015,5395,200h,0,3.6583380000000005,DAA-ZWA10,5,レギュラー,30.4,56412140,11.132737499999998,0.07173913043478261,28,9.563544300925297e-05,0.9279170405519096,1.607966373395741,14.596619288746796,123.69999999999999,2865.3,138.02150225,1775.5235905,0.11344998082287655,0.2334761323474681,3524.4900000000016,27733.76999999999,115.64974326249603,1021.2889236303527
Lexas,Regular,CT200h,2016,3641,200h,0,3.662,DAA-ZWA10,5,レギュラー,30.4,56950757,11.132737499999998,0.07173913043478261,28,6.393242498953965e-05,0.9300480413280547,1.6244258414700026,15.016655081678433,126.29999999999998,3019.4,138.06032675,1825.20683675,0.11566980881078379,0.2614219861192906,3429.17,27233.040000000008,115.72437126991417,1016.3585444216515
Lexas,Regular,GS,2006,9143,350,0,5.365,DBA-GRS191,5,ハイオク,10.0,51102005,12.526605000000002,0.19207317073170732,37,0.0001789166589451823,0.9152275336359111,0.4963158236365434,15.635919032966184,29.6,2374.8,36.774608125,1814.021644625,0.004050630218402351,1.5882381159264014,5.740000000000009,7117.379999999997,3.999711468112878,1214.4052196015837
Lexas,Regular,GS,2007,5089,350,0,5.529444444444445,DBA-GRS191,5,ハイオク,10.0,51713048,12.578475000000001,0.19090909090909092,37,9.840843262613335e-05,0.9201741889203668,0.49631582363654336,15.67881654290661,29.6,2377.8,36.774608125,1822.916838,0.003868666920695263,1.5462014488439397,5.740000000000009,6909.18,4.091315120025342,1239.1601886182616
Lexas,Regular,GS,2008,5383,350,0,5.491460446247466,DBA-GRS191,5,ハイオク,10.0,52324877,12.578475000000001,0.19090909090909092,37,0.00010287649601163897,0.9235641012591391,0.746611681624709,15.436259716530179,37.8,2400.7999999999997,48.768205124999994,1810.9246883750002,0.0073954550247995465,1.5901612105401393,8.980000000000018,6955.980000000003,4.421867630913766,1276.8555580629836
Lexas,Regular,GS,2009,1777,350,0,5.673333333333334,DBA-GRS191,5,ハイオク,10.0,52877802,12.578475000000001,0.19090909090909092,37,3.3605784143599615e-05,0.9291896626111653,0.987807716579711,15.518376580315907,67.3,2373.8999999999996,76.672359375,1822.936816125,0.018980399284684424,1.550620290221528,105.1099999999999,6922.87000000001,11.484108379487225,1198.50446756342
Lexas,Regular,GS,2010,1536,350,0,5.714487046632124,DBA-GRS191,5,ハイオク,10.0,53362801,12.578475000000001,0.19090909090909092,37,2.878409624712166e-05,0.9249569564386247,0.987807716579711,15.964914752889067,67.6,2492.0,76.672359375,1862.974821,0.018980399284684424,1.5773561481431964,107.07999999999993,7693.300000000003,11.484108379487225,1236.86820348943
Lexas,Regular,GS,2011,642,350,0,5.726355140186916,DBA-GRS191,5,ハイオク,10.0,53783435,12.578475000000001,0.19090909090909092,37,1.1936760826079628e-05,0.9389811007794501,0.8986273067846087,14.932421329437059,89.3,2414.6,76.51383125,1755.657723115,0.032282505614191936,1.5016029662893988,521.5499999999993,8269.339999999997,11.941700109539852,1102.3337574555626
Lexas,Regular,GS,2012,11414,250,0,5.296153846153846,DBA-GRL11,5,ハイオク,10.8,54171475,12.98442,0.13109756097560976,37,0.00021070129620801354,0.9197618488328037,0.9014391040991994,15.462568018027904,88.0,2610.2999999999997,76.5962375,1834.963265625,0.024690835304002706,0.36842562878759644,483.0599999999995,9236.910000000003,12.24121802926038,1363.8453373819648
Lexas,Regular,GS,2013,5424,250,0,5.315590062111802,DBA-GRL11,5,ハイオク,10.8,54594744,12.98442,0.13109756097560976,37,9.935022316433978e-05,0.9195631909181587,0.9005723783070523,14.818632865321991,88.2,2715.9,76.8444405,1801.343991625,0.024681454295159555,0.3662264333511529,496.7799999999995,11969.049999999988,11.636350965799693,1331.048317704015
Lexas,Regular,GS,2014,4794,250,0,5.333370967741936,DBA-GRL11,5,ハイオク,10.8,55952365,12.98442,0.13109756097560976,37,8.568002442792186e-05,0.9188134228106355,1.4074967477143847,14.916187144420334,132.39999999999998,2781.4,115.12341724999999,1814.24892425,0.04375869770169677,0.3610605145948895,661.3000000000006,13176.059999999998,14.14137213974118,1301.527399020677
Lexas,Regular,GS,2015,2992,250,0,5.511483000000001,DBA-GRL11,5,ハイオク,10.8,56412140,13.064736000000002,0.13109756097560976,37,5.3038229005316944e-05,0.9279170405519096,1.5486079428549138,14.596619288746796,143.29999999999998,2865.3,136.08950374999998,1775.5235905,0.04648136010690279,0.3547817273486231,682.4899999999998,15695.449999999983,53.562515894902845,1360.0914024007507
Lexas,Regular,GS,2016,5752,200t,0,5.77,DBA-ARL10,5,ハイオク,13.2,56950757,13.064736000000002,0.1484848484848485,37,0.00010099953544076684,0.9300480413280547,1.5476801234199367,15.016655081678433,143.5,3019.4,136.12832824999998,1825.20683675,0.04123673274470496,0.6268911204688123,570.5299999999997,12613.039999999979,53.48712615079421,1350.183038754949
Lexas,Regular,GSF,2015,180,5.0,1,10.989,DBA-URL10,5,ハイオク,8.2,56412140,13.128947999999998,0.260655737704918,38,3.1908025471113133e-06,0.9279170405519096,1.4190497661256054,14.596619288746796,145.9,2865.3,136.02529174999998,1775.5235905,0.16954546922212377,4.388804802555012,940.4099999999999,22987.40999999999,52.90896901633687,1391.0916817136022
Lexas,Regular,GSF,2016,785,5.0,1,11.11,DBA-URL10,5,ハイオク,8.2,56950757,13.128947999999998,0.260655737704918,38,1.3783837851356393e-05,0.9300480413280547,1.4355092341998672,15.016655081678433,148.5,3019.4,136.06411624999998,1825.20683675,0.16554636347790974,4.509226825513327,960.5300000000002,25901.04,52.8285932746403,1381.5305921994295
Lexas,Regular,HS250h,2009,8494,250h,0,4.059722222222223,DAA-ANF10,5,レギュラー,19.8,52877802,12.626197499999998,0.09146341463414634,41,0.00016063451351476372,0.9291896626111653,1.0872533928546555,15.518376580315907,57.5,2373.8999999999996,76.624636875,1822.936816125,0.05685190597303516,0.17225595840263885,634.3100000000004,6828.790000000023,11.385372376234272,1215.7642305059926
Lexas,Regular,HS250h,2010,14247,250h,0,4.089170984455959,DAA-ANF10,5,レギュラー,19.8,53362801,12.626197499999998,0.09146341463414634,41,0.00026698373647964993,0.9249569564386247,1.0872533928546555,15.964914752889067,57.8,2492.0,76.624636875,1862.974821,0.05685190597303516,0.17548149833174742,630.4000000000001,6452.62000000001,11.385372376234272,1255.1178589902265
Lexas,Regular,HS250h,2011,5868,250h,0,4.118411214953271,DAA-ANF10,5,レギュラー,19.8,53783435,12.626197499999998,0.09146341463414634,41,0.00010910422512061568,0.9389811007794501,0.9980729830595533,14.932421329437059,79.5,2414.6,76.46610874999999,1755.657723115,0.05241679997744139,0.17518155074069108,619.5499999999997,5625.299999999988,11.858094823177453,1118.7979935301846
Lexas,Regular,HS250h,2012,4965,250h,0,4.122692307692308,DAA-ANF10,5,レギュラー,19.8,54171475,12.626197499999998,0.09146341463414634,41,9.165340245950475e-05,0.9197618488328037,0.9410732504406628,15.462568018027904,79.0,2610.2999999999997,76.95446,1834.963265625,0.044791153936494243,0.1827547117157451,632.4599999999996,6315.510000000009,12.20073620009157,1210.60768583967
Lexas,Regular,HS250h,2013,5735,250h,0,4.240062111801243,DAA-ANF10,5,レギュラー,20.6,54594744,12.56898825,0.09146341463414634,41,0.00010504674222851928,0.9195631909181587,0.9402065246485157,14.818632865321991,78.4,2715.9,77.25987225,1801.343991625,0.04471306905388331,0.15597491895743198,710.4199999999996,7049.4499999999825,11.961992647508168,1161.0548453709052
Lexas,Regular,HS250h,2014,2958,250h,0,4.246757056451613,DAA-ANF10,5,レギュラー,20.6,55952365,12.56898825,0.09146341463414634,41,5.286639805127093e-05,0.9188134228106355,1.447130894055848,14.916187144420334,122.6,2781.4,115.53884899999998,1814.24892425,0.07751029891106131,0.15854196134920784,931.7800000000007,6972.659999999989,14.424527097087775,1142.2561641756474
Lexas,Regular,HS250h,2015,2050,250h,0,4.239756000000001,DAA-ANF10,5,レギュラー,20.6,56412140,12.56898825,0.09146341463414634,41,3.63396956754344e-05,0.9279170405519096,1.588242089196377,14.596619288746796,133.5,2865.3,136.5852515,1775.5235905,0.08259759055628846,0.15339461861900494,1047.0499999999993,6924.4499999999825,61.661801081311296,1163.5044398824175
Lexas,Regular,HS250h,2016,1364,250h,0,4.3469999999999995,DAA-ANF10,5,レギュラー,20.6,56950757,12.56898825,0.09146341463414634,41,2.3950515706051108e-05,0.9300480413280547,1.6047015572706387,15.016655081678433,136.1,3019.4,136.624076,1825.20683675,0.08416811609206154,0.17764687520744626,1002.6900000000005,7444.87999999999,61.62490565424241,1152.0253468346564
Lexas,Regular,ISF,2008,1567,5.0,0,7.760993914807304,DBA-USE20,4,ハイオク,8.2,52324877,11.967928500000001,0.25029585798816567,43,2.9947514257893048e-05,0.9235641012591391,0.6872249145456343,15.436259716530179,39.599999999999994,2400.7999999999997,49.378751625,1810.9246883750002,0.027051477195763785,3.94901977531221,17.26000000000022,10357.260000000002,4.398265582226259,1090.2876994428298
Lexas,Regular,ISF,2009,475,5.0,0,8.016666666666667,DBA-USE20,4,ハイオク,8.2,52877802,11.967928500000001,0.25029585798816567,43,8.982975502650432e-06,0.9291896626111653,0.9284209495006363,15.518376580315907,69.1,2373.8999999999996,77.282905875,1822.936816125,0.06239218702770344,3.873523809333486,154.07000000000016,10260.070000000007,15.560632267369783,1041.591254798419
Lexas,Regular,ISF,2010,340,5.0,0,8.178341968911917,DBA-USE20,4,ハイオク,8.1,53362801,11.967928500000001,0.25029585798816567,43,6.371479638034743e-06,0.9249569564386247,0.9284209495006363,15.964914752889067,69.5,2492.0,77.282905875,1862.974821,0.06239218702770344,3.9520296924993046,161.23000000000002,11557.330000000002,15.560632267369783,1068.8982352332023
Lexas,Regular,ISF,2011,290,5.0,0,8.247196261682245,DBA-USE20,4,ハイオク,8.1,53783435,11.967928500000001,0.25029585798816567,43,5.391994765674599e-06,0.9389811007794501,0.8392405397055339,14.932421329437059,91.2,2414.6,77.12437775,1755.657723115,0.08628656580624733,3.736892048200983,658.1599999999994,12183.150000000001,15.824646413682103,953.186839636779
Lexas,Regular,ISF,2012,170,5.0,0,8.25576923076923,DBA-USE20,4,ハイオク,8.1,54171475,11.967928500000001,0.25029585798816567,43,3.1381829643737778e-06,0.9197618488328037,0.7822408070866435,15.462568018027904,90.7,2610.2999999999997,77.612729,1834.963265625,0.0967677333700685,3.956033443572645,659.3699999999997,15167.730000000003,16.810220768568342,1036.0784371760383
Lexas,Regular,ISF,2013,111,5.0,0,8.376708074534163,DBA-USE20,4,ハイオク,8.1,54594744,11.967928500000001,0.25029585798816567,43,2.033162752810051e-06,0.9195631909181587,0.7813740812944964,14.818632865321991,90.9,2715.9,77.860932,1801.343991625,0.0969649768380269,3.970961857217496,674.1700000000001,18623.199999999997,16.7099461846567,1011.0255554496107
Lexas,Regular,ISF,2014,84,5.0,0,8.389787298387098,DBA-USE20,4,ハイオク,8.1,55952365,11.967928500000001,0.25029585798816567,43,1.5012770237683429e-06,0.9188134228106355,1.288298450701829,14.916187144420334,135.1,2781.4,116.13990874999999,1814.24892425,0.1315775152463633,3.9425393305916137,924.2799999999997,20183.909999999996,20.94392588288065,1007.7401454090286
Lexas,Regular,IS,2006,10725,250,0,4.008333333333334,DBA-GSE20,5,ハイオク,11.8,51102005,11.74333875,0.13694267515923567,42,0.00020987434837439352,0.9152275336359111,0.5514463192090151,15.635919032966184,27.8,2374.8,37.557874375000004,1814.021644625,0.00739785649006186,0.3919221777019892,20.139999999999986,4885.739999999998,5.192352802758251,995.5468011775738
Lexas,Regular,IS,2007,9503,250,0,4.008333333333334,DBA-GSE20,5,ハイオク,11.8,51713048,11.74333875,0.13694267515923567,42,0.00018376406666263415,0.9201741889203668,0.5502822393863986,15.67881654290661,27.8,2377.8,37.609744375,1822.916838,0.007270858976881761,0.389889974257569,20.139999999999986,4666.739999999998,5.276299340433297,1013.6914920484924
Lexas,Regular,IS,2008,8542,250,0,4.0426064908722115,DBA-GSE20,5,ハイオク,11.8,52324877,11.769007249999998,0.13694267515923567,42,0.0001632493087370277,0.9235641012591391,0.8005780973745643,15.436259716530179,36.0,2400.7999999999997,49.577672875000005,1810.9246883750002,0.020119803034330586,0.42536287559534447,33.10000000000002,4591.5,5.195677517058357,1055.265555888116
Lexas,Regular,IS,2009,4803,250,0,4.028888888888889,DBA-GSE20,5,ハイオク,11.8,52877802,11.769007249999998,0.13694267515923567,42,9.083206597732636e-05,0.9291896626111653,1.0417741323295662,15.518376580315907,65.5,2373.8999999999996,77.481827125,1822.936816125,0.022351748869476773,0.41237804561097136,101.50999999999976,4615.990000000005,18.015940828288194,1016.0698271086294
Lexas,Regular,IS,2010,3861,250,0,4.1202279792746115,DBA-GSE20,5,ハイオク,12.2,53362801,11.769007249999998,0.13694267515923567,42,7.235377318368277e-05,0.9249569564386247,1.0417741323295662,15.964914752889067,65.39999999999999,2492.0,77.481827125,1862.974821,0.022351748869476773,0.4165380940232959,107.51999999999998,4689.4200000000055,18.015940828288194,1040.4185037756688
Lexas,Regular,IS,2011,3433,250,0,4.128785046728972,DBA-GSE20,5,ハイオク,12.2,53783435,11.769007249999998,0.13694267515923567,42,6.383006217434792e-05,0.9389811007794501,0.952593722534464,14.932421329437059,87.1,2414.6,77.32329899999999,1755.657723115,0.026028361055494387,0.40627482059116904,426.50999999999976,5117.619999999995,18.21688574902987,929.2296149695248
Lexas,Regular,IS,2012,2045,250,0,4.133076923076923,DBA-GSE20,5,ハイオク,12.2,54171475,11.769007249999998,0.13694267515923567,42,3.77504950714375e-05,0.9197618488328037,0.8955939899155735,15.462568018027904,86.6,2610.2999999999997,77.81165025,1834.963265625,0.023587326393817137,0.4383408032749605,431.8199999999997,7080.069999999992,19.39674698609474,1010.6198612908993
Lexas,Regular,IS,2013,12360,250,0,4.343478260869565,DBA-GSE30,5,ハイオク,11.6,54594744,12.0744195,0.1360759493670886,42,0.00022639542004263268,0.9195631909181587,0.8955939899155734,14.818632865321991,87.4,2715.9,77.754441,1801.343991625,0.02372000151283979,0.42750529355945766,463.81999999999994,10437.049999999996,15.500071583722274,1029.3378173216042
Lexas,Regular,IS,2014,9005,250,0,4.350483870967742,DBA-GSE30,5,ハイオク,11.6,55952365,12.0744195,0.1360759493670886,42,0.00016094047141707057,0.9188134228106355,1.4025183593229058,14.916187144420334,131.6,2781.4,116.03341774999998,1814.24892425,0.041740192634548756,0.4213680486219893,611.3800000000001,11539.260000000002,19.262199298381347,1023.3038889206946
Lexas,Regular,IS,2015,5953,200t,0,4.539456,DBA-ASE30,5,ハイオク,13.2,56412140,12.0744195,0.15123456790123457,42,0.00010552693090529804,0.9279170405519096,1.528470935929289,14.596619288746796,140.9,2865.3,137.07982024999998,1775.5235905,0.041371441759325556,0.6424571812482069,576.4099999999994,10812.409999999989,75.1293998687911,1042.8110629153089
Lexas,Regular,IS,2016,4505,200t,0,4.7,DBA-ASE30,5,ハイオク,13.2,56950757,12.113244,0.15030674846625766,42,7.910342614058668e-05,0.9300480413280547,1.5458582234385274,15.016655081678433,143.5,3019.4,137.07982024999998,1825.20683675,0.04104429933737941,0.6581836412195461,570.5299999999997,12613.039999999979,73.87602832175617,1038.3722914875252
Lexas,Regular,LS,2006,9694,460,0,7.913888888888889,DBA-USF40,5,ハイオク,9.1,51102005,13.816781250000002,0.19845360824742267,45,0.00018969901474511617,0.9152275336359111,0.4899353861208281,15.635919032966184,30.5,2374.8,35.484431875,1814.021644625,0.005233111134216484,1.7898789126950279,8.259999999999877,8624.429999999993,12.735648065292594,2005.5953506159349
Lexas,Regular,LS,2007,19330,460,0,7.913888888888889,DBA-USF40,5,ハイオク,9.1,51713048,13.816781250000002,0.19845360824742267,45,0.00037379347664829194,0.9201741889203668,0.48877130629821164,15.67881654290661,30.5,2377.8,35.53630187499999,1822.916838,0.005249320893192966,1.7825693775234166,8.259999999999877,8421.629999999997,12.60449567801777,1986.8526975079585
Lexas,Regular,LS,2008,9812,460,0,7.831916835699799,DBA-USF40,5,ハイオク,9.1,52324877,13.816781250000002,0.19845360824742267,45,0.00018752074658484147,0.9235641012591391,0.7390671642863773,15.436259716530179,38.699999999999996,2400.7999999999997,47.529898875,1810.9246883750002,0.00793693975137455,1.8272515339491866,9.07000000000005,8527.020000000004,15.91696672346984,2021.5625638311103
Lexas,Regular,LS,2009,3535,460,0,8.181111111111113,DBA-USF40,5,ハイオク,9.1,52877802,13.8991875,0.19845360824742267,45,6.685224926709322e-05,0.9291896626111653,0.9802631992413793,15.518376580315907,68.2,2373.8999999999996,75.351646875,1822.936816125,0.02175757594532146,1.7835339957906875,123.91999999999985,8462.680000000015,20.520382032221733,1943.4849817209106
Lexas,Regular,LS,2010,6597,460,0,8.240455958549223,DBA-USF40,5,ハイオク,9.1,53362801,13.8991875,0.19845360824742267,45,0.00012362544462386822,0.9249569564386247,0.9802631992413793,15.964914752889067,68.5,2492.0,75.351646875,1862.974821,0.02175757594532146,1.8152822382806892,126.42999999999984,9376.93,20.520382032221733,2015.9688499581025
Lexas,Regular,LS,2011,4121,460,0,8.257570093457945,DBA-USF40,5,ハイオク,9.1,53783435,13.8991875,0.19845360824742267,45,7.662210492877593e-05,0.9389811007794501,0.891082789446277,14.932421329437059,90.2,2414.6,75.19311875,1755.657723115,0.036405328570706386,1.7257328491499253,579.9599999999994,9985.550000000003,21.396713914852626,1815.2106708598076
Lexas,Regular,LS,2012,4433,460,0,8.61923076923077,DBA-USF40,5,ハイオク,8.4,54171475,13.98159375,0.2020618556701031,45,8.183273577099387e-05,0.9197618488328037,0.8304748094047061,15.462568018027904,90.39999999999999,2610.2999999999997,75.59906375,1834.963265625,0.04364132409916943,1.9566328453523338,634.7399999999996,14393.549999999996,21.814865071252825,2006.659104573162
Lexas,Regular,LS,2013,9482,460,0,8.583540372670809,DBA-USF40,5,ハイオク,8.4,54594744,13.98159375,0.2020618556701031,45,0.00017367972272202615,0.9195631909181587,0.829608083612559,14.818632865321991,90.6,2715.9,75.84726675,1801.343991625,0.04375495625939274,1.9748991887281457,649.4200000000001,17770.80999999999,20.714994975249738,1960.241196788018
Lexas,Regular,LS,2014,4393,460,0,8.608318548387096,DBA-USF40,5,ハイオク,8.4,55952365,13.98159375,0.20102564102564102,45,7.851321387398013e-05,0.9188134228106355,1.3375686676643535,14.916187144420334,134.79999999999998,2781.4,114.12624349999999,1814.24892425,0.060824184296665584,1.921223700636884,887.8600000000001,19292.22,27.547837726187936,1904.9833579863262
Lexas,Regular,LS,2015,3892,460,0,8.539452,DBA-USF40,5,ハイオク,8.4,56412140,13.98159375,0.20102564102564102,45,6.89922417408735e-05,0.9279170405519096,1.4786798628048825,14.596619288746796,145.7,2865.3,135.172646,1775.5235905,0.06703631465840276,1.889964233008481,915.2899999999995,22352.569999999978,52.83008201838538,1923.12237809808
Lexas,Regular,LS,2016,2412,460,0,8.548,DBA-USF40,5,ハイオク,8.4,56950757,13.98159375,0.20102564102564102,45,4.235237821333964e-05,0.9300480413280547,1.495139330879144,15.016655081678433,148.29999999999998,3019.4,135.2114705,1825.20683675,0.0650001682593041,1.950359384854437,934.3699999999999,25217.83999999999,52.68349918684726,1921.2996238747
Lexas,Regular,LX570,2015,793,570 4WD,0,10.989,DBA-URJ201W,8,ハイオク,6.5,56412140,19.154817,0.1386029411764706,46,1.4057257888107063e-05,0.9279170405519096,1.5411025626540529,14.596619288746796,147.6,2865.3,129.99942274999998,1775.5235905,0.043533956142608576,0.4474029131183226,1189.4599999999994,28880.969999999994,395.2562758447875,9951.758318573207
Lexas,Regular,LX570,2016,2845,570 4WD,0,11.0,DBA-URJ201W,8,ハイオク,6.5,56950757,19.154817,0.1386029411764706,46,4.9955437817973165e-05,0.9300480413280547,1.5575620307283145,15.016655081678433,150.2,3019.4,130.03824724999998,1825.20683675,0.043552698614063245,0.47543546923243074,1218.4199999999996,32218.579999999994,394.7079974011094,10121.578717131692
Lexas,Regular,NX,2014,7970,200t,0,4.310201612903226,DBA-AGZ10,5,ハイオク,12.8,55952365,14.052165749999999,0.1391812865497076,54,0.00014244259380278207,0.9188134228106355,1.399413022140287,14.916187144420334,130.39999999999998,2781.4,114.05567149999999,1814.24892425,0.040732149697840336,0.4629268126249908,560.5000000000005,9460.86,29.250169899714365,1959.5215684651193
Lexas,Regular,NX,2015,18516,200t,0,4.275720000000001,DBA-AGZ10,5,ハイオク,12.8,56412140,14.052165749999999,0.1391812865497076,54,0.00032822722201285043,0.9279170405519096,1.540524217280816,14.596619288746796,141.29999999999998,2865.3,135.102074,1775.5235905,0.04335826378102642,0.4552600429782263,585.29,11503.049999999988,53.54023923288514,1977.191241657376
Lexas,Regular,NX,2016,11041,200t,0,4.28,DBA-AGZ10,5,ハイオク,13.0,56950757,14.052165749999999,0.1391812865497076,54,0.0001938692404035999,0.9300480413280547,1.5569836853550776,15.016655081678433,143.7,3019.4,135.1408985,1825.20683675,0.043357967738067715,0.48344936846891784,575.5699999999997,12992.87999999999,53.388176556119106,1976.2695892270349
Lexas,Regular,RC,2014,769,300h,1,5.689868951612904,DAA-AVC10,4,レギュラー,23.2,55952365,12.051126000000002,0.10229885057471265,58,1.3743833705688758e-05,0.9188134228106355,1.4362954581152818,14.916187144420334,119.99999999999999,2781.4,116.05671124999999,1814.24892425,0.0651626048940967,0.16491646292950657,1325.9400000000005,10388.539999999994,19.610675171304138,1019.5952656803711
Lexas,Regular,RC,2015,3641,300h,1,5.64435,DAA-AVC10,4,レギュラー,23.2,56412140,12.051126000000002,0.10229885057471265,58,6.454284485573495e-05,0.9279170405519096,1.5774066532558109,14.596619288746796,130.9,2865.3,137.10311374999998,1775.5235905,0.06929139252080962,0.1603959384198239,1498.409999999999,9562.409999999974,75.89639610087761,1038.9842477338752
Lexas,Regular,RC,2016,1795,300h,1,5.65,DAA-AVC10,4,レギュラー,23.2,56950757,12.051126000000002,0.10229885057471265,58,3.1518457252464616e-05,0.9300480413280547,1.5938661213300724,15.016655081678433,133.5,3019.4,137.14193824999998,1825.20683675,0.07050522703271378,0.1839436476036327,1440.5299999999997,9737.039999999979,75.89971215965897,1027.9639990237265
Lexas,Regular,RCF,2014,455,5.0,0,9.597247983870968,DBA-USC10,4,ハイオク,8.2,55952365,12.0989075,0.2664804469273743,59,8.131917212078524e-06,0.9188134228106355,1.2721138617626202,14.916187144420334,135.0,2781.4,116.00892975,1814.24892425,0.1654126030714681,4.772833110413352,911.94,19883.54,18.90755417698483,1027.3863933640605
Lexas,Regular,RCF,2015,1289,5.0,0,9.530460000000001,DBA-USC10,4,ハイオク,8.2,56412140,12.0989075,0.2664804469273743,59,2.284969157348046e-05,0.9279170405519096,1.4132250569031493,14.596619288746796,145.9,2865.3,137.05533225,1775.5235905,0.18375244190107876,4.691606585981508,940.4099999999999,22987.40999999999,74.33594257013056,1047.014310009683
Lexas,Regular,RCF,2016,330,5.0,0,9.67,DBA-USC10,4,ハイオク,8.2,56950757,12.0989075,0.2664804469273743,59,5.794479606302687e-06,0.9300480413280547,1.4296845249774108,15.016655081678433,148.5,3019.4,137.09415675,1825.20683675,0.17956159292588703,4.819417096210596,960.5300000000002,25901.04,74.33554844321861,1035.8618805408623
Lexas,Regular,RX,2009,8827,350,0,4.727777777777778,DBA-GGL10W,5,ハイオク,9.7,52877802,15.195550499999998,0.1497326203208556,61,0.00016693205213030602,0.9291896626111653,1.0289841871679464,15.518376580315907,67.6,2373.8999999999996,74.055283875,1822.936816125,0.0178662313704247,0.5984029227244241,110.12000000000012,7407.520000000011,53.13881609172313,3214.1666544215477
Lexas,Regular,RX,2010,6578,350,0,4.762072538860104,DBA-GGL10W,5,ハイオク,9.7,53362801,15.195550499999998,0.1497326203208556,61,0.00012326939134997805,0.9249569564386247,1.0289841871679464,15.964914752889067,67.89999999999999,2492.0,74.055283875,1862.974821,0.0178662313704247,0.6058068188907137,112.26999999999998,8225.170000000006,53.13881609172313,3333.712313782773
Lexas,Regular,RX,2011,7219,350,0,4.77196261682243,DBA-GGL10W,5,ハイオク,9.7,53783435,15.195550499999998,0.1497326203208556,61,0.00013422348349449975,0.9389811007794501,0.939803777372844,14.932421329437059,89.6,2414.6,73.89675575,1755.657723115,0.02382406865798259,0.5852890009061396,539.7599999999998,8813.869999999995,54.42616796577295,3034.0245462365274
Lexas,Regular,RX,2012,9201,350,0,4.9326923076923075,DBA-GGL10W,5,ハイオク,9.1,54171475,15.195550499999998,0.14893617021276595,61,0.0001698495379717831,0.9197618488328037,0.8836004948620432,15.462568018027904,89.7,2610.2999999999997,74.385107,1834.963265625,0.02282068524863673,0.6160301800572627,582.1699999999996,12699.130000000005,52.25931584420414,3218.693613239928
Lexas,Regular,RX,2013,7815,350,0,4.932950310559007,DBA-GGL10W,5,ハイオク,9.1,54594744,15.195550499999998,0.14893617021276595,61,0.0001431456478667617,0.9195631909181587,0.8827337690698961,14.818632865321991,89.9,2715.9,74.63331000000001,1801.343991625,0.022842226605237326,0.6218185628355215,596.5699999999999,15891.799999999996,50.5568303337609,3147.641021035539
Lexas,Regular,RX,2014,5222,350,0,4.940618951612904,DBA-GGL10W,5,ハイオク,9.1,55952365,15.195550499999998,0.14893617021276595,61,9.332938831093198e-05,0.9188134228106355,1.3896581384772286,14.916187144420334,134.1,2781.4,112.91228674999999,1814.24892425,0.03882005544615286,0.6131721787507622,809.8800000000001,17321.509999999987,70.71100229122158,3061.0511220970293
Lexas,Regular,RX,2015,3530,200t,0,4.94505,DBA-AGL20W,5,ハイオク,11.8,56412140,15.845800499999998,0.1259259259259259,61,6.25751832850163e-05,0.9279170405519096,1.5537795779045975,14.596619288746796,142.29999999999998,2865.3,133.30843925,1775.5235905,0.04923345941244511,0.30105682547817336,622.8899999999999,13445.249999999985,108.37012760562084,3866.3184268566256
Lexas,Regular,RX,2016,17679,200t,0,4.95,DBA-AGL20W,5,ハイオク,11.8,56950757,15.845800499999998,0.1259259259259259,61,0.00031042607563583395,0.9300480413280547,1.570239045978859,15.016655081678433,144.89999999999998,3019.4,133.34726375,1825.20683675,0.0496695157394863,0.32632523596795515,624.29,15537.359999999986,108.07879098415196,3901.673705373978
Lexas,Regular,SC430,2006,1535,430,0,7.019722222222223,DBA-UZZ40,4,ハイオク,8.7,51102005,11.214488124999999,0.16091954022988506,66,3.0037960350088024e-05,0.9152275336359111,0.5274694541383657,15.635919032966184,30.900000000000002,2374.8,38.086725,1814.021644625,0.0029542450140053467,0.7919516817167054,11.459999999999923,9377.949999999997,8.773263185645078,959.496726495323
Lexas,Regular,SC430,2007,872,430,0,7.019722222222223,DBA-UZZ40,4,ハイオク,8.7,51713048,11.214488124999999,0.16091954022988506,66,1.686228202986604e-05,0.9201741889203668,0.5263053743157492,15.67881654290661,30.900000000000002,2377.8,38.138594999999995,1822.916838,0.002883069470501931,0.7878623826568685,11.459999999999923,9177.549999999996,8.912072687157547,987.0498745179648
Lexas,Regular,SC430,2008,621,430,0,7.193610547667344,DBA-UZZ40,4,ハイオク,8.7,52324877,11.214488124999999,0.16091954022988506,66,1.1868159766529408e-05,0.9235641012591391,0.7766012323039149,15.436259716530179,39.099999999999994,2400.7999999999997,50.132192,1810.9246883750002,0.010871195646531079,0.8278249864425993,11.71000000000015,9308.46,9.50755356226523,1024.4842639994822
Lexas,Regular,SC430,2009,256,430,0,7.2972222222222225,DBA-UZZ40,4,ハイオク,8.7,52877802,11.214488124999999,0.16091954022988506,66,4.8413510077442326e-06,0.9291896626111653,1.0177972672589168,15.518376580315907,68.6,2373.8999999999996,78.03634625,1822.936816125,0.015820496206353174,0.8037605443841658,135.92000000000007,9229.720000000008,27.78501578107216,1011.3552321034149
Lexas,Regular,SC430,2010,188,430,0,7.3501554404145075,DBA-UZZ40,4,ハイオク,8.7,53362801,11.214488124999999,0.16091954022988506,66,3.523053446913328e-06,0.9249569564386247,1.0177972672589168,15.964914752889067,68.89999999999999,2492.0,78.03634625,1862.974821,0.015820496206353174,0.8150746303632479,138.67000000000007,10209.970000000008,27.78501578107216,1029.1284366513719
Matsuda,KEI,AZ-オフロード,2006,679,660 XC 4WD,0,1.623888888888889,ABA-JM23W,4,レギュラー,14.8,51102005,8.588076875,0.064,18,1.3287149887758807e-05,0.9152275336359111,1.5226802565603161,14.73762777077412,243.09999999999997,2156.5,173.824504625,1680.91027625,0.028187998733297193,0.33415554457136065,276.21000000000095,3310.269999999997,189.4204635670785,1984.9566414161018
Matsuda,KEI,AZ-オフロード,2007,568,660 XC 4WD,0,1.623888888888889,ABA-JM23W,4,レギュラー,14.8,51713048,8.588076875,0.064,18,1.0983688294683384e-05,0.9201741889203668,1.3242117564075846,14.977829701044659,205.89999999999998,2196.7000000000003,137.558884,1726.12296025,0.03122627101016079,0.3350463674096258,235.45000000000073,3114.0299999999916,125.28397984007916,2123.7824184723904
Matsuda,KEI,AZ-オフロード,2008,561,660 XC 4WD,0,1.6008316430020286,ABA-JM23W,4,レギュラー,14.8,52324877,8.588076875,0.064,18,1.0721477663483089e-05,0.9235641012591391,1.4169020596071453,14.892878429456832,217.7,2216.1,153.201288125,1710.4820035,0.03212227592159683,0.38360121923121815,232.85000000000036,2867.149999999994,171.74812677878526,2115.3557446942687
Matsuda,KEI,AZ-オフロード,2009,485,660 XC 4WD,0,1.623888888888889,ABA-JM23W,4,レギュラー,14.8,52877802,8.588076875,0.064,18,9.172090776390441e-06,0.9291896626111653,1.3407505745722497,15.29234281323246,195.39999999999998,2241.0,146.25631975,1757.343253875,0.03115411702390289,0.4063258131951879,209.0000000000009,3048.100000000006,174.55076132151498,2275.3650051853692
Matsuda,KEI,AZ-オフロード,2010,398,660 XC 4WD,0,1.6356683937823835,ABA-JM23W,4,レギュラー,14.8,53362801,8.588076875,0.064,18,7.458379105699493e-06,0.9249569564386247,1.3428211542405517,15.736810406137318,190.79999999999998,2364.0,146.524974,1797.1126045,0.03132916030238564,0.41682501094636404,214.08000000000175,3154.9400000000023,175.011617997357,2294.9511679405587
Matsuda,KEI,AZ-オフロード,2011,487,660 XC 4WD,0,1.6390654205607478,ABA-JM23W,4,レギュラー,14.8,53783435,8.588076875,0.064,18,9.05483258925355e-06,0.9389811007794501,1.3428211542405517,14.615136572890206,188.0,2311.1,146.562475875,1689.599476615,0.03132916030238564,0.3931755323916162,187.20000000000073,3516.649999999994,175.09739676264326,2147.677150991607
Matsuda,KEI,AZ-オフロード,2012,398,660 XC 4WD,0,1.640769230769231,ABA-JM23W,4,レギュラー,14.8,54171475,8.588076875,0.064,18,7.347040116592727e-06,0.9197618488328037,1.5734537507486692,14.857650932354044,257.59999999999997,2436.7,178.43355025,1737.522296,0.033062061737716864,0.38749171444411123,425.4400000000014,4722.529999999999,213.06634018648583,2246.634685250119
Matsuda,KEI,AZ-オフロード,2013,442,660 XC 4WD,0,1.6339751552795034,ABA-JM23W,4,レギュラー,14.8,54594744,8.588076875,0.064,18,8.096017448126508e-06,0.9195631909181587,1.4319745066823073,14.354328297922345,265.2,2534.9,164.177203,1718.40757225,0.026610351508488894,0.3444772929898918,608.1600000000017,6132.069999999978,180.0133064957754,2237.384770046414
Matsuda,KEI,AZ-オフロード,2014,71,660 XC 4WD,0,1.5911491935483872,ABA-JM23W,4,レギュラー,14.8,55952365,8.588076875,0.064,18,1.2689365319946709e-06,0.9188134228106355,1.2725008972719989,15.118280555838329,263.8,2646.0,153.600295125,1780.1683894999999,0.01772153271837615,0.40912381090214445,758.1999999999998,6783.159999999989,175.94447258137325,2379.961467657762
Matsuda,KEI,AZ-ワゴン,2006,27922,660 FA,1,0.9332222222222222,DBA-MJ21S,4,レギュラー,21.0,51102005,8.237543125,0.06585365853658537,19,0.000546397347814435,0.9152275336359111,1.5208265980237308,14.73762777077412,236.89999999999998,2156.5,174.175038375,1680.91027625,0.026397645753592325,0.31514272823140566,851.5699999999997,9419.75,217.0388855783549,2290.4919506590995
Matsuda,KEI,AZ-ワゴン,2007,29214,660 FA,1,0.9332222222222222,DBA-MJ22S,4,レギュラー,21.0,51713048,8.237543125,0.06585365853658537,19,0.0005649251229592965,0.9201741889203668,1.3223580978709992,14.977829701044659,199.7,2196.7000000000003,137.90941775000002,1726.12296025,0.029449590661599162,0.31586515938052995,606.210000000001,9390.909999999989,145.17159688786387,2443.3210280315325
Matsuda,KEI,AZ-ワゴン,2008,31328,660 XG,1,1.0749888438133874,DBA-MJ23S,4,レギュラー,20.4,52324877,8.3126575,0.06666666666666667,19,0.0005987209487372517,0.9235641012591391,1.4142353929404787,14.892878429456832,212.1,2216.1,153.4767075,1710.4820035,0.029450798270358708,0.35643920094078174,585.6500000000015,7614.830000000002,191.04613287962547,2359.3370586091805
Matsuda,KEI,AZ-ワゴン,2009,27428,660 XG,1,1.090472222222222,DBA-MJ23S,4,レギュラー,20.4,52877802,8.3126575,0.06666666666666667,19,0.0005187053728140969,0.9291896626111653,1.338083907905583,15.29234281323246,189.79999999999998,2241.0,146.531739125,1757.343253875,0.02854033618173976,0.37773020708017047,614.4400000000023,7911.140000000014,194.67799942248485,2535.8497322830735
Matsuda,KEI,AZ-ワゴン,2010,24785,660 XG,1,1.125298445595855,DBA-MJ23S,4,レギュラー,20.4,53362801,8.3126575,0.06666666666666667,19,0.0004644621259667385,0.9249569564386247,1.3401544875738851,15.736810406137318,185.2,2364.0,146.800393375,1797.1126045,0.02870433636865824,0.3872526887802987,671.0400000000018,7428.860000000001,195.28684126957933,2558.723235630441
Matsuda,KEI,AZ-ワゴン,2011,21675,660 XG,1,1.1276355140186916,DBA-MJ23S,4,レギュラー,20.4,53783435,8.3126575,0.06666666666666667,19,0.00040300512602067903,0.9389811007794501,1.3401544875738851,14.615136572890206,182.4,2311.1,146.83789525,1689.599476615,0.02870433636865824,0.366101026225091,675.5200000000004,6411.849999999991,195.39327752081317,2398.7747186947563
Matsuda,KEI,AZ-ワゴン,2012,21363,660 XG,1,1.1288076923076924,DBA-MJ23S,4,レギュラー,20.4,54171475,8.3126575,0.06666666666666667,19,0.0003943588392230413,0.9197618488328037,1.5707870840820026,14.857650932354044,251.99999999999997,2436.7,178.708969625,1737.522296,0.030252530622612822,0.3605175761382231,725.6000000000022,6999.489999999991,236.95367461872684,2505.510840085368
Matsuda,KEI,AZ-ワゴン,2013,577,660 XG,1,1.1241335403726709,DBA-MJ23S,4,レギュラー,20.4,54594744,8.3126575,0.06666666666666667,19,1.0568782958300895e-05,0.9195631909181587,1.4293078400156407,14.354328297922345,259.6,2534.9,164.452622375,1718.40757225,0.02420693191729434,0.3194906531787507,626.0799999999999,6914.9499999999825,200.7024821278642,2495.0413737418166
Matsuda,KEI,キャロル,2006,8011,660 G,1,0.8633333333333334,CBA-HB24S,4,レギュラー,20.5,51102005,7.5114374999999995,0.07397260273972603,122,0.00015676488623098057,0.9152275336359111,1.5127076538205901,14.73762777077412,237.39999999999998,2156.5,174.90114400000002,1680.91027625,0.01993241623953046,0.24385053190481187,756.7199999999993,8505.25,287.53829043711175,3039.0860979353347
Matsuda,KEI,キャロル,2007,8217,660 GII,1,0.9147222222222223,DBA-HB24S,4,レギュラー,21.0,51713048,7.5114374999999995,0.07297297297297298,122,0.00015889606816446017,0.9201741889203668,1.3152387834346118,14.977829701044659,199.7,2196.7000000000003,138.63552337500002,1726.12296025,0.02352026485134298,0.25184231766874543,606.210000000001,9390.909999999989,197.31192974624946,3223.267273395777
Matsuda,KEI,キャロル,2008,8529,660 GII,1,0.9017342799188642,DBA-HB24S,4,レギュラー,21.0,52324877,7.5114374999999995,0.07297297297297298,122,0.00016300086094803433,0.9235641012591391,1.4079290866341725,14.892878429456832,211.5,2216.1,154.2779275,1710.4820035,0.023981909376360605,0.30069264563377773,679.25,8681.509999999995,260.1251619917257,3198.494630912719
Matsuda,KEI,キャロル,2009,8241,660 GII,1,0.9147222222222223,DBA-HB24S,4,レギュラー,21.0,52877802,7.5114374999999995,0.07297297297297298,122,0.0001558498970891415,0.9291896626111653,1.3317776015992768,15.29234281323246,189.2,2241.0,147.332959125,1757.343253875,0.023151306128292165,0.3187065829282081,709.960000000001,8997.619999999995,265.3067148076502,3424.7424838457264
Matsuda,KEI,キャロル,2010,11505,660 GS,1,0.9617316062176167,DBA-HB25S,4,レギュラー,21.8,53362801,7.686704375,0.07297297297297298,122,0.00021559962716349916,0.9249569564386247,1.3338481812675789,15.736810406137318,183.79999999999998,2364.0,147.4263465,1797.1126045,0.023289190895970785,0.32614560842044593,922.4800000000005,10026.14,249.2659312252904,3246.223049226479
Matsuda,KEI,キャロル,2011,10080,660 GS,1,0.9637289719626169,DBA-HB25S,4,レギュラー,21.8,53783435,7.686704375,0.07297297297297298,122,0.0001874183008206895,0.9389811007794501,1.3338481812675789,14.615136572890206,181.0,2311.1,147.463848375,1689.599476615,0.023289190895970785,0.31033508000099097,934.8000000000011,8566.449999999997,249.4193163082232,3051.826681171133
Matsuda,KEI,キャロル,2012,10463,660 GS,1,0.9647307692307693,DBA-HB25S,4,レギュラー,21.8,54171475,7.686704375,0.07297297297297298,122,0.0001931459315073108,0.9197618488328037,1.5644807777756964,14.857650932354044,250.59999999999997,2436.7,179.33492275,1737.522296,0.02457033657453689,0.30521533160548886,967.2400000000034,9038.729999999996,300.83475891942817,3178.4982774127966
Matsuda,KEI,キャロル,2013,8970,660 GS,1,0.9607360248447208,DBA-HB25S,4,レギュラー,21.8,54594744,7.686704375,0.075,122,0.0001643015305649203,0.9195631909181587,1.4209745066823074,14.354328297922345,258.2,2534.9,165.0785755,1718.40757225,0.01816291236147813,0.2549740704356007,787.3600000000006,8561.069999999978,256.75080676778225,3164.128670066926
Matsuda,KEI,キャロル,2014,8657,660 GS,1,0.9355554435483872,DBA-HB25S,4,レギュラー,21.8,55952365,7.686704375,0.075,122,0.00015472089517574458,0.9188134228106355,1.261500897271999,15.118280555838329,256.8,2646.0,154.501667625,1780.1683894999999,0.011253512978392166,0.3089296386737015,700.7999999999993,8681.559999999983,248.28414532852867,3359.365811122563
Matsuda,KEI,キャロル,2015,8054,660 GL,1,0.9150840000000001,DBA-HB36S,4,レギュラー,37.0,56412140,7.386246875,0.08,122,0.00014277068730241397,0.9279170405519096,1.260641486590197,14.935683305987123,278.8,2703.6,157.55283112499998,1759.7387522499998,0.006525442572376194,0.2783145105088831,4711.759999999998,60089.01999999999,295.13969442479356,3815.4756448212574
Matsuda,KEI,キャロル,2016,6909,660 GL,1,0.9159999999999999,DBA-HB36S,4,レギュラー,37.0,56950757,7.386246875,0.08,122,0.00012131533212104625,0.9300480413280547,1.1538794098364074,15.47894064374681,268.8,2870.2999999999997,147.816327375,1819.19732675,0.005902482895120548,0.30690547976970395,4087.7199999999975,59827.93000000002,289.63198620427784,3911.1693402995843
Matsuda,KEI,スクラムワゴン,2006,3206,660 PXターボ ハイルーフ,0,1.3926388888888888,ABA-DG64W,4,レギュラー,15.0,51102005,9.414335,0.06666666666666667,154,6.273726441849004e-05,0.9152275336359111,1.5200135898936495,14.73762777077412,242.89999999999998,2156.5,172.99824650000002,1680.91027625,0.025649259587197715,0.3071246409050099,274.3700000000008,3329.75,140.84957281623792,1408.6716791556428
Matsuda,KEI,スクラムワゴン,2007,3313,660 PXターボ ハイルーフ,0,1.3926388888888888,ABA-DG64W,4,レギュラー,15.0,51713048,9.414335,0.06666666666666667,154,6.406506922585572e-05,0.9201741889203668,1.321545089740918,14.977829701044659,205.7,2196.7000000000003,136.73262587500002,1726.12296025,0.028700697198209196,0.30777972011516574,230.60999999999967,3135.309999999983,92.01869924444145,1517.4066784397655
Matsuda,KEI,スクラムワゴン,2008,3373,660 PXターボ ハイルーフ,0,1.3728651115618664,ABA-DG64W,4,レギュラー,15.0,52324877,9.414335,0.06666666666666667,154,6.446264555958727e-05,0.9235641012591391,1.4142353929404787,14.892878429456832,217.5,2216.1,152.37503,1710.4820035,0.029450798270358708,0.35643920094078174,229.25,2874.709999999992,127.50815825883183,1519.9523007752505
Matsuda,KEI,スクラムワゴン,2009,2484,660 PXターボ ハイルーフ,0,1.3926388888888888,ABA-DG64W,4,レギュラー,15.0,52877802,9.414335,0.06666666666666667,154,4.697623399701826e-05,0.9291896626111653,1.338083907905583,15.29234281323246,195.2,2241.0,145.430061625,1757.343253875,0.02854033618173976,0.37773020708017047,208.36000000000058,3057.6199999999953,126.91282681567054,1632.2718616889688
Matsuda,KEI,スクラムワゴン,2010,2215,660 PXターボ ハイルーフ,0,1.4027409326424871,ABA-DG64W,4,レギュラー,14.4,53362801,9.414335,0.06666666666666667,154,4.150831587719693e-05,0.9249569564386247,1.3401544875738851,15.736810406137318,191.2,2364.0,145.698715875,1797.1126045,0.02870433636865824,0.3872526887802987,215.04000000000087,3224.060000000012,126.92972797775656,1645.6370826096681
Matsuda,KEI,スクラムワゴン,2011,2824,660 PXターボ ハイルーフ,0,1.4056542056074768,ABA-DG64W,4,レギュラー,14.4,53783435,9.414335,0.06666666666666667,154,5.2506873166431264e-05,0.9389811007794501,1.3401544875738851,14.615136572890206,188.4,2311.1,145.73621775,1689.599476615,0.02870433636865824,0.366101026225091,185.92000000000007,3660.25,126.95353428519957,1527.2838657658504
Matsuda,KEI,スクラムワゴン,2012,2386,660 PXターボ ハイルーフ,0,1.4071153846153848,ABA-DG64W,4,レギュラー,14.4,54171475,9.414335,0.06666666666666667,154,4.404532089997549e-05,0.9197618488328037,1.5707870840820026,14.857650932354044,258.0,2436.7,177.60729212500001,1737.522296,0.030252530622612822,0.3605175761382231,444.8000000000002,4919.889999999999,156.87892664334095,1606.5467185700982
Matsuda,KEI,スクラムワゴン,2013,1761,660 PXターボ ハイルーフ,0,1.4012888198757767,ABA-DG64W,4,レギュラー,14.4,54594744,9.414335,0.06666666666666667,154,3.22558523216081e-05,0.9195631909181587,1.4293078400156407,14.354328297922345,265.6,2534.9,163.350944875,1718.40757225,0.02420693191729434,0.3194906531787507,645.2800000000007,6431.349999999977,132.51009936758328,1599.1349168148954
Matsuda,KEI,スクラムワゴン,2014,1232,660 PXターボ ハイルーフ,0,1.4028296370967743,ABA-DG64W,4,レギュラー,14.4,55952365,9.414335,0.06666666666666667,154,2.2018729681935698e-05,0.9188134228106355,1.2698342306053323,15.118280555838329,264.20000000000005,2646.0,152.77403700000002,1780.1683894999999,0.015820194599592163,0.3814565368265628,805.8799999999983,7124.599999999991,131.0451385100564,1699.1494166325938
Matsuda,KEI,スクラムワゴン,2015,1531,660 PXターボ ハイルーフ,0,1.434564,ABA-DG17W,4,レギュラー,16.2,56412140,9.56456375,0.06808510638297872,154,2.7139548331263447e-05,0.9279170405519096,1.2725563802072182,14.935683305987123,299.6,2703.6,155.37451425,1759.7387522499998,0.012006369622674068,0.36956592256282716,1250.6399999999994,6574.779999999984,130.42409295661264,1687.573929991042
Matsuda,KEI,スクラムワゴン,2016,1537,660 PXターボ ハイルーフ,0,1.436,ABA-DG17W,4,レギュラー,16.2,56950757,9.56456375,0.06808510638297872,154,2.6988227742082517e-05,0.9300480413280547,1.1657943034534286,15.47894064374681,289.6,2870.2999999999997,145.6380105,1819.19732675,0.010603710660529508,0.40228050715170127,1317.1599999999999,7715.610000000001,130.41052875098194,1708.8495772226015
Matsuda,KEI,スピアーノ,2006,3340,660 G,1,1.0257222222222222,CBA-HF21S,4,レギュラー,19.8,51102005,7.536475625,0.06923076923076923,159,6.535947072918176e-05,0.9152275336359111,1.517449487329547,14.73762777077412,238.09999999999997,2156.5,174.876105875,1680.91027625,0.02343617214395613,0.28311839724160537,638.2100000000028,7349.2699999999895,284.80886840959147,3010.6746011265823
Matsuda,KEI,スピアーノ,2007,2451,660 GS,1,1.0586111111111112,CBA-HF21S,4,レギュラー,19.8,51713048,7.536475625,0.06835443037974684,159,4.7396161989910165e-05,0.9201741889203668,1.319857326027838,14.977829701044659,200.89999999999998,2196.7000000000003,138.61048525,1726.12296025,0.027205122254470165,0.2916320850973073,450.4500000000007,7270.029999999999,195.26823941411294,3193.722009509307
Matsuda,KEI,スピアーノ,2008,1538,660 GS,1,1.043580121703854,CBA-HF21S,4,レギュラー,19.8,52324877,7.536475625,0.06835443037974684,159,2.9393284574753994e-05,0.9235641012591391,1.4125476292273986,14.892878429456832,212.7,2216.1,154.252889375,1710.4820035,0.027870228374125672,0.34035043756195993,502.85000000000036,6656.149999999994,257.67493024983787,3169.3558359568888
Matsuda,KEI,フレア,2012,2958,660 XG,0,1.1963076923076925,DBA-MJ34S,4,レギュラー,28.8,54171475,8.212505,0.06666666666666667,210,5.4604383580103736e-05,0.9197618488328037,1.5707870840820026,14.857650932354044,243.59999999999997,2436.7,178.80912212500002,1737.522296,0.030252530622612822,0.3605175761382231,3175.0400000000027,28054.930000000022,246.27942390621865,2605.289792993455
Matsuda,KEI,フレア,2013,20319,660 XG,0,1.169636645962733,DBA-MJ34S,4,レギュラー,30.0,54594744,8.212505,0.06666666666666667,210,0.0003721786844535804,0.9195631909181587,1.4293078400156407,14.354328297922345,250.0,2534.9,164.552774875,1718.40757225,0.02420693191729434,0.3194906531787507,2991.5200000000004,29853.190000000002,208.82765011672564,2594.301624583728
Matsuda,KEI,フレア,2014,13538,660 XG,0,1.174227822580645,DBA-MJ34S,4,レギュラー,30.0,55952365,8.212505,0.06666666666666667,210,0.00024195581366399794,0.9188134228106355,1.2698342306053323,15.118280555838329,248.60000000000002,2646.0,153.97586700000002,1780.1683894999999,0.015820194599592163,0.3814565368265628,2503.159999999998,29850.679999999993,203.12386399357638,2758.030269923762
Matsuda,KEI,フレア,2015,9206,660 XG,0,1.164834,DBA-MJ34S,4,レギュラー,30.6,56412140,8.212505,0.06666666666666667,210,0.00016319182360392638,0.9279170405519096,1.2739748199235303,14.935683305987123,285.2,2703.6,156.726573,1759.7387522499998,0.012942548881448135,0.38326606533520646,2264.399999999998,29799.100000000006,215.90411991844212,2840.7680824600684
Matsuda,KEI,フレア,2016,7442,660 XG,0,1.166,DBA-MJ34S,4,レギュラー,30.6,56950757,8.212505,0.06666666666666667,210,0.0001306742946366806,0.9300480413280547,1.1672127431697408,15.47894064374681,275.2,2870.2999999999997,146.99006925,1819.19732675,0.011428156046313587,0.4165661191585075,1945.0,29508.570000000007,213.59754688640896,2902.6484947581957
Matsuda,KEI,フレアクロスオーバー,2014,9837,660 XG,0,1.2940675403225808,DBA-MS31S,4,レギュラー,29.2,55952365,8.337695625,0.06582278481012659,211,0.0001758102628905856,0.9188134228106355,1.2706781124618725,15.118280555838329,249.40000000000003,2646.0,153.850676375,1780.1683894999999,0.01639881065224369,0.3899781946216714,2238.5199999999986,26885.559999999998,193.59388607853907,2627.242837288377
Matsuda,KEI,フレアクロスオーバー,2015,6834,660 XG,0,1.335663,DAA-MS41S,4,レギュラー,32.0,56412140,8.337695625,0.06582278481012659,211,0.0001211441367053262,0.9279170405519096,1.2748187017800705,14.935683305987123,283.8,2703.6,156.601382375,1759.7387522499998,0.013528153270501664,0.39170315300647673,2694.7599999999984,35375.01999999999,205.68541679674172,2710.951988016146
Matsuda,KEI,フレアクロスオーバー,2016,5905,660 XG,0,1.338,DAA-MS41S,4,レギュラー,32.0,56950757,8.337695625,0.06582278481012659,211,0.00010368606689459808,0.9300480413280547,1.168056625026281,15.47894064374681,273.8,2870.2999999999997,146.864878625,1819.19732675,0.011945376720573248,0.4253610696298922,2315.7199999999975,35055.93000000002,203.74475178414468,2768.30473790834
Matsuda,KEI,フレアワゴン,2012,4103,660 LS,0,1.2596538461538462,DBA-MM21S,4,レギュラー,20.8,54171475,8.688229375,0.058695652173913045,212,7.574096884015065e-05,0.9197618488328037,1.5787580985747562,14.857650932354044,251.59999999999997,2436.7,178.33339775000002,1737.522296,0.039369363153976794,0.44748894890984126,787.840000000002,7522.130000000005,205.01948261416555,2158.1400710053094
Matsuda,KEI,フレアワゴン,2013,14356,660 XG,0,1.3082142857142858,DBA-MM32S,4,レギュラー,29.0,54594744,8.688229375,0.06190476190476191,212,0.0002629557160300999,0.9195631909181587,1.4340697447775455,14.354328297922345,251.0,2534.9,164.0770505,1718.40757225,0.028658389804064655,0.3655862968324326,2607.5200000000004,26190.98999999999,173.09180129766355,2149.258400018938
Matsuda,KEI,フレアワゴン,2014,13039,660 XG,0,1.3544909274193548,DBA-MM32S,4,レギュラー,29.0,55952365,8.688229375,0.06190476190476191,212,0.00023303751324899315,0.9188134228106355,1.274596135367237,15.118280555838329,249.60000000000002,2646.0,153.50014262500002,1780.1683894999999,0.01936510110422346,0.4323789366780839,2175.3599999999988,26174.679999999993,169.41130965345974,2286.38515817784
Matsuda,KEI,フレアワゴン,2015,8945,660 XG,0,1.3596390000000003,DAA-MM42S,4,レギュラー,32.0,56412140,8.688229375,0.06190476190476191,212,0.000158565159910615,0.9279170405519096,1.278736724685435,14.935683305987123,283.8,2703.6,156.250848625,1759.7387522499998,0.016526889570062264,0.433673933555492,2694.7599999999984,35375.01999999999,179.57440979300736,2372.480540943434
Matsuda,KEI,フレアワゴン,2016,7788,660 XG,0,1.361,DAA-MM42S,4,レギュラー,32.0,56950757,8.688229375,0.06190476190476191,212,0.00013674971870874343,0.9300480413280547,1.1719746479316455,15.47894064374681,273.8,2870.2999999999997,146.514344875,1819.19732675,0.014607959949517468,0.4690866422962323,2315.7199999999975,35055.93000000002,178.4915297856951,2417.9896233446925
Matsuda,KEI,ラピュタ,2006,218,660 E リミテッド,0,0.9897500000000001,UA-HP22S,4,レギュラー,19.8,51102005,7.736780625,0.07012987012987013,244,4.265977430826834e-06,0.9152275336359111,1.5165503864304462,14.73762777077412,238.09999999999997,2156.5,174.67580087500002,1680.91027625,0.022713088547961363,0.27516146135293784,638.2100000000028,7349.2699999999895,263.74082721853256,2790.062955145193
Matsuda,Regular,CX-3,2015,30020,1.5 XD ディーゼルターボ,0,2.3736240000000004,LDA-DK5FW,5,軽油,23.0,56412140,11.69533125,0.08333333333333333,29,0.0005321549581348979,0.9279170405519096,1.2573081532568637,14.935683305987123,292.8,2703.6,153.24374674999999,1759.7387522499998,0.00575449932844152,0.26040995513563603,954.159999999998,9789.819999999992,107.02883898307027,983.3696443332083
Matsuda,Regular,CX-3,2016,19872,1.5 XD ディーゼルターボ,0,2.376,LDA-DK5FW,5,軽油,23.0,56950757,11.69533125,0.08333333333333333,29,0.0003489330264740818,0.9300480413280547,1.1505460765030742,15.47894064374681,282.8,2870.2999999999997,143.507243,1819.19732675,0.0052988423851000055,0.28810143103361385,890.119999999999,9996.330000000016,103.20783296628315,977.7599618799795
Matsuda,Regular,CX-5,2012,35438,2.0 20C,0,2.128846153846154,DBA-KEEFW,5,レギュラー,16.0,54171475,14.242888,0.10616438356164383,30,0.0006541819287733997,0.9197618488328037,1.5312893671870254,14.857650932354044,256.4,2436.7,172.77873912500002,1737.522296,0.01695050344508353,0.210795779524104,400.0,4418.449999999997,292.7038857061634,1961.632991982573
Matsuda,Regular,CX-5,2013,38520,2.0 20C,0,2.1200310559006215,DBA-KEEFW,5,レギュラー,16.4,54594744,14.242888,0.10616438356164383,30,0.0007055624255697581,0.9195631909181587,1.3898101231206634,14.354328297922345,263.6,2534.9,158.522391875,1718.40757225,0.015254687104482745,0.1958761826227069,510.8799999999992,5408.549999999988,291.77995990814543,1910.353793465205
Matsuda,Regular,CX-5,2014,29466,2.0 20C,0,2.153086693548387,DBA-KEEFW,5,レギュラー,16.4,55952365,14.242888,0.10616438356164383,30,0.0005266265331233095,0.9188134228106355,1.230336513710355,15.118280555838329,262.20000000000005,2646.0,147.94548400000002,1780.1683894999999,0.012639204847618268,0.2247990538319482,615.4799999999996,5903.800000000003,278.2271644634093,1870.8581548063012
Matsuda,Regular,CX-5,2015,27243,2.0 20S,0,2.4435540000000002,DBA-KEEFW,5,レギュラー,16.4,56412140,14.242888,0.1054421768707483,30,0.00048292796550529726,0.9279170405519096,1.2351993097194487,14.935683305987123,299.40000000000003,2703.6,150.69619,1759.7387522499998,0.009078556876827293,0.22602981728239468,1222.119999999999,6471.3399999999965,257.8317989874786,1929.1638012687035
Matsuda,Regular,CX-5,2016,20235,2.0 20S,0,2.4459999999999997,DBA-KEEFW,5,レギュラー,16.4,56950757,14.242888,0.1054421768707483,30,0.00035530695404101476,0.9300480413280547,1.1284372329656591,15.47894064374681,289.40000000000003,2870.2999999999997,140.95968625,1819.19732675,0.009170063816046042,0.250567751312198,1286.119999999999,7578.090000000011,237.54029913679915,1951.0013608563459
Matsuda,Regular,CX-7,2007,5048,2.3,0,3.145,CBA-ER3P,5,ハイオク,9.1,51713048,14.396382,0.14512195121951219,31,9.761559597105937e-05,0.9201741889203668,1.2430898051880725,14.977829701044659,211.6,2196.7000000000003,131.75057887500003,1726.12296025,0.04349870839948056,0.46660631623454485,844.21,7585.679999999993,296.56220003940416,2230.6980378030494
Matsuda,Regular,CX-7,2008,1332,2.3,0,3.1003448275862073,CBA-ER3P,5,ハイオク,9.1,52324877,14.396382,0.14512195121951219,31,2.5456342687628296e-05,0.9235641012591391,1.3357801083876333,14.892878429456832,223.4,2216.1,147.39298300000002,1710.4820035,0.04632065752732195,0.5119796131499443,839.8999999999996,7696.190000000002,294.81538516400633,2270.4655122477707
Matsuda,Regular,CX-7,2009,573,2.3,0,3.0319444444444446,CBA-ER3P,5,ハイオク,9.0,52877802,14.44252425,0.14337349397590363,31,1.083630518530252e-05,0.9291896626111653,1.261377080596346,15.29234281323246,201.2,2241.0,140.401872375,1757.343253875,0.038593617335006325,0.4806261866465569,714.7600000000007,8061.620000000003,249.1342108251306,2193.1970356815655
Matsuda,Regular,CX-7,2010,642,2.3,0,3.053937823834197,CBA-ER3P,5,ハイオク,9.0,53362801,14.44252425,0.14337349397590363,31,1.2030852728289132e-05,0.9249569564386247,1.263447660264648,15.736810406137318,196.6,2364.0,140.670526625,1797.1126045,0.03843996232783181,0.4864073278813299,666.4800000000009,9043.100000000006,246.4494231635831,2286.453826896497
Matsuda,Regular,CX-7,2011,568,2.3,0,3.060280373831776,CBA-ER3P,5,ハイオク,9.0,53783435,14.44252425,0.14337349397590363,31,1.0560872506562661e-05,0.9389811007794501,1.263447660264648,14.615136572890206,193.8,2311.1,140.7080285,1689.599476615,0.03843996232783181,0.47622060407033473,607.1200000000003,10171.57,246.09609642156693,2049.7252855870174
Matsuda,Regular,CX-7,2012,33,2.3,0,3.0634615384615387,CBA-ER3P,5,ハイオク,9.0,54171475,14.44252425,0.14337349397590363,31,6.091766930843216e-07,0.9197618488328037,1.4940802567727656,14.857650932354044,263.4,2436.7,172.57910287500002,1737.522296,0.05294051006857037,0.49787819712231673,1238.6000000000004,12282.249999999993,315.38431132189635,2126.885340747016
Matsuda,Regular,MPV,2006,28419,2.3 23F,0,2.446111111111111,DBA-LY3P,8,レギュラー,12.2,51102005,15.149835000000003,0.09476744186046511,47,0.0005561229936085679,0.9152275336359111,1.491912814699851,14.73762777077412,245.7,2156.5,167.26274650000002,1680.91027625,0.013594570268765205,0.1502378028173652,423.8900000000003,4134.469999999994,443.4874000247373,2978.3438614718907
Matsuda,Regular,MPV,2007,20532,2.3 23F,0,2.446111111111111,DBA-LY3P,8,レギュラー,12.2,51713048,15.149835000000003,0.09476744186046511,47,0.0003970371268775339,0.9201741889203668,1.2934443145471195,14.977829701044659,208.5,2196.7000000000003,130.99712587500002,1726.12296025,0.014190974514464633,0.1510024319172203,400.28999999999905,3936.669999999991,387.9960695373161,2991.107553697024
Matsuda,Regular,MPV,2008,13446,2.3 23C,0,2.5329614604462476,DBA-LY3P,8,レギュラー,12.2,52324877,15.149835000000003,0.09421965317919075,47,0.0002569714592926802,0.9235641012591391,1.3866824064279546,14.892878429456832,220.3,2216.1,146.63953,1710.4820035,0.014337728332347255,0.2006874340561935,388.85000000000036,3860.8699999999953,384.93930786883175,3032.182793876753
Matsuda,Regular,MPV,2009,7033,2.3 23C,0,2.5694444444444446,DBA-LY3P,8,レギュラー,12.2,52877802,15.149835000000003,0.09421965317919075,47,0.0001330047720213484,0.9291896626111653,1.310530921393059,15.29234281323246,198.0,2241.0,139.694561625,1757.343253875,0.013190769323116108,0.20883136384029966,319.2399999999998,4030.9000000000087,323.1219116202956,2888.7325458088453
Matsuda,Regular,MPV,2010,6239,2.3 23C,0,2.5880829015544045,DBA-LY3P,8,レギュラー,12.2,53362801,15.149835000000003,0.09421965317919075,47,0.00011691665135793752,0.9249569564386247,1.312601501061361,15.736810406137318,193.4,2364.0,139.963215875,1797.1126045,0.013240668202686934,0.21159262075835494,300.40000000000055,4496.540000000001,320.05707988063114,3009.4547338501725
Matsuda,Regular,MPV,2011,4910,2.3 23C,0,2.593457943925234,DBA-LY3P,8,レギュラー,12.2,53783435,15.149835000000003,0.09421965317919075,47,9.129204930849062e-05,0.9389811007794501,1.312601501061361,14.615136572890206,190.60000000000002,2311.1,140.00071775,1689.599476615,0.013240668202686934,0.2079229001933398,258.96000000000004,5285.169999999998,319.6507021799489,2715.506636625185
Matsuda,Regular,MPV,2012,3016,2.3 23C,0,2.5961538461538463,DBA-LY3P,8,レギュラー,12.2,54171475,15.149835000000003,0.09421965317919075,47,5.5675057767948904e-05,0.9197618488328037,1.5432340975694785,14.857650932354044,260.2,2436.7,171.871792125,1737.522296,0.01537832461705596,0.20670705475872175,648.5200000000004,6863.370000000003,406.64639148746573,2808.598016404103
Matsuda,Regular,MPV,2013,1563,2.3 23C,0,2.5854037267080745,DBA-LY3P,8,レギュラー,12.2,54594744,15.149835000000003,0.09421965317919075,47,2.8629129573352336e-05,0.9195631909181587,1.4017548535031166,14.354328297922345,267.8,2534.9,157.615444875,1718.40757225,0.012696178718100137,0.18455041811361328,940.96,8923.949999999983,404.9243264814586,2738.675616715147
Matsuda,Regular,MPV,2014,633,2.3 23S,0,2.796595766129032,DBA-LY3P,8,レギュラー,11.0,55952365,15.149835000000003,0.09367816091954023,47,1.1313194714825728e-05,0.9188134228106355,1.2428227363524587,15.118280555838329,267.6,2646.0,147.03853700000002,1780.1683894999999,0.008585722820688702,0.22305715523291836,1404.9599999999991,11990.679999999993,383.8992788230553,2693.782969998101
Matsuda,Regular,MPV,2015,429,2.3 23S,0,2.774223,DBA-LY3P,8,レギュラー,11.0,56412140,15.149835000000003,0.09367816091954023,47,7.6047460706152964e-06,0.9279170405519096,1.2469633256706567,14.935683305987123,304.8,2703.6,149.789243,1759.7387522499998,0.005484390093400626,0.22606882609380952,2413.3599999999988,13476.219999999987,358.514424237962,2735.830528997096
Matsuda,Regular,MPV,2016,186,2.3 23S,0,2.7769999999999997,DBA-LY3P,8,レギュラー,11.0,56950757,15.149835000000003,0.09367816091954023,47,3.2659794144615146e-06,0.9300480413280547,1.1402012489168671,15.47894064374681,294.8,2870.2999999999997,140.05273925,1819.19732675,0.005406450314762945,0.2516762619477704,2517.3199999999997,15643.529999999999,329.22626817370383,2783.10474678404
Matsuda,Regular,RX-8,2006,5336,ベースモデル,0,2.6013055555555558,ABA-SE3P,4,ハイオク,9.0,51102005,10.518933,0.15789473684210525,62,0.00010441860353620176,0.9152275336359111,1.4287855197182109,14.73762777077412,248.89999999999998,2156.5,171.8936485,1680.91027625,0.08441686313014779,0.6501268746646591,921.1700000000001,7895.749999999993,112.17464284325206,953.9121195123225
Matsuda,Regular,RX-8,2007,4187,ベースモデル,0,2.6331666666666664,ABA-SE3P,4,ハイオク,9.0,51713048,10.518933,0.15671641791044777,62,8.096602621450586e-05,0.9201741889203668,1.2314953384971368,14.977829701044659,211.7,2196.7000000000003,135.62802787500002,1726.12296025,0.06030272729714575,0.6477343135474785,863.0099999999998,7751.709999999992,77.40688939493066,1028.8181820531681
Matsuda,Regular,RX-8,2008,3281,ベースモデル,0,2.6342799188640975,ABA-SE3P,4,ハイオク,9.0,52324877,10.601946,0.15808823529411764,62,6.270439966824957e-05,0.9235641012591391,1.3228138243130276,14.892878429456832,223.5,2216.1,151.187419,1710.4820035,0.06688970513400033,0.7154954402376159,859.25,7867.9100000000035,99.79583156516719,1022.9111396616208
Matsuda,Regular,RX-8,2009,1515,タイプG,0,2.703055555555556,ABA-SE3P,4,ハイオク,9.0,52877802,10.601946,0.15808823529411764,62,2.8650963971611378e-05,0.9291896626111653,1.246662339278132,15.29234281323246,201.2,2241.0,144.242450625,1757.343253875,0.05935557378181755,0.7048420166138012,714.7600000000007,8061.620000000003,91.9247863009191,1071.4679387265205
Matsuda,Regular,RX-8,2010,964,タイプG,0,2.722663212435233,ABA-SE3P,4,ハイオク,9.0,53362801,10.601946,0.15808823529411764,62,1.8065018738427917e-05,0.9249569564386247,1.248732918946434,15.736810406137318,196.6,2364.0,144.511104875,1797.1126045,0.059140982686247456,0.715286431994925,666.4800000000009,9043.100000000006,91.30357397801072,1085.458345095758
Matsuda,Regular,RX-8,2011,938,タイプG,0,2.728317757009346,ABA-SE3P,4,ハイオク,9.0,53783435,10.601946,0.15808823529411764,62,1.7440314104147493e-05,0.9389811007794501,1.248732918946434,14.615136572890206,193.8,2311.1,144.54860675,1689.599476615,0.059140982686247456,0.6937506751477125,607.1200000000003,10171.57,91.23830500691292,984.7571199463055
Matsuda,Regular,RX-8,2012,1848,タイプG,0,2.7311538461538465,ABA-SE3P,4,ハイオク,9.0,54171475,10.601946,0.15808823529411764,62,3.411389481272201e-05,0.9197618488328037,1.4793655154545515,14.857650932354044,263.4,2436.7,176.419681125,1737.522296,0.0801619265233055,0.7260149215229692,1238.6000000000004,12282.249999999993,116.77748682999163,1045.2788598240368
Matsuda,Regular,RX-8,2013,289,タイプG,0,2.7198447204968947,ABA-SE3P,4,ハイオク,9.0,54594744,10.601946,0.15808823529411764,62,5.2935498699288705e-06,0.9195631909181587,1.3378862713881898,14.354328297922345,271.0,2534.9,162.163333875,1718.40757225,0.07943739096556873,0.7359221967064631,1647.5200000000004,15106.989999999983,102.4990936873819,1035.7256594543724
Matsuda,Regular,アクセラ,2006,24220,1.5 15F,0,1.6403333333333334,DBA-BK5P,5,レギュラー,16.8,51102005,11.465566125000002,0.09421487603305785,79,0.0004739540063056234,0.9152275336359111,1.4924653805272583,14.73762777077412,241.09999999999997,2156.5,170.947015375,1680.91027625,0.013572832941872226,0.1510698964975994,319.01000000000204,4037.869999999981,120.61039555432217,851.5671802322831
Matsuda,Regular,アクセラ,2007,22948,1.5 15F,0,1.6444444444444446,DBA-BK5P,5,レギュラー,17.4,51713048,11.452784000000003,0.09421487603305785,79,0.0004437564770887224,0.9201741889203668,1.2939968803745268,14.977829701044659,203.29999999999998,2196.7000000000003,134.694176875,1726.12296025,0.014263178878125865,0.1517867048415864,259.8900000000003,4332.909999999974,91.70425676510968,903.1996706655409
Matsuda,Regular,アクセラ,2008,16617,1.5 15F,0,1.6210953346855987,DBA-BK5P,5,レギュラー,17.4,52324877,11.452784000000003,0.09421487603305785,79,0.0003175736084386782,0.9235641012591391,1.3866871835740875,14.892878429456832,215.1,2216.1,150.336581,1710.4820035,0.014338374614203842,0.20069469807700768,279.64999999999964,3901.4300000000076,105.95778754552703,926.975320434758
Matsuda,Regular,アクセラ,2009,26761,1.5 15C,0,1.7061111111111111,DBA-BL5FP,5,レギュラー,15.6,52877802,11.775523500000002,0.09024390243902439,79,0.0005060913840556383,0.9291896626111653,1.3145066721332253,15.29234281323246,194.6,2241.0,143.068873125,1757.343253875,0.01409330994736585,0.21895452045448183,213.16000000000076,3159.1399999999994,96.14471251047416,938.4885299222587
Matsuda,Regular,アクセラ,2010,26704,1.5 15C,0,1.7184870466321243,DBA-BL5FP,5,レギュラー,15.6,53362801,11.775523500000002,0.09024390243902439,79,0.0005004235066296464,0.9249569564386247,1.3165772518015273,15.736810406137318,190.0,2364.0,143.337527375,1797.1126045,0.014159673044234322,0.22231643762434894,225.60000000000036,3166.4600000000064,94.89292702140756,964.1808849738227
Matsuda,Regular,アクセラ,2011,18935,1.5 15C,0,1.7220560747663551,DBA-BL5FP,5,レギュラー,15.6,53783435,11.775523500000002,0.09024390243902439,79,0.0003520600720277535,0.9389811007794501,1.3165772518015273,14.615136572890206,187.20000000000002,2311.1,143.37502925,1689.599476615,0.014159673044234322,0.21706153709164644,203.19999999999982,3369.6100000000006,94.73963533689403,853.2126883839082
Matsuda,Regular,アクセラ,2012,16282,1.5 15C,0,1.7238461538461538,DBA-BL5FP,5,レギュラー,15.6,54171475,11.775523500000002,0.09024390243902439,79,0.0003005640883878462,0.9197618488328037,1.5472098483096448,14.857650932354044,256.79999999999995,2436.7,175.24610362500002,1737.522296,0.01593106153780216,0.21484052047417546,403.0400000000027,4471.809999999998,124.25754972172763,906.298921976595
Matsuda,Regular,アクセラ,2013,17991,1.5 15C,0,1.7704844720496897,DBA-BM5FP,5,レギュラー,19.6,54594744,11.961700500000001,0.08740157480314961,79,0.00032953721698923986,0.9195631909181587,1.4085729318791578,14.354328297922345,260.4,2534.9,160.803579375,1718.40757225,0.013282597314156097,0.1970187393187408,562.0800000000017,6234.789999999979,123.55867801634895,903.2917410404116
Matsuda,Regular,アクセラ,2014,42527,1.5 15C,0,1.7724193548387097,DBA-BM5FP,5,レギュラー,19.6,55952365,11.961700500000001,0.08740157480314961,79,0.0007600572379737658,0.9188134228106355,1.2490993224688494,15.118280555838329,259.0,2646.0,150.2266715,1780.1683894999999,0.008314610445459975,0.2400820265239636,560.4400000000005,6479.799999999988,121.52764223425356,906.461792067108
Matsuda,Regular,アクセラ,2015,24749,1.5 15C,0,1.75824,DBA-BM5FP,5,レギュラー,20.6,56412140,11.961700500000001,0.0880952380952381,79,0.0004387176235469883,0.9279170405519096,1.252546248494959,14.935683305987123,295.2,2703.6,152.9773775,1759.7387522499998,0.005231383129623318,0.24061433181330916,900.4000000000015,7071.099999999991,113.6820290450728,991.1149317387244
Matsuda,Regular,アクセラ,2016,26342,1.5 15C,0,1.76,DBA-BM5FP,5,レギュラー,20.6,56950757,11.961700500000001,0.08740157480314961,79,0.0004625399448158345,0.9300480413280547,1.1464778350332578,15.47894064374681,285.2,2870.2999999999997,143.24087375,1819.19732675,0.004983675288167788,0.2698188737742302,893.0000000000018,7554.570000000007,108.74652762683127,985.3369065165971
Matsuda,Regular,アテンザ,2006,12256,2.0 20F,0,1.9856666666666667,DBA-GGEP,5,レギュラー,14.2,51102005,11.899745,0.11029411764705882,82,0.000239834033909237,0.9152275336359111,1.4763861389132573,14.73762777077412,243.7,2156.5,170.51283650000002,1680.91027625,0.018449544390594985,0.1638058702102052,289.8900000000003,3322.869999999988,134.6713331820074,893.3549405410231
Matsuda,Regular,アテンザ,2007,7668,2.0 20F,0,1.9856666666666667,DBA-GGEP,5,レギュラー,14.2,51713048,11.899745,0.11029411764705882,82,0.0001482797919782257,0.9201741889203668,1.2779176387605258,14.977829701044659,206.5,2196.7000000000003,134.24721587500002,1726.12296025,0.015657287695440558,0.16666319737311053,256.6899999999996,3122.669999999991,107.18764920697322,936.2685086626516
Matsuda,Regular,アテンザ,2008,15867,2.0 20C,0,2.097292089249493,DBA-GHEFP,5,レギュラー,14.2,52324877,12.239028000000001,0.1079136690647482,82,0.00030324008215059923,0.9235641012591391,1.3729883905423972,14.892878429456832,218.3,2216.1,149.550337,1710.4820035,0.0152989895610523,0.2080033453382284,250.84999999999945,2916.470000000001,130.95912806732622,1031.394650834256
Matsuda,Regular,アテンザ,2009,7397,2.0 20C,0,2.1275,DBA-GHEFP,5,レギュラー,14.2,52877802,12.239028000000001,0.1079136690647482,82,0.00013988856798548472,0.9291896626111653,1.2968369055075015,15.29234281323246,196.0,2241.0,142.605368625,1757.343253875,0.013469652917565467,0.2107427657396772,217.64000000000033,3092.5,108.4345008397745,1001.3051257220723
Matsuda,Regular,アテンザ,2010,7105,2.0 20C,0,2.1739896373056995,DBA-GHEFP,5,レギュラー,13.4,53362801,12.239028000000001,0.10928571428571429,82,0.0001331451847889319,0.9249569564386247,1.2975354399548376,15.736810406137318,192.2,2364.0,142.874022875,1797.1126045,0.01377450147545567,0.21570891742723308,237.04000000000087,3615.260000000002,106.93367044306933,1034.6543455630308
Matsuda,Regular,アテンザ,2011,4584,2.0 20C,0,2.1785046728971964,DBA-GHEFP,5,レギュラー,13.4,53783435,12.239028000000001,0.10928571428571429,82,8.523070346845642e-05,0.9389811007794501,1.2975354399548376,14.615136572890206,189.4,2311.1,142.91152475,1689.599476615,0.01377450147545567,0.21517736687147915,202.32000000000062,4223.650000000009,106.74561418291387,912.0432592833531
Matsuda,Regular,アテンザ,2012,5222,2.0 20S,0,2.5961538461538463,DBA-GJEFP,5,レギュラー,17.4,54171475,12.96648,0.10839160839160839,82,9.639759670564628e-05,0.9197618488328037,1.529062142357061,14.857650932354044,254.99999999999997,2436.7,174.05514712500002,1737.522296,0.01778024349774271,0.2162927862855275,432.2000000000007,4609.689999999988,179.7213529444498,1187.6694610465056
Matsuda,Regular,アテンザ,2013,22388,2.0 20S,0,2.6060869565217395,DBA-GJEFP,5,レギュラー,17.4,54594744,12.96648,0.10839160839160839,82,0.00041007610549469745,0.9195631909181587,1.387582898290699,14.354328297922345,262.6,2534.9,159.79879987500001,1718.40757225,0.016236774895064365,0.20265948585651783,491.6800000000003,5341.149999999994,177.1338507752198,1157.0543998848443
Matsuda,Regular,アテンザ,2014,11397,2.0 20S,0,2.6102903225806453,DBA-GJEFP,5,レギュラー,17.4,55952365,12.96648,0.10839160839160839,82,0.00020369112190342625,0.9188134228106355,1.2281092888803906,15.118280555838329,261.20000000000005,2646.0,149.22189200000003,1780.1683894999999,0.013853795370709354,0.23009082792106694,565.2799999999988,5749.399999999994,171.31041066680154,1136.3017437142407
Matsuda,Regular,アテンザ,2015,12363,2.0 20S,0,2.7622350000000004,DBA-GJEFP,5,レギュラー,17.4,56412140,12.97982,0.1076388888888889,82,0.00021915495494409537,0.9279170405519096,1.2330025977013082,14.935683305987123,298.40000000000003,2703.6,151.959258,1759.7387522499998,0.010209716415492176,0.23062268794644725,1097.5200000000004,6134.139999999999,158.72837150792702,1216.8835117009003
Matsuda,Regular,アテンザ,2016,9425,2.0 20S,0,2.765,DBA-GJEFP,5,レギュラー,17.4,56950757,12.97982,0.10689655172413794,82,0.00016549384936182676,0.9300480413280547,1.1269828581122694,15.47894064374681,288.40000000000003,2870.2999999999997,142.22275425,1819.19732675,0.009904498946251256,0.25341050388016084,1147.7199999999993,7076.489999999991,148.22527036838164,1217.0008601009686
Matsuda,Regular,トリビュート,2006,362,2.3 LX,0,2.018555555555556,TA-EP3W,5,レギュラー,11.4,51102005,13.452655499999999,0.11056338028169015,186,7.083870779629879e-06,0.9152275336359111,1.476116876278626,14.73762777077412,246.49999999999997,2156.5,168.95992600000002,1680.91027625,0.018606044398293498,0.1646706486686722,515.5700000000006,4790.62999999999,237.4206588182351,1499.5098280729435
Matsuda,Regular,ビアンテ,2008,11060,2.0 20CS,0,2.2279929006085197,DBA-CCEFW,8,レギュラー,12.8,52324877,15.314084249999999,0.09207317073170732,200,0.00021137173432820493,0.9235641012591391,1.388828888875438,14.892878429456832,219.7,2216.1,146.47528075,1710.4820035,0.014697074737871907,0.20464089684633135,334.85000000000036,3451.550000000003,406.8468824834754,3220.843404780964
Matsuda,Regular,ビアンテ,2009,10864,2.0 20CS,0,2.191222222222222,DBA-CCEFW,8,レギュラー,12.0,52877802,15.314084249999999,0.09146341463414634,200,0.00020545483339114588,0.9291896626111653,1.3132871599381033,15.29234281323246,198.2,2241.0,139.530312375,1757.343253875,0.01376940908136573,0.21533845529430762,335.5600000000013,4191.620000000003,342.3072220398017,3072.0066580344937
Matsuda,Regular,ビアンテ,2010,11909,2.0 20CS,0,2.207117098445596,DBA-CCEFW,8,レギュラー,12.0,53362801,15.314084249999999,0.09146341463414634,200,0.00022317044414516397,0.9249569564386247,1.3153577396064053,15.736810406137318,193.6,2364.0,139.798966625,1797.1126045,0.013830721983921268,0.21850268232086112,314.880000000001,4687.100000000006,339.1541377819931,3199.679377605018
Matsuda,Regular,ビアンテ,2011,9656,2.0 20CS,0,2.211700934579439,DBA-CCEFW,8,レギュラー,12.0,53783435,15.314084249999999,0.09146341463414634,200,0.00017953483261156524,0.9389811007794501,1.3153577396064053,14.615136572890206,190.8,2311.1,139.8364685,1689.599476615,0.013830721983921268,0.21376762873421118,272.3199999999997,5502.970000000001,338.7354407716266,2891.0124227318374
Matsuda,Regular,ビアンテ,2012,8741,2.0 20CS,0,2.214,DBA-CCEFW,8,レギュラー,12.0,54171475,15.314084249999999,0.09146341463414634,200,0.0001613579840681835,0.9197618488328037,1.5459903361145229,14.857650932354044,260.4,2436.7,171.707542875,1737.522296,0.0157043748167614,0.21184149083547732,675.2000000000007,7112.049999999996,430.2725576201865,2988.375931782495
Matsuda,Regular,ビアンテ,2013,8490,2.0 20C スカイアクティブ,0,2.356854037267081,DBA-CCFFW,8,レギュラー,14.8,54594744,15.314084249999999,0.09096385542168675,200,0.0001555094754176336,0.9195631909181587,1.4050106512606206,14.354328297922345,265.2,2534.9,157.451195625,1718.40757225,0.01279063877390757,0.18878783017895628,608.1600000000017,6132.069999999978,428.2300054124098,2914.7253383955976
Matsuda,Regular,ビアンテ,2014,5621,2.0 20C スカイアクティブ,0,2.360540322580645,DBA-CCFFW,8,レギュラー,14.8,55952365,15.314084249999999,0.09096385542168675,200,0.00010046045417383161,0.9188134228106355,1.2455370418503122,15.118280555838329,263.8,2646.0,146.87428775,1780.1683894999999,0.008323443686045484,0.22894984360088388,758.1999999999998,6783.159999999989,405.6757802367101,2869.559059408639
Matsuda,Regular,ビアンテ,2015,3163,2.0 20C スカイアクティブ,0,2.3416560000000004,DBA-CCFFW,8,レギュラー,14.8,56412140,15.314084249999999,0.09096385542168675,200,5.606949142507269e-05,0.9279170405519096,1.2496776311685103,14.935683305987123,301.0,2703.6,149.62499375,1759.7387522499998,0.005244588607458883,0.2319726147036265,1483.8799999999992,7634.859999999986,379.3873228566745,2908.310371822052
Matsuda,Regular,ビアンテ,2016,2823,2.0 20C スカイアクティブ,0,2.344,DBA-CCFFW,8,レギュラー,14.8,56950757,15.314084249999999,0.09096385542168675,200,4.9569139177552986e-05,0.9300480413280547,1.1429155544147207,15.47894064374681,291.0,2870.2999999999997,139.88849,1819.19732675,0.005088253885120825,0.2580233091143991,1565.800000000001,9025.449999999997,348.29391778066383,2961.0709165179796
Matsuda,Regular,フォードエスケープ,2006,1034,2.3 XLT 4WD,0,2.6208333333333336,ABA-LFAL3,5,レギュラー,10.0,51102005,13.9497525,0.10129032258064516,208,2.023403974071076e-05,0.9152275336359111,1.485389933979671,14.73762777077412,247.89999999999998,2156.5,168.46282900000003,1680.91027625,0.014635762158696775,0.14724571565676925,728.3699999999999,6394.749999999993,287.63529652921625,1844.363828704103
Matsuda,Regular,プレマシー,2006,26883,2.0 20F,0,1.7914166666666669,DBA-CREW,7,レギュラー,14.0,51102005,12.695878375,0.1,221,0.0005260654645546686,0.9152275336359111,1.486680256560316,14.73762777077412,243.89999999999998,2156.5,169.716703125,1680.91027625,0.014315020260954436,0.14683834507562432,297.170000000001,3350.7499999999927,177.1055878899424,1114.9441018044454
Matsuda,Regular,プレマシー,2007,26146,2.0 20F,0,1.8171111111111113,DBA-CREW,7,レギュラー,14.4,51713048,12.864968875000002,0.09863945578231292,221,0.0005055977361844926,0.9201741889203668,1.2895723006252717,14.977829701044659,206.29999999999998,2196.7000000000003,133.281992,1726.12296025,0.01392486282345795,0.1480937059125873,248.4900000000007,3107.709999999992,159.70748067220484,1213.5057803684613
Matsuda,Regular,プレマシー,2008,21880,2.0 20F,0,1.765980730223124,DBA-CREW,7,レギュラー,14.0,52324877,12.695878375,0.1,221,0.00041815674024422457,0.9235641012591391,1.3809020596071453,14.892878429456832,218.5,2216.1,149.093486625,1710.4820035,0.014057327629882377,0.19691397231032637,259.25,2956.9100000000035,154.00488384493337,1177.2541605760925
Matsuda,Regular,プレマシー,2009,15204,2.0 20F,0,1.8705555555555557,DBA-CREW,7,レギュラー,15.0,52877802,12.864968875000002,0.10134228187919463,221,0.0002875308621943098,0.9291896626111653,1.303408292693055,15.29234281323246,195.2,2241.0,141.97942775,1757.343253875,0.012680546523377745,0.20271109201046755,208.36000000000058,3057.6199999999953,134.5782753942617,1189.7890787404249
Matsuda,Regular,プレマシー,2010,25564,2.0 20CS,0,1.8623844559585492,DBA-CWEFW,7,レギュラー,13.0,53362801,12.95835625,0.10204081632653061,221,0.0004790603101962358,0.9249569564386247,1.3047803379140213,15.736810406137318,192.6,2364.0,142.154694625,1797.1126045,0.012724504789086988,0.20488998116297585,253.6800000000012,3859.100000000006,137.53193600674103,1276.7563053394697
Matsuda,Regular,プレマシー,2011,20434,2.0 20CS,0,1.8662523364485983,DBA-CWEFW,7,レギュラー,13.0,53783435,12.95835625,0.10204081632653061,221,0.00037993110704067154,0.9389811007794501,1.3047803379140213,14.615136572890206,189.8,2311.1,142.1921965,1689.599476615,0.012724504789086988,0.20341599718003822,216.72000000000025,4530.769999999997,137.28992743035406,1127.567776155578
Matsuda,Regular,プレマシー,2012,15233,2.0 20CS,0,1.868192307692308,DBA-CWEFW,7,レギュラー,13.0,54171475,12.95835625,0.10204081632653061,221,0.00028119965350768096,0.9197618488328037,1.5354129344221388,14.857650932354044,259.4,2436.7,174.063270875,1737.522296,0.01585948632882017,0.2045466036090522,555.4000000000005,5988.649999999994,179.17966972690283,1184.3088212778748
Matsuda,Regular,プレマシー,2013,17778,2.0 20CS,0,1.860456521739131,DBA-CWEFW,7,レギュラー,13.0,54594744,12.95835625,0.10204081632653061,221,0.0003256357425176314,0.9195631909181587,1.3939336903557766,14.354328297922345,267.0,2534.9,159.806923625,1718.40757225,0.013855419778097289,0.18719313354046685,815.5200000000004,7851.789999999979,176.57114444421404,1153.8044074190548
Matsuda,Regular,プレマシー,2014,11544,2.0 20CS,0,1.863054435483871,DBA-CWEFW,7,レギュラー,13.0,55952365,12.95835625,0.10204081632653061,221,0.00020631835669502084,0.9188134228106355,1.2344600809454684,15.118280555838329,265.6,2646.0,149.23001575,1780.1683894999999,0.010783285360412509,0.21898222918781807,1010.5599999999995,8702.679999999993,170.78646291358245,1133.2127825727803
Matsuda,Regular,プレマシー,2015,6978,2.0 20CS,0,1.8481500000000002,DBA-CWEFW,7,レギュラー,13.0,56412140,12.95835625,0.10204081632653061,221,0.00012369677874301524,0.9279170405519096,1.2386006702636663,14.935683305987123,302.8,2703.6,151.98072175,1759.7387522499998,0.007612699989824556,0.22177443507961359,1870.159999999999,9861.819999999992,157.45783582148306,1208.9151174152285
Matsuda,Regular,プレマシー,2016,6063,2.0 20CS,0,1.85,DBA-CWEFW,7,レギュラー,13.0,56950757,12.95835625,0.10204081632653061,221,0.00010646039349397936,0.9300480413280547,1.131838593509877,15.47894064374681,292.8,2870.2999999999997,142.244218,1819.19732675,0.007683658764722601,0.24647937492415517,1966.12,11602.330000000002,147.09350144769542,1208.8012211196983
Matsuda,Regular,ボンゴフレンディ,2006,597,2.0 RS-V,0,2.156277777777778,GF-SGEW,8,レギュラー,8.4,51102005,15.303288,0.065625,227,1.1682516175245961e-05,0.9152275336359111,1.5210552565603161,14.73762777077412,249.49999999999997,2156.5,167.1092935,1680.91027625,0.02661217852447617,0.31743306681634476,1053.17,8938.429999999986,466.9469767101218,3154.084628619523
Matsuda,Regular,ロードスター,2006,4076,2.0,0,2.261111111111111,CBA-NCEC,2,ハイオク,13.4,51102005,8.554893000000002,0.1559633027522936,254,7.976203673417511e-05,0.9152275336359111,1.4307169538080227,14.73762777077412,244.49999999999997,2156.5,173.85768850000002,1680.91027625,0.08024066581487171,0.6173393627024719,327.170000000001,3505.4299999999857,191.85598329209142,2012.322089322497
Matsuda,Regular,ロードスター,2007,3851,2.0,0,2.261111111111111,CBA-NCEC,2,ハイオク,13.4,51713048,8.554893000000002,0.1559633027522936,254,7.446863313877766e-05,0.9201741889203668,1.2322484536552911,14.977829701044659,207.29999999999998,2196.7000000000003,137.59206787500003,1726.12296025,0.05909692020820312,0.6347363152866379,300.6900000000005,3303.309999999983,127.01924243024041,2152.4419199789445
Matsuda,Regular,ロードスター,2008,1871,2.0,0,2.2290060851926983,CBA-NCEC,2,ハイオク,13.4,52324877,8.554893000000002,0.1559633027522936,254,3.5757370246661065e-05,0.9235641012591391,1.3249387568548519,14.892878429456832,219.1,2216.1,153.234472,1710.4820035,0.06317326409435658,0.678687414319274,291.65000000000055,3150.230000000003,173.95267036585165,2143.546061262943
Matsuda,Regular,ロードスター,2009,1947,2.0 S,0,2.394722222222222,DBA-NCEC,2,ハイオク,12.6,52877802,8.608428,0.15315315315315314,254,3.682074379717977e-05,0.9291896626111653,1.2515974214190966,15.29234281323246,197.6,2241.0,146.235968625,1757.343253875,0.05171666728080809,0.6223076761524036,289.96000000000095,3745.9400000000023,173.14780106282433,2257.032350212019
Matsuda,Regular,ロードスター,2010,1112,2.0 S,0,2.4120932642487047,DBA-NCEC,2,ハイオク,12.6,53362801,8.608428,0.15315315315315314,254,2.0838486345572453e-05,0.9249569564386247,1.2536680010873986,15.736810406137318,193.0,2364.0,146.504622875,1797.1126045,0.051522513146723015,0.6309950524228718,274.8000000000011,4152.860000000008,173.5977229062196,2276.39968379683
Matsuda,Regular,ロードスター,2011,1081,2.0 S,0,2.417102803738318,DBA-NCEC,2,ハイオク,12.6,53783435,8.608428,0.15315315315315314,254,2.009912531618704e-05,0.9389811007794501,1.2536680010873986,14.615136572890206,190.20000000000002,2311.1,146.54212475,1689.599476615,0.051522513146723015,0.6137482087473201,235.60000000000036,4884.610000000001,173.68197526081394,2130.0020108545905
Matsuda,Regular,ロードスター,2012,939,2.0 S,0,2.4196153846153847,DBA-NCEC,2,ハイオク,12.6,54171475,8.608428,0.15315315315315314,254,1.7333845903217513e-05,0.9197618488328037,1.4843005975955161,14.857650932354044,259.79999999999995,2436.7,178.413199125,1737.522296,0.07021183314711865,0.642262104420591,599.2400000000016,6402.009999999995,211.40359890849913,2228.4088514188916
Matsuda,Regular,ロードスター,2013,758,2.0 S,0,2.409596273291926,DBA-NCEC,2,ハイオク,12.6,54594744,8.608428,0.15315315315315314,254,1.3884120420090257e-05,0.9195631909181587,1.3428213535291542,14.354328297922345,267.4,2534.9,164.156851875,1718.40757225,0.0696268760256189,0.6502735061507412,875.6800000000003,8364.18999999998,178.58086240737066,2219.237012039386
Matsuda,Regular,ロードスター,2014,592,2.0 S,0,2.3474485887096774,DBA-NCEC,2,ハイオク,12.6,55952365,8.608428,0.15315315315315314,254,1.0580428548462608e-05,0.9188134228106355,1.1833477441188458,15.118280555838329,266.0,2646.0,153.579944,1780.1683894999999,0.06981331916203964,0.6561420720426456,1079.8399999999992,9262.999999999985,174.59256422124963,2360.699778307917
Matsuda,Regular,ロードスター,2015,8547,1.5 S,0,2.4925050000000004,DBA-ND5RC,2,ハイオク,17.2,56412140,8.388768375000001,0.13232323232323231,254,0.0001515099409453355,0.9279170405519096,1.2083182542669646,14.935683305987123,298.6,2703.6,156.55030962499998,1759.7387522499998,0.03287361782935305,0.38176372732832675,1120.039999999999,6177.579999999987,201.6516299187324,2659.342570436591
Matsuda,Regular,ロードスター,2016,6155,1.5 S,0,2.495,DBA-ND5RC,2,ハイオク,17.2,56950757,8.388768375000001,0.13232323232323231,254,0.00010807582417210011,0.9300480413280547,1.101556177513175,15.47894064374681,288.6,2870.2999999999997,146.81380587499999,1819.19732675,0.03231349423022789,0.4090519258616867,1173.1599999999999,7152.009999999995,199.851238435675,2714.8932270784717
Matsuda,Regular,デミオ,2006,60086,1.3 カジュアル,0,1.2415555555555557,DBA-DY3W,5,レギュラー,19.2,51102005,10.08882,0.0834862385321101,181,0.0011758051371956932,0.9152275336359111,1.5031940180282062,14.73762777077412,238.7,2156.5,172.32376150000002,1680.91027625,0.015208323238335819,0.18513858388142834,549.8899999999994,6473.87000000001,118.40842625315781,1088.0527978285827
Matsuda,Regular,デミオ,2007,65507,1.3 13C,0,1.2333333333333334,DBA-DE3FS,5,レギュラー,21.0,51713048,9.712985625,0.09191919191919191,181,0.0012667402625349022,0.9201741889203668,1.2962925644883927,14.977829701044659,199.7,2196.7000000000003,136.43397525000003,1726.12296025,0.014654699909998375,0.15603237780141122,606.210000000001,9390.909999999989,84.69834445934475,1348.9616017727167
Matsuda,Regular,デミオ,2008,64990,1.3 13C,0,1.2107555780933064,DBA-DE3FS,5,レギュラー,21.0,52324877,9.712985625,0.09191919191919191,181,0.0012420478312830051,0.9235641012591391,1.3889828676879534,14.892878429456832,211.5,2216.1,152.07637937500002,1710.4820035,0.014728165936358395,0.20497763349040587,679.25,8681.509999999995,116.5569621960999,1355.1372008669423
Matsuda,Regular,デミオ,2009,55603,1.3 13C,0,1.2230555555555556,DBA-DE3FS,5,レギュラー,21.0,52877802,9.712985625,0.09191919191919191,181,0.0010515376565765726,0.9291896626111653,1.3128313826530578,15.29234281323246,189.2,2241.0,145.131411,1757.343253875,0.013659045046828688,0.2141030575495031,709.960000000001,8997.619999999995,114.39748278530533,1450.8912508735739
Matsuda,Regular,デミオ,2010,65949,1.3 13C,0,1.2319274611398965,DBA-DE3FS,5,レギュラー,21.0,53362801,9.712985625,0.09191919191919191,181,0.0012358609136728037,0.9249569564386247,1.3149019623213598,15.736810406137318,184.6,2364.0,145.40006525,1797.1126045,0.013718470503024854,0.21719645461664427,772.0800000000008,8467.100000000006,114.25391642804743,1463.3517339911923
Matsuda,Regular,デミオ,2011,61736,1.3 13C,0,1.1919532710280376,DBA-DE3FS,5,レギュラー,18.2,53783435,9.7504875,0.09191919191919191,181,0.0011478627201851276,0.9389811007794501,1.3149019623213598,14.615136572890206,184.60000000000002,2311.1,145.40006525,1689.599476615,0.013718470503024854,0.2126480516734479,378.9599999999991,4182.369999999995,112.83728385464838,1331.9339269731645
Matsuda,Regular,デミオ,2012,57820,1.3 13C,0,1.1931923076923079,DBA-DE3FS,5,レギュラー,18.2,54171475,9.7504875,0.09191919191919191,181,0.001067351405882893,0.9197618488328037,1.5455345588294773,14.857650932354044,254.2,2436.7,177.27113962500002,1737.522296,0.01563263401812437,0.21083517520819006,480.52000000000044,4982.969999999987,140.66250254139914,1404.7472406724992
Matsuda,Regular,デミオ,2013,43573,1.3 13C,0,1.1882515527950313,DBA-DE3FS,5,レギュラー,18.2,54594744,9.7504875,0.09191919191919191,181,0.0007981171227765076,0.9195631909181587,1.4040553147631154,14.354328297922345,261.8,2534.9,163.014792375,1718.40757225,0.012727758281161072,0.18721920052376007,499.3600000000006,5500.349999999977,119.43598580812113,1397.3017572771787
Matsuda,Regular,デミオ,2014,48564,1.3 13C,0,1.1571078629032259,DBA-DE3FS,5,レギュラー,18.2,55952365,9.7504875,0.09191919191919191,181,0.0008679525878843549,0.9188134228106355,1.244581705352807,15.118280555838329,260.40000000000003,2646.0,152.43788450000002,1780.1683894999999,0.008390550262316387,0.22662041039660874,546.7199999999975,5844.759999999995,118.63963000406511,1481.5633628353462
Matsuda,Regular,デミオ,2015,72771,1.3 13C,0,1.1808180000000001,DBA-DE3FS,5,レギュラー,18.2,56412140,9.7504875,0.09191919191919191,181,0.001289988289754652,0.9279170405519096,1.248722294671005,14.935683305987123,297.6,2703.6,155.1885905,1759.7387522499998,0.0053037838715361,0.2296426354338057,1019.4399999999987,6080.37999999999,122.9588105476405,1571.888488290082
Matsuda,Regular,デミオ,2016,57320,1.3 13C,0,1.35,DBA-DJ3FS,5,レギュラー,24.6,56950757,10.32255,0.08932038834951456,181,0.0010064835485856668,0.9300480413280547,1.1445590214868928,15.47894064374681,281.2,2870.2999999999997,144.88002425,1819.19732675,0.004995857191543551,0.262976428802848,977.7999999999993,12616.170000000013,106.16591710437706,1287.4910678724118
Matsuda,Regular,ベリーサ,2006,12864,1.5 C,0,1.6033333333333335,DBA-DC5W,5,レギュラー,18.4,51102005,10.30856625,0.10272727272727272,225,0.00025173180582640543,0.9152275336359111,1.4839529838330434,14.73762777077412,239.49999999999997,2156.5,172.10401525,1680.91027625,0.015059574233435347,0.14827938368131877,451.1700000000001,5472.4299999999785,114.43770012833329,1012.6782107031613
Matsuda,Regular,ベリーサ,2007,13850,1.5 C,0,1.6033333333333335,DBA-DC5W,5,レギュラー,18.4,51713048,10.30856625,0.10272727272727272,225,0.0002678240895798677,0.9201741889203668,1.2854844836803119,14.977829701044659,202.29999999999998,2196.7000000000003,135.838394625,1726.12296025,0.014099456290723733,0.1499361528791261,319.6899999999996,5345.309999999998,77.55602516833324,1093.4625240441674
Matsuda,Regular,ベリーサ,2008,11912,1.5 C,0,1.5805679513184585,DBA-DC5W,5,レギュラー,18.4,52324877,10.30856625,0.10272727272727272,225,0.00022765462019146265,0.9235641012591391,1.3781747868798726,14.892878429456832,214.1,2216.1,151.48079875,1710.4820035,0.014273068461777283,0.198613974265355,351.64999999999964,4839.229999999996,102.7064656337302,1106.3445763527416
Matsuda,Regular,ベリーサ,2009,10163,1.5 C,0,1.6033333333333335,DBA-DC5W,5,レギュラー,18.4,52877802,10.30856625,0.10272727272727272,225,0.00019219785270197122,0.9291896626111653,1.302023301844977,15.29234281323246,191.79999999999998,2241.0,144.535830375,1757.343253875,0.012746295661166362,0.2033120210826702,368.84000000000015,5079.940000000002,96.89511505452901,1170.128217544494
Matsuda,Regular,ベリーサ,2010,10610,1.5 C,0,1.6046113989637305,DBA-DC5W,5,レギュラー,16.4,53362801,10.30856625,0.10272727272727272,225,0.0001988276439986724,0.9249569564386247,1.304093881513279,15.736810406137318,189.2,2364.0,144.804484625,1797.1126045,0.012760963132613323,0.20521275370405911,255.04000000000087,3377.6600000000035,96.43153816502354,1182.9147847766726
Matsuda,Regular,ベリーサ,2011,7575,1.5 C,0,1.6079439252336452,DBA-DC5W,5,レギュラー,16.4,53783435,10.30856625,0.10272727272727272,225,0.0001408426218965003,0.9389811007794501,1.304093881513279,14.615136572890206,186.4,2311.1,144.8419865,1689.599476615,0.012760963132613323,0.20387308643188895,237.1199999999999,3409.4500000000116,96.38827377534972,1080.476419028746
Matsuda,Regular,ベリーサ,2012,6217,1.5 C,0,1.609615384615385,DBA-DC5W,5,レギュラー,16.4,54171475,10.30856625,0.10272727272727272,225,0.0001147651969971281,0.9197618488328037,1.5347264780213965,14.857650932354044,255.99999999999997,2436.7,176.713060875,1737.522296,0.016000999324357112,0.20523299925384597,402.4000000000033,4413.090000000011,122.22394869433492,1144.5784450223
Matsuda,Regular,ベリーサ,2013,4227,1.5 C,0,1.6132919254658387,DBA-DC5W,5,レギュラー,16.4,54594744,10.30856625,0.10272727272727272,225,7.742503564079355e-05,0.9195631909181587,1.3932472339550346,14.354328297922345,263.6,2534.9,162.456713625,1718.40757225,0.01405060707355843,0.18828941854255143,510.8799999999992,5408.549999999988,105.71522922376698,1136.078940615007
Matsuda,Regular,ベリーサ,2014,2374,1.5 C,0,1.6163256048387098,DBA-DC5W,5,レギュラー,16.4,55952365,10.30856625,0.10272727272727272,225,4.242894826697674e-05,0.9188134228106355,1.2337736245447262,15.118280555838329,262.20000000000005,2646.0,151.87980575,1780.1683894999999,0.011056851650333432,0.21959193181688175,615.4799999999996,5903.800000000003,105.52983682821741,1196.1838733653858
Matsuda,Regular,ベリーサ,2015,998,1.5 C,0,1.6033950000000001,DBA-DC5W,5,レギュラー,16.4,56412140,10.30856625,0.10272727272727272,225,1.7691227455650503e-05,0.9279170405519096,1.2379142138629242,14.935683305987123,299.40000000000003,2703.6,154.63051174999998,1759.7387522499998,0.007880581611664772,0.22235369907971636,1222.119999999999,6471.3399999999965,106.7787962395978,1286.922628373024
Mercedes,Foreign,Aクラス,2006,5157,A170,0,2.59,DBA-169032,5,ハイオク,12.2,51102005,10.838423749999999,0.08854961832061069,20,0.00010091580555400908,0.9152275336359111,0.6176593264534163,15.61809908256041,50.2,2352.0,63.75833175,1788.72610225,0.010056609759245244,0.16870662998689223,38.73999999999978,4519.619999999995,23.186717132498416,978.1450683960793
Mercedes,Foreign,Aクラス,2007,3578,A170,0,2.59,DBA-169032,5,ハイオク,12.2,51713048,10.838423749999999,0.08854961832061069,20,6.91895012647485e-05,0.9201741889203668,0.6299192039827609,15.647572635148872,49.900000000000006,2355.3,64.30524824999999,1797.1262491250002,0.0099955076259369,0.17064774767412505,39.72999999999979,4297.229999999996,23.859362352475955,1011.8937242926695
Mercedes,Foreign,Aクラス,2008,3016,A170,0,2.6038843813387427,DBA-169032,5,ハイオク,12.2,52324877,10.838423749999999,0.08854961832061069,20,5.763988704646167e-05,0.9235641012591391,0.4735973649023011,15.811633505841067,41.400000000000006,2395.0,50.950364500000006,1810.4825802500002,0.005402433719215172,0.22431169776939663,26.039999999999964,4223.679999999993,17.61392759272553,1056.1701180213931
Mercedes,Foreign,Aクラス,2009,2079,A180,0,2.7647222222222223,DBA-169032,5,ハイオク,13.0,52877802,10.936954874999998,0.08854961832061069,20,3.931706541054789e-05,0.9291896626111653,0.47213437006581227,16.136409399418287,45.0,2393.2,51.38227725,1849.868418375,0.005304089888071364,0.23403709504711134,25.800000000000182,3748.979999999996,18.145338131325616,1061.8577295747891
Mercedes,Foreign,Aクラス,2010,2322,A180,0,2.7847772020725388,DBA-169032,5,ハイオク,13.0,53362801,10.936954874999998,0.08854961832061069,20,4.351345799857845e-05,0.9249569564386247,0.47131110384657293,16.583770838210686,45.4,2511.2,51.38227725,1889.90642325,0.005247237293996704,0.23782364488524044,24.52000000000021,4088.2600000000093,18.145338131325616,1077.2636414837543
Mercedes,Foreign,Aクラス,2013,12440,A180,0,2.937018633540373,DBA-176042,5,ハイオク,15.9,54594744,10.957947,0.08531468531468532,20,0.00022786076256718047,0.9195631909181587,0.3122555780933063,15.45273254119666,45.9,2753.1,37.058378250000004,1843.156526875,0.001856195575642268,0.21548868305387447,2.4200000000003,6083.309999999983,7.233024017360663,1043.22920480014
Mercedes,Foreign,Aクラス,2014,9461,A180,0,2.9406048387096773,DBA-176042,5,ハイオク,15.9,55952365,10.957947,0.08531468531468532,20,0.00016909026097467015,0.9188134228106355,0.6311787651984598,15.738288002597184,97.6,2811.1,75.96065875,1855.4381557499999,0.006372383497493292,0.25050943650050517,4.640000000000327,6742.190000000002,23.054705163447352,1062.281566065656
Mercedes,Foreign,Aクラス,2015,6752,A180,0,2.9770200000000004,DBA-176042,5,ハイオク,17.6,56412140,10.957947,0.08531468531468532,20,0.00011969054887830881,0.9279170405519096,0.4654826156873373,15.725527491575297,90.0,2911.8,63.82592425,1849.893959,0.0006794768143035673,0.2561216500693617,13.299999999999727,7165.599999999977,21.351514252908828,1151.313058015512
Mercedes,Foreign,Aクラス,2016,6973,A180 スタイル,0,2.98,DBA-176042,5,ハイオク,17.6,56950757,10.98349,0.08531468531468532,20,0.0001224391099840868,0.9300480413280547,0.5131699698738009,16.114335398394733,83.5,3075.0,66.378977,1897.037434,0.00218033330597546,0.2814635153754339,35.78999999999951,8100.979999999981,32.5153199942215,1131.0823029630847
Mercedes,Foreign,Bクラス,2006,7189,B170,0,3.0761388888888894,CBA-245232,5,ハイオク,12.8,51102005,12.198963,0.08405797101449275,22,0.00014067941169822984,0.9152275336359111,0.6221509737595342,15.61809908256041,49.599999999999994,2352.0,62.3977925,1788.72610225,0.011748938286031366,0.18573712155787092,53.86000000000013,4082.219999999994,8.26270291652122,1094.4606828127799
Mercedes,Foreign,Bクラス,2007,6469,B170,0,3.073055555555556,CBA-245232,5,ハイオク,12.8,51713048,12.198963,0.08405797101449275,22,0.00012509415418715988,0.9201741889203668,0.6344108512888789,15.647572635148872,49.3,2355.3,62.944708999999996,1797.1262491250002,0.011797970244479053,0.18794300885127502,55.210000000000264,3855.8699999999953,7.447145407053313,1105.3518796509743
Mercedes,Foreign,Bクラス,2008,5033,B170,0,3.0496855983772826,CBA-245232,5,ハイオク,12.8,52324877,12.198963,0.08405797101449275,22,9.61875170772021e-05,0.9235641012591391,0.47808901220841904,15.811633505841067,40.8,2395.0,49.589825250000004,1810.4825802500002,0.006575903616623552,0.2423054736686625,36.720000000000255,3749.6800000000076,6.198128798622747,1144.6279168073816
Mercedes,Foreign,Bクラス,2009,3435,B180,0,3.073055555555556,CBA-245232,5,ハイオク,13.8,52877802,12.213247500000001,0.08405797101449275,22,6.496109652969312e-05,0.9291896626111653,0.4766260173719302,16.136409399418287,44.2,2393.2,50.105984625,1849.868418375,0.006464417271847392,0.2541731360676813,40.200000000000045,3371.7000000000116,6.80234821007457,1096.8865323036007
Mercedes,Foreign,Bクラス,2010,3665,B180,0,3.0953471502590673,CBA-245232,5,ハイオク,13.8,53362801,12.213247500000001,0.08405797101449275,22,6.868080256881569e-05,0.9249569564386247,0.4758027511526909,16.583770838210686,44.599999999999994,2511.2,50.105984625,1889.90642325,0.006400169034780995,0.25887729585402575,38.28000000000043,3607.940000000017,6.80234821007457,1128.2777537631046
Mercedes,Foreign,Bクラス,2011,3062,B180,0,3.1017757009345797,CBA-245232,5,ハイオク,13.8,53783435,12.213247500000001,0.08405797101449275,22,5.693202749136421e-05,0.9389811007794501,0.41394486215538845,15.523954893960877,35.2,2464.9,38.189831489999996,1794.346950375,0.011246209337273091,0.2456813545560239,19.959999999999923,4135.690000000002,2.2417609632663016,1010.8015666026549
Mercedes,Foreign,Bクラス,2012,6671,B180,0,3.105,CBA-245232,5,ハイオク,13.8,54171475,12.213247500000001,0.08405797101449275,22,0.00012314599150198513,0.9197618488328037,0.23908771929824563,16.171958992789975,23.999999999999996,2671.2999999999997,25.032161249999994,1887.298514375,0.0030017197299619935,0.25178238923171214,18.000000000000114,5771.970000000016,1.3498266514371835,1097.9454697680194
Mercedes,Foreign,Bクラス,2013,5955,B180,0,3.092142857142858,DBA-246242,5,ハイオク,16.0,54594744,11.998948500000001,0.08413793103448276,22,0.0001090764341710257,0.9195631909181587,0.31343233237350887,15.45273254119666,45.8,2753.1,36.01737675,1843.156526875,0.001994264227613861,0.21995216671836637,2.8200000000001637,6043.0899999999965,2.8555414012580513,1029.477810511722
Mercedes,Foreign,Bクラス,2014,4495,B180,0,3.011098790322581,DBA-246242,5,ハイオク,16.0,55952365,11.998948500000001,0.08413793103448276,22,8.03361931171274e-05,0.9188134228106355,0.6323555194786624,15.738288002597184,97.5,2811.1,74.91965725,1855.4381557499999,0.006662828325687334,0.25564497738787395,4.269999999999982,6690.37000000001,9.377045792032504,1022.9597836146131
Mercedes,Foreign,CLA,2014,4376,CLA180,0,3.464274193548387,DBA-117342,5,ハイオク,17.4,55952365,11.810656,0.08299319727891157,24,7.820938400012225e-05,0.9188134228106355,0.6335002532342336,15.738288002597184,96.1,2811.1,75.10794975,1855.4381557499999,0.006963972293274168,0.2610659733808953,13.789999999999964,6300.889999999999,10.727099251182608,1004.3827686471195
Mercedes,Foreign,CLA,2015,8054,CLA180,0,3.5064900000000008,DBA-117342,5,ハイオク,17.4,56412140,11.810656,0.08299319727891157,24,0.00014277068730241397,0.9279170405519096,0.46780410372311104,15.725527491575297,90.19999999999999,2911.8,62.97321525,1849.893959,0.0008924670885242098,0.2670096649381839,14.3400000000006,7217.319999999978,10.303710286638307,1083.4544408344518
Mercedes,Foreign,CLA,2016,8557,CLA180,0,3.59,DBA-117342,5,ハイオク,17.4,56950757,11.810656,0.08299319727891157,24,0.00015025261209433967,0.9300480413280547,0.5154914579095747,16.114335398394733,83.69999999999999,3075.0,65.55181100000001,1897.037434,0.0026147348245992574,0.2925938571089781,34.23000000000047,8189.979999999996,17.65937065859316,1066.0430096474738
Mercedes,Foreign,CLS,2006,3102,CLS350,0,8.957083333333333,DBA-219356C,4,ハイオク,8.5,51102005,13.178343749999998,0.15632183908045977,25,6.0702119222132284e-05,0.9152275336359111,0.5498871056935672,15.61809908256041,53.9,2352.0,61.418411750000004,1788.72610225,0.013906807556262335,0.6904418247765722,40.960000000000036,9746.609999999993,11.269724524978528,1542.5661288098345
Mercedes,Foreign,CLS,2007,2700,CLS350,0,9.044444444444444,DBA-219356C,4,ハイオク,8.5,51713048,13.178343749999998,0.15632183908045977,25,5.221119435853017e-05,0.9201741889203668,0.5621469832229118,15.647572635148872,53.6,2355.3,61.96532825,1797.1262491250002,0.012183947170139126,0.6883879662386008,39.73000000000002,9548.639999999992,9.38288803159594,1537.0034413549292
Mercedes,Foreign,CLS,2011,2305,CLS350 ブルーエフィシェンシー,0,9.64766355140187,RBA-218359C,4,ハイオク,12.4,53783435,13.157670240000002,0.17485714285714285,25,4.2857061844413616e-05,0.9389811007794501,0.3231456903127383,15.523954893960877,36.6,2464.9,37.245408749999996,1794.346950375,0.014846831351395653,1.0940042134334522,10.440000000000055,5315.330000000002,2.881619628223575,1359.4534169738108
Mercedes,Foreign,Cクラス,2006,8042,C180 コンプレッサー アバンギャルド,0,4.20875,DBA-203046,5,ハイオク,11.4,51102005,11.179908750000001,0.09662162162162162,32,0.00015737151604912567,0.9152275336359111,0.6095873231524054,15.61809908256041,51.0,2352.0,63.41684675,1788.72610225,0.00762378505280234,0.15422569003749675,25.299999999999955,5280.9000000000015,17.352952671238427,952.0087158706301
Mercedes,Foreign,Cクラス,2007,12268,C200 コンプレッサー エレガンス,0,4.625,DBA-204041,5,ハイオク,11.2,51713048,11.72682525,0.12348993288590604,32,0.00023723219718164746,0.9201741889203668,0.5949788894174656,15.647572635148872,50.900000000000006,2355.3,63.41684675,1797.1262491250002,0.004240826029301176,0.25517337805422624,23.529999999999973,5287.229999999996,10.625866868700768,1006.2275819249044
Mercedes,Foreign,Cクラス,2008,14427,C200 コンプレッサー,0,4.326298174442192,DBA-204041,5,ハイオク,11.2,52324877,11.72682525,0.12348993288590604,32,0.00027571971167748757,0.9235641012591391,0.43865705033700575,15.811633505841067,42.400000000000006,2395.0,50.061963000000006,1810.4825802500002,0.0031628919649332177,0.304781379909254,16.239999999999895,5269.679999999993,8.062428561127945,1046.819407501207
Mercedes,Foreign,Cクラス,2009,9384,C200 コンプレッサー,0,4.3886111111111115,DBA-204041,5,ハイオク,11.2,52877802,11.72682525,0.12348993288590604,32,0.00017746577287762453,0.9291896626111653,0.43719405550051693,16.136409399418287,46.8,2393.2,50.592406875,1849.868418375,0.003166783133378051,0.299219962036783,16.800000000000182,5351.340000000004,9.204350166010727,1021.6784164362034
Mercedes,Foreign,Cクラス,2010,9206,C200 CGI ブルーエフィシェンシー ライト,0,4.130580310880829,DBA-204048,5,ハイオク,11.6,53362801,11.72682525,0.12266666666666666,32,0.00017251718102278776,0.9249569564386247,0.437194055500517,16.583770838210686,46.8,2511.2,50.592406875,1889.90642325,0.0030760276754518423,0.29524759604451667,15.840000000000146,5437.020000000011,9.204350166010727,1045.4404545204525
Mercedes,Foreign,Cクラス,2011,11710,C180 ブルーエフィシェンシー,0,4.139158878504673,DBA-204049,5,ハイオク,13.2,53783435,11.752401749999999,0.104,32,0.00021772503002086052,0.9389811007794501,0.3940028331698812,15.523954893960877,35.8,2464.9,38.65067724,1794.346950375,0.00638486550510288,0.2115632090184385,13.960000000000036,4566.369999999995,4.519980030765055,941.6989527691112
Mercedes,Foreign,Cクラス,2012,15479,C180 ブルーエフィシェンシー,0,4.143461538461539,DBA-204049,5,ハイオク,14.4,54171475,11.752401749999999,0.104,32,0.0002857407888561277,0.9197618488328037,0.2191456903127384,16.171958992789975,23.4,2671.2999999999997,25.493007,1887.298514375,0.0013641308112253211,0.2218212707223861,23.40000000000009,5341.290000000008,2.5452005017781403,1026.1597815621644
Mercedes,Foreign,Cクラス,2013,12238,C180,0,4.126304347826087,DBA-204049,5,ハイオク,14.4,54594744,11.752401749999999,0.104,32,0.0002241607726926973,0.9195631909181587,0.29357026340799164,15.45273254119666,47.4,2753.1,36.263923500000004,1843.156526875,0.001148362491663578,0.20399505763834558,6.020000000000209,7070.610000000001,3.108806426922115,1001.3953994364929
Mercedes,Foreign,Cクラス,2014,15867,C180,0,4.219566532258065,DBA-205040C,5,ハイオク,17.3,55952365,12.266460500000003,0.10469798657718121,32,0.00028358050638252735,0.9188134228106355,0.611795463935964,15.738288002597184,96.2,2811.1,74.65214524999999,1855.4381557499999,0.004377876730493169,0.2296811391554665,12.199999999999818,6307.9100000000035,8.31252231610074,1068.861934557899
Mercedes,Foreign,Cクラス,2015,21031,C180,0,4.2657300000000005,DBA-205040C,5,ハイオク,17.3,56412140,12.266460500000003,0.10469798657718121,32,0.00037280982426832237,0.9279170405519096,0.4460993144248414,15.725527491575297,90.3,2911.8,62.51741075,1849.893959,0.0014253739523509001,0.23210496152015248,15.039999999999964,7247.949999999968,7.97680848664254,1142.0132883525803
Mercedes,Foreign,Cクラス,2016,17760,C180,0,4.36,DBA-205040C,5,ハイオク,17.3,56950757,12.266460500000003,0.10469798657718121,32,0.0003118483569937446,0.9300480413280547,0.49378666861130505,16.114335398394733,83.8,3075.0,65.0960065,1897.037434,0.0010775537388076628,0.2571063566958691,33.629999999999654,8239.369999999995,12.981797765535703,1125.5232732552176
Mercedes,Foreign,Eクラス,2006,9639,E300,1,6.906666666666667,DBA-211054C,5,ハイオク,9.1,51102005,13.108095,0.1375,33,0.0001886227360355039,0.9152275336359111,0.568708944774027,15.61809908256041,53.3,2352.0,61.4886605,1788.72610225,0.007309505546715445,0.39905200773978144,29.440000000000055,8603.249999999993,10.670845396005234,1500.269949562593
Mercedes,Foreign,Eクラス,2007,8591,E250,1,6.577777777777778,DBA-211052C,5,ハイオク,9.0,51713048,13.108095,0.12289156626506025,33,0.0001661282854570862,0.9201741889203668,0.5955772560383114,15.647572635148872,53.1,2355.3,62.035576999999996,1797.1262491250002,0.004216082761555329,0.25045854042983695,30.129999999999995,8584.589999999997,8.86084930358129,1495.887461743252
Mercedes,Foreign,Eクラス,2008,4657,E250 アバンギャルド,1,6.5856997971602445,DBA-211052C,5,ハイオク,9.0,52324877,12.931555000000001,0.12289156626506025,33,8.900164256477851e-05,0.9235641012591391,0.43925541695785153,15.811633505841067,44.6,2395.0,48.85723325,1810.4825802500002,0.003098499621043291,0.3001154529173973,29.879999999999995,8697.279999999999,7.718267088614539,1437.604438771319
Mercedes,Foreign,Eクラス,2009,7428,E250 CGI ブルーエフィシェンシー,1,6.516111111111112,DBA-212047C,5,ハイオク,11.4,52877802,13.279759499999999,0.12142857142857143,33,0.00014047482533407875,0.9291896626111653,0.43925541695785153,16.136409399418287,46.6,2393.2,49.039472625,1849.868418375,0.0029540000352773627,0.28446255086616246,16.200000000000045,5121.780000000006,9.816919833798465,1528.4370580027025
Mercedes,Foreign,Eクラス,2010,10850,E250 CGI ブルーエフィシェンシー,1,6.563378238341969,DBA-212047C,5,ハイオク,11.4,53362801,13.279759499999999,0.12142857142857143,33,0.00020332515903728518,0.9249569564386247,0.4384321507386122,16.583770838210686,47.0,2511.2,49.039472625,1889.90642325,0.002951283704038174,0.28644700138539214,16.200000000000045,5682.500000000007,9.816919833798465,1583.1806456780541
Mercedes,Foreign,Eクラス,2011,8411,E300,1,7.572897196261684,DBA-212054C,5,ハイオク,9.6,53783435,13.279759499999999,0.13508771929824562,33,0.00015638644128996223,0.9389811007794501,0.36291511387163555,15.523954893960877,39.4,2464.9,37.12331949,1794.346950375,0.005152088551276662,0.4058544419457242,38.44000000000017,9509.169999999998,3.4851753300365544,1424.8377266530733
Mercedes,Foreign,Eクラス,2012,7898,E300,1,7.580769230769231,DBA-212054C,5,ハイオク,9.6,54171475,13.279759499999999,0.13508771929824562,33,0.00014579628854484764,0.9197618488328037,0.18805797101449276,16.171958992789975,28.199999999999996,2671.2999999999997,23.96564925,1887.298514375,0.003570481501069693,0.435284099834262,40.68000000000018,12092.970000000001,3.4702695426291257,1531.2224960215754
Mercedes,Foreign,Eクラス,2013,9423,E250,1,6.1532608695652184,RBA-212036C,5,ハイオク,15.5,54594744,13.307028,0.12411764705882353,33,0.00017259903261017214,0.9195631909181587,0.27345261634916807,15.45273254119666,46.3,2753.1,34.70929725,1843.156526875,0.0035087672566873757,0.31652026874895167,1.6200000000001182,6276.190000000002,9.646116300070275,1503.8439282600375
Mercedes,Foreign,Eクラス,2014,8938,E250,1,6.03226814516129,RBA-212036C,5,ハイオク,15.5,55952365,13.307028,0.12411764705882353,33,0.00015974302426716012,0.9188134228106355,0.5923758034543216,15.738288002597184,98.0,2811.1,73.61157775,1855.4381557499999,0.007654411064643291,0.32938022690647406,7.519999999999982,6981.470000000016,13.699756701640808,1465.1952074469227
Mercedes,Foreign,Eクラス,2015,6097,E220 ブルーテック,1,5.9840100000000005,LDA-212001C,5,軽油,18.6,56412140,13.171242000000001,0.09672131147540984,33,0.0001080795729429871,0.9279170405519096,0.45407598952661277,15.725527491575297,89.0,2911.8,61.612629250000005,1849.893959,0.0005724983876480988,0.22752145706170523,15.300000000000182,7097.799999999974,10.74405782290114,1453.9880835187578
Mercedes,Foreign,Eクラス,2016,7900,E200 アバンギャルド,1,6.75,RBA-213042C,5,ハイオク,14.7,56950757,13.2703275,0.11017964071856287,33,0.00013871632996906432,0.9300480413280547,0.48830501446992336,16.114335398394733,86.39999999999999,3075.0,64.0921395,1897.037434,0.0015834909748088655,0.2724351581470468,60.15000000000009,10667.76999999999,11.47177500093403,1495.3695354896045
Mercedes,Foreign,GLA,2014,4160,GLA180,0,3.464274193548387,DBA-156942,5,ハイオク,16.0,55952365,12.034205749999998,0.08299319727891157,35,7.434895736757508e-05,0.9188134228106355,0.6335002532342336,15.738288002597184,97.5,2811.1,74.8844,1855.4381557499999,0.006963972293274168,0.2610659733808953,4.269999999999982,6690.37000000001,9.179424260639962,1027.6993582099021
Mercedes,Foreign,GLA,2015,5241,GLA180,0,3.5064900000000008,DBA-156942,5,ハイオク,16.0,56412140,12.034205749999998,0.08299319727891157,35,9.290553416339107e-05,0.9279170405519096,0.46780410372311104,15.725527491575297,91.6,2911.8,62.749665500000006,1849.893959,0.0008924670885242098,0.2670096649381839,35.0600000000004,7935.5199999999895,8.850956140681319,1103.919325109062
Mercedes,Foreign,GLC,2016,4147,250 4マチック 4WD,0,6.28,DBA-253946C,5,ハイオク,13.4,56950757,14.488173,0.11722222222222223,36,7.281729371920376e-05,0.9300480413280547,0.48126243296626403,16.114335398394733,87.69999999999999,3075.0,62.874294000000006,1897.037434,0.0027627139721668054,0.3065059903826963,103.82999999999993,12708.37999999999,25.87409991527329,2385.079612902373
Mercedes,Foreign,Sクラス,2006,8078,S350,0,10.144166666666667,DBA-221056,5,ハイオク,8.4,51102005,14.093021250000003,0.1431578947368421,68,0.00015807598938632643,0.9152275336359111,0.5630510500371848,15.61809908256041,54.0,2352.0,60.503734249999994,1788.72610225,0.008845790756128485,0.47480220579446364,43.299999999999955,9948.299999999996,24.472800626001117,2236.527219634503
Mercedes,Foreign,Sクラス,2007,5039,S350,0,10.236666666666668,DBA-221056,5,ハイオク,8.4,51713048,14.093021250000003,0.1431578947368421,68,9.744155865653094e-05,0.9201741889203668,0.5753109275665296,15.647572635148872,53.7,2355.3,61.05065074999999,1797.1262491250002,0.007445707060916906,0.4735243236682578,42.00999999999999,9750.98999999999,21.585459698760815,2215.5976814930764
Mercedes,Foreign,Sクラス,2008,3035,S350,0,10.23316430020284,DBA-221056,5,ハイオク,8.4,52324877,14.093021250000003,0.1431578947368421,68,5.800300304575967e-05,0.9235641012591391,0.4189890884860697,15.811633505841067,45.2,2395.0,47.695767000000004,1810.4825802500002,0.007272417630235062,0.5219232589325946,42.0,9900.879999999997,21.12774890170408,2254.0769300129905
Mercedes,Foreign,Sクラス,2009,2152,S350,0,10.791666666666668,DBA-221056,5,ハイオク,8.6,52877802,14.162445,0.1431578947368421,68,4.069760690884996e-05,0.9291896626111653,0.4175260936495809,16.136409399418287,49.4,2393.2,48.156787125,1849.868418375,0.007333857051944281,0.5088309005914828,61.000000000000114,9507.700000000004,20.91453469897897,2162.6095944173576
Mercedes,Foreign,Sクラス,2010,1985,S350,0,10.869948186528497,DBA-221056,5,ハイオク,8.6,53362801,14.162445,0.1431578947368421,68,3.7198197298526365e-05,0.9249569564386247,0.41670282743034154,16.583770838210686,49.8,2511.2,48.156787125,1889.90642325,0.007366918756398333,0.51437076789757,63.24000000000001,10505.220000000016,20.91453469897897,2243.562593389259
Mercedes,Foreign,Sクラス,2014,6706,S400 ハイブリッド,0,10.976915322580647,DAA-222057,5,ハイオク,15.4,55952365,14.54336,0.15223880597014924,68,0.00011985194906417271,0.9188134228106355,0.5642546445429959,15.738288002597184,98.1,2811.1,72.37524575,1855.4381557499999,0.021757404825621246,0.6876566281676713,8.58999999999969,7049.290000000008,39.8055306111346,2386.492218988067
Mercedes,Foreign,Sクラス,2015,5844,S300 h,0,9.970020000000002,LCA-222004,5,軽油,20.7,56412140,14.54336,0.09807692307692308,68,0.00010359472269621397,0.9279170405519096,0.45272037792509956,15.725527491575297,86.89999999999999,2911.8,60.240511250000004,1849.893959,0.0006635884452876883,0.22687329077415308,58.5600000000004,7990.509999999966,33.68569172150228,2423.8474635071543
Mercedes,Foreign,Sクラス,2016,4115,S300 h,0,9.98,LCA-222004,5,軽油,20.7,56950757,14.54336,0.09807692307692308,68,7.225540478768351e-05,0.9300480413280547,0.5004077321115632,16.114335398394733,80.39999999999999,3075.0,62.81910700000001,1897.037434,0.0009472502322002002,0.25165298741846165,121.35000000000036,8388.969999999972,26.948274252641113,2436.8486066644327
Mitsubishi,KEI,eKワゴン,2013,48395,660 E,0,1.0858695652173913,DBA-B11W,4,レギュラー,23.2,54594744,8.1123525,0.05975609756097561,74,0.0008864406434436253,0.9195631909181587,0.28520495827196857,15.505341748771707,37.400000000000006,2754.3,44.99433625,1838.0661633749999,0.0038680716291445982,0.41561960643027085,374.9199999999996,11423.789999999994,143.63784506559546,2770.1668600936828
Mitsubishi,KEI,eKワゴン,2014,57729,660 E,0,1.0876209677419355,DBA-B11W,4,レギュラー,23.2,55952365,8.1123525,0.05975609756097561,74,0.0010317526345847937,0.9188134228106355,0.38816792123493155,16.006857434314423,52.8,2848.6,57.350012500000005,1876.8943964999999,0.005734904847010051,0.47306554274315893,435.7600000000007,11278.72000000003,161.92505825499143,2915.2519732162255
Mitsubishi,KEI,eKワゴン,2015,46142,660 E,0,1.07892,DBA-B11W,4,レギュラー,23.6,56412140,8.1123525,0.05903614457831325,74,0.0008179445062711679,0.9279170405519096,0.3844163551306409,15.832872292868366,52.800000000000004,2943.0,57.47164450000001,1859.09383325,0.005645158530047115,0.4806927845480238,468.4000000000001,11265.699999999983,163.40979271179128,3009.0140794780964
Mitsubishi,KEI,eKワゴン,2016,36544,660 E,0,1.08,DBA-B11W,4,レギュラー,23.6,56950757,8.1123525,0.05903614457831325,74,0.0006416771597961376,0.9300480413280547,0.48020582881485135,16.173578080190055,80.6,3071.9,67.99181325,1898.29573525,0.006995965730413514,0.5139522994858663,486.0400000000004,11314.329999999987,169.20737180555557,3066.210017868936
Mitsubishi,Regular,RVR,2014,2268,1.8 E,0,1.925491935483871,DBA-GA4W,5,レギュラー,15.4,55952365,12.27747225,0.10296296296296296,60,4.053447964174526e-05,0.9188134228106355,0.3449610558329442,16.006857434314423,60.6,2848.6,53.18489275,1876.8943964999999,0.002181021998124255,0.2288073219128055,115.96000000000004,6941.919999999998,41.238188394893086,1038.2941401360076
Mitsubishi,Regular,RVR,2015,1833,1.8 E,0,1.910088,DBA-GA4W,5,レギュラー,15.4,56412140,12.27747225,0.10296296296296296,60,3.2493005938083543e-05,0.9279170405519096,0.34048953674599114,15.832872292868366,61.00000000000001,2943.0,53.30652475000001,1859.09383325,0.002266770573383689,0.22829423318621744,122.3599999999999,8362.89999999998,41.709699160828904,1110.4870779747507
Mitsubishi,Regular,RVR,2016,1055,1.8 E,0,1.912,DBA-GA4W,5,レギュラー,15.4,56950757,12.27747225,0.10296296296296296,60,1.852477571105859e-05,0.9300480413280547,0.4362790104302016,16.173578080190055,88.8,3071.9,63.826693500000005,1898.29573525,0.0023182295218160814,0.25296982176582583,276.1199999999999,9566.089999999982,44.79781475194136,1095.8999691458448
Mitsubishi,Regular,アウトランダー,2012,3876,2.0 20G,0,2.520346153846154,DBA-GF7W,7,レギュラー,16.0,54171475,14.076720000000002,0.10416666666666667,77,7.155057158772213e-05,0.9197618488328037,0.18103829160530188,16.209899724830745,21.4,2671.7,30.917616250000002,1879.549586875,0.0003755523580814338,0.22310545317005115,66.75999999999999,4751.690000000002,3.943680060882798,2104.1177189654845
Mitsubishi,Regular,アウトランダー,2013,12786,2.0 20G,0,2.509909937888199,DBA-GF7W,7,レギュラー,16.0,54594744,14.076720000000002,0.10416666666666667,77,0.00023419836898584963,0.9195631909181587,0.2407943891662775,15.505341748771707,44.6,2754.3,39.02996875,1838.0661633749999,0.002347851006372803,0.2032020237443235,118.59999999999991,5927.309999999983,39.51735973593895,2019.367944589605
Mitsubishi,Regular,アウトランダー,2014,12039,2.0 20G,0,2.4441260080645164,DBA-GF7W,7,レギュラー,16.0,55952365,14.154924000000001,0.10416666666666667,77,0.00021516516772794144,0.9188134228106355,0.34375735212924047,16.006857434314423,60.0,2848.6,51.307441000000004,1876.8943964999999,0.0023492999089791133,0.23066257253390088,118.96000000000004,6575.680000000008,43.5610679193951,2030.0756741812293
Mitsubishi,Regular,アウトランダー,2015,13796,2.0 20G,0,2.5174800000000004,DBA-GF7W,7,レギュラー,16.0,56412140,14.276556000000001,0.10135135135135136,77,0.00024455728855526487,0.9279170405519096,0.34210114835760275,15.832872292868366,60.400000000000006,2943.0,51.30744100000001,1859.09383325,0.0020497403620049204,0.22664306343213214,124.88000000000011,7845.6999999999825,44.91252569341077,2170.914753882731
Mitsubishi,Regular,アウトランダー,2016,8155,2.0 20G,0,2.52,DBA-GF7W,7,レギュラー,16.0,56950757,14.276556000000001,0.10135135135135136,77,0.00014319388239211642,0.9300480413280547,0.4378906220418132,16.173578080190055,88.2,3071.9,61.82760975000001,1898.29573525,0.0020806748451891593,0.2514289968536194,264.1199999999999,8950.729999999996,59.02297086537351,2158.8430536540836
Mitsubishi,Regular,デリカD:5,2012,13455,2.0 M,0,2.4196153846153847,DBA-CV2W,8,レギュラー,13.0,54171475,15.707147500000003,0.08928571428571429,184,0.0002483779516802893,0.9197618488328037,0.19591924398625427,16.209899724830745,24.4,2671.7,29.28718875,1879.549586875,0.0002275281569920698,0.23342701527527465,30.159999999999968,6513.889999999999,2.90498361345783,3939.090657906636
Mitsubishi,Regular,デリカD:5,2013,13871,2.0 M,0,2.409596273291926,DBA-CV2W,8,レギュラー,13.0,54594744,15.707147500000003,0.08928571428571429,184,0.00025407207697502893,0.9195631909181587,0.2556753415472299,15.505341748771707,47.6,2754.3,37.39954125,1838.0661633749999,0.001099526420902039,0.20406962114257388,134.19999999999982,8533.109999999986,60.585894705482815,3795.3705659544285
Mitsubishi,Regular,デリカD:5,2014,12199,2.0 M,0,2.4149213709677424,DBA-CV2W,8,レギュラー,13.0,55952365,15.707147500000003,0.08928571428571429,184,0.00021802474301130972,0.9188134228106355,0.35863830451019285,16.006857434314423,63.0,2848.6,49.7552175,1876.8943964999999,0.0012865935522813343,0.24069872066400677,139.96000000000004,9573.280000000013,72.09967098714151,3712.4791764887996
Mitsubishi,Regular,デリカD:5,2015,11107,2.0 M,0,2.394603,DBA-CV2W,8,レギュラー,13.0,56412140,15.707147500000003,0.08928571428571429,184,0.00019689024383758532,0.9279170405519096,0.3541667854232398,15.832872292868366,63.400000000000006,2943.0,49.876849500000006,1859.09383325,0.0012500259705061356,0.24068522177921547,148.27999999999997,11583.699999999983,71.73686523306151,3714.8161012822384
Mitsubishi,Regular,デリカD:5,2016,10814,2.0 M,0,2.408,DBA-CV2W,8,レギュラー,13.0,56950757,15.707147500000003,0.08928571428571429,184,0.00018988334079562806,0.9300480413280547,0.4499562591074503,16.173578080190055,91.2,3071.9,60.39701825,1898.29573525,0.0012923248568196544,0.2667923470169695,367.3199999999997,13201.12999999999,98.64161378601307,3719.263879580394
Mitsubishi,Regular,パジェロワゴン,2012,2453,3.0 ショート VR-I 4WD,1,2.922230769230769,DBA-V83W,5,レギュラー,8.4,54171475,15.210468749999999,0.09175257731958762,197,4.528213418593457e-05,0.9197618488328037,0.19345238095238093,16.209899724830745,29.0,2671.7,29.783867500000007,1879.549586875,0.00016019502754515552,0.22669366420869652,78.91999999999996,14949.369999999995,1.5320760088281986,3287.7511659579395
Mitsubishi,Regular,パジェロワゴン,2013,1951,3.0 ショート VR-I 4WD,1,2.910130434782609,DBA-V83W,5,レギュラー,8.4,54594744,15.210468749999999,0.09175257731958762,197,3.573604081740909e-05,0.9195631909181587,0.25320847851335654,15.505341748771707,52.2,2754.3,37.89622000000001,1838.0661633749999,0.0011839697444884223,0.1990259794516107,297.96000000000004,18122.269999999982,51.915330307342174,3164.2476961144494
Mitsubishi,Regular,パジェロワゴン,2014,2018,3.0 ショート VR-I 4WD,1,2.941611895161291,DBA-V83W,5,レギュラー,8.4,55952365,15.210468749999999,0.09175257731958762,197,3.6066393261482335e-05,0.9188134228106355,0.3561714414763195,16.006857434314423,67.6,2848.6,50.25189625000001,1876.8943964999999,0.0013096424907616117,0.23407393130045095,346.96000000000004,19833.120000000003,60.346587267480345,3089.214377251228
Mitsubishi,Regular,パジェロワゴン,2015,1780,3.0 ショート VR-I 4WD,1,2.9240730000000004,DBA-V83W,5,レギュラー,8.4,56412140,15.210468749999999,0.09081632653061225,197,3.155349185476743e-05,0.9279170405519096,0.35263617317834184,15.832872292868366,68.0,2943.0,50.373528250000014,1859.09383325,0.0012708502633587554,0.2363238676132089,358.96000000000004,22908.899999999987,60.10460557284023,3104.5812250201125
Mitsubishi,Regular,パジェロワゴン,2016,1156,3.0 ショート VR-I 4WD,1,2.927,DBA-V83W,5,レギュラー,8.4,56950757,15.210468749999999,0.09081632653061225,197,2.0298237651169412e-05,0.9300480413280547,0.4484256468625524,16.173578080190055,95.8,3071.9,60.89369700000001,1898.29573525,0.0012955824559701123,0.26221501511801204,735.3200000000002,25416.889999999992,82.1035196628402,3101.9021377081444
Mitsubishi,Regular,デリカD:2,2016,8103,1.2 ハイブリッド MX,0,1.787,DAA-MB36S,5,レギュラー,27.8,56950757,10.52016875,0.09578947368421052,183,0.00014228081287839597,0.9300480413280547,0.44345249970895406,16.173578080190055,76.4,3071.9,65.58399700000001,1898.29573525,0.0015002317109078928,0.25261479851389224,906.04,20698.80999999997,71.89980249979044,1237.4964339955477
Nissan,KEI,オッティ,2006,41988,660 S,1,1.0411388888888888,DBA-H91W,4,レギュラー,19.4,51102005,7.761818750000001,0.0625,112,0.0008216507356218215,0.9152275336359111,2.4828950632826707,13.778912964051765,291.5,2103.5,288.0378865,1567.5231525,0.06952459496078972,0.3104831224258715,1404.17,5927.630000000005,643.2290143580276,2381.2957650488606
Nissan,KEI,オッティ,2007,39152,660 S,1,1.0575833333333333,DBA-H92W,4,レギュラー,19.4,51713048,7.761818750000001,0.06097560975609756,112,0.0007571009931574715,0.9201741889203668,2.689287136387556,13.61577871130859,337.8,2060.2000000000003,322.439691125,1542.06841125,0.07730166502781616,0.32559968816851703,1545.0199999999986,5522.179999999993,734.298322856007,2379.7009174971354
Nissan,KEI,オッティ,2008,29376,660 S,1,1.0638438133874242,DBA-H92W,4,レギュラー,19.6,52324877,7.761818750000001,0.06172839506172839,112,0.0005614155576514781,0.9235641012591391,2.795428700652974,13.516623393349276,343.0,2086.0,314.143551375,1550.3659983750001,0.11426794793612438,0.32872020333893115,1504.1600000000017,5334.079999999987,642.2661487472615,2509.772956577177
Nissan,KEI,オッティ,2009,19770,660 S,1,1.0791666666666666,DBA-H92W,4,レギュラー,20.0,52877802,7.761818750000001,0.06172839506172839,112,0.000373880896183998,0.9291896626111653,2.990341486869328,13.645023505873654,371.9,2059.2999999999997,340.59305250000006,1563.83277925,0.1218120378690204,0.3441158215839808,1690.0499999999993,6113.930000000022,703.07797313626,2664.226097763534
Nissan,KEI,オッティ,2010,12961,660 S,1,1.0890652849740932,DBA-H92W,4,レギュラー,18.4,53362801,7.761818750000001,0.06172839506172839,112,0.00024288455173108323,0.9249569564386247,2.9767345901524163,14.105168575163725,396.1,2155.1,334.85213375,1609.611702875,0.12149334519958455,0.3559950509465504,949.2099999999991,4237.0899999999965,656.1321131376817,2743.345494454432
Nissan,KEI,オッティ,2011,7974,660 S,1,1.0913271028037383,DBA-H92W,4,レギュラー,18.4,53783435,7.761818750000001,0.06172839506172839,112,0.0001482612629706526,0.9389811007794501,2.8722748717368156,13.087954460332213,391.6,2103.9,322.046265875,1514.94194474,0.13267164020013927,0.3189273301848117,854.9799999999996,3871.989999999976,629.7639933621258,2580.0124986164483
Nissan,KEI,オッティ,2012,7279,660 S,1,1.0924615384615386,DBA-H92W,4,レギュラー,18.4,54171475,7.761818750000001,0.06172839506172839,112,0.000134369610574569,0.9197618488328037,2.6646817357064396,13.768694552334546,367.40000000000003,2323.2999999999997,304.451207,1612.330897375,0.12882265997123898,0.3189757631232437,780.4200000000001,4821.869999999995,613.05531661034,2770.9437204183632
Nissan,KEI,オッティ,2013,3288,660 S,1,1.087937888198758,DBA-H92W,4,レギュラー,18.4,54594744,7.761818750000001,0.06172839506172839,112,6.022557775891393e-05,0.9195631909181587,2.669517127320615,13.11905728222231,384.8,2411.7000000000003,304.79815562500005,1578.6128777499998,0.12984715388117846,0.26641248299636033,893.1799999999985,5181.049999999988,616.5171358922689,2710.560417443783
Nissan,KEI,キックス,2008,2051,660 RS 4WD,0,1.4853286004056798,ABA-H59A,4,レギュラー,15.0,52324877,8.187466875,0.0653061224489796,119,3.9197416555800024e-05,0.9235641012591391,2.791850973265723,13.516623393349276,347.6,2086.0,313.71790325,1550.3659983750001,0.10609505110954531,0.2947229083383929,542.7600000000002,2561.199999999997,551.5264693819963,2126.804321982192
Nissan,KEI,キックス,2009,4715,660 RS 4WD,0,1.506722222222222,ABA-H59A,4,レギュラー,15.0,52877802,8.187466875,0.0653061224489796,119,8.916785156841429e-05,0.9291896626111653,2.9867637594820766,13.645023505873654,376.9,2059.2999999999997,340.16740437500005,1563.83277925,0.11315344116054654,0.30874527051280864,534.0499999999993,2731.930000000015,603.3994996916526,2263.004459588723
Nissan,KEI,キックス,2010,1723,660 RS 4WD,0,1.5197222797927463,ABA-H59A,4,レギュラー,13.8,53362801,8.187466875,0.0653061224489796,119,3.228841004804077e-05,0.9249569564386247,2.973156862765165,14.105168575163725,400.7,2155.1,334.426485625,1609.611702875,0.11293211202518993,0.31914993213206033,467.130000000001,3179.090000000004,561.3408622965044,2330.3075643541015
Nissan,KEI,キックス,2011,1688,660 RS 4WD,0,1.5228785046728972,ABA-H59A,4,レギュラー,13.8,53783435,8.187466875,0.0653061224489796,119,3.138512815330594e-05,0.9389811007794501,2.8686971443495644,13.087954460332213,396.2,2103.9,321.62061775,1514.94194474,0.12440336894420045,0.2852703871131652,479.6200000000008,3676.0299999999916,539.0855462995596,2186.467526912511
Nissan,KEI,キックス,2012,1109,660 RS 4WD,0,1.5244615384615385,ABA-H59A,4,レギュラー,13.8,54171475,8.187466875,0.0653061224489796,119,2.0472028867591294e-05,0.9197618488328037,2.6611040083191884,13.768694552334546,372.0,2323.2999999999997,304.025558875,1612.330897375,0.12113082226681404,0.2845382689619027,478.6600000000017,5311.310000000005,523.7779101438509,2355.5909502371615
Nissan,KEI,クリッパーリオ,2007,3950,660 SD 2シーター ハイルーフ,0,0.9990000000000001,GBD-U71V,2,レギュラー,15.8,51713048,9.46441125,0.05393258426966292,126,7.638304359859044e-05,0.9201741889203668,2.6963301618739908,13.61577871130859,341.4,2060.2000000000003,320.737098625,1542.06841125,0.0941908701024417,0.4057086563322603,695.4200000000001,2868.2599999999875,401.79084448673166,1176.1091947107561
Nissan,KEI,クリッパーリオ,2008,5641,660 SD 2シーター ハイルーフ,0,0.9848154158215011,GBD-U71V,2,レギュラー,15.8,52324877,9.46441125,0.05393258426966292,126,0.00010780722905473816,0.9235641012591391,2.8032245114450394,13.516623393349276,346.8,2086.0,312.440958875,1550.3659983750001,0.13447054018482446,0.4150356670800768,627.8799999999992,2623.9199999999837,338.00856101258887,1277.9264145765555
Nissan,KEI,クリッパーリオ,2009,3316,660 SD 2シーター ハイルーフ,0,1.042166666666667,GBD-U71V,2,レギュラー,15.8,52877802,9.46441125,0.05393258426966292,126,6.271062477218702e-05,0.9291896626111653,2.998137297661393,13.645023505873654,376.09999999999997,2059.2999999999997,338.89046,1563.83277925,0.1432502943005295,0.4333349224018588,621.5699999999979,2812.7300000000178,367.41344091580413,1357.193425527803
Nissan,KEI,クリッパーリオ,2010,1076,660 SD 2シーター ハイルーフ,0,1.0580082901554404,GBD-U71V,2,レギュラー,15.2,53362801,9.46441125,0.05393258426966292,126,2.016385908978054e-05,0.9249569564386247,2.9845304009444815,14.105168575163725,399.3,2155.1,333.14954124999997,1609.611702875,0.14271944804654918,0.448781875115033,483.9300000000003,2869.410000000018,340.016471330945,1397.7441181797985
Nissan,KEI,クリッパーリオ,2011,1177,660 SD 2シーター ハイルーフ,0,1.0591682242990654,GBD-U71V,2,レギュラー,15.8,53783435,9.46441125,0.05393258426966292,126,2.1884061514479318e-05,0.9389811007794501,2.880070682528881,13.087954460332213,394.2,2103.9,320.343673375,1514.94194474,0.15317071775767555,0.4039691768028373,497.22000000000116,3074.8300000000017,327.9254507540454,1292.8159126852734
Nissan,KEI,クリッパーリオ,2012,88,660 DX 2シーター ハイルーフ,0,1.026,GBD-U71V,2,レギュラー,15.2,54171475,9.46441125,0.05333333333333334,126,1.624471181558191e-06,0.9197618488328037,2.6730767974348346,13.768694552334546,370.6,2323.2999999999997,302.7486145,1612.330897375,0.1494847145369182,0.41395485043999014,454.02000000000226,4530.669999999998,312.4727045549771,1416.082983820248
Nissan,KEI,クリッパーリオ,2013,340,660 DX 2シーター ハイルーフ,0,1.0217515527950312,GBD-U71V,2,レギュラー,15.2,54594744,9.46441125,0.05333333333333334,126,6.227705729328083e-06,0.9195631909181587,2.67791218904901,13.11905728222231,388.0,2411.7000000000003,303.095563125,1578.6128777499998,0.15059039526902163,0.3533819312831472,678.1400000000012,5778.169999999984,314.7530995832858,1382.5280254986028
Nissan,KEI,クリッパーリオ,2014,3301,660 DX ハイルーフ,0,1.0342469758064516,HBD-DR64V,4,レギュラー,15.4,55952365,9.389296875,0.0550561797752809,126,5.899661256499167e-05,0.9188134228106355,2.55790117412919,13.841824099205859,356.6,2552.6,287.371424125,1645.5960405,0.1449424362019756,0.3984156712776914,624.3000000000011,6433.580000000002,328.4312921179853,1520.4043223509107
Nissan,KEI,クリッパーリオ,2015,3361,660 DX 5AGS車,0,1.0259730000000002,HBD-DR17V,4,レギュラー,20.2,56412140,9.013725,0.05764705882352941,126,5.957937422689513e-05,0.9279170405519096,2.3825876633052014,13.83609007044859,317.6,2681.6,263.914669875,1651.7494353749998,0.13633025529359755,0.36848241861845454,1120.8999999999978,6573.319999999992,370.19242087883595,1879.629039292864
Nissan,KEI,クリッパーリオ,2016,3282,660 DX 5AGS車,0,1.068,HBD-DR17V,4,レギュラー,20.2,56950757,9.013725,0.05764705882352941,126,5.762873353904672e-05,0.9300480413280547,2.271149014709027,14.384023980050662,312.1,2843.7999999999997,248.81768487500003,1716.568491125,0.13595595499927426,0.40403136784650195,981.369999999999,7249.0,330.90090187239184,1954.025762515168
Nissan,KEI,デイズ,2013,78855,660 J,1,1.1044844720496896,DBA-B21W,4,レギュラー,23.2,54594744,8.1123525,0.05975609756097561,179,0.001444369809665194,0.9195631909181587,2.6714894248213676,13.11905728222231,380.0,2411.7000000000003,304.44762187500004,1578.6128777499998,0.13439111872597287,0.2850965593334427,2214.1399999999994,9584.569999999978,542.0667482436456,2371.7379569156365
Nissan,KEI,デイズ,2014,169244,660 J,1,1.1057479838709678,DBA-B21W,4,レギュラー,23.2,55952365,8.1123525,0.05975609756097561,179,0.0030247872453648744,0.9188134228106355,2.5532012563434954,13.841824099205859,348.8,2552.6,288.6483685,1645.5960405,0.13333166506267163,0.34546878252749713,2047.0200000000004,9667.460000000006,549.9579735786883,2527.219057892522
Nissan,KEI,デイズ,2015,150696,660 J,1,1.0969020000000003,DBA-B21W,4,レギュラー,23.2,56412140,8.1123525,0.05975609756097561,179,0.0026713398924415916,0.9279170405519096,2.3804786245677554,13.83609007044859,314.6,2681.6,264.81604237500005,1651.7494353749998,0.13148452788243026,0.3455286348257254,1958.5000000000018,9102.320000000007,522.5992636876554,2649.8246085022365
Nissan,KEI,デイズ,2016,105731,660 J,1,1.15,DBA-B21W,4,レギュラー,23.6,56950757,8.1123525,0.05903614457831325,179,0.001856533706830271,0.9300480413280547,2.2697599289542434,14.384023980050662,308.7,2843.7999999999997,249.71905737500003,1716.568491125,0.132889902585222,0.38805836263105786,1849.050000000001,9951.320000000007,471.52870574875396,2763.888683925732
Nissan,KEI,ピノ,2007,23004,660 S,0,0.9393888888888889,DBA-HC24S,4,レギュラー,21.0,51713048,7.5114374999999995,0.07297297297297298,204,0.0004448393759346771,0.9201741889203668,2.677289773170681,13.61577871130859,336.2,2060.2000000000003,322.690072375,1542.06841125,0.05469966739659421,0.22066291512349467,2147.26,7849.860000000001,796.3991576757644,2624.1800454662625
Nissan,KEI,ピノ,2008,20375,660 S,0,0.9260507099391482,DBA-HC24S,4,レギュラー,21.0,52324877,7.5114374999999995,0.07297297297297298,204,0.000389394130826146,0.9235641012591391,2.7841841227417294,13.516623393349276,341.6,2086.0,314.393932625,1550.3659983750001,0.09090871754693641,0.23376583746320234,2023.5599999999995,7337.199999999997,700.2125878854595,2758.407205018986
Nissan,KEI,ピノ,2009,19627,660 S,0,0.9393888888888889,DBA-HC24S,4,レギュラー,21.0,52877802,7.5114374999999995,0.07297297297297298,204,0.00037117654776951586,0.9291896626111653,2.979096908958083,13.645023505873654,370.9,2059.2999999999997,340.84343375000003,1563.83277925,0.09709870351405225,0.24475918554244824,2095.25,7612.330000000016,766.6210565986748,2923.4281420547086
Nissan,KEI,ピノ,2010,1317,660 S,0,0.9462031088082903,DBA-HC24S,4,レギュラー,21.0,53362801,7.5114374999999995,0.07297297297297298,204,2.468011377438752e-05,0.9249569564386247,2.9654900122411716,14.105168575163725,393.5,2155.1,335.102515,1609.611702875,0.09708601846514359,0.25234878085127344,1764.5699999999997,7474.610000000001,716.8003597745501,3010.175359021585
Nissan,KEI,ピノ,2011,55,660 S,0,0.9481682242990656,DBA-HC24S,4,レギュラー,21.0,53783435,7.5114374999999995,0.07297297297297298,204,1.022619696938286e-06,0.9389811007794501,2.861030293825571,13.087954460332213,389.0,2103.9,322.296647125,1514.94194474,0.10909886432270266,0.224525406574259,1591.2999999999993,6453.789999999994,687.8436785786835,2833.8525313485334
Nissan,KEI,モコ,2006,67526,660 S,1,1.087388888888889,DBA-MG22S,4,レギュラー,21.0,51102005,8.1123525,0.06585365853658537,238,0.0013213962935505173,0.9152275336359111,2.4795414047460853,13.778912964051765,289.9,2103.5,287.68735275,1567.5231525,0.06278272741854568,0.2787576465664525,1960.6500000000015,8310.669999999998,569.3998411313869,2066.94124880663
Nissan,KEI,モコ,2007,60715,660 S,1,1.087388888888889,DBA-MG22S,4,レギュラー,21.0,51713048,8.1123525,0.06585365853658537,238,0.0011740750612882073,0.9201741889203668,2.6844090876070683,13.61577871130859,336.2,2060.2000000000003,322.089157375,1542.06841125,0.0671741760113046,0.2781405740308247,2147.26,7849.860000000001,653.0444607946438,2066.498594736975
Nissan,KEI,モコ,2008,57945,660 S,1,1.071949290060852,DBA-MG22S,4,レギュラー,21.0,52324877,8.1123525,0.06585365853658537,238,0.0011074082410169831,0.9235641012591391,2.791303437178117,13.516623393349276,341.6,2086.0,313.793017625,1550.3659983750001,0.10490525513378568,0.2898316605973479,2023.5599999999995,7337.199999999997,566.8284406400799,2190.7534651552596
Nissan,KEI,モコ,2009,58469,660 S,1,1.087388888888889,DBA-MG22S,4,レギュラー,20.2,52877802,8.1123525,0.06585365853658537,238,0.0011057380940304592,0.9291896626111653,2.9862162233944707,13.645023505873654,371.7,2059.2999999999997,340.24251875000004,1563.83277925,0.11189383104267264,0.3036416006679121,1766.449999999999,6391.690000000017,620.2262449519376,2330.201051164131
Nissan,KEI,モコ,2010,55262,660 S,1,1.0952766839378238,DBA-MG22S,4,レギュラー,20.2,53362801,8.1123525,0.06585365853658537,238,0.0010355903169325764,0.9249569564386247,2.972609326677559,14.105168575163725,394.3,2155.1,334.5016,1609.611702875,0.11168740244130165,0.3138296290785516,1471.9299999999985,6275.4100000000035,577.3051565091246,2399.4840634221728
Nissan,KEI,モコ,2011,61766,660 S,1,1.119336448598131,DBA-MG33S,4,レギュラー,23.0,53783435,8.137390625,0.06835443037974684,238,0.001148420512747094,0.9389811007794501,2.865648836418797,13.087954460332213,387.0,2103.9,321.67069399999997,1514.94194474,0.1179241567401616,0.2592600414201103,2415.2999999999993,9654.189999999988,549.2269964242032,2230.2843808423495
Nissan,KEI,モコ,2012,66460,660 S,1,1.131923076923077,DBA-MG33S,4,レギュラー,23.2,54171475,8.137390625,0.06835443037974684,238,0.0012268449400722429,0.9197618488328037,2.658055700388421,13.768694552334546,362.6,2323.2999999999997,304.07563512499996,1612.330897375,0.11510234862220653,0.2580446591353307,2268.420000000002,10673.070000000007,533.792146425284,2401.8041624373145
Nissan,KEI,モコ,2013,55037,660 S,1,1.1996273291925468,DBA-MG33S,4,レギュラー,30.0,54594744,8.137390625,0.065,238,0.0010081007065442051,0.9195631909181587,2.666245522382343,13.11905728222231,373.2,2411.7000000000003,304.42258375,1578.6128777499998,0.12275577752454475,0.2377872613646268,6136.380000000001,26708.329999999958,536.9933574159732,2348.8340515384734
Nissan,KEI,モコ,2014,38295,660 S,1,1.2014183467741935,DBA-MG33S,4,レギュラー,30.0,55952365,8.137390625,0.065,238,0.000684421471728675,0.9188134228106355,2.547957353904471,13.841824099205859,342.0,2552.6,288.62333037499997,1645.5960405,0.12162848948305488,0.2938502912312453,5670.060000000001,26683.78,544.8620239136726,2502.995202409609
Nissan,KEI,モコ,2015,21566,660 S,1,1.191807,DBA-MG33S,4,レギュラー,30.0,56412140,8.137390625,0.065,238,0.0003822935985055699,0.9279170405519096,2.375234722128731,13.83609007044859,307.8,2681.6,264.79100425,1651.7494353749998,0.1202844159543342,0.29397028090424504,5323.139999999999,24364.23999999999,517.8830213445926,2625.292614079215
Nissan,KEI,モコ,2016,5942,660 S,1,1.193,DBA-MG33S,4,レギュラー,30.0,56950757,8.137390625,0.065,238,0.00010433575097166838,0.9300480413280547,2.2637960735325566,14.384023980050662,302.3,2843.7999999999997,249.69401925000003,1716.568491125,0.12064710270684054,0.3259704615654806,4799.450000000001,24320.600000000006,467.1616007012158,2738.145109760124
Nissan,KEI,ルークス,2010,51391,660 E,0,1.2878300518134715,DBA-ML21S,4,レギュラー,19.6,53362801,8.688229375,0.058695652173913045,249,0.0009630491472889513,0.9249569564386247,2.9797673330402312,14.105168575163725,394.9,2155.1,333.925723125,1609.611702875,0.12933185920568224,0.3900544109406867,1276.8100000000031,5494.450000000026,463.27518297726965,1909.7921375502956
Nissan,KEI,ルークス,2011,49548,660 E,0,1.2905046728971965,DBA-ML21S,4,レギュラー,20.2,53783435,8.688229375,0.058695652173913045,249,0.0009212501953436035,0.9389811007794501,2.8753076146246306,13.087954460332213,389.8,2103.9,321.11985525,1514.94194474,0.1402417704428366,0.35010372898964914,1324.4199999999964,5469.309999999998,445.39454796044447,1784.709787034346
Nissan,KEI,ルークス,2012,48810,660 E,0,1.291846153846154,DBA-ML21S,4,レギュラー,20.8,54171475,8.688229375,0.058695652173913045,249,0.0009010277087710829,0.9197618488328037,2.6677144785942546,13.768694552334546,365.0,2323.2999999999997,303.524796375,1612.330897375,0.1358640673457771,0.3509942447180403,1374.6600000000035,6935.309999999998,430.80737145773855,1932.3521821617433
Nissan,KEI,ルークス,2013,16071,660 E,0,1.2864968944099382,DBA-ML21S,4,レギュラー,20.8,54594744,8.688229375,0.058695652173913045,249,0.000294368996400093,0.9195631909181587,2.67254987020843,13.11905728222231,382.4,2411.7000000000003,303.87174500000003,1578.6128777499998,0.13691789025477202,0.2955862444882993,1403.9000000000015,6587.9299999999785,433.62635695460904,1888.7238443619972
Nissan,Regular,GT-R,2008,4874,3.8 4WD,0,7.872444219066938,CBA-R35,4,ハイオク,8.2,52324877,12.08507825,0.27586206896551724,39,9.314880950412936e-05,0.9235641012591391,2.581295026749185,13.516623393349276,354.40000000000003,2086.0,309.820291875,1550.3659983750001,0.8424569873848398,4.515940865866753,1214.6000000000004,9159.919999999998,175.59397178024665,945.3573627802398
Nissan,Regular,GT-R,2009,538,3.8 4WD,0,8.849166666666667,CBA-R35,4,ハイオク,8.3,52877802,12.072097500000002,0.27873563218390807,39,1.017440172721249e-05,0.9291896626111653,2.773334249747148,13.645023505873654,383.59999999999997,2059.2999999999997,336.28277375000005,1563.83277925,0.9397811115755852,4.543970749843353,1258.3199999999997,8939.48000000001,179.2662996285244,895.2056644608019
Nissan,Regular,GT-R,2010,385,3.8 4WD,0,8.913357512953368,CBA-R35,4,ハイオク,8.4,53362801,12.072097500000002,0.27873563218390807,39,7.214763707774635e-06,0.9249569564386247,2.7597273530302364,14.105168575163725,406.1,2155.1,330.541855,1609.611702875,0.9453680090308374,4.651672990450122,1467.2099999999982,9551.090000000004,181.8103598171483,921.6440487208965
Nissan,Regular,GT-R,2011,550,3.8 ピュアエディション 4WD,0,9.019009345794393,DBA-R35,4,ハイオク,8.7,53783435,12.124020500000002,0.3179190751445087,39,1.022619696938286e-05,0.9389811007794501,2.616084191654035,13.087954460332213,401.3,2103.9,317.68406412499996,1514.94194474,1.3526830759753061,6.451506375082145,1448.62,9988.809999999998,181.27438327540312,813.5253401370501
Nissan,Regular,GT-R,2012,585,3.8 ピュアエディション 4WD,0,9.093807692307694,DBA-R35,4,ハイオク,8.7,54171475,12.124020500000002,0.3179190751445087,39,1.0799041377403883e-05,0.9197618488328037,2.408491055623659,13.768694552334546,377.1,2323.2999999999997,300.08900524999996,1612.330897375,1.2606766619789977,6.978115566015781,1430.3200000000006,12829.219999999994,144.58001420223718,935.5104276979546
Nissan,Regular,GT-R,2013,663,3.8 ピュアエディション 4WD,0,9.056152173913045,DBA-R35,4,ハイオク,8.7,54594744,12.124020500000002,0.3179190751445087,39,1.2144026172189762e-05,0.9195631909181587,2.4133264472378344,13.11905728222231,394.5,2411.7000000000003,300.435953875,1578.6128777499998,1.2592235913567331,6.966627883211716,1880.6400000000012,15691.969999999987,145.0149136858954,909.0586048230907
Nissan,Regular,GT-R,2014,658,3.8 ピュアエディション 4WD,0,9.114867943548388,DBA-R35,4,ハイオク,8.7,55952365,12.124020500000002,0.3160919540229885,39,1.1760003352852019e-05,0.9188134228106355,2.296865399881482,13.841824099205859,363.3,2552.6,284.63670049999996,1645.5960405,1.105982315495539,7.026253616531228,1733.8200000000006,17548.21,117.30563739737045,933.0193347148597
Nissan,Regular,GT-R,2015,653,3.8 ピュアエディション 4WD,0,9.300690000000001,DBA-R35,4,ハイオク,8.7,56412140,12.124020500000002,0.3160919540229885,39,1.1575522573687153e-05,0.9279170405519096,2.1241427681057425,13.83609007044859,329.1,2681.6,260.804374375,1651.7494353749998,0.999998521403803,7.029253143174399,1578.5999999999995,20724.069999999992,118.79846766846094,1006.2541307017818
Nissan,Regular,GT-R,2016,791,3.8 ピュアエディション 4WD,0,9.961,DBA-R35,4,ハイオク,8.8,56950757,12.227866500000001,0.32386363636363635,39,1.3889192026016441e-05,0.9300480413280547,2.0049324371689203,14.384023980050662,323.5,2843.7999999999997,245.60354337500002,1716.568491125,1.0288816169510797,7.7770418894144555,1615.210000000001,23158.840000000004,107.23072899703857,1023.9128660778806
Nissan,Regular,エクストレイル,2006,20780,2.0 S,0,2.072,CBA-T30,5,レギュラー,13.2,51102005,13.170650624999999,0.1111111111111111,103,0.00040663766519532846,0.9152275336359111,2.4342839521715596,13.778912964051765,297.7,2103.5,282.629054625,1567.5231525,0.024601926771270932,0.16082607499491308,408.4500000000007,3512.1100000000006,160.652247485491,1388.4066494564395
Nissan,Regular,エクストレイル,2007,27875,2.0 20S,0,2.050416666666667,DBA-T31,5,レギュラー,14.0,51713048,13.805457749999999,0.0958041958041958,103,0.0005390322380533439,0.9201741889203668,2.654458550339458,13.61577871130859,343.2,2060.2000000000003,316.396052125,1542.06841125,0.033157451221071055,0.13070086215255516,533.0599999999995,2882.659999999996,262.3713782150935,1727.878342027383
Nissan,Regular,エクストレイル,2008,31710,2.0 20S,0,2.097292089249493,DBA-T31,5,レギュラー,14.0,52324877,13.805457749999999,0.0958041958041958,103,0.0006060214914599799,0.9235641012591391,2.7613528999105066,13.516623393349276,348.6,2086.0,308.099912375,1550.3659983750001,0.06448544394250277,0.14833145881072252,484.9599999999991,2731.199999999997,270.616951591448,1757.6551387983345
Nissan,Regular,エクストレイル,2009,32627,2.0 20S,0,2.1275,DBA-T31,5,レギュラー,14.0,52877802,13.805457749999999,0.0958041958041958,103,0.0006170264036315276,0.9291896626111653,2.9562656861268604,13.645023505873654,377.9,2059.2999999999997,334.5494135,1563.83277925,0.06948201369844742,0.14960835457959742,476.85000000000036,2877.5300000000134,272.41596967962505,1618.9867224042973
Nissan,Regular,エクストレイル,2010,36898,2.0 20S,0,2.130509844559586,DBA-T31,5,レギュラー,14.0,53362801,13.805457749999999,0.0958041958041958,103,0.0006914554578947233,0.9249569564386247,2.9426587894099487,14.105168575163725,400.5,2155.1,328.80849474999997,1609.611702875,0.07009065283150917,0.15160015726182063,462.5699999999997,3101.0100000000093,294.86219058771167,1666.1428762157811
Nissan,Regular,エクストレイル,2011,25114,2.0 20X,0,2.3237383177570097,DBA-T31,5,レギュラー,14.0,53783435,14.104304999999998,0.09513888888888888,103,0.0004669467467074202,0.9389811007794501,2.8388643779096547,13.087954460332213,396.0,2103.9,315.703779625,1514.94194474,0.08336701995089124,0.13619105848988733,471.2999999999993,3568.389999999992,329.35400792118526,1669.5133682159212
Nissan,Regular,エクストレイル,2012,28325,2.0 20S 4WD,0,2.2742307692307695,DBA-NT31,5,レギュラー,13.8,54171475,13.97985525,0.09133333333333334,103,0.0005228766615640427,0.9197618488328037,2.6350767974348344,13.768694552334546,372.0,2323.2999999999997,298.23317049999997,1612.330897375,0.08520821126520417,0.14265806446256457,478.6600000000017,5311.310000000005,245.30492191308804,1781.7426534445985
Nissan,Regular,エクストレイル,2013,28198,2.0 20S 4WD,0,2.2648136645962738,DBA-NT31,5,レギュラー,13.8,54594744,13.97985525,0.09133333333333334,103,0.0005164966063399803,0.9195631909181587,2.6399121890490096,13.11905728222231,389.4,2411.7000000000003,298.580119125,1578.6128777499998,0.08594640223463024,0.11496557783425176,751.5000000000018,6928.12999999999,244.4520627672664,1735.1075364326462
Nissan,Regular,エクストレイル,2014,53736,2.0 20X 2列車,0,2.2648699596774198,DBA-T32,5,レギュラー,16.4,55952365,14.482831999999998,0.10208333333333333,103,0.0009603883589192342,0.9188134228106355,2.5108740205711375,13.841824099205859,355.6,2552.6,282.277889,1645.5960405,0.0765383190684733,0.153277330262366,643.5,5875.780000000013,223.55362625047474,2144.476206123065
Nissan,Regular,エクストレイル,2015,58448,2.0 20X 2列車,0,2.310687,DBA-T32,5,レギュラー,16.4,56412140,14.482831999999998,0.10208333333333333,103,0.001036089040408678,0.9279170405519096,2.3381513887953975,13.83609007044859,321.40000000000003,2681.6,258.44556287500006,1651.7494353749998,0.07561249350756444,0.1538225937348634,628.4200000000001,7065.039999999994,211.95728708075876,2188.681604919606
Nissan,Regular,エクストレイル,2016,56151,2.0 20S エマージェンシーブレーキパッケージ 2列車,0,2.239,DBA-T32,5,レギュラー,16.4,56950757,14.482831999999998,0.10208333333333333,103,0.0009859570435560672,0.9300480413280547,2.2267127401992233,14.384023980050662,315.90000000000003,2843.7999999999997,243.34857787500002,1716.568491125,0.07804420641984261,0.17616437748950098,586.1700000000001,8278.040000000008,209.2946363945066,2196.5995468934707
Nissan,Regular,エルグランド,2006,22872,2.5 V,0,2.91375,CBA-ME51,8,レギュラー,8.9,51102005,16.663344,0.09346733668341708,111,0.00044757539356821716,0.9152275336359111,2.4519277265992536,13.778912964051765,302.0,2103.5,279.13636125,1567.5231525,0.027793815767415242,0.13810556541075458,801.4699999999993,8202.979999999996,595.2007948147912,5130.991537754468
Nissan,Regular,エルグランド,2007,18328,2.5 V,0,2.9785000000000004,CBA-ME51,8,レギュラー,8.9,51713048,16.576555749999997,0.093,111,0.00035441732229745965,0.9201741889203668,2.6572627461436538,13.61577871130859,348.3,2060.2000000000003,313.624954125,1542.06841125,0.034287015517820485,0.13400021836973597,1023.1699999999983,7779.68,705.5013858291295,4799.865046194849
Nissan,Regular,エルグランド,2008,15807,2.5 250V,0,3.012197768762678,CBA-ME51,8,レギュラー,8.9,52324877,16.576555749999997,0.09253731343283582,111,0.0003020934000475529,0.9235641012591391,2.7646197822818666,13.516623393349276,353.70000000000005,2086.0,305.328814375,1550.3659983750001,0.06654061821820734,0.15173593740640445,1030.1499999999987,7891.379999999997,759.7257917433726,4783.654988791968
Nissan,Regular,エルグランド,2009,7059,2.5 250V,0,3.0555833333333333,CBA-ME51,8,レギュラー,8.9,52877802,16.576555749999997,0.09253731343283582,111,0.0001334964717330724,0.9291896626111653,2.9595325684982203,13.645023505873654,383.0,2059.2999999999997,331.7783155,1563.83277925,0.07158012315199402,0.15446705885977474,1087.3199999999988,7882.160000000018,783.3195641862258,4486.159496453809
Nissan,Regular,エルグランド,2010,20045,2.5 250XG,0,3.1854124352331605,DBA-TE52,8,レギュラー,10.8,53362801,16.41241375,0.08947368421052632,111,0.0003756362039541365,0.9249569564386247,2.948989301003618,14.105168575163725,403.7,2155.1,326.20153875,1609.611702875,0.07454649388414925,0.16480659243809148,813.9300000000003,5703.889999999999,793.0263732909934,4381.278362651086
Nissan,Regular,エルグランド,2011,17673,2.5 250XG,0,3.2241869158878504,DBA-TE52,8,レギュラー,10.8,53783435,16.41241375,0.08947368421052632,111,0.0003285955982543696,0.9389811007794501,2.8445295825880175,13.087954460332213,399.2,2103.9,313.395670875,1514.94194474,0.08732617365908157,0.1464283624770566,873.2199999999993,6557.8299999999945,779.0935119423702,3973.7513864207504
Nissan,Regular,エルグランド,2012,17366,2.5 250XG,0,3.227538461538462,DBA-TE52,8,レギュラー,10.8,54171475,16.41241375,0.08947368421052632,111,0.00032057461976067665,0.9197618488328037,2.6369364465576415,13.768694552334546,375.0,2323.2999999999997,295.800612,1612.330897375,0.08660636578050185,0.14645844272369413,874.6600000000008,8845.309999999998,648.5573022614717,4361.831287923567
Nissan,Regular,エルグランド,2013,10775,2.5 250XG,0,3.2141739130434788,DBA-TE52,8,レギュラー,10.8,54594744,16.41241375,0.08947368421052632,111,0.0001973633212750297,0.9195631909181587,2.6417718381718167,13.11905728222231,392.4,2411.7000000000003,296.14756062500004,1578.6128777499998,0.08736254101347546,0.11735847417108625,1251.8999999999996,11213.929999999986,646.0164974620366,4257.445364524836
Nissan,Regular,エルグランド,2014,10987,2.5 250XG,0,3.235672379032258,DBA-TE52,8,レギュラー,10.8,55952365,16.41241375,0.08900523560209424,111,0.00019636346023979505,0.9188134228106355,2.5239521183023768,13.841824099205859,361.2,2552.6,280.34830725,1645.5960405,0.08490554283567497,0.15795906483843547,1154.2199999999993,12683.14,509.063140196753,4318.783068498953
Nissan,Regular,エルグランド,2015,7909,2.5 250XG,0,3.120876,DBA-TE52,8,レギュラー,10.8,56412140,16.41241375,0.08900523560209424,111,0.00014020031858390765,0.9279170405519096,2.3512294865266368,13.83609007044859,327.0,2681.6,256.51598112500005,1651.7494353749998,0.0844601003169666,0.15835434793397019,1060.7399999999989,15317.19999999999,470.20983940680344,4339.241510392792
Nissan,Regular,エルグランド,2016,6987,2.5 250XG,0,3.213,DBA-TE52,8,レギュラー,10.8,56950757,16.41241375,0.08900523560209424,111,0.00012268493639162688,0.9300480413280547,2.2397908379304625,14.384023980050662,321.5,2843.7999999999997,241.41899612500004,1716.568491125,0.08647607713434885,0.1825326232293789,1109.21,17585.23999999999,466.1940198316315,4395.086630116617
Nissan,Regular,キャラバンコーチ,2007,1717,2.5 DX スーパーロングボディ 低床,0,2.424527777777778,CBA-SGE25,10,レギュラー,8.1,51713048,16.7986845,0.07903225806451612,121,3.320245211614678e-05,0.9201741889203668,2.6712304880791375,13.61577871130859,349.09999999999997,2060.2000000000003,313.402825375,1542.06841125,0.04623857710259949,0.18276308338928926,1227.4899999999998,9199.199999999997,758.974099293253,5137.866443864099
Nissan,Regular,キャラバンコーチ,2008,1602,2.5 DX スーパーロングボディ 低床,0,2.4225243407707913,CBA-SGE25,10,レギュラー,8.1,52324877,16.7986845,0.07903225806451612,121,3.0616412151336734e-05,0.9235641012591391,2.778124837650186,13.516623393349276,354.5,2086.0,305.106685625,1550.3659983750001,0.08115222057548971,0.197067626408713,1243.1100000000006,9352.18,816.8841275124832,5117.970121149032
Nissan,Regular,キャラバンコーチ,2009,1018,2.5 DX スーパーロングボディ 低床,0,2.4851666666666667,CBA-SGE25,10,レギュラー,8.1,52877802,16.7986845,0.07903225806451612,121,1.9251934866732925e-05,0.9291896626111653,2.97303762386654,13.645023505873654,383.79999999999995,2059.2999999999997,331.55618675000005,1563.83277925,0.08682222832378567,0.20558390568255414,1319.960000000001,9313.840000000011,843.5547115046629,4807.078310008619
Nissan,Regular,キャラバンコーチ,2010,970,2.5 DX スーパーロングボディ 低床,0,2.567378238341969,CBA-SGE25,10,レギュラー,8.1,53362801,16.7986845,0.07903225806451612,121,1.8177456614393237e-05,0.9249569564386247,2.9594307271496283,14.105168575163725,406.4,2155.1,325.815268,1609.611702875,0.08697443940771488,0.2112813727958347,1572.3600000000006,10146.200000000012,900.3686755568997,4946.601615233012
Nissan,Regular,キャラバンコーチ,2011,975,2.5 DX スーパーロングボディ 低床,0,2.572710280373832,CBA-SGE25,10,レギュラー,8.1,53783435,16.7986845,0.07903225806451612,121,1.812825826390598e-05,0.9389811007794501,2.8549710087340276,13.087954460332213,401.9,2103.9,313.009400125,1514.94194474,0.09933214466393692,0.1874957918882738,1658.380000000001,11182.93,883.5004027558789,4496.754673492753
Nissan,Regular,キャラバンコーチ,2012,1087,2.0 DX ロングボディ,0,2.0540769230769236,CBF-VR2E26,3,レギュラー,9.9,54171475,15.836469750000003,0.07738095238095238,121,2.0065911072201743e-05,0.9197618488328037,2.6490291783872153,13.768694552334546,375.90000000000003,2323.2999999999997,296.376556,1612.330897375,0.10008492117276213,0.19496100360321966,1084.7200000000003,10400.419999999998,525.2794151449671,3600.1852154871813
Nissan,Regular,キャラバンコーチ,2013,1343,2.0 DX ロングボディ,0,2.0455714285714293,CBF-VR2E26,3,レギュラー,9.9,54594744,15.836469750000003,0.07738095238095238,121,2.459943763084593e-05,0.9195631909181587,2.6538645700013905,13.11905728222231,393.3,2411.7000000000003,296.72350462500003,1578.6128777499998,0.10095804259389801,0.15620244158714902,1493.2799999999988,12984.049999999988,523.1382563032839,3512.6805627742215
Nissan,Regular,キャラバンコーチ,2014,1393,2.0 DX ロングボディ,0,2.049359879032258,CBF-VR2E26,3,レギュラー,9.9,55952365,15.836469750000003,0.07738095238095238,121,2.489617731082502e-05,0.9188134228106355,2.5355764015235183,13.841824099205859,362.1,2552.6,280.92425125,1645.5960405,0.09923417133195095,0.20318244732347202,1376.6999999999998,14613.729999999996,405.13303058342717,3558.3076133294817
Nissan,Regular,キャラバンコーチ,2015,1465,2.0 DX ロングボディ,0,2.0329650000000004,CBF-VR2E26,3,レギュラー,9.9,56412140,15.836469750000003,0.07738095238095238,121,2.5969587397322634e-05,0.9279170405519096,2.3628537697477783,13.83609007044859,327.90000000000003,2681.6,257.09192512500005,1651.7494353749998,0.0986414155787203,0.20344442247046102,1258.9199999999983,17479.989999999983,375.9746612350491,3585.854076939104
Nissan,Regular,キャラバンコーチ,2016,1566,2.0 DX ロングボディ,0,2.035,CBF-VR2E26,3,レギュラー,9.9,56950757,15.836469750000003,0.07738095238095238,121,2.7497439586272752e-05,0.9300480413280547,2.251415121151604,14.384023980050662,322.40000000000003,2843.7999999999997,241.99494012500003,1716.568491125,0.1000007237431772,0.2306907748032283,1316.119999999999,19946.83999999999,373.1423567607235,3623.495734360069
Nissan,Regular,サファリワゴン,2006,188,4.8 グランロードリミテッド 4WD,0,4.586972222222222,TA-WFGY61,7,レギュラー,5.5,51102005,18.271404999999998,0.1016597510373444,136,3.6789163164928655e-06,0.9152275336359111,2.4437353122453263,13.778912964051765,305.4,2103.5,277.52830025,1567.5231525,0.024453440564516316,0.13773767226831612,1740.5500000000002,15603.419999999998,992.1258330472865,8010.632086538011
Nissan,Regular,サファリワゴン,2007,82,4.8 グランロードリミテッド 4WD,0,4.586972222222222,TA-WFGY61,7,レギュラー,5.5,51713048,18.271404999999998,0.1016597510373444,136,1.5856733101479534e-06,0.9201741889203668,2.6486029951063093,13.61577871130859,351.7,2060.2000000000003,311.930104875,1542.06841125,0.032167868666367117,0.13080899810525182,2130.209999999999,15032.559999999998,1180.8929069196129,7723.279605164382
Nissan,Regular,シーマ,2006,1359,3.0 300G,0,5.4503055555555555,GH-HF50,5,ハイオク,9.1,51102005,13.731504750000001,0.16374269005847952,145,2.6593868479328747e-05,0.9152275336359111,2.381652373224191,13.778912964051765,301.79999999999995,2103.5,282.0682005,1567.5231525,0.1038493531662622,0.7501187085111631,763.5099999999993,7869.18,190.96771328202976,1757.537055928995
Nissan,Regular,シーマ,2007,1090,3.0 300G,0,5.4503055555555555,GH-HF50,5,ハイオク,9.1,51713048,13.731504750000001,0.16374269005847952,145,2.107785253733255e-05,0.9201741889203668,2.586520056085174,13.61577871130859,348.09999999999997,2060.2000000000003,316.470005125,1542.06841125,0.13555709624303103,0.7140148513788871,977.4899999999989,7452.399999999994,256.2262560650779,1674.9306561505
Nissan,Regular,シーマ,2008,850,4.5 450XL,0,6.383062880324544,CBA-GF50,5,ハイオク,8.0,52324877,14.075136,0.15730337078651685,145,1.6244663126489527e-05,0.9235641012591391,2.6998537249281855,13.516623393349276,354.6,2086.0,307.830234125,1550.3659983750001,0.13333931181184167,0.6339041850766964,1272.1599999999999,9547.199999999997,300.0025205790662,1959.048143137392
Nissan,Regular,シーマ,2009,311,4.5 450XL,0,6.475,CBA-GF50,5,ハイオク,8.0,52877802,14.075136,0.15730337078651685,145,5.881485013314282e-06,0.9291896626111653,2.8947665111445393,13.645023505873654,383.9,2059.2999999999997,334.27973525000004,1563.83277925,0.14549374353038724,0.6038221723426869,1351.6499999999996,9505.130000000012,302.57340777664103,1805.59754121289
Nissan,Regular,シーマ,2010,202,4.5 450XL,0,6.5219689119170985,CBA-GF50,5,ハイオク,8.0,53362801,14.075136,0.15730337078651685,145,3.785408490832406e-06,0.9249569564386247,2.8811596144276277,14.105168575163725,406.5,2155.1,328.5388165,1609.611702875,0.1477760085077684,0.6114805168663118,1608.5699999999997,10350.210000000006,328.1160305285084,1858.1376939300753
Nissan,Regular,シーマ,2011,10,4.5 450XL,0,6.535514018691589,CBA-GF50,5,ハイオク,8.0,53783435,14.075136,0.15730337078651685,145,1.8593085398877925e-07,0.9389811007794501,2.776699896012027,13.087954460332213,402.0,2103.9,315.732948625,1514.94194474,0.15798781790799798,0.5804476234333089,1695.3000000000002,11391.189999999995,325.57930075522563,1649.3925242703335
Nissan,Regular,シーマ,2012,1978,3.5,0,7.6326923076923086,DAA-HGY51,5,ハイオク,16.6,54171475,14.264064000000001,0.15854922279792746,145,3.651368178547843e-05,0.9197618488328037,2.5678609079702404,13.768694552334546,369.2,2323.2999999999997,297.94896174999997,1612.330897375,0.15539008236875407,0.6599549986185256,531.3000000000011,4302.75,276.54396796256697,1997.0963824911669
Nissan,Regular,シーマ,2013,808,3.5,0,7.60108695652174,DAA-HGY51,5,ハイオク,16.6,54594744,14.264064000000001,0.15854922279792746,145,1.4799959497932621e-05,0.9195631909181587,2.5726962995844156,13.11905728222231,386.59999999999997,2411.7000000000003,298.295910375,1578.6128777499998,0.15547824304166735,0.6692061710539559,706.7000000000007,5169.169999999984,275.4938971466963,1945.5456709439823
Nissan,Regular,シーマ,2014,434,3.5,0,7.613346774193548,DAA-HGY51,5,ハイオク,16.6,55952365,14.264064000000001,0.15854922279792746,145,7.756597956136439e-06,0.9188134228106355,2.4544081311065433,13.841824099205859,355.4,2552.6,282.49665699999997,1645.5960405,0.13465677535511433,0.6946049331838227,653.1000000000004,5798.540000000008,202.4635024148629,1965.170880288977
Nissan,Regular,シーマ,2015,238,3.5,0,7.552440000000002,DAA-HGY51,5,ハイオク,16.6,56412140,14.264064000000001,0.15854922279792746,145,4.218950034513848e-06,0.9279170405519096,2.2816854993308033,13.83609007044859,321.2,2681.6,258.664330875,1651.7494353749998,0.12380312565120621,0.6957977507243092,638.5,6936.199999999997,193.01746448997346,2012.0686108655354
Nissan,Regular,シーマ,2016,245,3.5,0,7.56,DAA-HGY51,5,ハイオク,16.6,56950757,14.264064000000001,0.15854922279792746,145,4.301962131951995e-06,0.9300480413280547,2.170246850734629,14.384023980050662,315.7,2843.7999999999997,243.56734587500003,1716.568491125,0.12410295428553253,0.7298446288588716,591.8500000000004,8117.320000000007,190.0382403188869,2016.902718495403
Nissan,Regular,ジューク,2010,22803,1.5 15RS,1,1.7505792746113988,DBA-YF15,5,レギュラー,17.2,53362801,11.421800374999998,0.09743589743589744,151,0.0004273201476061948,0.9249569564386247,2.941027087778247,14.105168575163725,397.3,2155.1,331.192152125,1609.611702875,0.06931891789788236,0.15002803884123317,705.1299999999992,3385.810000000012,184.3496833568961,860.8957659278094
Nissan,Regular,ジューク,2011,34224,1.5 15RS,1,1.754214953271028,DBA-YF15,5,レギュラー,17.2,53783435,11.421800374999998,0.09743589743589744,151,0.0006363297546911981,0.9389811007794501,2.8365673693626463,13.087954460332213,392.8,2103.9,318.38628425,1514.94194474,0.08227384483285538,0.134454434750086,642.8199999999997,3282.3099999999977,181.5083523121957,758.6366790379325
Nissan,Regular,ジューク,2012,33648,1.5 15RS タイプV,1,1.6823076923076923,DBA-YF15,5,レギュラー,17.2,54171475,11.421800374999998,0.09743589743589744,151,0.0006211387081485228,0.9197618488328037,2.6289742333322703,13.768694552334546,368.6,2323.2999999999997,300.791225375,1612.330897375,0.08188341069480287,0.13703804495596472,595.619999999999,4374.2699999999895,153.17147291000038,868.5895880821408
Nissan,Regular,ジューク,2013,20382,1.5 15RS タイプV,1,1.7466987577639757,DBA-YF15,5,レギュラー,18.0,54594744,11.421800374999998,0.09661016949152543,151,0.00037333264169166176,0.9195631909181587,2.6346353528908177,13.11905728222231,385.2,2411.7000000000003,301.13817400000005,1578.6128777499998,0.08290715583230612,0.11337244203148567,837.1800000000021,5101.129999999976,154.09364100729,844.3858691298519
Nissan,Regular,ジューク,2014,14444,1.5 15RS,1,1.7502641129032261,DBA-YF15,5,レギュラー,18.0,55952365,11.421800374999998,0.095,151,0.0002581481587060708,0.9188134228106355,2.5179573539044706,13.841824099205859,354.0,2552.6,285.338920625,1645.5960405,0.08005104824878662,0.14974084527889397,774.0600000000013,5578.180000000008,137.26395591510664,879.748702469682
Nissan,Regular,ジューク,2015,9622,1.5 15RX シンプルパッケージ,1,1.7362620000000004,DBA-YF15,5,レギュラー,18.0,56412140,11.421800374999998,0.095,151,0.00017056612282391698,0.9279170405519096,2.3452347221287306,13.83609007044859,319.8,2681.6,261.50659450000006,1651.7494353749998,0.07947033262661041,0.15020487667732985,758.3399999999983,6354.639999999999,138.35440668126103,961.6255738931795
Nissan,Regular,ジューク,2016,8794,1.5 15RX シンプルパッケージ,1,1.7380000000000002,DBA-YF15,5,レギュラー,18.0,56950757,11.421800374999998,0.095,151,0.00015441410199341162,0.9300480413280547,2.2337960735325564,14.384023980050662,314.3,2843.7999999999997,246.40960950000002,1716.568491125,0.08171933829488714,0.17332902276244067,678.6499999999996,7323.800000000003,122.56195787458091,969.8953803044569
Nissan,Regular,シルフィ,2006,35200,1.5 15S,0,1.8345833333333335,DBA-G11,5,レギュラー,16.6,51102005,11.720925000000001,0.0939655172413793,144,0.0006888183741518557,0.9152275336359111,2.4514295460412914,13.778912964051765,294.29999999999995,2103.5,284.07878024999997,1567.5231525,0.027498692791663226,0.13754272424223357,726.0100000000002,3494.429999999993,152.24615189772612,845.2439541200147
Nissan,Regular,シルフィ,2007,20187,1.5 15S,0,1.8345833333333335,DBA-G11,5,レギュラー,16.6,51713048,11.720925000000001,0.0939655172413793,144,0.00039036569648727724,0.9201741889203668,2.6562972289022744,13.61577871130859,340.59999999999997,2060.2000000000003,318.480584875,1542.06841125,0.03385016094024945,0.13261922356930178,823.7399999999998,3148.899999999994,202.3174186347942,813.8023992749804
Nissan,Regular,シルフィ,2008,13585,1.5 15S,0,1.8672991886409742,DBA-G11,5,レギュラー,16.6,52324877,11.720925000000001,0.0939655172413793,144,0.0002596279394980709,0.9235641012591391,2.763191578473323,13.516623393349276,346.0,2086.0,310.18444512499997,1550.3659983750001,0.06557124235976619,0.14988519071242745,747.5600000000013,2863.279999999999,175.97584199624362,878.1723802620036
Nissan,Regular,シルフィ,2009,7770,1.5 15S,0,1.8941944444444447,DBA-G11,5,レギュラー,16.6,52877802,11.720925000000001,0.0939655172413793,144,0.00014694256769598707,0.9291896626111653,2.9581043646896767,13.645023505873654,375.29999999999995,2059.2999999999997,336.63394625,1563.83277925,0.07058672503248309,0.1519831850532749,746.2100000000028,3068.8900000000285,181.6234010540511,848.8584362414113
Nissan,Regular,シルフィ,2010,5842,1.5 15S,0,1.9079347150259067,DBA-G11,5,レギュラー,16.6,53362801,11.720925000000001,0.0939655172413793,144,0.00010947701189823226,0.9249569564386247,2.944497467972765,14.105168575163725,397.9,2155.1,330.89302749999996,1609.611702875,0.07114532674694518,0.15427140347188129,614.4100000000017,3112.4500000000116,180.1353556632066,874.0275978393765
Nissan,Regular,シルフィ,2011,4518,1.5 15S,0,1.9118971962616826,DBA-G11,5,レギュラー,16.6,53783435,11.720925000000001,0.0939655172413793,144,8.400355983213047e-05,0.9389811007794501,2.8400377495571645,13.087954460332213,393.4,2103.9,318.08715962499997,1514.94194474,0.08403945948478808,0.13761568105363198,566.9799999999996,3130.029999999999,178.03256642105043,766.1015913079682
Nissan,Regular,シルフィ,2012,5675,1.5 15S,0,1.9138846153846156,DBA-G11,5,レギュラー,16.6,54171475,11.720925000000001,0.0939655172413793,144,0.00010475993131071288,0.9197618488328037,2.6324446135267885,13.768694552334546,369.2,2323.2999999999997,300.49210074999996,1612.330897375,0.0835366424885377,0.1389460240170206,531.3000000000011,4302.75,146.37679969597957,880.0946639234826
Nissan,Regular,シルフィ,2013,11166,1.8 S,0,2.0031708074534165,DBA-TB17,5,レギュラー,15.6,54594744,12.142988000000003,0.10650406504065041,144,0.00020452518286375698,0.9195631909181587,2.6247414573416927,13.11905728222231,387.59999999999997,2411.7000000000003,300.416986375,1578.6128777499998,0.08111120654342119,0.13109883802314704,675.9000000000015,5548.969999999987,145.12534763479744,912.6931840595207
Nissan,Regular,シルフィ,2014,5867,1.8 S,0,2.0070635080645163,DBA-TB17,5,レギュラー,15.6,55952365,12.142988000000003,0.10650406504065041,144,0.00010485705117201033,0.9188134228106355,2.5064532888638205,13.841824099205859,356.4,2552.6,284.617733,1645.5960405,0.07556656643765525,0.1627569252780634,624.3000000000011,6299.139999999999,117.09484705560408,936.414330091
Nissan,Regular,シルフィ,2015,4707,1.8 S,0,1.9910070000000004,DBA-TB17,5,レギュラー,15.6,56412140,12.142988000000003,0.10650406504065041,144,8.343948660696085e-05,0.9279170405519096,2.3337306570880805,13.83609007044859,322.2,2681.6,260.78540687500004,1651.7494353749998,0.07432364385499357,0.16335288595603625,605.7000000000007,7694.799999999988,118.57118765079849,1009.415697043325
Nissan,Regular,シルフィ,2016,4527,1.8 S,0,1.993,DBA-TB17,5,レギュラー,15.6,56950757,12.142988000000003,0.10650406504065041,144,7.948972478100686e-05,0.9300480413280547,2.2222920084919062,14.384023980050662,316.7,2843.7999999999997,245.68842187500002,1716.568491125,0.07681852857607241,0.1854606767239826,580.2500000000018,9039.320000000007,107.55962259594526,1009.1652705214074
Nissan,Regular,スカイライン,2006,7362,2.5 250GT,0,2.8489999999999998,GH-V35,5,ハイオク,12.0,51102005,12.219375,0.14527027027027026,153,0.00014406479745755573,0.9152275336359111,2.4001247930124006,13.778912964051765,298.9,2103.5,283.58033025,1567.5231525,0.060891354481289905,0.45431982313570973,428.85000000000036,4296.669999999998,143.75644657400062,965.1391208277564
Nissan,Regular,スカイライン,2007,22476,2.5 250GT,0,2.8705833333333333,DBA-V36,5,ハイオク,11.2,51713048,12.203707499999998,0.14423076923076922,153,0.00043462918681567563,0.9201741889203668,2.6060319769128846,13.61577871130859,346.0,2060.2000000000003,317.997802375,1542.06841125,0.08063576278277007,0.4160916256773124,628.2600000000002,4682.499999999993,195.34703278048164,918.7894705768849
Nissan,Regular,スカイライン,2008,12501,2.5 250GT,0,2.829824543610548,DBA-V36,5,ハイオク,11.2,52324877,12.203707499999998,0.14423076923076922,153,0.0002389112161697007,0.9235641012591391,2.712926326483933,13.516623393349276,351.40000000000003,2086.0,309.701662625,1550.3659983750001,0.10161070136742556,0.44332572690706407,610.3999999999996,4675.520000000004,177.01591831964106,975.1475918515644
Nissan,Regular,スカイライン,2009,6864,2.5 250GT,0,2.9785000000000004,DBA-V36,5,ハイオク,11.2,52877802,12.203707499999998,0.14331210191082802,153,0.00012980872389514224,0.9291896626111653,2.908757780020228,13.645023505873654,380.7,2059.2999999999997,336.15116375,1563.83277925,0.10892463892704118,0.4094236664962163,625.2500000000018,4742.890000000014,180.22555260354966,921.2802016654605
Nissan,Regular,スカイライン,2010,8970,2.5 250GT Aパッケージ,0,3.000105699481866,DBA-V36,5,ハイオク,12.2,53362801,12.267870000000002,0.14240506329113925,153,0.0001680946245681519,0.9249569564386247,2.8960579219230054,14.105168575163725,402.3,2155.1,330.34608249999997,1609.611702875,0.1088226163562912,0.40218086849173407,587.130000000001,4209.810000000005,185.84937211995566,963.2872110412209
Nissan,Regular,スカイライン,2011,4624,2.5 250GT Aパッケージ,0,3.006336448598131,DBA-V36,5,ハイオク,12.2,53783435,12.267870000000002,0.14240506329113925,153,8.597442688441153e-05,0.9389811007794501,2.7915982035074047,13.087954460332213,397.8,2103.9,317.540214625,1514.94194474,0.12038702815469549,0.3810247734045573,626.8199999999997,4917.309999999998,184.63424220630895,840.8345429046312
Nissan,Regular,スカイライン,2012,4694,2.5 250GT Aパッケージ,0,3.009461538461539,DBA-V36,5,ハイオク,12.2,54171475,12.267870000000002,0.14240506329113925,153,8.665076961629714e-05,0.9197618488328037,2.5840050674770287,13.768694552334546,373.6,2323.2999999999997,299.94515574999997,1612.330897375,0.11709627846213322,0.4194527868836371,631.6200000000008,6880.269999999997,145.984431471461,966.3797774537161
Nissan,Regular,スカイライン,2013,2614,2.5 250GT,0,3.092142857142858,DBA-V36,5,ハイオク,11.4,54594744,12.267870000000002,0.14240506329113925,153,4.7880066989598854e-05,0.9195631909181587,2.588840459091204,13.11905728222231,391.8,2411.7000000000003,300.292104375,1578.6128777499998,0.11734056580204055,0.4223042258951941,1114.3799999999992,10158.049999999988,146.31951418265635,939.1023113495103
Nissan,Regular,スカイライン,2014,12494,2.5 250GT,0,3.0977056451612905,DBA-V36,5,ハイオク,11.4,55952365,12.267870000000002,0.14240506329113925,153,0.00022329708494001996,0.9188134228106355,2.4705522906133317,13.841824099205859,360.6,2552.6,284.492851,1645.5960405,0.10241707999388927,0.4467466435898859,1027.5,11524.779999999999,116.13814478590484,961.335858563667
Nissan,Regular,スカイライン,2015,6143,2.5 250GT,0,3.0729240000000004,DBA-V36,5,ハイオク,11.4,56412140,12.267870000000002,0.14240506329113925,153,0.00010889500026058221,0.9279170405519096,2.2978296588375917,13.83609007044859,326.40000000000003,2681.6,260.660524875,1651.7494353749998,0.09570381485208845,0.4477543189806257,948.4199999999992,14004.039999999986,117.46998894587159,1032.8003289984335
Nissan,Regular,スカイライン,2016,4203,2.0 200GT-t,0,3.8930000000000002,DBA-YV37,5,ハイオク,13.6,56950757,12.64081,0.12787878787878787,153,7.380059934936422e-05,0.9300480413280547,2.2009172856537687,14.384023980050662,318.7,2843.7999999999997,245.19059987500003,1716.568491125,0.0824710262419337,0.3120121658189805,683.0500000000011,11771.320000000007,109.94764398943698,1126.0862951612362
Nissan,Regular,ステージア,2006,3833,2.5 250RX,0,2.8921666666666663,GH-M35,5,ハイオク,11.0,51102005,12.716616,0.13694267515923567,157,7.500684170806996e-05,0.9152275336359111,2.408452388123435,13.778912964051765,299.9,2103.5,283.08308925,1567.5231525,0.046881669979472296,0.3524383642125777,498.65000000000055,5260.669999999998,147.16969451751447,1154.5523523004304
Nissan,Regular,ステージア,2007,1437,2.5 250RX,0,2.8921666666666663,GH-M35,5,ハイオク,11.0,51713048,12.716616,0.13694267515923567,157,2.7787957886373282e-05,0.9201741889203668,2.613320070984418,13.61577871130859,346.2,2060.2000000000003,317.484893875,1542.06841125,0.06539521015887895,0.3317656230755728,651.2600000000002,4893.859999999993,201.73054566433348,1100.8041920878168
Nissan,Regular,セドリック,2006,4428,2.0 スーパーカスタム,0,2.4872222222222224,LA-QJY31,5,ガス,8.9,51102005,11.487099750000002,0.06115107913669065,163,8.665022047569367e-05,0.9152275336359111,2.48424398414598,13.778912964051765,302.0,2103.5,284.31260549999996,1567.5231525,0.07238857548320621,0.32413828038877224,801.4699999999993,8202.979999999996,160.33809941754316,813.1432114745476
Nissan,Regular,セドリック,2007,3833,2.0 スーパーカスタム,0,2.4872222222222224,LA-QJY31,5,ガス,8.9,51713048,11.487099750000002,0.06115107913669065,163,7.41205585097208e-05,0.9201741889203668,2.689111667006963,13.61577871130859,348.3,2060.2000000000003,318.714410125,1542.06841125,0.07691508757700344,0.3237786538896237,1023.1699999999983,7779.68,210.2175207208693,786.0776007241075
Nissan,Regular,セドリック,2008,3049,2.0 スーパーカスタム,0,2.451906693711968,LA-QJY31,5,ガス,8.9,52324877,11.487099750000002,0.06115107913669065,163,5.827056220313714e-05,0.9235641012591391,2.7960060165780116,13.516623393349276,353.70000000000005,2086.0,310.41827037499996,1550.3659983750001,0.11565152503200044,0.33453716894489594,1030.1499999999987,7891.379999999997,179.99625018016195,854.3279524789323
Nissan,Regular,セドリック,2009,2301,2.0 オリジナル,0,2.1316111111111113,ABA-QJY31,5,ガス,8.9,52877802,11.487099750000002,0.05985915492957746,163,4.351542448757609e-05,0.9291896626111653,2.9922107270014786,13.645023505873654,383.0,2059.2999999999997,336.8677715,1563.83277925,0.12663112737549376,0.36399061572875313,1087.3199999999988,7882.160000000018,187.15968728547614,836.7383774570917
Nissan,Regular,セドリック,2010,1060,2.0 オリジナル,0,2.2909709844559587,ABA-QJY31,5,ガス,10.0,53362801,11.487099750000002,0.05821917808219178,163,1.9864024753873022e-05,0.9249569564386247,2.9802438071319526,14.105168575163725,404.5,2155.1,331.12685274999995,1609.611702875,0.13061185724880375,0.39564123456628164,994.5699999999997,6805.810000000005,182.9868983707347,861.6095868210541
Nissan,Regular,セドリック,2011,1162,2.0 オリジナル,0,2.295728971962617,ABA-QJY31,5,ガス,10.0,53783435,11.487099750000002,0.05821917808219178,163,2.160516523349615e-05,0.9389811007794501,2.875784088716352,13.087954460332213,400.0,2103.9,318.32098487499997,1514.94194474,0.14147793067460607,0.3552225622603382,1063.2999999999993,7727.5899999999965,180.32206080307515,758.2508202655154
Nissan,Regular,セドリック,2012,1793,2.0 オリジナル,0,2.3666538461538464,ABA-QJY31,5,ガス,10.0,54171475,11.487099750000002,0.05782312925170068,163,3.309860032424814e-05,0.9197618488328037,2.668587001516467,13.768694552334546,375.8,2323.2999999999997,300.72592599999996,1612.330897375,0.13797848001545698,0.3606864395493894,1059.300000000001,10216.349999999999,151.2912003759311,868.9482855726819
Nissan,Regular,セドリック,2013,1795,2.0 オリジナル,0,2.356854037267081,ABA-QJY31,5,ガス,10.0,54594744,11.487099750000002,0.05782312925170068,163,3.287862289454091e-05,0.9195631909181587,2.6734223931306422,13.11905728222231,393.2,2411.7000000000003,301.072874625,1578.6128777499998,0.13904074090449436,0.3044497884240416,1464.380000000001,12776.329999999987,152.16805741648204,844.6602872555886
Nissan,Regular,セドリック,2014,1563,2.0 オリジナル,0,2.360540322580645,ABA-QJY31,5,ガス,10.0,55952365,11.487099750000002,0.05782312925170068,163,2.793447604940381e-05,0.9188134228106355,2.55513422465277,13.841824099205859,362.0,2552.6,285.27362124999996,1645.5960405,0.13797854651764924,0.3664797977262557,1350.0600000000013,14387.779999999999,134.40986134580817,878.7548875697175
Nissan,Regular,セドリック,2015,686,2.0 オリジナル,0,2.3416560000000004,ABA-QJY31,5,ガス,10.0,56412140,11.487099750000002,0.05782312925170068,163,1.2160503040657561e-05,0.9279170405519096,2.38241159287703,13.83609007044859,327.8,2681.6,261.441295125,1651.7494353749998,0.13591822842888962,0.36651748263273953,1235.1399999999994,17228.23999999999,135.6209103932797,959.8281333142877
Nissan,Regular,セドリック,2016,376,2.0 オリジナル,0,2.344,ABA-QJY31,5,ガス,10.0,56950757,11.487099750000002,0.05782312925170068,163,6.602194945363062e-06,0.9300480413280547,2.2709729442808557,14.384023980050662,322.3,2843.7999999999997,246.34431012500002,1716.568491125,0.13556283935025726,0.4019751363719182,1291.4500000000007,19672.6,120.30417209626648,967.1123363689403
Nissan,Regular,セレナワゴン,2006,80901,2.0 20S,0,2.158333333333333,DBA-C25,8,レギュラー,13.2,51102005,14.502420000000003,0.08509316770186336,167,0.0015831277070244112,0.9152275336359111,2.4603018955808076,13.778912964051765,297.7,2103.5,281.29728524999996,1567.5231525,0.03453785244520735,0.15804274345824965,408.4500000000007,3512.1100000000006,257.27782160762945,2409.6828551033177
Nissan,Regular,セレナワゴン,2007,77544,2.0 20S,0,2.158333333333333,DBA-C25,8,レギュラー,13.2,51713048,14.502420000000003,0.08509316770186336,167,0.0014995055019769866,0.9201741889203668,2.6651695784417906,13.61577871130859,344.0,2060.2000000000003,315.69908987499997,1542.06841125,0.03975862225447274,0.1549904882836155,517.0599999999995,3176.0999999999985,334.7925022361942,2301.0254622822977
Nissan,Regular,セレナワゴン,2008,72927,2.0 20S,0,2.1601095334685603,DBA-C25,8,レギュラー,12.0,52324877,14.595984,0.08509316770186336,167,0.0013937347621476492,0.9235641012591391,2.772063928012839,13.516623393349276,350.6,2086.0,307.309386125,1550.3659983750001,0.07337651174037657,0.17049697414746667,531.3599999999988,3899.199999999997,367.8739629048541,2404.8328644410285
Nissan,Regular,セレナワゴン,2009,78836,2.0 20S,0,2.2230833333333337,DBA-C25,8,レギュラー,12.0,52877802,14.595984,0.08509316770186336,167,0.0014909091720567357,0.9291896626111653,2.966976714229193,13.645023505873654,379.9,2059.2999999999997,333.75888725000004,1563.83277925,0.07867332066935318,0.1764620610876757,536.4500000000007,3990.7300000000105,372.7591015980415,2222.4206752364043
Nissan,Regular,セレナワゴン,2010,75040,2.0 20S,0,2.2392093264248705,DBA-C26,8,レギュラー,13.8,53362801,14.810104874999999,0.091875,167,0.0014062230354062561,0.9249569564386247,2.9465879852141446,14.105168575163725,400.7,2155.1,327.803847625,1609.611702875,0.0725826639049525,0.158466704102731,467.130000000001,3179.090000000004,440.1576847821325,2485.503860622717
Nissan,Regular,セレナワゴン,2011,84359,2.0 20S,0,2.2438598130841125,DBA-C26,8,レギュラー,13.8,53783435,14.810104874999999,0.091875,167,0.0015684940911639429,0.9389811007794501,2.842128266798544,13.087954460332213,396.2,2103.9,314.99797975,1514.94194474,0.08542854976348047,0.14105449964298167,479.6200000000008,3676.0299999999916,435.21503062982083,2224.8495653189602
Nissan,Regular,セレナワゴン,2012,96020,2.0 20S,0,2.246192307692308,DBA-C26,8,レギュラー,13.8,54171475,14.810104874999999,0.09130434782608696,167,0.0017725195778774715,0.9197618488328037,2.6351057829420808,13.768694552334546,372.0,2323.2999999999997,297.402920875,1612.330897375,0.08522862403480963,0.1427098173918746,478.6600000000017,5311.310000000005,348.34962035118224,2474.770764855595
Nissan,Regular,セレナワゴン,2013,96407,2.0 20S,0,2.2368913043478265,DBA-C26,8,レギュラー,13.8,54594744,14.810104874999999,0.09130434782608696,167,0.001765865959550978,0.9195631909181587,2.639941174556256,13.11905728222231,389.4,2411.7000000000003,297.74986950000005,1578.6128777499998,0.0859670953167932,0.11499555216945323,751.5000000000018,6928.12999999999,346.92065327376076,2412.4158333498053
Nissan,Regular,セレナワゴン,2014,76909,2.0 20S,0,2.261848790322581,DBA-C26,8,レギュラー,13.8,55952365,14.810104874999999,0.09130434782608696,167,0.0013745442216785654,0.9188134228106355,2.5216530060783837,13.841824099205859,358.2,2552.6,281.950616125,1645.5960405,0.08283982566611453,0.1535921821936288,693.4200000000019,7920.940000000017,259.39296559158356,2438.2683761602602
Nissan,Regular,セレナワゴン,2015,61796,2.0 20S,0,2.2827150000000005,DBA-C26,8,レギュラー,13.8,56412140,14.810104874999999,0.09130434782608696,167,0.0010954379677849484,0.9279170405519096,2.3489303743026437,13.83609007044859,324.0,2681.6,258.11829000000006,1651.7494353749998,0.0823594966408322,0.15401383164038052,657.5400000000009,9781.0,244.22240686305122,2478.4460964932805
Nissan,Regular,セレナワゴン,2016,73502,2.0 B,0,2.3169999999999997,DBA-C27,8,レギュラー,15.0,56950757,14.825910750000002,0.09259259259259259,167,0.0012906237576438184,0.9300480413280547,2.236203480939964,14.384023980050662,317.3,2843.7999999999997,243.00549912500003,1716.568491125,0.08344821239378869,0.1757468885648792,593.4500000000007,9734.600000000006,243.5410241347745,2506.9338128021263
Nissan,Regular,ティアナ,2006,16640,2.3 230JK,0,2.4820833333333336,CBA-J31,5,レギュラー,11.2,51102005,12.4962,0.11768707482993197,174,0.0003256232314172409,0.9152275336359111,2.4277079884527386,13.778912964051765,299.7,2103.5,283.30350525,1567.5231525,0.027234721271173545,0.19175097984704959,480.84999999999945,5045.309999999998,144.19227694733854,1061.9862834080195
Nissan,Regular,ティアナ,2007,9778,2.3 230JK,0,2.4820833333333336,CBA-J31,5,レギュラー,11.2,51713048,12.4962,0.11768707482993197,174,0.00018908187349544743,0.9201741889203668,2.6325756713137216,13.61577871130859,346.0,2060.2000000000003,317.705309875,1542.06841125,0.03892881580047769,0.17950488886158533,628.2600000000002,4682.499999999993,197.24662027623708,1013.6887828550462
Nissan,Regular,ティアナ,2008,15832,2.5 250XE,0,2.500539553752536,CBA-J32,5,レギュラー,12.0,52324877,12.840981249999999,0.125,174,0.00030257118425715555,0.9235641012591391,2.7321570957147023,13.516623393349276,350.6,2086.0,309.06438887499996,1550.3659983750001,0.07170845948663007,0.2486988160003798,531.3599999999988,3899.199999999997,197.6609469572213,1201.6570195244567
Nissan,Regular,ティアナ,2009,8289,2.5 250XE,0,2.622888888888889,CBA-J32,5,レギュラー,12.0,52877802,12.840981249999999,0.125,174,0.00015675765040309354,0.9291896626111653,2.927069881931056,13.645023505873654,379.9,2059.2999999999997,335.51389000000006,1563.83277925,0.07821687029193469,0.23603166661498154,536.4500000000007,3990.7300000000105,199.0800811406043,1114.6652547237754
Nissan,Regular,ティアナ,2010,5616,2.5 250XE,0,2.6657253886010364,DBA-J32,5,レギュラー,12.6,53362801,12.840981249999999,0.12416107382550336,174,0.00010524185190353857,0.9249569564386247,2.914301911388641,14.105168575163725,401.9,2155.1,329.77297124999996,1609.611702875,0.07865632561814684,0.2311345608437141,543.210000000001,3884.4500000000044,210.4523396031218,1147.3273437017488
Nissan,Regular,ティアナ,2011,4503,2.5 250XE,0,2.671261682242991,DBA-J32,5,レギュラー,12.6,53783435,12.840981249999999,0.12416107382550336,174,8.37246635511473e-05,0.9389811007794501,2.8098421929730404,13.087954460332213,397.4,2103.9,316.96710337499997,1514.94194474,0.09127244320928751,0.21663144674303503,576.5799999999999,4543.629999999997,209.5254184538735,1003.8757962754826
Nissan,Regular,ティアナ,2012,4187,2.5 250XE,0,2.6823461538461544,DBA-J32,5,レギュラー,11.4,54171475,12.840981249999999,0.12416107382550336,174,7.72916004225471e-05,0.9197618488328037,2.6022490569426644,13.768694552334546,374.40000000000003,2323.2999999999997,299.3720445,1612.330897375,0.09013349913787483,0.23612922217970667,758.0199999999986,7935.469999999994,162.2631298384713,1147.3031081964655
Nissan,Regular,ティアナ,2013,3451,2.5 250XE,0,2.671239130434783,DBA-J32,5,レギュラー,11.4,54594744,12.840981249999999,0.12416107382550336,174,6.321121315268005e-05,0.9195631909181587,2.6070844485568396,13.11905728222231,391.8,2411.7000000000003,299.718993125,1578.6128777499998,0.09055422014512471,0.22986639955879307,1114.3799999999992,10158.049999999988,162.20053222934803,1115.5034994640228
Nissan,Regular,ティアナ,2014,7281,2.5 XE,0,2.447147177419355,DBA-L33,5,レギュラー,14.4,55952365,13.127688000000001,0.1184931506849315,174,0.00013012854773877743,0.9188134228106355,2.494464203219539,13.841824099205859,357.6,2552.6,283.633033,1645.5960405,0.07765288877343646,0.21659935321656398,653.1000000000004,7277.380000000005,129.87111489100425,1253.9944439098908
Nissan,Regular,ティアナ,2015,5601,2.5 XE,0,2.4965010000000003,DBA-L33,5,レギュラー,14.4,56412140,13.127688000000001,0.1184931506849315,174,9.92871392576137e-05,0.9279170405519096,2.3217415714437992,13.83609007044859,323.40000000000003,2681.6,259.80070687500006,1651.7494353749998,0.07515651726278738,0.2173328054182524,624.4199999999983,8982.64,128.5147692423743,1314.8773149953995
Nissan,Regular,ティアナ,2016,5076,2.5 XE,0,2.5639999999999996,DBA-L33,5,レギュラー,14.4,56950757,13.127688000000001,0.1184931506849315,174,8.912963176240134e-05,0.9300480413280547,2.210302922847625,14.384023980050662,317.90000000000003,2843.7999999999997,244.703721875,1716.568491125,0.07762598609901228,0.23978969749224266,621.7700000000004,10536.440000000002,122.3511717893216,1311.392413365429
Nissan,Regular,デュアリス,2009,9840,2.0 20S,0,2.141888888888889,DBA-J10,5,レギュラー,14.2,52877802,12.4043305,0.0985611510791367,182,0.00018608942936016893,0.9291896626111653,2.9535087308519192,13.645023505873654,377.7,2059.2999999999997,335.95054075,1563.83277925,0.06819301385980714,0.14778326538190978,483.64999999999964,2826.4900000000125,183.62076775651985,970.1591161738543
Nissan,Regular,デュアリス,2010,9299,2.0 20S,0,2.171919170984456,DBA-KJ10,5,レギュラー,15.0,53362801,12.4043305,0.09785714285714285,182,0.0001742599681002502,0.9249569564386247,2.9406058423570016,14.105168575163725,399.5,2155.1,330.20962199999997,1609.611702875,0.06914476332930364,0.14974411164732837,474.5699999999997,2879.8099999999977,189.97947326327994,998.7064705834346
Nissan,Regular,デュアリス,2011,6374,2.0 20S,0,2.1764299065420563,DBA-KJ10,5,レギュラー,15.0,53783435,12.4043305,0.09785714285714285,182,0.0001185123263324479,0.9389811007794501,2.836146123941401,13.087954460332213,395.0,2103.9,317.403754125,1514.94194474,0.08210543032142648,0.13428710444155856,463.2999999999993,3188.5899999999965,188.89255279961617,871.7901401598356
Nissan,Regular,デュアリス,2012,5771,2.0 20S,0,2.178692307692308,DBA-KJ10,5,レギュラー,15.0,54171475,12.4043305,0.09785714285714285,182,0.00010653208169059454,0.9197618488328037,2.628552987911025,13.768694552334546,370.8,2323.2999999999997,299.80869524999997,1612.330897375,0.08172535890139454,0.13703759404502946,451.3000000000011,4608.350000000006,148.31124149533207,1001.0569117137929
Nissan,Regular,デュアリス,2013,2523,2.0 20S,0,2.1696708074534166,DBA-KJ10,5,レギュラー,15.0,54594744,12.4043305,0.09785714285714285,182,4.621323986792575e-05,0.9195631909181587,2.6333883795252,13.11905728222231,388.2,2411.7000000000003,300.155643875,1578.6128777499998,0.08240045952309283,0.11411859914512013,682.380000000001,5909.329999999973,148.55163464084217,972.8814587946763
Nissan,Regular,デュアリス,2014,209,2.0 20S,0,2.1128044354838713,DBA-KJ10,5,レギュラー,15.0,55952365,12.4043305,0.09785714285714285,182,3.7353202138998056e-06,0.9188134228106355,2.515100211047328,13.841824099205859,357.0,2552.6,284.3563905,1645.5960405,0.0783443531652509,0.14944062593649265,630.0600000000013,6736.779999999999,115.9486516417901,993.6677983295885
Nissan,Regular,フーガ,2006,14671,2.5 250XV,0,3.6475833333333334,CBA-Y50,5,ハイオク,11.2,51102005,13.091473500000001,0.12883435582822086,213,0.0002870924536131214,0.9152275336359111,2.4165607074544497,13.778912964051765,299.7,2103.5,282.70823175,1567.5231525,0.036439301058553863,0.27203030653472204,480.84999999999945,5045.309999999998,157.58876032992066,1343.4409152981098
Nissan,Regular,フーガ,2007,8551,2.5 250XV,0,3.6475833333333334,CBA-Y50,5,ハイオク,11.2,51713048,13.091473500000001,0.12883435582822086,213,0.00016535478628140426,0.9201741889203668,2.6214283903154327,13.61577871130859,346.0,2060.2000000000003,317.110036375,1542.06841125,0.05181009131015846,0.25517709128186583,628.2600000000002,4682.499999999993,215.38113025154598,1279.7534886924986
Nissan,Regular,フーガ,2008,8191,2.5 250GT,0,4.021329614604463,DBA-Y50,5,ハイオク,11.2,52324877,13.4369615,0.13353293413173653,213,0.00015654121843420673,0.9235641012591391,2.7236241615829657,13.516623393349276,351.40000000000003,2086.0,308.468408625,1550.3659983750001,0.08251179432454436,0.3224600425031374,610.3999999999996,4675.520000000004,236.81310305037005,1514.9186036874307
Nissan,Regular,フーガ,2009,5330,2.5 250GT Aパッケージ,0,4.100833333333334,DBA-Y51,5,ハイオク,12.2,52877802,13.685287500000001,0.13313609467455623,213,0.00010079844090342485,0.9291896626111653,2.9189337872565,13.645023505873654,379.7,2059.2999999999997,334.66958375,1563.83277925,0.08945938271700882,0.3017273600656738,520.0500000000011,3830.0900000000183,260.3362314613005,1542.250021560736
Nissan,Regular,フーガ,2010,10091,2.5 250GT Aパッケージ,0,4.130580310880829,DBA-Y51,5,ハイオク,12.2,53362801,13.685287500000001,0.13313609467455623,213,0.00018910176772767232,0.9249569564386247,2.9053268905395884,14.105168575163725,402.3,2155.1,328.92866499999997,1609.611702875,0.09108396443442102,0.30355008744904755,587.130000000001,4209.810000000005,281.4026770865494,1587.1944258482035
Nissan,Regular,フーガ,2011,7289,2.5 250GT Aパッケージ,0,4.139158878504673,DBA-Y51,5,ハイオク,12.2,53783435,13.685287500000001,0.13313609467455623,213,0.0001355249994724212,0.9389811007794501,2.8008671721239877,13.087954460332213,397.8,2103.9,316.122797125,1514.94194474,0.10326589087520355,0.2865227820602825,626.8199999999997,4917.309999999998,279.7036100095702,1402.036764927434
Nissan,Regular,フーガ,2012,5606,2.5 250GT Aパッケージ,0,4.143461538461539,DBA-Y51,5,ハイオク,11.2,54171475,13.685287500000001,0.13313609467455623,213,0.00010348619822517293,0.9197618488328037,2.5932740360936117,13.768694552334546,374.6,2323.2999999999997,298.52773824999997,1612.330897375,0.10123475734839615,0.31458447152515223,794.8199999999997,8227.469999999994,217.35996875912224,1582.578524520286
Nissan,Regular,フーガ,2013,3922,2.5 250GT Aパッケージ,0,4.126304347826087,DBA-Y51,5,ハイオク,11.2,54594744,13.685287500000001,0.13313609467455623,213,7.183841726595513e-05,0.9195631909181587,2.598109427707787,13.11905728222231,392.0,2411.7000000000003,298.874686875,1578.6128777499998,0.10156868287454479,0.31305492263632617,1158.1400000000012,10498.969999999987,216.71150936496542,1540.526701717441
Nissan,Regular,フーガ,2014,2020,2.5 250GT Aパッケージ,0,4.132959677419355,DBA-Y51,5,ハイオク,11.2,55952365,13.685287500000001,0.13313609467455623,213,3.610213795252444e-05,0.9188134228106355,2.4798212592299147,13.841824099205859,360.8,2552.6,283.0754335,1645.5960405,0.08956034311524641,0.33812603448967016,1067.8199999999997,11899.46,157.74549716801903,1556.806332860986
Nissan,Regular,フーガ,2015,4319,2.5 250GT Aパッケージ,0,4.099896,DBA-Y51,5,ハイオク,11.2,56412140,13.782150000000001,0.1323529411764706,213,7.656153444985423e-05,0.9279170405519096,2.3078817809522603,13.83609007044859,326.6,2681.6,259.14624487500004,1651.7494353749998,0.08400106739906965,0.3309666080926066,984.0999999999985,14430.319999999992,158.72450364644192,1671.3025318399232
Nissan,Regular,フーガ,2016,2907,2.5 250GT,0,4.776,DBA-Y51,5,ハイオク,11.2,56950757,13.782150000000001,0.13157894736842105,213,5.104409762279367e-05,0.9300480413280547,2.1972171261641353,14.384023980050662,321.1,2843.7999999999997,244.04925987500002,1716.568491125,0.08539792748603725,0.3476509803437753,1028.170000000001,16612.6,154.71024579037203,1671.0317444672182
Nissan,Regular,フェアレディZ,2006,3371,3.5,0,3.474916666666667,CBA-Z33,2,ハイオク,9.0,51102005,10.298718375,0.1891891891891892,206,6.596610054732686e-05,0.9152275336359111,2.3562058740934817,13.778912964051765,301.9,2103.5,285.50098687499997,1567.5231525,0.18984770483940439,1.315172701932478,782.25,8034.669999999998,242.0271683434239,888.3035197559911
Nissan,Regular,フェアレディZ,2007,3290,3.5,0,3.56125,CBA-Z33,2,ハイオク,9.2,51713048,10.298718375,0.21006711409395973,206,6.362030719983862e-05,0.9201741889203668,2.540195632049694,13.61577871130859,348.0,2060.2000000000003,319.9027915,1542.06841125,0.348294565577135,1.8422089330995224,955.4599999999982,7292.9000000000015,296.0019359155649,878.4076096883255
Nissan,Regular,フェアレディZ,2008,2366,3.5,0,3.5106845841784997,CBA-Z33,2,ハイオク,9.2,52324877,10.298718375,0.21006711409395973,206,4.52174975967932e-05,0.9235641012591391,2.6470899816207427,13.516623393349276,353.40000000000003,2086.0,311.60665174999997,1550.3659983750001,0.3551944376372185,1.8824990817456522,959.1999999999989,7389.120000000003,246.0627094482643,966.3793574367301
Nissan,Regular,フェアレディZ,2009,3742,3.7,0,3.8315555555555556,CBA-Z34,2,ハイオク,9.8,52877802,10.31124375,0.22550335570469798,206,7.07669354335114e-05,0.9291896626111653,2.826566526226358,13.645023505873654,382.09999999999997,2059.2999999999997,338.0436275,1563.83277925,0.4863064799216166,2.3193569550643094,869.9700000000012,6481.130000000012,263.0703414210111,1002.8780101612392
Nissan,Regular,フェアレディZ,2010,1921,3.7,0,3.8810891191709844,CBA-Z34,2,ハイオク,9.8,53362801,10.31124375,0.22550335570469798,206,3.59988599548963e-05,0.9249569564386247,2.8129596295094466,14.105168575163725,404.7,2155.1,332.30270874999997,1609.611702875,0.4904447252007509,2.3686811779095347,1045.5300000000007,7109.4900000000125,245.3965649908705,1032.8812115830515
Nissan,Regular,フェアレディZ,2011,1301,3.7,0,3.88914953271028,CBA-Z34,2,ハイオク,9.8,53783435,10.31124375,0.22550335570469798,206,2.4189604103940183e-05,0.9389811007794501,2.708499911093846,13.087954460332213,400.2,2103.9,319.496840875,1514.94194474,0.4887974240687043,2.2414295422971593,1116.42,8046.429999999993,238.24772726569518,937.5718557351538
Nissan,Regular,フェアレディZ,2012,1342,3.7,0,3.9253846153846155,CBA-Z34,2,ハイオク,9.2,54171475,10.335505499999998,0.22251655629139072,206,2.4773185518762412e-05,0.9197618488328037,2.503893574476777,13.768694552334546,376.6,2323.2999999999997,301.87752025,1612.330897375,0.4403575163419191,2.3354440563482433,1277.2200000000003,11767.869999999995,216.97619595961896,1039.0093382467676
Nissan,Regular,フェアレディZ,2013,1082,3.7,0,3.9091304347826092,CBA-Z34,2,ハイオク,9.2,54594744,10.335505499999998,0.22251655629139072,206,1.9818757644508782e-05,0.9195631909181587,2.508728966090952,13.11905728222231,394.0,2411.7000000000003,302.224468875,1578.6128777499998,0.43982706279892136,2.3546790712759202,1710.1400000000003,14515.369999999995,218.65214108336113,1012.4547450643586
Nissan,Regular,フェアレディZ,2014,804,3.7,0,3.9154354838709677,CBA-Z34,2,ハイオク,9.2,55952365,10.335505499999998,0.22251655629139072,206,1.4369365798925568e-05,0.9188134228106355,2.39044079761308,13.841824099205859,362.8,2552.6,286.4252155,1645.5960405,0.3853872290071729,2.40948971023556,1576.62,16275.46,214.76685978263959,1075.1702618883137
Nissan,Regular,フェアレディZ,2015,723,3.7,0,3.9060900000000003,CBA-Z34,2,ハイオク,9.2,56412140,10.335505499999998,0.22251655629139072,206,1.2816390230897108e-05,0.9279170405519096,2.21771816583734,13.83609007044859,328.6,2681.6,262.592889375,1651.7494353749998,0.347879268132694,2.4114161088356,1437.699999999999,19322.32,211.3491428226007,1170.4159359449404
Nissan,Regular,フェアレディZ,2016,684,3.7,0,3.91,CBA-Z34,2,ハイオク,9.2,56950757,10.335505499999998,0.22251655629139072,206,1.2010375911245569e-05,0.9300480413280547,2.1062795172411657,14.384023980050662,323.1,2843.7999999999997,247.495904375,1716.568491125,0.33806020139069204,2.4972420535841415,1500.5700000000006,21949.4,186.39198901483633,1201.3367091542532
Nissan,Regular,プレサージュ,2006,12494,2.5 250XG,0,2.5468333333333337,DBA-TU31,8,レギュラー,11.0,51102005,14.755545000000003,0.09588235294117647,219,0.0002444913854162865,0.9152275336359111,2.4495127103414944,13.778912964051765,299.9,2103.5,281.04416025,1567.5231525,0.026474256739201008,0.13602981138303827,498.65000000000055,5260.669999999998,285.27135819981595,2660.3593162283214
Nissan,Regular,プレサージュ,2007,8174,2.5 250XG,0,2.52525,DBA-TU31,8,レギュラー,11.0,51713048,14.755545000000003,0.09588235294117647,219,0.0001580645565506021,0.9201741889203668,2.6543803932024774,13.61577871130859,346.2,2060.2000000000003,315.445964875,1542.06841125,0.033132051036591004,0.13063999230385326,651.2600000000002,4893.859999999993,367.58789240884835,2542.3706189932345
Nissan,Regular,プレサージュ,2008,3700,2.5 250XG,0,2.600844827586207,DBA-TU31,8,レギュラー,11.0,52324877,14.755545000000003,0.09532163742690059,219,7.071206302118972e-05,0.9235641012591391,2.761835458287802,13.516623393349276,351.6,2086.0,307.149825125,1550.3659983750001,0.06475274108360773,0.1486489251849723,635.5599999999995,4897.199999999997,391.5975789865897,2556.3805522977273
Nissan,Regular,プレサージュ,2009,1040,2.5 250XG,0,2.6383055555555557,DBA-TU31,8,レギュラー,11.0,52877802,14.755545000000003,0.09532163742690059,219,1.9667988468960946e-05,0.9291896626111653,2.9567482445041557,13.645023505873654,380.9,2059.2999999999997,333.59932625000005,1563.83277925,0.06975296569132716,0.1501419714256791,653.25,4958.330000000016,397.4088186193003,2364.9874577279406
Nissan,Regular,プレジデント,2006,252,4.5 ソブリン,0,8.633333333333333,UA-PGF50,5,ハイオク,7.8,51102005,14.003549999999999,0.1497326203208556,220,4.9313133604053306e-06,0.9152275336359111,2.395662442961815,13.778912964051765,303.09999999999997,2103.5,281.79615524999997,1567.5231525,0.06976821483254292,0.5169604263004652,1044.5699999999997,10240.510000000002,211.11046143016392,1968.5343764787613
Nissan,Regular,プレジデント,2007,187,4.5 ソブリン,0,8.633333333333333,UA-PGF50,5,ハイオク,7.8,51713048,14.003549999999999,0.1497326203208556,220,3.6161086463130157e-06,0.9201741889203668,2.600530125822798,13.61577871130859,349.4,2060.2000000000003,316.197959875,1542.06841125,0.09404094607873392,0.4894609575314499,1313.0199999999995,9777.059999999998,280.2868788435753,1877.1420898846627
Nissan,Regular,プレジデント,2008,103,4.5 ソブリン,0,9.149056795131848,CBA-PGF50,5,ハイオク,7.8,52324877,14.003549999999999,0.14893617021276595,220,1.9684709435628488e-06,0.9235641012591391,2.7082209255019363,13.516623393349276,354.8,2086.0,307.901820125,1550.3659983750001,0.11196819788779366,0.5064900455854016,1331.88,9945.519999999997,291.81925419871186,1903.6315112492812
Nissan,Regular,プレジデント,2009,54,4.5 ソブリン,0,9.280833333333334,CBA-PGF50,5,ハイオク,7.8,52877802,14.003549999999999,0.14893617021276595,220,1.021222478196049e-06,0.9291896626111653,2.90313371171829,13.645023505873654,384.09999999999997,2059.2999999999997,334.35132125,1563.83277925,0.1222596430333519,0.48111909950491416,1416.7700000000004,9895.930000000015,294.1568877393638,1754.1190160922197
Nissan,Regular,プレジデント,2010,65,4.5 ソブリン,0,9.348155440414509,CBA-PGF50,5,ハイオク,7.8,53362801,14.003549999999999,0.14893617021276595,220,1.218076989624289e-06,0.9249569564386247,2.8895268150013784,14.105168575163725,406.7,2155.1,328.61040249999996,1609.611702875,0.12431420474269972,0.48622822555146605,1682.7300000000005,10766.690000000002,318.8775716719556,1805.1732655986561
Nissan,Regular,ムラーノ,2006,9386,2.5 250XL,0,2.9743888888888885,CBA-TZ50,5,レギュラー,10.6,51102005,15.110406,0.09939024390243903,235,0.00018367185397128743,0.9152275336359111,2.4460048193802315,13.778912964051765,300.29999999999995,2103.5,280.68929925,1567.5231525,0.025056199527337453,0.135944254718245,540.010000000002,5725.230000000003,329.69406949784025,3042.2084839210584
Nissan,Regular,ムラーノ,2007,7159,2.5 250XL,0,2.9743888888888885,CBA-TZ50,5,レギュラー,10.6,51713048,15.110406,0.09939024390243903,235,0.00013843701496767314,0.9201741889203668,2.6508725022412145,13.61577871130859,346.59999999999997,2060.2000000000003,315.091103875,1542.06841125,0.032331671771151704,0.12964396504805054,703.7400000000007,5349.699999999997,419.38966983823957,2910.490792841978
Nissan,Regular,ムラーノ,2008,5954,2.5 250XL FOUR 4WD,0,3.191531440162272,CBA-TNZ51,5,レギュラー,11.4,52324877,15.5437375,0.09770114942528736,235,0.00011378908735896311,0.9235641012591391,2.759455946289415,13.516623393349276,351.20000000000005,2086.0,306.36163262499997,1550.3659983750001,0.06355656290902423,0.1477063952448754,587.3999999999987,4464.87999999999,528.9557970928854,3408.076924568959
Nissan,Regular,ムラーノ,2009,4544,2.5 250XL FOUR 4WD,0,3.2375,CBA-TNZ51,5,レギュラー,11.4,52877802,15.5437375,0.09770114942528736,235,8.593398038746013e-05,0.9291896626111653,2.9543687325057686,13.645023505873654,380.5,2059.2999999999997,332.81113375,1563.83277925,0.06854779296441571,0.14812908223161392,599.5699999999997,4538.410000000018,540.8357743384258,3171.573331407657
Nissan,Regular,ムラーノ,2010,3474,2.5 250XL,0,3.076712953367876,CBA-TZ51,5,レギュラー,11.6,53362801,15.4617125,0.10240963855421686,235,6.510153018391969e-05,0.9249569564386247,2.9360533466599277,14.105168575163725,402.9,2155.1,327.15224,1609.611702875,0.06791928015611182,0.14986829930798873,670.4099999999999,4782.450000000004,565.693020721923,3169.107273263762
Nissan,Regular,ムラーノ,2011,3648,2.5 250XL,0,3.083102803738318,CBA-TZ51,5,レギュラー,11.6,53783435,15.525802500000001,0.10303030303030303,235,6.782757553510667e-05,0.9389811007794501,2.830972963768241,13.087954460332213,398.4,2103.9,314.282282125,1514.94194474,0.08084753478785689,0.13605236225147932,718.9800000000014,5557.029999999992,571.0467369802063,2922.2653271793533
Nissan,Regular,ムラーノ,2012,2893,2.5 250XL,0,3.0863076923076926,CBA-TZ51,5,レギュラー,11.6,54171475,15.525802500000001,0.10303030303030303,235,5.340449009372552e-05,0.9197618488328037,2.623379827737865,13.768694552334546,374.2,2323.2999999999997,296.68722325,1612.330897375,0.08053684258618676,0.14111270319968616,723.3000000000029,7654.75,465.94413667769913,3228.186474256341
Nissan,Regular,ムラーノ,2013,2028,2.5 250XL,0,3.0735279503105595,CBA-TZ51,5,レギュラー,11.6,54594744,15.525802500000001,0.10303030303030303,235,3.7146432997286334e-05,0.9195631909181587,2.62821521935204,13.11905728222231,391.59999999999997,2411.7000000000003,297.034171875,1578.6128777499998,0.08116191469724499,0.12179739480220819,1072.7000000000007,9828.169999999984,464.0185489864598,3148.9613452996637
Nissan,Regular,ムラーノ,2014,694,2.5 250XL,0,3.0775645161290326,CBA-TZ51,5,レギュラー,11.6,55952365,15.525802500000001,0.10303030303030303,235,1.240340779160988e-05,0.9188134228106355,2.509927050874168,13.841824099205859,360.4,2552.6,281.2349185,1645.5960405,0.07625120975494903,0.15483755924114329,989.1000000000022,11161.54,355.6831638177882,3187.4911914223267
Nissan,Regular,ムラーノ,2015,63,2.5 250XL,0,3.0529440000000005,CBA-TZ51,5,レギュラー,11.6,56412140,15.525802500000001,0.10303030303030303,235,1.1167808914889596e-06,0.9279170405519096,2.337204419098428,13.83609007044859,326.2,2681.6,257.40259237500004,1651.7494353749998,0.07526403759444183,0.15539368261659003,914.5000000000009,13589.199999999997,331.20340978001695,3218.8609715599086
Nissan,Regular,ラフェスタ,2006,18102,2.0 20S パノラミックルーフレス仕様,0,1.8345833333333335,DBA-B30,7,レギュラー,15.0,51102005,12.190440000000002,0.09785714285714285,245,0.0003542326763891162,0.9152275336359111,2.447537920425528,13.778912964051765,295.9,2103.5,283.60926524999996,1567.5231525,0.025603290996005,0.13555476180465975,507.4500000000007,3096.6699999999983,143.92322358821912,956.2636680824144
Nissan,Regular,ラフェスタ,2007,13907,2.0 20S,0,1.920916666666667,DBA-B30,7,レギュラー,15.0,51713048,12.285360000000003,0.09785714285714285,245,0.0002689263259052145,0.9201741889203668,2.652405603286511,13.61577871130859,342.2,2060.2000000000003,317.916149875,1542.06841125,0.03259972843283332,0.12966147007212614,601.6599999999999,2764.2599999999948,195.4125019795274,942.9059032757432
Nissan,Regular,ラフェスタ,2008,9234,2.0 20S,0,1.9311298174442195,DBA-B30,7,レギュラー,15.0,52324877,12.285360000000003,0.09785714285714285,245,0.0001764743756588286,0.9235641012591391,2.7592999528575595,13.516623393349276,347.6,2086.0,309.62001012499996,1550.3659983750001,0.06348882427440794,0.14769918796587067,542.7600000000002,2561.199999999997,178.43618862056064,997.9089870849712
Nissan,Regular,ラフェスタ,2009,6148,2.0 ジョイ X,0,1.8428055555555556,DBA-B30,7,レギュラー,15.0,52877802,12.285360000000003,0.09716312056737589,245,0.00011626807029535758,0.9291896626111653,2.9549067613636804,13.645023505873654,376.9,2059.2999999999997,336.06951125,1563.83277925,0.06879156089177318,0.14844847877112333,534.0499999999993,2731.930000000015,181.32567429133633,939.8428106640349
Nissan,Regular,ラフェスタ,2010,10504,2.0 ジョイ X,0,1.8561730569948187,DBA-B30,7,レギュラー,15.0,53362801,12.285360000000003,0.09716312056737589,245,0.0001968412415232851,0.9249569564386247,2.9412998646467687,14.105168575163725,399.5,2155.1,330.32859249999996,1609.611702875,0.06943718152263223,0.15023858865352624,474.5699999999997,2879.8099999999977,186.31837984980575,967.5334686453498
Nissan,Regular,ラフェスタ,2011,16242,2.0,0,2.161906542056075,DBA-CWEFWN,7,レギュラー,14.0,53783435,13.04314375,0.1,245,0.0003019888930485753,0.9389811007794501,2.8340032667985438,13.087954460332213,396.0,2103.9,316.764940875,1514.94194474,0.08140255917800421,0.1341611771625839,471.2999999999993,3568.389999999992,222.69414840662103,1082.0764179497419
Nissan,Regular,ラフェスタ,2012,14128,2.0,0,2.1641538461538463,DBA-CWEFWN,7,レギュラー,14.0,54171475,13.04314375,0.1,245,0.0002608014642392514,0.9197618488328037,2.6264101307681678,13.768694552334546,371.8,2323.2999999999997,299.169882,1612.330897375,0.0810642134430003,0.13781002555543287,468.90000000000146,5165.949999999997,172.08038313022917,1233.222136379387
Nissan,Regular,ラフェスタ,2013,8411,2.0,0,2.2182763975155284,DBA-CWFFWN,7,レギュラー,16.2,54594744,13.04314375,0.10202702702702703,245,0.00015406244967464269,0.9195631909181587,2.629218495355316,13.11905728222231,387.0,2411.7000000000003,299.516830625,1578.6128777499998,0.08129334431846591,0.1197308499170755,688.1400000000012,5287.969999999987,171.8775055183014,1199.3571676708743
Nissan,Regular,ラフェスタ,2014,3703,2.0,0,2.2215665322580644,DBA-CWFFWN,7,レギュラー,16.2,55952365,13.04314375,0.10202702702702703,245,6.618129546445445e-05,0.9188134228106355,2.510930326877444,13.841824099205859,355.8,2552.6,283.71757725,1645.5960405,0.07655674621144404,0.15319263807018624,635.8200000000015,5964.460000000006,126.94769985149469,1215.844962072253
Nissan,Regular,ラフェスタ,2015,2183,2.0,0,2.2037940000000003,DBA-CWFFWN,7,レギュラー,16.2,56412140,13.04314375,0.10202702702702703,245,3.8697344224133314e-05,0.9279170405519096,2.338207695101704,13.83609007044859,321.6,2681.6,259.885251125,1651.7494353749998,0.07563445530465512,0.15373725581872444,620.0999999999985,7205.319999999992,125.98676861123658,1277.7683014670765
Nissan,Regular,ラフェスタ,2016,1729,2.0,0,2.3040000000000003,DBA-CWFFWN,7,レギュラー,16.2,56950757,13.04314375,0.10134228187919463,245,3.035956133120408e-05,0.9300480413280547,2.227453791653362,14.384023980050662,316.1,2843.7999999999997,244.788266125,1716.568491125,0.07832999604600177,0.17517215176464473,582.1700000000019,8450.60000000002,119.4830379521909,1274.1805900343898
Nissan,Regular,NV200バネット,2009,1361,1.6 16S,0,1.9157777777777778,DBA-M20,7,レギュラー,12.8,52877802,13.797300000000003,0.08134328358208955,53,2.5738588756015237e-05,0.9291896626111653,2.9707265983489664,13.645023505873654,379.09999999999997,2059.2999999999997,334.55757125,1563.83277925,0.08346373267172469,0.193292490434803,484.77000000000044,3413.930000000015,271.5694380674886,1613.6522697203472
Nissan,Regular,NV200バネット,2010,1153,1.6 16S,0,1.9296746113989638,DBA-M20,7,レギュラー,12.8,53362801,13.797300000000003,0.08134328358208955,53,2.1606811831335466e-05,0.9249569564386247,2.9571197016320547,14.105168575163725,401.7,2155.1,328.8166525,1609.611702875,0.08367883552670946,0.1983456714308134,524.7299999999996,3738.690000000017,293.9219930157069,1660.654623972092
Nissan,Regular,NV200バネット,2011,2122,1.6 16S,0,1.9336822429906544,DBA-M20,7,レギュラー,12.8,53783435,13.797300000000003,0.08134328358208955,53,3.945452721641896e-05,0.9389811007794501,2.852659983216454,13.087954460332213,397.2,2103.9,316.010784625,1514.94194474,0.09614872696342541,0.1759260183534157,554.8200000000015,4372.629999999997,292.0133671570802,1468.9998156264337
Nissan,Regular,NV200バネット,2012,1898,1.6 16X-2R,0,1.8910384615384614,DBA-M20,5,レギュラー,13.2,54171475,13.797300000000003,0.083206106870229,53,3.503688980224371e-05,0.9197618488328037,2.6432040238979386,13.768694552334546,372.6,2323.2999999999997,298.41572575,1612.330897375,0.09264295590409072,0.1664491223426614,520.4200000000019,5815.07,227.4546723064159,1655.4295550963143
Nissan,Regular,NV200バネット,2013,1492,1.6 16X-2R,0,1.8832080745341617,DBA-M20,5,レギュラー,13.2,54594744,13.797300000000003,0.083206106870229,53,2.732863808281618e-05,0.9195631909181587,2.6480394155121143,13.11905728222231,390.0,2411.7000000000003,298.762674375,1578.6128777499998,0.09345974351888914,0.13245270196003167,814.1399999999994,7586.569999999992,226.72848774654267,1611.6962316429344
Nissan,Regular,NV200バネット,2014,1484,1.6 16X-2R,0,1.9516754032258066,DBA-M20,5,レギュラー,13.2,55952365,13.797300000000003,0.083206106870229,53,2.6522560753240724e-05,0.9188134228106355,2.529751247034242,13.841824099205859,358.8,2552.6,282.963421,1645.5960405,0.09124307710998292,0.17568947310463434,751.0200000000004,8667.459999999992,165.14511662224504,1628.3619264131266
Nissan,Regular,NV200バネット,2015,1712,1.6 16X-2R,0,1.8711270000000004,DBA-M20,5,レギュラー,13.2,56412140,13.797300000000003,0.083206106870229,53,3.0348077559192045e-05,0.9279170405519096,2.3570286152585016,13.83609007044859,324.6,2681.6,259.13109487500003,1651.7494353749998,0.09079170452629509,0.17601825145833772,706.4999999999982,10682.319999999992,159.64700396672833,1681.0040234005646
Nissan,Regular,NV200バネット,2016,1939,1.6 16X-2R,0,1.8730000000000002,DBA-M20,5,レギュラー,13.2,56950757,13.797300000000003,0.083206106870229,53,3.404695744430579e-05,0.9300480413280547,2.245589966662328,14.384023980050662,319.1,2843.7999999999997,244.034109875,1716.568491125,0.09251386294993302,0.20155822658999778,723.7700000000004,12459.800000000003,155.6723560886603,1680.8583619761266
Nissan,Regular,ウイングロード,2006,35507,1.5 15RS,0,1.5344722222222225,DBA-Y12,5,レギュラー,16.6,51102005,11.187720375000001,0.0923728813559322,98,0.0006948259662218733,0.9152275336359111,2.4530221819267384,13.778912964051765,294.29999999999995,2103.5,284.61198487499996,1567.5231525,0.028484006541883322,0.13958784665779778,726.0100000000002,3494.429999999993,174.52979772916296,794.5507545678556
Nissan,Regular,ウイングロード,2007,24852,1.5 15RS,0,1.5344722222222225,DBA-Y12,5,レギュラー,16.6,51713048,11.187720375000001,0.0923728813559322,98,0.00048057503785118216,0.9201741889203668,2.6578898647877214,13.61577871130859,340.59999999999997,2060.2000000000003,319.0137895,1542.06841125,0.03459772627612667,0.13503502671606604,823.7399999999998,3148.899999999994,224.64248013571887,772.6090151967728
Nissan,Regular,ウイングロード,2008,16872,1.5 15B,0,1.5126845841784993,DBA-Y12,5,レギュラー,16.6,52324877,11.187720375000001,0.0923728813559322,98,0.0003224470073766251,0.9235641012591391,2.76478421435877,13.516623393349276,346.0,2086.0,310.71764974999996,1550.3659983750001,0.06665929524980008,0.15198515722396166,747.5600000000013,2863.279999999999,189.45382332847657,845.8276198465828
Nissan,Regular,ウイングロード,2009,13174,1.5 15B,0,1.5344722222222225,DBA-Y12,5,レギュラー,16.6,52877802,11.187720375000001,0.0923728813559322,98,0.000249140461625088,0.9291896626111653,2.9596970005751237,13.645023505873654,375.29999999999995,2059.2999999999997,337.167150875,1563.83277925,0.07170208967735259,0.1547889100390556,746.2100000000028,3068.8900000000285,198.8773837109993,843.0897711852449
Nissan,Regular,ウイングロード,2010,10486,1.5 15S,0,1.6739720207253885,DBA-Y12,5,レギュラー,15.0,53362801,11.326329000000001,0.09159663865546218,98,0.00019650392789538916,0.9249569564386247,2.946866346558682,14.105168575163725,399.5,2155.1,331.2876235,1609.611702875,0.07279317424013765,0.15911830238684388,474.5699999999997,2879.8099999999977,186.78727312244973,862.016329101556
Nissan,Regular,ウイングロード,2011,7290,1.5 15S,0,1.6774485981308411,DBA-Y12,5,レギュラー,15.0,53783435,11.326329000000001,0.09159663865546218,98,0.00013554359255782007,0.9389811007794501,2.8424066281430815,13.087954460332213,395.0,2103.9,318.481755625,1514.94194474,0.08563197641535003,0.14159943445790635,463.2999999999993,3188.5899999999965,183.67254963966934,761.2268949625286
Nissan,Regular,ウイングロード,2012,7374,1.5 15S,0,1.6791923076923079,DBA-Y12,5,レギュラー,15.0,54171475,11.326329000000001,0.09159663865546218,98,0.00013612330105466022,0.9197618488328037,2.6348134921127055,13.768694552334546,370.8,2323.2999999999997,300.88669675,1612.330897375,0.08502478198496943,0.14219879071718822,451.3000000000011,4608.350000000006,156.319611689687,870.2293617315008
Nissan,Regular,ウイングロード,2013,6001,1.5 15S,0,1.6722391304347826,DBA-Y12,5,レギュラー,15.0,54594744,11.326329000000001,0.09159663865546218,98,0.00010991900612264067,0.9195631909181587,2.639648883726881,13.11905728222231,388.2,2411.7000000000003,301.23364537500004,1578.6128777499998,0.08576042658570232,0.11470391068461838,682.380000000001,5909.329999999973,157.3080271115441,846.102816957784
Nissan,Regular,ウイングロード,2014,5063,1.5 15B,0,1.666678427419355,DBA-Y12,5,レギュラー,17.2,55952365,11.262554625,0.09083333333333334,98,9.048768537308477e-05,0.9188134228106355,2.5221240205711375,13.841824099205859,354.8,2552.6,285.498166375,1645.5960405,0.08324235953132392,0.15436368499449804,693.4200000000019,5635.460000000006,145.08243208168915,887.2856948930857
Nissan,Regular,ウイングロード,2015,3913,1.5 15S,0,1.6613370000000003,DBA-Y12,5,レギュラー,15.0,56412140,11.326329000000001,0.09159663865546218,98,6.936450203803649e-05,0.9279170405519096,2.3486380834732685,13.83609007044859,322.8,2681.6,261.60206587500005,1651.7494353749998,0.08210910636193908,0.15357032734398768,607.1399999999994,8287.23999999999,142.6886107693772,966.4484412090169
Nissan,Regular,ウイングロード,2016,3494,1.5 15B,0,1.676,DBA-Y12,5,レギュラー,17.2,56950757,11.262554625,0.09083333333333334,98,6.135124771036846e-05,0.9300480413280547,2.2379627401992233,14.384023980050662,315.1,2843.7999999999997,246.56885525,1716.568491125,0.08486555557432501,0.1785986670406401,618.9699999999993,7706.199999999997,128.81894072271825,981.9745593598927
Nissan,Regular,キューブ,2006,57069,1.4 14S,0,1.3792777777777778,DBA-BZ11,5,レギュラー,16.4,51102005,10.215724,0.09158878504672897,123,0.001116766357797507,0.9152275336359111,2.4538062782359416,13.778912964051765,294.5,2103.5,285.58398124999997,1567.5231525,0.029013828363182614,0.140857479681459,691.9700000000012,3405.2300000000105,250.26459190696096,908.4304798380072
Nissan,Regular,キューブ,2007,51847,1.4 14S,0,1.4029166666666668,DBA-BZ11,5,レギュラー,16.4,51713048,10.215724,0.09074074074074075,123,0.0010025902940395237,0.9201741889203668,2.659522005402913,13.61577871130859,340.8,2060.2000000000003,319.985785875,1542.06841125,0.03550594348187697,0.138237086785443,788.4199999999983,3062.179999999993,304.8419220563901,899.4171190588422
Nissan,Regular,キューブ,2008,47295,1.5 15S,0,1.4681044624746453,DBA-Z12,5,レギュラー,17.4,52324877,10.8793575,0.09316239316239316,123,0.0009038721677262615,0.9235641012591391,2.763994702552309,13.516623393349276,345.20000000000005,2086.0,311.02601262499996,1550.3659983750001,0.06610279855301338,0.15085664570400237,901.7999999999975,3279.279999999999,204.25512958547915,862.9341274279286
Nissan,Regular,キューブ,2009,59760,1.5 15S,0,1.4892500000000002,DBA-Z12,5,レギュラー,18.0,52877802,10.8793575,0.09316239316239316,123,0.0011301528758702944,0.9291896626111653,2.958907488768663,13.645023505873654,373.9,2059.2999999999997,337.47551375,1563.83277925,0.07113078566816422,0.15331116941977152,1053.6499999999996,3939.130000000019,216.38144323367578,875.3062568781825
Nissan,Regular,キューブ,2010,54406,1.5 15S,0,1.500052849740933,DBA-Z12,5,レギュラー,18.0,53362801,10.8793575,0.09316239316239316,123,0.0010195491799615242,0.9249569564386247,2.945300592051751,14.105168575163725,396.5,2155.1,331.73459499999996,1609.611702875,0.07166753132983905,0.15573734728554278,858.5699999999997,3908.2100000000064,205.2306565625504,901.4488741204405
Nissan,Regular,キューブ,2011,35734,1.5 15S,0,1.5031682242990656,DBA-Z12,5,レギュラー,18.0,53783435,10.8793575,0.09316239316239316,123,0.0006644053136435038,0.9389811007794501,2.8408408736361506,13.087954460332213,392.0,2103.9,318.92872712499997,1514.94194474,0.08454416276809018,0.1388003089453429,775.2999999999993,3633.189999999988,200.5935261374234,805.3578534158514
Nissan,Regular,キューブ,2012,40680,1.5 15X,0,1.5919615384615386,DBA-Z12,5,レギュラー,19.0,54171475,10.8793575,0.0925,123,0.0007509487234748547,0.9197618488328037,2.633910130768168,13.768694552334546,366.8,2323.2999999999997,301.33366824999996,1612.330897375,0.08442286540452276,0.1407716938404504,900.9000000000015,5197.949999999997,177.36222647841714,912.0927116392995
Nissan,Regular,キューブ,2013,20995,1.5 15X,0,1.5853695652173918,DBA-Z12,5,レギュラー,19.0,54594744,10.8793575,0.0925,123,0.00038456082878600916,0.9195631909181587,2.6387455223823433,13.11905728222231,384.2,2411.7000000000003,301.680616875,1578.6128777499998,0.08514977379351585,0.11395161084239991,992.7800000000007,5383.729999999981,178.66079419495327,887.6001062582582
Nissan,Regular,キューブ,2014,14478,1.5 15X,0,1.6092762096774194,DBA-Z12,5,レギュラー,19.0,55952365,10.8793575,0.0925,123,0.0002587558184537865,0.9188134228106355,2.520457353904471,13.841824099205859,353.0,2552.6,285.88136349999996,1645.5960405,0.08186583501830896,0.1519187157749231,918.0600000000013,5763.979999999996,168.88493264268072,935.1464973877664
Nissan,Regular,キューブ,2015,11012,1.5 15X,0,1.575423,DBA-Z12,5,レギュラー,19.0,56412140,10.8793575,0.0925,123,0.00019520620915994323,0.9279170405519096,2.347734722128731,13.83609007044859,318.8,2681.6,262.049037375,1651.7494353749998,0.08135900623725395,0.15235407702957282,896.7399999999998,6282.439999999988,168.31424079355747,1023.6990992252831
Nissan,Regular,キューブ,2016,11024,1.5 15X,0,1.62,DBA-Z12,5,レギュラー,19.0,56950757,10.8793575,0.0925,123,0.00019357073690872976,0.9300480413280547,2.2362960735325568,14.384023980050662,313.3,2843.7999999999997,246.95205237500002,1716.568491125,0.08351956866254989,0.17587414266269397,791.0500000000011,7112.199999999997,148.24039228595575,1041.8046545804682
Nissan,Regular,クルー,2006,2495,2.0 E-L,0,1.6660277777777779,LA-QK30,5,その他,9.3,51102005,11.3712465,0.06640625,127,4.8823916008775e-05,0.9152275336359111,2.4789888132826707,13.778912964051765,301.59999999999997,2103.5,284.42845875,1567.5231525,0.06172365696639387,0.27383451040202966,727.4700000000003,7546.659999999996,165.31968495754336,802.9503827303051
Nissan,Regular,クルー,2007,2124,2.0 E-L,0,1.6660277777777779,LA-QK30,5,その他,9.3,51713048,11.3712465,0.06640625,127,4.10728062287104e-05,0.9201741889203668,2.6838564961436537,13.61577871130859,347.9,2060.2000000000003,318.830263375,1542.06841125,0.06610794638302364,0.2731784739680865,933.9699999999993,7136.159999999996,215.22558689614834,777.9313840844916
Nissan,Regular,クルー,2008,1549,2.0 E-L,0,1.6423722109533472,LA-QK30,5,その他,9.3,52324877,11.3712465,0.06640625,127,2.960350962697915e-05,0.9235641012591391,2.7907508457147023,13.516623393349276,353.3,2086.0,310.534123625,1550.3659983750001,0.10372088769538429,0.28497914529912305,936.6299999999992,7227.219999999994,183.08204685045803,848.1043407104953
Nissan,Regular,クルー,2009,1372,2.0 E-L,0,1.6660277777777779,LA-QK30,5,その他,9.3,52877802,11.3712465,0.06640625,127,2.5946615557129247e-05,0.9291896626111653,2.985663631931056,13.645023505873654,382.59999999999997,2059.2999999999997,336.98362475000005,1563.83277925,0.11064022071354285,0.2985740940611128,984.9200000000001,7232.080000000016,191.0775778828165,836.2833200541572
Nissan,Regular,ティーダ,2006,69348,1.5 15S,0,1.5005555555555556,DBA-C11,5,レギュラー,16.8,51102005,10.940674125,0.09909090909090909,176,0.0013570504718944001,0.9152275336359111,2.4463041541917616,13.778912964051765,294.09999999999997,2103.5,284.859031125,1567.5231525,0.025154154585847188,0.1358161344367943,761.9700000000012,3594.9100000000035,189.48052848150382,798.2422877503268
Nissan,Regular,ティーダ,2007,62239,1.5 15S,0,1.5005555555555556,DBA-C11,5,レギュラー,16.8,51713048,10.940674125,0.0981981981981982,176,0.0012035453798816887,0.9201741889203668,2.6520645479454554,13.61577871130859,340.4,2060.2000000000003,319.26083575,1542.06841125,0.03252911930773006,0.12960147149477752,861.2199999999993,3246.659999999989,240.19067390049986,780.1237622774133
Nissan,Regular,ティーダ,2008,65302,1.5 15S,0,1.4792494929006088,DBA-C11,5,レギュラー,16.8,52324877,11.05775625,0.0981981981981982,176,0.001248010578218846,0.9235641012591391,2.758958897516504,13.516623393349276,345.8,2086.0,310.847613875,1550.3659983750001,0.06334530137160499,0.1477068242900903,782.8799999999992,2950.720000000001,195.06604742171567,849.8378218045982
Nissan,Regular,ティーダ,2009,57624,1.5 15S,0,1.4871944444444443,DBA-C11,5,レギュラー,16.8,52877802,11.05775625,0.0981981981981982,176,0.0010897578533994284,0.9291896626111653,2.953871683732858,13.645023505873654,375.09999999999997,2059.2999999999997,337.297115,1563.83277925,0.06833751216527018,0.14790449750973522,783.1700000000001,3160.3300000000163,205.5823525354799,853.4914838340119
Nissan,Regular,ティーダ,2010,46825,1.5 15S,0,1.551814507772021,DBA-C11,5,レギュラー,18.0,53362801,11.05775625,0.09732142857142857,176,0.0008774839236793436,0.9249569564386247,2.941141556642716,14.105168575163725,396.5,2155.1,331.55619624999997,1609.611702875,0.06936802086448202,0.1501138394574526,858.5699999999997,3908.2100000000064,196.4799113220588,878.9545102606062
Nissan,Regular,ティーダ,2011,27421,1.5 15S,0,1.5550373831775703,DBA-C11,5,レギュラー,18.0,53783435,11.05775625,0.09732142857142857,176,0.0005098409947226316,0.9389811007794501,2.8366818382271153,13.087954460332213,392.0,2103.9,318.750328375,1514.94194474,0.0823213266787105,0.1345079995266083,775.2999999999993,3633.189999999988,192.49832886845434,781.4194395397062
Nissan,Regular,ティーダ,2012,23227,1.2 B,0,1.4413846153846157,DBA-N17,5,レギュラー,22.6,54171475,11.213060625,0.0766990291262136,176,0.00042876809243241025,0.9197618488328037,2.6497111016419543,13.768694552334546,363.2,2323.2999999999997,300.99996512499996,1612.330897375,0.10107148732854859,0.19892441773888025,2016.9000000000015,9586.350000000006,160.66933490655447,875.5085580269224
Nissan,Regular,ティーダ,2013,671,1.2 B,0,1.4354161490683233,DBA-N17,5,レギュラー,22.6,54594744,11.213060625,0.0766990291262136,176,1.2290560424644541e-05,0.9195631909181587,2.6545464932561296,13.11905728222231,380.59999999999997,2411.7000000000003,301.34691375,1578.6128777499998,0.10195120348165959,0.15959506236697907,1983.5000000000036,8686.369999999966,161.73634694233533,851.4026427798599
Nissan,Regular,ティーダ,2014,10,1.2 B,0,1.39779435483871,DBA-N17,5,レギュラー,22.6,55952365,11.213060625,0.0766990291262136,176,1.7872345521051703e-07,0.9188134228106355,2.5362583247782573,13.841824099205859,349.4,2552.6,285.54766037499996,1645.5960405,0.10027614675898033,0.20703545749141394,1833.9000000000033,8800.940000000002,147.76038790363327,891.1055972808535
Nissan,Regular,ノート,2006,69863,1.5 15S,0,1.32275,DBA-E11,5,レギュラー,18.2,51102005,10.3506585,0.10186915887850467,190,0.0013671283543571333,0.9152275336359111,2.443525904404166,13.778912964051765,292.7,2103.5,285.44904675,1567.5231525,0.02441028238565257,0.13797634493276645,1067.4500000000007,4614.110000000001,237.04017019755793,876.6957242579083
Nissan,Regular,ノート,2007,55659,1.5 15S,0,1.3751666666666669,DBA-E11,5,レギュラー,19.4,51713048,10.3506585,0.1,190,0.0010763047654820115,0.9201741889203668,2.6502627461436536,13.61577871130859,337.8,2060.2000000000003,319.850851375,1542.06841125,0.03226033707180942,0.12981731641141625,1545.0199999999986,5522.179999999993,290.6588633529818,866.2264654267965
Nissan,Regular,ノート,2008,62704,1.5 15X,0,1.4174452332657201,DBA-E11,5,レギュラー,17.6,52324877,10.428482999999998,0.09909090909090909,190,0.0011983592431569405,0.9235641012591391,2.758066186623793,13.516623393349276,345.0,2086.0,311.476887125,1550.3659983750001,0.06299936849597876,0.1478788050607096,945.7600000000002,3410.87999999999,235.13960303936074,935.1867695472029
Nissan,Regular,ノート,2009,65745,1.5 15X,0,1.4378611111111113,DBA-E11,5,レギュラー,18.0,52877802,10.428482999999998,0.09909090909090909,190,0.0012433383672036898,0.9291896626111653,2.952978972840147,13.645023505873654,373.9,2059.2999999999997,337.92638825000006,1563.83277925,0.06799582202505638,0.147671107787112,1053.6499999999996,3939.130000000019,251.90240401449137,969.3097171162372
Nissan,Regular,ノート,2010,66347,1.5 15X,0,1.4482911917098447,DBA-E11,5,レギュラー,18.0,53362801,10.428482999999998,0.09909090909090909,190,0.0012433192927785032,0.9249569564386247,2.9393720761232354,14.105168575163725,396.5,2155.1,332.1854695,1609.611702875,0.06869390509457896,0.14920043796632898,858.5699999999997,3908.2100000000064,235.574749601471,998.3047852323361
Nissan,Regular,ノート,2011,46475,1.5 15X SV,0,1.3475607476635516,DBA-E11,5,レギュラー,18.0,53783435,10.428482999999998,0.09909090909090909,190,0.0008641136439128517,0.9389811007794501,2.8349123577076347,13.087954460332213,392.0,2103.9,319.379601625,1514.94194474,0.08166934197714193,0.1340665489086419,775.2999999999993,3633.189999999988,228.99710255744958,903.3098621829267
Nissan,Regular,ノート,2012,85330,1.2 S,0,1.2980769230769231,DBA-E12,5,レギュラー,22.6,54171475,10.597987499999999,0.0766990291262136,190,0.0015751832491177323,0.9197618488328037,2.6497111016419543,13.768694552334546,363.2,2323.2999999999997,301.61503825,1612.330897375,0.10107148732854859,0.19892441773888025,2016.9000000000015,9586.350000000006,195.93688996007222,967.3414414944564
Nissan,Regular,ノート,2013,147634,1.2 S,0,1.2927018633540373,DBA-E12,5,レギュラー,22.6,54594744,10.597987499999999,0.0766990291262136,190,0.002704179728363595,0.9195631909181587,2.6545464932561296,13.11905728222231,380.59999999999997,2411.7000000000003,301.96198687500004,1578.6128777499998,0.10195120348165959,0.15959506236697907,1983.5000000000036,8686.369999999966,197.43069954584007,942.003599437594
Nissan,Regular,ノート,2014,106765,1.2 S,0,1.258820564516129,DBA-E12,5,レギュラー,22.6,55952365,10.597987499999999,0.0766990291262136,190,0.0019081409695550849,0.9188134228106355,2.5362583247782573,13.841824099205859,349.4,2552.6,286.1627335,1645.5960405,0.10027614675898033,0.20703545749141394,1833.9000000000033,8800.940000000002,190.8501272746198,997.0286927597917
Nissan,Regular,ノート,2015,97995,1.2 X,0,1.4625360000000003,DBA-E12,5,レギュラー,23.4,56412140,10.597987499999999,0.07596153846153846,190,0.001737126086689851,0.9279170405519096,2.3642731836671924,13.83609007044859,314.40000000000003,2681.6,262.33040737500005,1651.7494353749998,0.10078037959050618,0.21159782551364126,2028.4199999999964,9362.439999999988,188.95419334721464,1089.0440560292554
Nissan,Regular,ノート,2016,102402,1.2 X,0,1.48,DBA-E12,5,レギュラー,23.4,56950757,10.597987499999999,0.07596153846153846,190,0.0017980796989230537,0.9300480413280547,2.252834535071018,14.384023980050662,308.90000000000003,2843.7999999999997,247.23342237500003,1716.568491125,0.10204098908294629,0.23931138555312703,1784.5699999999997,9697.640000000014,166.42774806336365,1113.4104840039654
Nissan,Regular,マーチ,2006,50316,1.2 12B,0,1.115138888888889,DBA-AK12,5,レギュラー,19.0,51102005,9.4298375,0.09473684210526316,232,0.000984618900960931,0.9152275336359111,2.4506582211774077,13.778912964051765,291.9,2103.5,286.36986774999997,1567.5231525,0.027065259509531592,0.1368093537602073,1284.2500000000018,5444.669999999998,344.6542244003949,1195.2964467568527
Nissan,Regular,マーチ,2007,45693,1.2 12B,0,1.134666666666667,DBA-AK12,5,レギュラー,19.0,51713048,9.4298375,0.09473684210526316,232,0.000883587445860859,0.9201741889203668,2.6555259040383907,13.61577871130859,338.2,2060.2000000000003,320.771672375,1542.06841125,0.03353734104783668,0.13170085963294653,1416.0599999999995,5050.6600000000035,406.98583750736543,1192.5915556622604
Nissan,Regular,マーチ,2008,46686,1.2 12B,0,1.118555780933063,DBA-AK12,5,レギュラー,19.0,52324877,9.4298375,0.09473684210526316,232,0.0008922333443803413,0.9235641012591391,2.7624202536094393,13.516623393349276,343.6,2086.0,312.47553262499997,1550.3659983750001,0.06509352192808782,0.14911978870032883,1313.9599999999991,4641.199999999997,342.62989670985826,1294.9825329337837
Nissan,Regular,マーチ,2009,31433,1.2 12B,0,1.134666666666667,DBA-AK12,5,レギュラー,19.0,52877802,9.4298375,0.09473684210526316,232,0.0005944460399469705,0.9291896626111653,2.957333039825793,13.645023505873654,372.9,2059.2999999999997,338.92503375,1563.83277925,0.07009942408748471,0.15087415582090768,1342.8500000000004,4889.530000000013,372.5572034266752,1375.83398314831
Nissan,Regular,マーチ,2010,22322,1.2 12S,0,1.0352331606217617,DBA-K13,5,レギュラー,21.4,53362801,9.534955499999999,0.08404255319148936,232,0.0004183063778829751,0.9249569564386247,2.9544204320226553,14.105168575163725,393.1,2155.1,333.07899699999996,1609.611702875,0.08022178186397422,0.1851437214769711,1924.8099999999977,8141.889999999999,330.5461689514059,1359.6281644160917
Nissan,Regular,マーチ,2011,55,1.2 12S,0,1.0373831775700935,DBA-K13,5,レギュラー,21.4,53783435,9.534955499999999,0.08404255319148936,232,1.022619696938286e-06,0.9389811007794501,2.8499607136070546,13.087954460332213,388.6,2103.9,320.27312912499997,1514.94194474,0.09280918222431345,0.16419775002515546,1738.1800000000003,7009.389999999985,318.92161298633437,1255.9941083915073
Peugeot,Foreign,206,2006,3080,スタイル,0,1.9425,GH-T1KFW,5,ハイオク,13.2,51102005,9.222408,0.07115384615384615,2,6.0271607738287374e-05,0.9152275336359111,0.08503937007874016,16.168114811101848,11.2,2390.0,11.336688,1842.76376175,0.0001928077746688045,0.2881210798489562,4.0,3916.5599999999977,4.470179918399992,1670.1074656216806
Peugeot,Foreign,207,2007,2799,1.6,0,2.456388888888889,ABA-A75FW,5,ハイオク,11.6,51713048,10.367175,0.096,3,5.4125604818342945e-05,0.9201741889203668,0.0,16.270041457452244,0.0,2405.8,0.0,1861.902746125,0.0,0.16364598514284312,0.0,4881.639999999992,0.0,1151.4993424807108
Peugeot,Foreign,207,2008,3703,1.6,0,2.4215111561866127,ABA-A75FW,5,ハイオク,11.6,52324877,10.367175,0.096,3,7.076939712634202e-05,0.9235641012591391,0.0,16.27778048906398,0.0,2437.0,0.0,1861.9041935,0.0,0.2126015438527209,0.0,4831.840000000004,0.0,1189.5316655970091
Peugeot,Foreign,207,2009,2745,スタイル 1.6,0,2.045277777777778,ABA-A75F01,5,ハイオク,11.2,52877802,10.4057625,0.09917355371900827,3,5.1912142641632494e-05,0.9291896626111653,0.0,16.5979198340857,0.0,2440.0,0.0,1901.781888,0.0,0.21562707146926252,0.0,5368.139999999999,0.0,1229.5253373265587
Peugeot,Foreign,207,2010,3076,スタイル 1.6,0,2.0601139896373057,ABA-A75F01,5,ハイオク,11.2,53362801,10.4057625,0.09917355371900827,3,5.76431510782202e-05,0.9249569564386247,0.08955223880597013,16.954905767852892,10.0,2548.4,11.828816999999999,1929.991075875,9.256970065585693e-05,0.21775364902611427,1.4399999999999977,5956.700000000004,2.025084109970237,1240.0935759996646
Peugeot,Foreign,207,2011,2354,スタイル,0,2.064392523364486,ABA-A75F01,5,ハイオク,11.2,53783435,10.4057625,0.09917355371900827,3,4.3768123028958635e-05,0.9389811007794501,0.0,15.922784173411749,0.0,2502.7000000000003,0.0,1834.344266865,0.0,0.2157093122572986,0.0,6827.929999999993,0.0,1140.3959348435092
Peugeot,Foreign,307,2006,3563,フェリーヌ,0,2.374166666666667,GH-T5NFU,5,ハイオク,11.2,51102005,11.336688,0.08503937007874016,5,6.972329167906425e-05,0.9152275336359111,0.07115384615384615,16.168114811101848,13.2,2390.0,9.222408,1842.76376175,0.0001928077746688045,0.19263400625628657,4.0,5522.159999999989,4.470179918399992,963.1030682495402
Peugeot,Foreign,308,2010,1718,スタイル,0,2.6294922279792745,ABA-T75FW,5,ハイオク,10.0,53362801,11.828816999999999,0.08955223880597014,6,3.219471181806967e-05,0.9249569564386247,0.09917355371900825,16.954905767852892,11.2,2548.4,10.4057625,1929.991075875,9.256970065585346e-05,0.23895785706086592,1.4399999999999977,7798.940000000002,2.025084109970237,1062.8196984300594
Subaru,KEI,R1,2006,2783,660 R,1,1.3063055555555556,DBA-RJ1,4,レギュラー,24.0,51102005,7.316516250000001,0.06666666666666667,55,5.445970270638109e-05,0.9152275336359111,0.5144986733915212,15.743142687276247,124.30000000000001,2266.1,67.798182375,1788.2081591249998,0.0032768339588217787,0.3294970665333863,379.9899999999989,17679.930000000008,61.073593615271534,3515.0564947473686
Subaru,KEI,R1,2007,1435,660 R,1,1.3063055555555556,DBA-RJ1,4,レギュラー,24.5,51713048,7.316516250000001,0.06666666666666667,55,2.7749282927589185e-05,0.9201741889203668,0.5144986733915212,15.784876117394056,125.30000000000001,2267.6,67.798182375,1797.1552225,0.0032768339588217787,0.3332035833545528,421.9399999999987,18929.630000000005,61.073593615271534,3612.4992550707175
Subaru,KEI,R1,2008,1296,660 R,1,1.2877576064908722,DBA-RJ1,4,レギュラー,24.5,52324877,7.316516250000001,0.06666666666666667,55,2.4768333425800503e-05,0.9235641012591391,0.7060714072490133,15.6010424151483,156.1,2268.0,94.36846312499999,1770.586389125,0.005051809368761734,0.38083818984237805,562.2000000000007,17934.61,136.33533363193192,3575.2786690647627
Subaru,KEI,R1,2009,1112,660 R,1,1.3063055555555556,DBA-RJ1,4,レギュラー,24.5,52877802,7.316516250000001,0.06666666666666667,55,2.102961843988901e-05,0.9291896626111653,0.6797787637790806,15.950647957358962,134.0,2292.7,87.72621699999999,1817.14491725,0.005949140596944055,0.4003214026649662,564.0,18420.680000000022,147.38356529658859,3808.3306230347334
Subaru,KEI,R1,2010,1121,660 R,1,1.315781347150259,DBA-RJ1,4,レギュラー,24.5,53362801,7.316516250000001,0.06666666666666667,55,2.100714315952043e-05,0.9249569564386247,0.9141569493040551,16.16280794440715,194.5,2350.6,114.77050874999999,1830.138630375,0.006561853108153479,0.4093951720408029,611.9799999999996,17712.50000000003,160.8960782894378,3835.7920129805498
Subaru,KEI,R2,2006,16079,660 i,1,0.9178055555555555,DBA-RC1,4,レギュラー,22.5,51102005,7.6115900000000005,0.056790123456790124,56,0.00031464518857919567,0.9152275336359111,0.5243752166013977,15.743142687276247,125.80000000000001,2266.1,67.503108625,1788.2081591249998,0.005002032567500529,0.4490384919671617,266.8899999999985,13527.479999999996,51.983980341161896,3151.318009939143
Subaru,KEI,R2,2007,9543,660 F,1,0.8417500000000001,DBA-RC1,4,レギュラー,23.0,51713048,7.6115900000000005,0.056790123456790124,56,0.0001845375658383161,0.9201741889203668,0.5243752166013977,15.784876117394056,126.80000000000001,2267.6,67.503108625,1797.1552225,0.005002032567500529,0.4535693728400383,301.33999999999924,14546.180000000008,51.983980341161896,3243.4806831793903
Subaru,KEI,R2,2008,8061,660 F,1,0.8297981744421908,DBA-RC1,4,レギュラー,23.0,52324877,7.6115900000000005,0.056790123456790124,56,0.00015405674054427303,0.9235641012591391,0.7159479504588898,15.6010424151483,157.6,2268.0,94.07338937499999,1770.586389125,0.00812250810058189,0.5000113489649542,391.5000000000009,13694.86,120.37512018208326,3213.129843184437
Subaru,KEI,R2,2009,6522,660 F,1,0.8417500000000001,DBA-RC1,4,レギュラー,23.0,52877802,7.6115900000000005,0.056790123456790124,56,0.00012334098153323392,0.9291896626111653,0.6896553069889572,15.950647957358962,135.5,2292.7,87.43114324999999,1817.14491725,0.009719804792305872,0.52396169763124,398.25,14112.530000000013,130.93836450020763,3427.5151827609334
Subaru,KEI,R2,2010,2698,660 F,1,0.8478559585492229,DBA-RC1,4,レギュラー,23.0,53362801,7.6115900000000005,0.056790123456790124,56,5.0559564892405105e-05,0.9249569564386247,0.9240334925139316,16.16280794440715,196.0,2350.6,114.47543499999999,1830.138630375,0.011304230890474082,0.5360069552438462,413.97999999999956,13506.800000000017,141.70543320228103,3451.7132576818985
Subaru,KEI,シフォン,2016,471,660 L スマートアシスト,0,1.285,DBA-LA600F,4,レギュラー,28.0,56950757,8.76334375,0.05652173913043478,140,8.270302710813835e-06,0.9300480413280547,1.241890895613237,15.414407418839547,215.2,2932.9,134.23039775,1831.4061595,0.04402213541762204,0.5118672074570458,1582.3200000000015,20638.129999999976,120.8529491599952,2400.552592203687
Subaru,KEI,ステラ,2006,36294,660 L,0,1.0144166666666667,DBA-RN1,4,レギュラー,22.5,51102005,8.237543125,0.06279069767441861,156,0.0007102265361212344,0.9152275336359111,0.5183746423837693,15.743142687276247,125.80000000000001,2266.1,66.8771555,1788.2081591249998,0.003767809793657817,0.37275861371556474,266.8899999999985,13527.479999999996,37.313934930736195,2470.216901306718
Subaru,KEI,ステラ,2007,49958,660 L,0,0.9671388888888889,DBA-RN1,4,レギュラー,23.0,51713048,8.237543125,0.06279069767441861,156,0.0009660617954679446,0.9201741889203668,0.5183746423837693,15.784876117394056,126.80000000000001,2267.6,66.8771555,1797.1552225,0.003767809793657817,0.37678864549888513,301.33999999999924,14546.180000000008,37.313934930736195,2551.178689988661
Subaru,KEI,ステラ,2008,44834,660 L,0,0.9534066937119676,DBA-RN1,4,レギュラー,21.0,52324877,8.237543125,0.06279069767441861,156,0.0008568390901329782,0.9235641012591391,0.7099473762412614,15.6010424151483,159.6,2268.0,93.44743625,1770.586389125,0.006024299695972984,0.42400172998744945,233.90000000000055,9126.86,92.28320305274724,2534.2479097348078
Subaru,KEI,ステラ,2009,33680,660 L,0,0.97125,DBA-RN1,4,レギュラー,21.0,52877802,8.237543125,0.06279069767441861,156,0.0006369402419563506,0.9291896626111653,0.6836547327713287,15.950647957358962,137.5,2292.7,86.805190125,1817.14491725,0.007219584712532159,0.4451915178322823,240.25,9467.330000000016,101.24110240066261,2710.187965777084
Subaru,KEI,ステラ,2010,29333,660 L,0,0.9782953367875648,DBA-RN1,4,レギュラー,21.0,53362801,8.237543125,0.06279069767441861,156,0.0005496900359484503,0.9249569564386247,0.9180329182963032,16.16280794440715,198.0,2350.6,113.849481875,1830.138630375,0.008143864192837275,0.4554081655405038,233.97999999999956,9005.200000000012,107.91369645849227,2728.0399444342947
Subaru,KEI,ステラ,2011,24394,660 L,0,1.175355140186916,DBA-LA100F,4,レギュラー,27.0,53783435,8.187466875,0.06419753086419754,156,0.00045355972522022813,0.9389811007794501,0.7848401476159022,15.172920048650658,157.6,2329.3,98.92137562500001,1737.641186865,0.00736505825288572,0.4148616471786981,915.7199999999993,23042.569999999978,109.17828554849257,2616.374787663579
Subaru,KEI,ステラ,2012,21821,660 L,0,1.1765769230769232,DBA-LA100F,4,レギュラー,25.0,54171475,8.187466875,0.06419753086419754,156,0.00040281347332706,0.9197618488328037,0.8628584712347971,15.568048681003718,153.0,2531.1,98.5504595,1817.80599675,0.01668893832549119,0.40157718912312523,745.2000000000007,16932.45000000001,110.48842975153502,2768.8804306294696
Subaru,KEI,ステラ,2013,23439,660 L,0,1.1179285714285716,DBA-LA100F,4,レギュラー,29.0,54594744,8.1123525,0.06419753086419754,156,0.00042932704291094397,0.9195631909181587,0.8751502469194299,14.910955026821025,152.4,2633.5,98.55045949999999,1784.510040125,0.017580309144728773,0.3513984542578532,1481.9599999999991,27316.54999999999,114.27438538945194,2799.5303197698267
Subaru,KEI,ステラ,2014,14927,660 L,0,1.1188397177419356,DBA-LA100F,4,レギュラー,29.0,55952365,8.1123525,0.06419753086419754,156,0.00026678050159273874,0.9188134228106355,1.1839352305901423,15.206648691655989,187.8,2707.7999999999997,123.441599375,1810.802809625,0.03698187997777194,0.3875917450744726,1764.6399999999994,26585.399999999994,151.64399346918185,2925.533038002035
Subaru,KEI,ステラ,2015,15841,660 L,0,1.1328660000000002,DBA-LA150F,4,レギュラー,31.0,56412140,8.16242875,0.06341463414634146,156,0.00028080835082661284,0.9279170405519096,1.1139902801584842,15.098919878272493,160.0,2828.4,115.347404,1801.1679975,0.036821046458560686,0.3954501204443004,2359.4400000000005,31354.139999999985,153.57960003226412,2960.554678167613
Subaru,KEI,ステラ,2016,11742,660 L,0,1.1340000000000001,DBA-LA150F,4,レギュラー,31.0,56950757,8.16242875,0.06341463414634146,156,0.00020617811980971562,0.9300480413280547,1.2349980005973302,15.414407418839547,212.2,2932.9,134.83131275,1831.4061595,0.03686970624500263,0.428334000731422,2424.120000000001,30652.729999999952,160.48475994305318,3014.923166108918
Subaru,KEI,ディアスワゴン,2006,4447,660,0,1.2744444444444445,TA-TW1,4,レギュラー,15.8,51102005,9.5144875,0.05106382978723404,178,8.702202584810517e-05,0.9152275336359111,0.5301015102709539,15.743142687276247,132.5,2266.1,65.600211125,1788.2081591249998,0.00671705210539892,0.5323744732627349,201.22999999999956,3605.449999999997,26.826196364080033,1462.264038332345
Subaru,KEI,ディアスワゴン,2007,3425,660,0,1.2744444444444445,TA-TW1,4,レギュラー,15.8,51713048,9.5144875,0.05106382978723404,178,6.623086691776512e-05,0.9201741889203668,0.5301015102709539,15.784876117394056,134.0,2267.6,65.600211125,1797.1552225,0.00671705210539892,0.5373833098889964,223.57999999999902,3340.100000000006,26.826196364080033,1520.376022515331
Subaru,KEI,ディアスワゴン,2008,4184,660,0,1.2776257606490875,ABA-TW1,4,レギュラー,15.8,52324877,9.5144875,0.05052631578947368,178,7.996196531909669e-05,0.9235641012591391,0.7222117581262063,15.6010424151483,164.79999999999998,2268.0,92.170491875,1770.586389125,0.011080978095224167,0.591262729239348,198.54000000000087,3053.2599999999948,59.274634697167585,1525.9623756156798
Subaru,KEI,ディアスワゴン,2009,2956,660 LS,0,1.4080555555555556,ABA-S321N,4,レギュラー,15.2,52877802,9.389296875,0.06597938144329897,178,5.590247491754669e-05,0.9291896626111653,0.6804660490024483,15.950647957358962,143.3,2292.7,85.653436375,1817.14491725,0.006154691406498561,0.4079336819511883,189.21000000000004,3098.930000000022,65.02546517463838,1711.7603343968804
Subaru,KEI,ディアスワゴン,2010,950,660 LS,0,1.4182694300518133,ABA-S321N,4,レギュラー,15.2,53362801,9.389296875,0.06597938144329897,178,1.780266369450884e-05,0.9249569564386247,0.9148442345274228,16.16280794440715,203.8,2350.6,112.697728125,1830.138630375,0.0068160762384777696,0.4172079145063976,254.85999999999876,3098.4800000000105,70.30666756610435,1719.9829764884562
Subaru,KEI,ディアスワゴン,2011,1073,660 LS,0,1.4212149532710283,ABA-S321N,4,レギュラー,15.2,53783435,9.389296875,0.06597938144329897,178,1.9950380632996016e-05,0.9389811007794501,0.7830582970368007,15.172920048650658,169.4,2329.3,97.71954562500001,1737.641186865,0.006658899760535797,0.395583265415115,292.6800000000003,3320.0499999999884,62.967864961567784,1608.3184690930284
Subaru,KEI,ディアスワゴン,2012,933,660 LS,0,1.4226923076923077,ABA-S321N,4,レギュラー,15.2,54171475,9.389296875,0.06597938144329897,178,1.722308650447491e-05,0.9197618488328037,0.8610766206556957,15.568048681003718,162.8,2531.1,97.3486295,1817.80599675,0.01570474584289959,0.3825143776408515,294.40000000000055,4690.290000000008,65.16956541762761,1716.0051389743749
Subaru,KEI,ディアスワゴン,2013,1027,660 LS,0,1.4168012422360252,ABA-S321N,4,レギュラー,15.2,54594744,9.389296875,0.06597938144329897,178,1.881133465888218e-05,0.9195631909181587,0.8733683963403285,14.910955026821025,166.20000000000002,2633.5,97.27351512499999,1784.510040125,0.01655231244689348,0.33398146077229574,388.9999999999991,6067.309999999998,65.35575700557206,1683.7796433173353
Subaru,KEI,ディアスワゴン,2014,860,660 LS,0,1.4189425403225808,ABA-S321N,4,レギュラー,15.2,55952365,9.389296875,0.06597938144329897,178,1.5370217148104463e-05,0.9188134228106355,1.1821533800110409,15.206648691655989,201.60000000000002,2707.7999999999997,122.164655,1810.802809625,0.035317377489155144,0.3693529435396501,428.8000000000002,6776.880000000019,83.85342842912087,1764.9821860397715
Subaru,KEI,ディアスワゴン,2015,653,660 LS,0,1.4075910000000003,ABA-S321N,4,レギュラー,14.8,56412140,9.389296875,0.0653061224489796,178,1.1575522573687153e-05,0.9279170405519096,1.1120987918558463,15.098919878272493,176.2,2828.4,114.120535875,1801.1679975,0.03504516307228275,0.37582622581249847,386.28000000000065,8732.459999999977,87.38922597079227,1857.1459874029242
Subaru,KEI,ディアスワゴン,2016,599,660 LS,0,1.409,ABA-S321N,4,レギュラー,14.8,56950757,9.389296875,0.0653061224489796,178,1.0517858436894878e-05,0.9300480413280547,1.2331065122946923,15.414407418839547,228.39999999999998,2932.9,133.60444462499999,1831.4061595,0.03512300109406033,0.40800357172521284,658.3200000000015,9932.929999999978,89.55331810613052,1880.3853065275616
Subaru,KEI,プレオ,2006,11265,660 A,0,0.7153333333333333,LE-RV1,4,レギュラー,21.5,51102005,7.761818750000001,0.05609756097560976,218,0.00022044144843240496,0.9152275336359111,0.5250677790825781,15.743142687276247,126.80000000000001,2266.1,67.352879875,1788.2081591249998,0.005181564988672317,0.4585701732417571,211.48999999999887,11151.679999999993,47.89142961705352,2976.6333497898377
Subaru,KEI,プレオ,2007,3217,660 A,0,0.7153333333333333,LE-RV1,4,レギュラー,21.5,51713048,7.761818750000001,0.05609756097560976,218,6.22086712042191e-05,0.9201741889203668,0.5250677790825781,15.784876117394056,128.3,2267.6,67.352879875,1797.1552225,0.005181564988672317,0.4631588601304548,216.73999999999887,10869.229999999996,47.89142961705352,3066.1078107360954
Subaru,KEI,プレオ,2008,104,660 A,0,0.7051764705882353,LE-RV1,4,レギュラー,21.5,52324877,7.761818750000001,0.05609756097560976,218,1.987582311946954e-06,0.9235641012591391,0.7166405129400701,15.6010424151483,159.1,2268.0,93.923160625,1770.586389125,0.008411029147876961,0.5095025671551174,265.8000000000002,10152.61,112.91838528903486,3039.1207200354074
Subaru,KEI,プレオ,2010,2856,660 A,0,0.7608963730569949,HBD-L275B,4,レギュラー,19.4,53362801,7.661666250000001,0.08055555555555556,218,5.352042895949184e-05,0.9249569564386247,0.9002680604151662,16.16280794440715,199.6,2350.6,114.42535875,1830.138630375,0.0038537897015593625,0.2834992723504812,159.09999999999854,6314.000000000015,138.65604121043725,3389.2630274329385
Subaru,KEI,プレオ,2011,4405,660 A,0,0.8143457943925234,HBD-L275B,4,レギュラー,24.0,53783435,7.661666250000001,0.07837837837837838,218,8.190254118205726e-05,0.9389811007794501,0.7706593001017213,15.172920048650658,160.6,2329.3,99.44717625000001,1737.641186865,0.003503382829891488,0.28780900029385226,493.3199999999997,14068.36999999998,138.4792371792139,3193.657816397317
Subaru,KEI,プレオ,2012,6600,660 A,0,0.8151923076923078,HBD-L275B,4,レギュラー,24.0,54171475,7.661666250000001,0.07837837837837838,218,0.00012183533861686431,0.9197618488328037,0.8486776237206163,15.568048681003718,154.0,2531.1,99.076260125,1817.80599675,0.01061453100139384,0.2774709550676606,611.2000000000007,14301.650000000023,139.39932552156097,3372.1304849244516
Subaru,KEI,プレオ,2013,11822,660 A,0,0.8118167701863355,HBD-L275B,4,レギュラー,24.0,54594744,7.661666250000001,0.07837837837837838,218,0.00021654099156504883,0.9195631909181587,0.8609693994052491,14.910955026821025,157.4,2633.5,99.00114574999999,1784.510040125,0.011157286227306829,0.23986296834289567,645.9599999999991,12841.549999999988,139.32597732024988,3313.2320588008515
Subaru,KEI,プレオ,2014,10410,660 A,0,0.812694556451613,HBD-L275B,4,レギュラー,24.0,55952365,7.661666250000001,0.07837837837837838,218,0.0001860511168741482,0.9188134228106355,1.1697543830759614,15.206648691655989,192.8,2707.7999999999997,123.892285625,1810.802809625,0.02584488598047291,0.26969173284381176,752.6399999999994,12588.399999999994,184.913507661224,3455.8252230513317
Subaru,KEI,プレオ,2015,7073,660 A,0,0.806193,HBD-L275B,4,レギュラー,24.0,56412140,7.661666250000001,0.07837837837837838,218,0.00012538081342065732,0.9279170405519096,1.0990265359264473,15.098919878272493,167.0,2828.4,115.8481665,1801.1679975,0.02492357257456823,0.2703275434570518,798.4400000000005,11661.73999999999,190.11253818039518,3544.1559975084274
Subaru,KEI,プレオ,2016,6548,660 A,0,0.807,HBD-L275B,4,レギュラー,24.0,56950757,7.661666250000001,0.07837837837837838,218,0.00011497652261233332,0.9300480413280547,1.2200342563652933,15.414407418839547,219.2,2932.9,135.33207525,1831.4061595,0.02559428395013258,0.2980131827599144,823.9200000000019,11653.329999999958,200.68309305715275,3612.960533901907
Subaru,KEI,ルクラ,2010,6647,660 L スペシャル,1,1.1863772020725387,DBA-L455F,4,レギュラー,21.5,53362801,8.66319125,0.06666666666666667,248,0.00012456242692357922,0.9249569564386247,0.9141569493040551,16.16280794440715,197.5,2350.6,113.42383375,1830.138630375,0.006561853108153479,0.4093951720408029,269.97999999999956,10012.100000000006,90.30666067643756,2306.6648032749217
Subaru,KEI,ルクラ,2011,3840,660 L スペシャル,1,1.1774299065420561,DBA-L455F,4,レギュラー,23.0,53783435,8.66319125,0.059770114942528735,248,7.139744793169123e-05,0.9389811007794501,0.789267563537571,15.172920048650658,161.6,2329.3,98.44565125000001,1737.641186865,0.00939458083631975,0.4668868534594308,392.52000000000044,11676.969999999987,87.4323992864638,2165.538573200505
Subaru,KEI,ルクラ,2012,3641,660 L スペシャル,1,1.2347307692307694,DBA-L455F,4,レギュラー,25.0,54171475,8.66319125,0.059770114942528735,248,6.721249513697015e-05,0.9197618488328037,0.8672858871564659,15.568048681003718,153.0,2531.1,98.074735125,1817.80599675,0.019409300045269653,0.4532591986981167,745.2000000000007,16932.45000000001,89.0954511729924,2297.885389641302
Subaru,KEI,ルクラ,2013,1742,660 L スペシャル,1,1.2296180124223606,DBA-L455F,4,レギュラー,24.8,54594744,8.66319125,0.059770114942528735,248,3.1907833472028005e-05,0.9195631909181587,0.8795776628410987,14.910955026821025,156.6,2633.5,97.99962074999999,1784.510040125,0.020409512471250682,0.39890857900618193,746.1199999999999,14640.110000000015,89.17256082052495,2256.6311707123496
Subaru,KEI,ルクラ,2014,877,660 L スペシャル,1,1.2316300403225808,DBA-L455F,4,レギュラー,25.0,55952365,8.66319125,0.059770114942528735,248,1.5674047021962342e-05,0.9188134228106355,1.1883626465118111,15.206648691655989,191.8,2707.7999999999997,122.890760625,1810.802809625,0.041447609752812725,0.4371713311732388,907.0400000000009,14767.799999999988,117.60139925025578,2362.9083559235332
Subaru,Regular,BRZ,2012,4830,2.0 R,0,2.6439230769230773,DBA-ZC6,4,ハイオク,12.8,54171475,9.7838,0.16260162601626016,21,8.916131598779616e-05,0.9197618488328037,0.7644543760827345,15.568048681003718,165.2,2531.1,96.954126375,1817.80599675,0.057416382382532105,0.8415783344575845,476.8000000000002,6289.169999999998,56.591140726865206,1469.2687676502392
Subaru,Regular,BRZ,2013,4786,2.0 R,0,2.6329751552795035,DBA-ZC6,4,ハイオク,12.8,54594744,9.7838,0.16260162601626016,21,8.766411653107119e-05,0.9195631909181587,0.7767461517673673,14.910955026821025,168.6,2633.5,96.87901199999999,1784.510040125,0.05588863107365283,0.8537671150901165,587.7200000000003,8359.309999999983,56.83659802614966,1440.6224499707023
Subaru,Regular,BRZ,2014,2822,2.0 R,0,2.6485584677419354,DBA-ZC6,4,ハイオク,12.8,55952365,9.93432,0.16260162601626016,21,5.04357590604079e-05,0.9188134228106355,1.0855311354380797,15.206648691655989,204.0,2707.7999999999997,121.619631875,1810.802809625,0.0591547197055185,0.8540834366602441,663.04,9358.320000000007,66.83535318127906,1423.55517252344
Subaru,Regular,BRZ,2015,2043,2.0 R カスタマイズ パッケージ,0,2.4765210000000004,DBA-ZC6,4,ハイオク,12.8,56412140,9.93432,0.16129032258064516,21,3.621560890971341e-05,0.9279170405519096,1.0161145917241805,15.098919878272493,178.2,2828.4,113.57551275,1801.1679975,0.04826708902832294,0.8267612245188269,543.0799999999999,11545.25999999998,68.60779455419515,1515.6895466573842
Subaru,Regular,BRZ,2016,2095,2.0 R,0,2.738,DBA-ZC6,4,ハイオク,12.4,56950757,9.93432,0.16129032258064516,21,3.678616598546706e-05,0.9300480413280547,1.1371223121630265,15.414407418839547,230.79999999999998,2932.9,133.05942149999998,1831.4061595,0.06861462559563775,0.8418742890235658,977.0400000000009,13827.169999999984,70.59716113228433,1527.03150679807
Subaru,Regular,WRX,2014,5271,S4 2.0GT アイサイト 4WD,0,3.3716250000000003,DBA-VAG,5,ハイオク,13.2,55952365,12.165836874999998,0.19480519480519481,70,9.420513324146351e-05,0.9188134228106355,1.053327566649145,15.206648691655989,203.60000000000002,2707.7999999999997,119.388115,1810.802809625,0.11688336290258089,1.6586818689719474,614.4000000000005,8804.080000000016,71.50810209779547,985.9964346122579
Subaru,Regular,WRX,2015,7295,S4 2.0GT アイサイト 4WD,0,3.3446520000000004,DBA-VAG,5,ハイオク,13.2,56412140,12.165836874999998,0.19480519480519481,70,0.00012931613656209462,0.9279170405519096,0.982599719499631,15.098919878272493,177.8,2828.4,111.343995875,1801.1679975,0.10062539192349135,1.6525968314186796,504.6800000000003,10884.139999999985,59.86484560789722,1071.814427428275
Subaru,Regular,WRX,2016,7615,S4 2.0GT アイサイト 4WD,0,3.3480000000000003,DBA-VAG,5,ハイオク,13.2,56950757,12.165836874999998,0.19480519480519481,70,0.000133712006672712,0.9300480413280547,1.103607439938477,15.414407418839547,230.0,2932.9,130.827904625,1831.4061595,0.136730803443265,1.6704318382321777,854.1599999999999,12329.409999999989,73.53061586623562,1046.8361960384063
Subaru,Regular,インプレッサ,2006,26039,1.5 i,0,1.3926388888888888,LA-GD2,5,レギュラー,15.0,51102005,10.873764,0.08333333333333333,95,0.000509549478538073,0.9152275336359111,0.49783200672485456,15.743142687276247,133.3,2266.1,64.24093462500001,1788.2081591249998,0.0039046559568821915,0.1972256436241775,241.38999999999896,3362.729999999996,44.32907619330831,951.9089517048415
Subaru,Regular,インプレッサ,2007,34013,1.5 i,0,1.3926388888888888,LA-GD2,5,レギュラー,15.0,51713048,10.873764,0.08333333333333333,95,0.0006577256865617358,0.9201741889203668,0.49783200672485456,15.784876117394056,134.8,2267.6,64.24093462500001,1797.1552225,0.0039046559568821915,0.19954104610808443,266.13999999999896,3099.779999999999,44.32907619330831,985.6978699085375
Subaru,Regular,インプレッサ,2008,24737,1.5 i,0,1.649464503042597,DBA-GE2,5,レギュラー,16.6,52324877,11.754570000000001,0.0873015873015873,95,0.00047275791971761346,0.9235641012591391,0.6854364866140926,15.6010424151483,164.0,2268.0,89.930409375,1770.586389125,0.00493225872442099,0.22943966436964214,168.77999999999975,3442.0599999999977,80.15358404800827,978.3319476542601
Subaru,Regular,インプレッサ,2009,21712,1.5 i,0,1.6732222222222226,DBA-GE2,5,レギュラー,16.6,52877802,11.754570000000001,0.0873015873015873,95,0.0004106070823443077,0.9291896626111653,0.65914384314416,15.950647957358962,141.9,2292.7,83.28816325,1817.14491725,0.0037375604742397595,0.24084895736000345,146.08999999999924,3669.010000000024,65.52060051123772,967.402412641728
Subaru,Regular,インプレッサ,2010,24074,1.5 i,0,1.6304922279792746,DBA-GE2,5,レギュラー,16.6,53362801,11.754570000000001,0.0873015873015873,95,0.0004511382376648482,0.9249569564386247,0.8935220286691344,16.16280794440715,202.4,2350.6,110.332455,1830.138630375,0.00420889057451676,0.24434404044748215,175.89999999999873,3550.960000000021,92.90059021488105,964.1687139142596
Subaru,Regular,インプレッサ,2011,21669,1.5 i,0,1.6338785046728972,DBA-GE2,5,レギュラー,16.6,53783435,11.754570000000001,0.0873015873015873,95,0.0004028935675082858,0.9389811007794501,0.7617360911785124,15.172920048650658,168.0,2329.3,95.35427250000001,1737.641186865,0.0031350711339072634,0.23878627137820496,221.0,3476.0099999999948,56.394732511505026,889.9794804255362
Subaru,Regular,インプレッサ,2012,52017,1.6 i,0,1.613769230769231,DBA-GJ2,5,レギュラー,16.4,54171475,11.674878,0.092,95,0.0009602286073990047,0.9197618488328037,0.8350560020989947,15.568048681003718,161.6,2531.1,95.063048375,1817.80599675,0.008566816863859794,0.2177170970642166,246.40000000000055,4569.0899999999965,58.69199080894077,965.1082285630328
Subaru,Regular,インプレッサ,2013,58243,1.6 i,0,1.6070869565217394,DBA-GJ2,5,レギュラー,16.4,54594744,11.674878,0.092,95,0.0010668243082154576,0.9195631909181587,0.8473477777836275,14.910955026821025,165.0,2633.5,94.987934,1784.510040125,0.008774704254904953,0.19104798318561533,332.84000000000106,5586.5899999999965,59.22154239231759,940.6523113838266
Subaru,Regular,インプレッサ,2014,45841,1.6 i,0,1.6092762096774194,DBA-GJ2,5,レギュラー,16.4,55952365,11.6876235,0.092,95,0.000819286191030531,0.9188134228106355,1.1561327614543397,15.206648691655989,200.4,2707.7999999999997,119.866328375,1810.802809625,0.019691659193620425,0.21514192305272228,363.5199999999995,6155.760000000009,60.44529524296786,949.804893052351
Subaru,Regular,インプレッサ,2015,44024,1.6 i,0,1.5964020000000003,DBA-GJ2,5,レギュラー,16.4,56412140,11.6876235,0.092,95,0.000780399396300158,0.9279170405519096,1.0854049143048257,15.098919878272493,174.6,2828.4,111.82220925,1801.1679975,0.018376371928905122,0.21639178613049914,324.2000000000007,7369.259999999995,52.51547183309049,1037.8149376121437
Subaru,Regular,インプレッサ,2016,42423,1.6 i,0,1.598,DBA-GJ2,5,レギュラー,16.4,56950757,11.6876235,0.092,95,0.0007449066919338755,0.9300480413280547,1.2064126347436717,15.414407418839547,226.79999999999998,2932.9,131.306118,1831.4061595,0.020392100147795134,0.24012418123103174,529.0400000000009,8335.169999999984,62.002086031772706,1018.9432056471924
Subaru,Regular,エクシーガ,2008,9710,2.0 i,0,2.0213032454361057,DBA-YA4,7,レギュラー,14.0,52324877,13.966409999999998,0.1,101,0.00018557138700966272,0.9235641012591391,0.67273807391568,15.6010424151483,166.6,2268.0,87.718569375,1770.586389125,0.00909149332993861,0.2018798066102696,312.3000000000002,2903.8600000000006,199.23869851840846,1963.881672305768
Subaru,Regular,エクシーガ,2009,9882,2.0 i,0,1.9640833333333334,DBA-YA4,7,レギュラー,14.0,52877802,13.966409999999998,0.1,101,0.000186883713509877,0.9291896626111653,0.6464454304457473,15.950647957358962,144.5,2292.7,81.07632325,1817.14491725,0.0061861119005609255,0.2091670943965913,254.25,3100.130000000019,157.0981939166777,1860.7734924036413
Subaru,Regular,エクシーガ,2010,11521,2.0 i,0,1.9783305699481866,DBA-YA4,7,レギュラー,14.0,53362801,13.966409999999998,0.1,101,0.00021589946149940667,0.9249569564386247,0.8808236159707218,16.16280794440715,205.0,2350.6,108.120615,1830.138630375,0.00784027871010537,0.20965242019143782,359.97999999999956,3203.600000000006,235.51496830128144,1856.9504572025835
Subaru,Regular,エクシーガ,2011,7373,2.0 i,0,2.0695794392523363,DBA-YA4,7,レギュラー,15.0,53783435,13.966409999999998,0.09933774834437085,101,0.00013708681864592695,0.9389811007794501,0.7496999301357289,15.172920048650658,169.6,2329.3,93.14243250000001,1737.641186865,0.005160973682280939,0.2105020181014603,306.1199999999999,3345.7699999999895,151.48641215310408,1736.814775394574
Subaru,Regular,エクシーガ,2012,8636,2.0 i 4WD,0,2.2680000000000002,DBA-YA5,7,レギュラー,13.8,54171475,13.966409999999998,0.09615384615384616,101,0.0001594196945901879,0.9197618488328037,0.8309021559451485,15.568048681003718,164.2,2531.1,92.771516375,1817.80599675,0.00868074214819714,0.21108779322913263,386.8000000000002,5403.169999999998,157.083562737188,1858.9666256689088
Subaru,Regular,エクシーガ,2013,4975,2.5 i 4WD,0,2.4975000000000005,DBA-YAM,7,レギュラー,12.0,54594744,13.966409999999998,0.11089743589743589,101,9.112598824531534e-05,0.9195631909181587,0.8284503418861915,14.910955026821025,169.4,2633.5,92.69640199999999,1784.510040125,0.011614588309034085,0.21796350805620524,679.5599999999995,9517.549999999988,157.95736830850956,1810.8347127236557
Subaru,Regular,エクシーガ,2014,2455,2.5 i アイサイト 4WD,0,2.6102903225806453,DBA-YAM,7,レギュラー,13.2,55952365,13.966409999999998,0.11019108280254777,101,4.387660825418193e-05,0.9188134228106355,1.137941678651792,15.206648691655989,203.60000000000002,2707.7999999999997,117.587541875,1810.802809625,0.018418783119618698,0.23199269508006504,614.4000000000005,8804.080000000016,162.39933865834155,1758.249007185208
Subaru,Regular,エクシーガ,2015,4181,2.5 i 4WD,0,2.4815160000000005,DBA-YAM,7,レギュラー,12.0,56412140,13.966409999999998,0.11089743589743589,101,7.41152524970689e-05,0.9279170405519096,1.0665074784073898,15.098919878272493,179.0,2828.4,109.54342275,1801.1679975,0.01605315831698717,0.2362032035385382,630.4400000000005,13015.339999999982,132.67111017100024,1831.710346135631
Subaru,Regular,エクシーガ,2016,4343,2.5 i 4WD,0,2.484,DBA-YAM,7,レギュラー,12.0,56950757,13.966409999999998,0.11089743589743589,101,7.625886342476536e-05,0.9300480413280547,1.1875151988462358,15.414407418839547,231.2,2932.9,129.0273315,1831.4061595,0.021163897832953082,0.25568027006771166,1044.7200000000012,14650.929999999978,170.2785183369142,1791.9461138905535
Subaru,Regular,フォレスター,2006,14895,2.0 X 4WD,0,2.0833055555555555,CBA-SG5,5,レギュラー,13.0,51102005,12.372545250000003,0.10071942446043165,207,0.00029147584326681507,0.9152275336359111,0.48044591559775623,15.743142687276247,135.3,2266.1,62.742153375,1788.2081591249998,0.009295932986125965,0.1521956258621815,386.5899999999997,3635.1299999999974,97.8971318810195,1061.7010241071548
Subaru,Regular,フォレスター,2007,12550,2.0 X 4WD,0,2.0833055555555555,CBA-SG5,5,レギュラー,13.0,51713048,12.372545250000003,0.10071942446043165,207,0.00024268536637020506,0.9201741889203668,0.48044591559775623,15.784876117394056,136.8,2267.6,62.742153375,1797.1552225,0.009295932986125965,0.15305986590793896,417.3399999999997,3378.1800000000003,97.8971318810195,1068.6705606528194
Subaru,Regular,フォレスター,2008,23143,2.0 X 4WD,0,2.0750020283975665,DBA-SH5,5,レギュラー,13.8,52324877,13.59564,0.10206896551724139,207,0.0004422943985133496,0.9235641012591391,0.6706691083984385,15.6010424151483,166.79999999999998,2268.0,88.089339375,1770.586389125,0.010074693689954617,0.20212519590311606,328.9400000000005,2949.2599999999948,172.45036533914572,1692.869205130024
Subaru,Regular,フォレスター,2009,12939,2.0 X 4WD,0,2.104888888888889,DBA-SH5,5,レギュラー,13.8,52877802,13.59564,0.10206896551724139,207,0.00024469625269219776,0.9291896626111653,0.6443764649285059,15.950647957358962,144.7,2292.7,81.44709325,1817.14491725,0.006860035684209925,0.20880198751001666,267.6100000000001,3144.2900000000154,135.60355082438264,1603.8476736167067
Subaru,Regular,フォレスター,2010,14098,2.0 X 4WD,0,2.130509844559586,DBA-SHJ,5,レギュラー,15.0,53362801,13.59564,0.10206896551724139,207,0.0002641915292265112,0.9249569564386247,0.8787546504534803,16.16280794440715,204.0,2350.6,108.491385,1830.138630375,0.008798582891344248,0.2088274836319406,269.97999999999956,3084.4000000000087,203.4172054777814,1599.440815167858
Subaru,Regular,フォレスター,2011,14515,2.0 X 4WD,0,2.1349345794392525,DBA-SHJ,5,レギュラー,15.0,53783435,13.59564,0.10206896551724139,207,0.0002698786345647131,0.9389811007794501,0.7469687129628583,15.172920048650658,169.6,2329.3,93.5132025,1737.641186865,0.00602401586282561,0.2101337598470665,306.1199999999999,3345.7699999999895,128.72009043555454,1492.4680293274505
Subaru,Regular,フォレスター,2012,12472,2.0i 4WD,0,2.1703846153846156,DBA-SJ5,5,レギュラー,14.4,54171475,13.980402374999997,0.10068027210884353,207,0.0002302318701862927,0.9197618488328037,0.8263757299901511,15.568048681003718,163.6,2531.1,92.757524,1817.80599675,0.009197792066255789,0.210032498684539,342.39999999999964,5022.290000000008,158.0069513401213,1869.4894170738407
Subaru,Regular,フォレスター,2013,35166,2.0i 4WD,0,2.1613975155279506,DBA-SJ5,5,レギュラー,14.4,54594744,13.980402374999997,0.10068027210884353,207,0.0006441279402280923,0.9195631909181587,0.8386675056747839,14.910955026821025,167.0,2633.5,92.68240962499999,1784.510040125,0.009192287542013983,0.1897533366688049,442.4399999999996,6634.189999999988,158.882858968449,1821.1161563143323
Subaru,Regular,フォレスター,2014,25921,2.0i 4WD,0,2.1641643145161296,DBA-SJ5,5,レギュラー,14.4,55952365,14.145362874999998,0.10068027210884353,207,0.00046326906825118117,0.9188134228106355,1.1474524893454963,15.206648691655989,202.4,2707.7999999999997,117.40858899999999,1810.802809625,0.0180936015017778,0.21038639078456534,491.5199999999995,7438.960000000006,175.68361377499514,1889.9080689901457
Subaru,Regular,フォレスター,2015,20458,2.0i 4WD,0,2.1468510000000003,DBA-SJ5,5,レギュラー,16.0,56412140,14.191539250000002,0.09866666666666667,207,0.000362652436160018,0.9279170405519096,1.078738247638159,15.098919878272493,175.0,2828.4,109.3182935,1801.1679975,0.016659861960396316,0.21082396553131044,334.4400000000005,7636.139999999985,146.7907160998302,1996.9525567466262
Subaru,Regular,フォレスター,2016,28544,2.0i 4WD,0,2.149,DBA-SJ5,5,レギュラー,16.0,56950757,14.191539250000002,0.09866666666666667,207,0.0005012049269160724,0.9300480413280547,1.199745968077005,15.414407418839547,227.2,2932.9,128.80220225,1831.4061595,0.019604376128990603,0.2328920823131715,555.1200000000008,8659.729999999981,188.30368473021372,1956.2516910290506
Subaru,Regular,レヴォーグ,2014,30258,1.6 GT 4WD,0,2.686826612903226,DBA-VM4,5,レギュラー,17.4,55952365,12.397077000000001,0.1118421052631579,253,0.0005407814307759824,0.9188134228106355,1.1362906561911819,15.206648691655989,199.4,2707.7999999999997,119.156874875,1810.802809625,0.018696374039618047,0.23859983397609152,335.5199999999995,5979.159999999989,78.82617284398839,1028.9252461131546
Subaru,Regular,レヴォーグ,2015,29484,1.6 GT アイサイト 4WD,0,2.773224000000001,DBA-VM4,5,レギュラー,17.6,56412140,12.397077000000001,0.1111111111111111,253,0.0005226534572168331,0.9279170405519096,1.0662938031937146,15.098919878272493,173.4,2828.4,111.11275575,1801.1679975,0.016071808784612007,0.23705608312887394,314.60000000000036,6864.299999999988,65.22323130323048,1113.51921797463
Subaru,Regular,レヴォーグ,2016,24184,1.6 GT アイサイト 4WD,0,2.7760000000000002,DBA-VM4,5,レギュラー,17.6,56950757,12.397077000000001,0.1111111111111111,253,0.0004246475599964369,0.9300480413280547,1.1873015236325606,15.414407418839547,225.6,2932.9,130.5966645,1831.4061595,0.021225711046975237,0.25649320137020215,475.7600000000002,7661.00999999998,81.23794112153018,1085.91629641311
Subaru,Regular,レガシィ,2006,52104,2.0 i 4WD,0,2.2015000000000002,CBA-BL5,5,レギュラー,14.0,51102005,11.42643375,0.1037037037037037,251,0.0010196077433752356,0.9152275336359111,0.4774616363544842,15.743142687276247,134.3,2266.1,63.688264875,1788.2081591249998,0.010707659249436133,0.1540105025924845,305.9899999999993,3341.9300000000003,59.89899049604469,910.3010595262531
Subaru,Regular,レガシィ,2007,38265,2.0 i 4WD,0,2.2015000000000002,CBA-BL5,5,レギュラー,14.0,51713048,11.42643375,0.1037037037037037,251,0.0007399486489367248,0.9201741889203668,0.4774616363544842,15.784876117394056,135.8,2267.6,63.688264875,1797.1552225,0.010707659249436133,0.15462565421973995,333.7399999999989,3081.980000000003,59.89899049604469,934.2004351725554
Subaru,Regular,レガシィ,2008,26356,2.0 i 4WD,0,2.170241379310345,CBA-BL5,5,レギュラー,14.0,52324877,11.42643375,0.1037037037037037,251,0.00050369922513148,0.9235641012591391,0.6690343702119762,15.6010424151483,166.6,2268.0,90.258545625,1770.586389125,0.010912089215885601,0.20325754455018608,312.3000000000002,2903.8600000000006,70.82136325727834,961.3073192383454
Subaru,Regular,レガシィ,2009,28261,2.5 i 4WD,0,2.26625,DBA-BM9,5,レギュラー,14.0,52877802,12.671197000000001,0.11805555555555555,251,0.0005344586751166397,0.9291896626111653,0.6283898748901917,15.950647957358962,144.5,2292.7,82.37153624999999,1817.14491725,0.014665165801131141,0.25129840272653015,254.25,3100.130000000019,92.78698736092338,1151.237076395213
Subaru,Regular,レガシィ,2010,27419,2.5 i 4WD,0,2.2826891191709846,DBA-BM9,5,レギュラー,14.0,53362801,12.671197000000001,0.11805555555555555,251,0.0005138223535155136,0.9249569564386247,0.8627680604151662,16.16280794440715,205.0,2350.6,109.41582799999999,1830.138630375,0.019667018503755213,0.24805950985327874,359.97999999999956,3203.600000000006,137.75587362043916,1146.5719186343922
Subaru,Regular,レガシィ,2011,22367,2.5 i 4WD,0,2.287429906542056,DBA-BM9,5,レギュラー,14.0,53783435,12.671197000000001,0.11805555555555555,251,0.00041587154111670256,0.9389811007794501,0.7309821229245441,15.172920048650658,170.6,2329.3,94.4376455,1737.641186865,0.014067986034649399,0.25286332620893237,385.3199999999997,3654.369999999981,83.93019384209992,1062.8394532268794
Subaru,Regular,レガシィ,2012,26008,2.5 i 4WD,0,2.3552307692307695,DBA-BMM,5,レギュラー,13.0,54171475,12.711380499999999,0.12013888888888889,251,0.00048010507374960715,0.9197618488328037,0.8069171132101057,15.568048681003718,165.0,2531.1,94.026545875,1817.80599675,0.016087691424745393,0.2787702748437795,457.2000000000007,6086.850000000006,90.18791475289663,1165.1849187110201
Subaru,Regular,レガシィ,2013,20886,2.5 i Bスポーツ 4WD,0,2.4437236024844724,DBA-BMM,5,レギュラー,14.4,54594744,12.711380499999999,0.11768707482993197,251,0.00038256429959631277,0.9195631909181587,0.8216607029536954,14.910955026821025,167.0,2633.5,93.95143149999998,1784.510040125,0.014378986756648338,0.25449247569821676,442.4399999999996,6634.189999999988,90.87317881121999,1133.9224323925228
Subaru,Regular,レガシィ,2014,12408,2.5 i Bスポーツ 4WD,0,2.447147177419355,DBA-BMM,5,レギュラー,14.4,55952365,12.711380499999999,0.11768707482993197,251,0.0002217600632252095,0.9188134228106355,1.130445686624408,15.206648691655989,202.4,2707.7999999999997,118.84257137499999,1810.802809625,0.02020487089559797,0.268781652556644,491.5199999999995,7438.960000000006,90.83055067991563,1113.8517155001682
Subaru,Regular,レガシィ,2015,15507,2.5 4WD,0,2.9130840000000005,DBA-BN9,5,レギュラー,14.8,56412140,13.234200000000001,0.11437908496732026,251,0.00027488763943363964,0.9279170405519096,1.0630258293375054,15.098919878272493,176.2,2828.4,110.27563275,1801.1679975,0.016482208550144983,0.25185232639532273,386.28000000000065,8732.459999999977,94.4592343176555,1402.2267532271799
Subaru,Regular,レガシィ,2016,11954,2.5 4WD,0,2.938,DBA-BN9,5,レギュラー,14.8,56950757,13.234200000000001,0.11437908496732026,251,0.00020990063398103732,0.9300480413280547,1.1840335497763514,15.414407418839547,228.39999999999998,2932.9,129.7595415,1831.4061595,0.02231900281015259,0.2707012266988169,658.3200000000015,9932.929999999978,120.7661508390438,1366.9107728819436
Subaru,Regular,ジャスティ,2016,460,1.0 L スマートアシスト,0,1.528,DBA-M900F,5,レギュラー,24.6,56950757,10.720565,0.06448598130841121,150,8.077153390603746e-06,0.9300480413280547,1.2339266534352604,15.414407418839547,218.6,2932.9,132.2731765,1831.4061595,0.03586894236027391,0.4166816874226311,911.1600000000017,12682.809999999969,56.85833329967409,1180.5724439106125
Subaru,Regular,デックス,2008,1104,1.3 i,0,1.4579726166328604,DBA-M401F,5,レギュラー,16.4,52324877,10.49997,0.08679245283018867,180,2.109895069605228e-05,0.9235641012591391,0.6859456210854913,15.6010424151483,164.2,2268.0,91.18500937499999,1770.586389125,0.004832741135044866,0.23158694338634778,175.02000000000044,3326.2600000000093,56.09607545575818,1093.4027032267113
Subaru,Regular,デックス,2009,2698,1.3 i,0,1.4789722222222224,DBA-M401F,5,レギュラー,16.4,52877802,10.49997,0.08679245283018867,180,5.1023300855054454e-05,0.9291896626111653,0.6596529776155586,15.950647957358962,142.1,2292.7,84.54276325,1817.14491725,0.0036999071796902927,0.2431749542883801,150.09000000000015,3549.890000000014,52.71691382613767,1143.4567352174272
Subaru,Regular,デックス,2010,1064,1.3 i,0,1.4897005181347152,DBA-M401F,5,レギュラー,16.4,53362801,10.49997,0.08679245283018867,180,1.99389833378499e-05,0.9249569564386247,0.8940311631405331,16.16280794440715,202.6,2350.6,111.58705499999999,1830.138630375,0.004143985475868112,0.24679743602447823,184.3000000000011,3448.4000000000233,64.19480273688123,1144.90631557921
Subaru,Regular,デックス,2011,330,1.3 i,0,1.4927943925233647,DBA-M401F,5,レギュラー,16.4,53783435,10.49997,0.08679245283018867,180,6.135718181629716e-06,0.9389811007794501,0.762245225649911,15.172920048650658,168.2,2329.3,96.6088725,1737.641186865,0.003113247062206781,0.24094079307086957,228.84000000000015,3417.729999999996,45.946781272504495,1061.986863907201
Subaru,Regular,トレジア,2010,963,1.3 i,0,1.4783129533678758,DBA-NSP120X,5,レギュラー,18.4,53362801,10.71943425,0.0871559633027523,187,1.8046279092433696e-05,0.9249569564386247,0.8936676526679694,16.16280794440715,200.6,2350.6,111.36759074999999,1830.138630375,0.004189691014984093,0.24503740332695312,143.5,5042.8000000000175,66.49013565424548,1077.3966127460008
Subaru,Regular,トレジア,2011,7552,1.3 i シンプルスタイルパッケージ,0,1.4212149532710283,DBA-NSP120X,5,レギュラー,18.4,53783435,10.71943425,0.0871559633027523,187,0.0001404149809323261,0.9389811007794501,0.7618817151773474,15.172920048650658,166.2,2329.3,96.38940825,1737.641186865,0.0031282995962512994,0.23939457303928657,186.4400000000005,4540.529999999984,45.50266408897414,997.821720094289
Subaru,Regular,トレジア,2012,4103,1.3 i シンプルスタイルパッケージ,0,1.4226923076923077,DBA-NSP120X,5,レギュラー,18.4,54171475,10.71943425,0.0871559633027523,187,7.574096884015065e-05,0.9197618488328037,0.8399000387962423,15.568048681003718,159.6,2531.1,96.018492125,1817.80599675,0.008869822845309405,0.232290919754079,230.40000000000055,5371.889999999999,48.691103346739055,1079.4795942323326
Subaru,Regular,トレジア,2013,1924,1.3 i シンプルスタイルパッケージ,0,1.4168012422360252,DBA-NSP120X,5,レギュラー,18.4,54594744,10.71943425,0.0871559633027523,187,3.5241487715374214e-05,0.9195631909181587,0.8521918144808751,14.910955026821025,163.0,2633.5,95.94337774999998,1784.510040125,0.009196793861335956,0.2018593485090059,303.2399999999998,5770.989999999991,49.07711980985823,1055.5883667623057
Subaru,Regular,トレジア,2014,1588,1.3 i シンプルスタイルパッケージ,0,1.5770504032258066,DBA-NSP120X,5,レギュラー,21.8,55952365,10.71943425,0.09,187,2.8381284687430102e-05,0.9188134228106355,1.1581327614543397,15.206648691655989,195.0,2707.7999999999997,120.83451762499999,1810.802809625,0.020316190239437815,0.21954851781934615,497.4400000000005,8884.920000000013,54.8522699916025,1093.592293509515
Subaru,Regular,トレジア,2015,993,1.3 i シンプルスタイルパッケージ,0,1.4285700000000003,DBA-NSP120X,5,レギュラー,18.4,56412140,10.71943425,0.0871559633027523,187,1.760259405156408e-05,0.9279170405519096,1.0902489510020734,15.098919878272493,172.6,2828.4,112.7903985,1801.1679975,0.020236938485267586,0.22902416873033715,325.8000000000002,6774.059999999983,53.040259694315864,1184.6399674565982
Subaru,Regular,トレジア,2016,371,1.3 i シンプルスタイルパッケージ,0,1.43,DBA-NSP120X,5,レギュラー,18.4,56950757,10.71943425,0.0871559633027523,187,6.514399799813021e-06,0.9300480413280547,1.2112566714409194,15.414407418839547,224.79999999999998,2932.9,132.27430725,1831.4061595,0.02168932225953113,0.25407735415739374,461.0400000000009,7461.169999999984,56.866551017100846,1180.9322173926193
Suzuki,KEI,Kei,2006,24634,660 A,0,0.8818333333333334,CBA-HN22S,4,レギュラー,19.8,51102005,7.736780625,0.07012987012987013,44,0.0004820554496834322,0.9152275336359111,1.1178904399602865,15.13628771724428,241.59999999999997,2153.0,132.374851875,1723.2112252499999,0.003916089729244315,0.29395846017165495,203.6800000000021,7783.799999999988,75.5463570169918,2978.2574253467355
Suzuki,KEI,Kei,2007,18695,660 A,0,0.8849166666666666,CBA-HN22S,4,レギュラー,19.8,51713048,7.736780625,0.07012987012987013,44,0.0003615141772343413,0.9201741889203668,1.2037679213876402,15.092143665934733,258.3,2139.3,147.030385875,1717.502754625,0.004170543686621148,0.2971214603160144,239.88999999999942,7480.589999999982,121.8619648559793,3021.8643138363295
Suzuki,KEI,Kei,2008,14263,660 A,0,0.8723519269776877,CBA-HN22S,4,レギュラー,19.8,52324877,7.736780625,0.07012987012987013,44,0.0002725854472624943,0.9235641012591391,1.262481099885765,15.041169519048344,277.5,2151.2999999999997,154.74724075,1709.787347125,0.0043870925825398865,0.34626088963570245,261.6900000000005,6897.310000000012,118.70694410161013,3063.0592720411078
Suzuki,KEI,Kei,2009,8787,660 A,0,0.8849166666666666,CBA-HN22S,4,レギュラー,19.8,52877802,7.736780625,0.07012987012987013,44,0.00016617559103534598,0.9291896626111653,1.2966919195179996,15.330271598156841,270.0,2161.3999999999996,158.33058887500002,1746.120281,0.007008351364349796,0.36225453244341566,310.40000000000146,7152.700000000026,140.07818073048156,3258.563802835619
Suzuki,KEI,Kei,2010,206,660 A,0,0.8913357512953367,CBA-HN22S,4,レギュラー,19.8,53362801,7.736780625,0.07012987012987013,44,3.860367074809285e-06,0.9249569564386247,1.3112852582347603,15.76221643201324,271.59999999999997,2278.2,158.77735375,1785.7115210000002,0.006824211864823265,0.37092726569852497,325.4400000000023,6757.580000000016,141.10577552302493,3290.1624744031105
Suzuki,KEI,MRワゴン,2006,59602,660 G,0,1.0442222222222222,DBA-MF22S,4,レギュラー,21.0,51102005,8.1123525,0.06585365853658537,49,0.0011663338845511052,0.9152275336359111,1.122166651553571,15.13628771724428,240.39999999999998,2153.0,131.99928,1723.2112252499999,0.005354127048685903,0.33618624693631216,310.72000000000116,9960.599999999991,59.58970963553293,2576.7513803024813
Suzuki,KEI,MRワゴン,2007,46213,660 G,0,1.0442222222222222,DBA-MF22S,4,レギュラー,21.0,51713048,8.1123525,0.06585365853658537,49,0.000893642935144724,0.9201741889203668,1.2080441329809248,15.092143665934733,257.1,2139.3,146.654814,1717.502754625,0.005761547227646935,0.3395532028144823,355.8099999999995,9641.309999999998,100.84939335238914,2618.69366217923
Suzuki,KEI,MRワゴン,2008,27131,660 G,0,1.029395537525355,DBA-MF22S,4,レギュラー,21.0,52324877,8.1123525,0.06585365853658537,49,0.0005185105356291616,0.9235641012591391,1.2667573114790496,15.041169519048344,276.3,2151.2999999999997,154.371668875,1709.787347125,0.00589874173093094,0.3888381740002025,380.4899999999998,8980.270000000004,97.85039393388661,2659.7315118614533
Suzuki,KEI,MRワゴン,2009,17612,660 G,0,1.0442222222222222,DBA-MF22S,4,レギュラー,20.2,52877802,8.1123525,0.06585365853658537,49,0.000333069820110904,0.9291896626111653,1.3009681311112842,15.330271598156841,269.6,2161.3999999999996,157.955017,1746.120281,0.008812585919795113,0.40672284579078966,350.5599999999995,7807.580000000002,116.53002101459106,2833.897275101477
Suzuki,KEI,MRワゴン,2010,11938,660 G,0,1.0517968911917097,DBA-MF22S,4,レギュラー,20.2,53362801,8.1123525,0.06585365853658537,49,0.00022371389387899635,0.9249569564386247,1.315561469828045,15.76221643201324,271.2,2278.2,158.40178187499998,1785.7115210000002,0.008753254828679335,0.4167637766911736,364.3199999999997,7383.020000000019,117.22203116355831,2859.567188767738
Suzuki,KEI,MRワゴン,2011,28723,660 G,0,1.174317757009346,DBA-MF33S,4,レギュラー,23.0,53783435,8.137390625,0.06835443037974684,49,0.0005340491919119707,0.9389811007794501,1.1869944949891715,14.766608801761839,236.0,2254.9,144.23849225,1692.37414649,0.007922284723139661,0.369261913437132,702.7200000000012,11366.76999999999,122.32237148796003,2657.1890057785968
Suzuki,KEI,MRワゴン,2012,38107,660 G,0,1.1755384615384616,DBA-MF33S,4,レギュラー,23.0,54171475,8.137390625,0.06835443037974684,49,0.0007034514013140679,0.9197618488328037,1.0957021933307225,15.331048059392245,225.0,2461.1,134.22130775,1782.18522475,0.007395473748190662,0.3657515340093469,729.8400000000001,11752.210000000006,116.56090926437173,2819.0353995982223
Suzuki,KEI,MRワゴン,2013,28711,660 L,0,1.1592950310559007,DBA-MF33S,4,レギュラー,30.0,54594744,8.137390625,0.065,49,0.0005258931152786429,0.9195631909181587,1.1606286414618783,14.624674163142775,255.8,2529.1,142.909537125,1740.125924375,0.00903381423821814,0.35150922465095347,2390.7599999999984,30453.95000000001,116.86433259287287,2768.963076361568
Suzuki,KEI,MRワゴン,2014,17382,660 L,0,1.2155171370967743,DBA-MF33S,4,レギュラー,30.0,55952365,8.137390625,0.065,49,0.00031065710984692067,0.9188134228106355,1.1703312576862337,15.219450195424095,256.6,2638.0,142.559003375,1791.6603675,0.009004118442534043,0.4064746622717663,2366.5199999999986,29987.320000000007,116.60103135739655,2931.2561949658884
Suzuki,KEI,MRワゴン,2015,6516,660 L,0,1.2057930000000001,DBA-MF33S,4,レギュラー,30.0,56412140,8.137390625,0.065,49,0.00011550705220542954,0.9279170405519096,1.095070856282717,15.116253936294603,259.0,2730.4,130.92600537500002,1785.61443425,0.009031362531498721,0.4052233343270806,1817.4000000000015,27869.97999999998,101.76928616943405,3041.4063492543755
Suzuki,KEI,MRワゴン,2016,841,660 L,0,1.207,DBA-MF33S,4,レギュラー,30.0,56950757,8.137390625,0.065,49,1.4767143481516849e-05,0.9300480413280547,1.1088523688877587,15.53896768469546,272.0,2874.1,129.384118625,1836.87839175,0.010000700855063493,0.43661686341725714,1629.4399999999987,27490.609999999986,94.27558473311683,3111.031125728223
Suzuki,KEI,アルト,2006,92848,660 VS,0,0.7338333333333334,GBD-HA24V,4,レギュラー,20.0,51102005,7.5114374999999995,0.07397260273972603,86,0.0018169150114560083,0.9152275336359111,1.1140477073504305,15.13628771724428,241.39999999999998,2153.0,132.60019499999999,1723.2112252499999,0.0030918100305882823,0.2606911381137542,218.52000000000044,8116.599999999991,87.15152640525798,3239.4728619671914
Suzuki,KEI,アルト,2007,76117,660 VS,0,0.7338333333333334,GBD-HA24V,4,レギュラー,20.0,51713048,7.5114374999999995,0.07397260273972603,86,0.0014719109188845337,0.9201741889203668,1.1999251887777842,15.092143665934733,258.1,2139.3,147.255729,1717.502754625,0.0032400028629556155,0.2636396585574534,256.0100000000002,7810.9100000000035,136.63610078148395,3283.943102360543
Suzuki,KEI,アルト,2008,70814,660 VS,0,0.7234137931034484,GBD-HA24V,4,レギュラー,20.0,52324877,7.5114374999999995,0.07397260273972603,86,0.0013533524407520346,0.9235641012591391,1.258638367275909,15.041169519048344,277.3,2151.2999999999997,154.972583875,1709.787347125,0.0035590609392451567,0.3126171006384837,278.09000000000015,7214.87000000001,133.5228792895532,3325.0969136148924
Suzuki,KEI,アルト,2009,87386,660 VS,0,0.7338333333333334,GBD-HA24V,4,レギュラー,20.0,52877802,7.5114374999999995,0.07397260273972603,86,0.0016526027311044435,0.9291896626111653,1.2928491869081435,15.330271598156841,269.8,2161.3999999999996,158.555932,1746.120281,0.005917393656633685,0.3269426067439194,329.7999999999993,7474.180000000008,156.50908164732618,3533.5401170060577
Suzuki,KEI,アルト,2010,106709,660 E,0,0.7588259067357512,DBA-HA25S,4,レギュラー,21.8,53362801,7.686704375,0.07397260273972603,86,0.001999688884397204,0.9249569564386247,1.3074425256249043,15.76221643201324,269.59999999999997,2278.2,158.82743,1785.7115210000002,0.005621097559960042,0.3345106320882185,574.2400000000016,10374.38000000002,144.65262742358573,3350.836353028186
Suzuki,KEI,アルト,2011,83100,660 E,0,0.7604018691588785,DBA-HA25S,4,レギュラー,21.8,53783435,7.686704375,0.07397260273972603,86,0.0015450853966467557,0.9389811007794501,1.1813763226291922,14.766608801761839,237.2,2254.9,144.6891785,1692.37414649,0.0058110185071101605,0.31928378811046576,517.9200000000001,8983.329999999987,152.69427144679958,3148.551726032558
Suzuki,KEI,アルト,2012,112002,660 VP,0,0.7850769230769231,HBD-HA25V,4,レギュラー,21.8,54171475,7.686704375,0.07397260273972603,86,0.0020675456963281874,0.9197618488328037,1.0900840209707432,15.331048059392245,226.2,2461.1,134.67199399999998,1782.18522475,0.005510381500324263,0.31582811703886504,572.4000000000015,9433.569999999992,145.0352966226792,3334.297739709549
Suzuki,KEI,アルト,2013,111361,660 VP,0,0.7818260869565218,HBD-HA25V,4,レギュラー,21.8,54594744,7.686704375,0.07605633802816901,86,0.002039775110952073,0.9195631909181587,1.1495723034337093,14.624674163142775,264.0,2529.1,143.360223375,1740.125924375,0.005325383438028575,0.26049395903589234,706.4799999999996,8641.949999999997,146.0383489483038,3274.841127886404
Suzuki,KEI,アルト,2014,110568,660 VP,0,0.7613346774193548,HBD-HA25V,4,レギュラー,21.8,55952365,7.686704375,0.07605633802816901,86,0.0019761094995716447,0.9188134228106355,1.1592749196580647,15.219450195424095,264.8,2638.0,143.009689625,1791.6603675,0.005081136832876365,0.30698600659155906,695.3599999999988,8686.999999999985,145.4590862302557,3462.1908702208348
Suzuki,KEI,アルト,2015,109355,バン 660 VP オートギヤシフト,0,0.777222,HBD-HA36V,4,レギュラー,26.2,56412140,7.386246875,0.07903225806451612,86,0.0019385011807742092,0.9279170405519096,1.0810385982182007,15.116253936294603,262.8,2730.4,131.677149125,1785.61443425,0.004769904681400039,0.2861787519526109,1023.960000000001,16373.459999999992,147.43572169231516,3963.1796175537384
Suzuki,KEI,アルト,2016,99715,バン 660 VP オートギヤシフト,0,0.778,HBD-HA36V,4,レギュラー,26.2,56950757,7.386246875,0.07903225806451612,86,0.001750898587704462,0.9300480413280547,1.0948201108232425,15.53896768469546,275.8,2874.1,130.135262375,1836.87839175,0.005352471522178132,0.31379341549193285,934.7999999999993,16231.970000000001,137.62566306505778,4063.1756634388003
Suzuki,KEI,エブリイワゴン,2006,37159,660 JP,0,1.268277777777778,ABA-DA64W,4,レギュラー,15.8,51102005,8.988686874999999,0.05268817204301075,108,0.0007271534649178638,0.9152275336359111,1.1353321380471457,15.13628771724428,245.59999999999997,2153.0,131.122945625,1723.2112252499999,0.013225944700565206,0.5006402995318975,158.88000000000102,3647.7999999999884,38.813859629413855,1804.4672140387484
Suzuki,KEI,エブリイワゴン,2007,34658,660 JP,0,1.268277777777778,ABA-DA64W,4,レギュラー,15.8,51713048,8.988686874999999,0.05268817204301075,108,0.0006701983607696069,0.9201741889203668,1.2212096194744995,15.092143665934733,262.3,2139.3,145.778479625,1717.502754625,0.01433394165377505,0.5044055604569118,186.29000000000087,3377.389999999985,69.37347554244889,1841.4283253376852
Suzuki,KEI,エブリイワゴン,2008,33416,660 JP,0,1.250269776876268,ABA-DA64W,4,レギュラー,15.8,52324877,8.988686874999999,0.05268817204301075,108,0.0006386254859232636,0.9235641012591391,1.2799227979726242,15.041169519048344,281.5,2151.2999999999997,153.4953345,1709.787347125,0.014456450404663534,0.5539089936273427,219.29000000000087,3032.5100000000093,67.83561438878951,1881.0024999861344
Suzuki,KEI,エブリイワゴン,2009,23421,660 JP,0,1.268277777777778,ABA-DA64W,4,レギュラー,15.8,52877802,8.988686874999999,0.05268817204301075,108,0.0004429268826264753,0.9291896626111653,1.3141336176048588,15.330271598156841,274.0,2161.3999999999996,157.078682625,1746.120281,0.01827109876113231,0.5778453435840452,208.0,3226.3000000000175,80.2348191904357,2006.4748940801728
Suzuki,KEI,エブリイワゴン,2010,19630,660 JPターボ,0,1.3913533678756478,ABA-DA64W,4,レギュラー,14.4,53362801,8.988686874999999,0.06666666666666667,108,0.0003678592508665353,0.9249569564386247,1.3147484616979637,15.76221643201324,277.0,2278.2,157.52544749999998,1785.7115210000002,0.008338633098375264,0.40761839205058115,333.0000000000018,3106.100000000006,80.14379850439263,2022.699393234845
Suzuki,KEI,エブリイワゴン,2011,20282,660 JPターボ,0,1.3942429906542058,ABA-DA64W,4,レギュラー,14.4,53783435,8.988686874999999,0.06666666666666667,108,0.00037710495806004207,0.9389811007794501,1.1886822587022516,14.766608801761839,244.6,2254.9,143.38719600000002,1692.37414649,0.008741493828695157,0.38606386876505416,332.920000000001,3513.2499999999927,81.578819418497,1889.773481949931
Suzuki,KEI,エブリイワゴン,2012,21378,660 JPターボ,0,1.3956923076923078,ABA-DA64W,4,レギュラー,14.4,54171475,8.988686874999999,0.06666666666666667,108,0.00039463573771989776,0.9197618488328037,1.0973899570438026,15.331048059392245,233.6,2461.1,133.37001149999998,1782.18522475,0.008134406893795965,0.38263569986703994,492.4800000000005,4872.210000000006,78.2931748427668,2015.3431319308474
Suzuki,KEI,エブリイワゴン,2013,18295,660 JPターボ,0,1.3899130434782612,ABA-DA64W,4,レギュラー,14.4,54594744,8.988686874999999,0.06666666666666667,108,0.0003351055185825214,0.9195631909181587,1.1589619747952116,14.624674163142775,271.40000000000003,2529.1,142.05824087500002,1740.125924375,0.008240052100011885,0.3354575329960332,918.1199999999972,6158.509999999995,78.3834495520714,1978.5631958560698
Suzuki,KEI,エブリイワゴン,2014,12470,660 JPターボ,0,1.3917520161290324,ABA-DA64W,4,レギュラー,14.4,55952365,8.988686874999999,0.06666666666666667,108,0.00022286814864751472,0.9188134228106355,1.168664591019567,15.219450195424095,272.20000000000005,2638.0,141.707707125,1791.6603675,0.008178014250246612,0.38909871717590816,918.8399999999992,7011.639999999999,78.71696445034195,2096.8522547629727
Suzuki,KEI,エブリイワゴン,2015,15612,660 JPターボ,0,1.424574,ABA-DA17W,4,レギュラー,16.2,56412140,9.088839375,0.06808510638297872,108,0.00027674894091945455,0.9279170405519096,1.091985749899738,15.116253936294603,272.8,2730.4,129.97455662500002,1785.61443425,0.007621622481189361,0.37395066970431223,867.960000000001,6957.459999999992,66.60414758949901,2118.4362314637256
Suzuki,KEI,エブリイワゴン,2016,17282,660 JPターボ,0,1.426,ABA-DA17W,4,レギュラー,16.2,56950757,9.088839375,0.06808510638297872,108,0.0003034551410791607,0.9300480413280547,1.1057672625047799,15.53896768469546,285.8,2874.1,128.43266987500002,1836.87839175,0.00850592593974428,0.4043782918724861,1038.7999999999993,7993.969999999987,62.044498595040295,2156.070451373562
Suzuki,KEI,ジムニー,2006,16470,660 XG 4WD,0,1.4060000000000001,ABA-JB23W,4,レギュラー,14.8,51102005,8.41281,0.06464646464646465,148,0.0003222965517693484,0.9152275336359111,1.123373845443692,15.13628771724428,246.59999999999997,2153.0,131.69882249999998,1723.2112252499999,0.005859384497547526,0.3491002723340586,222.6800000000012,3363.7999999999884,49.87116316945185,2286.0142586579386
Suzuki,KEI,ジムニー,2007,15466,660 XG 4WD,0,1.4060000000000001,ABA-JB23W,4,レギュラー,14.8,51713048,8.41281,0.06464646464646465,148,0.00029907345627741766,0.9201741889203668,1.2092513268710456,15.092143665934733,263.3,2139.3,146.3543565,1717.502754625,0.006316607266898117,0.3525181863055429,252.89000000000033,3096.5899999999892,87.28922568454118,2326.4217371484665
Suzuki,KEI,ジムニー,2008,14948,660 XG 4WD,0,1.386036511156187,ABA-JB23W,4,レギュラー,14.8,52324877,8.41281,0.06464646464646465,148,0.00028567673460560644,0.9235641012591391,1.2679645053691704,15.041169519048344,282.5,2151.2999999999997,154.071211375,1709.787347125,0.006438019199520528,0.4018376250852793,293.6900000000005,2806.3099999999977,84.61816143067244,2367.1307819167087
Suzuki,KEI,ジムニー,2009,11222,660 XG 4WD,0,1.4060000000000001,ABA-JB23W,4,レギュラー,14.8,52877802,8.41281,0.06464646464646465,148,0.0002122251601910382,0.9291896626111653,1.302175325001405,15.330271598156841,275.0,2161.3999999999996,157.6545595,1746.120281,0.009434461573256808,0.42026276245154137,267.40000000000146,2989.7000000000044,101.1445008728424,2524.4286492090796
Suzuki,KEI,ジムニー,2010,11444,660 XG 4WD,0,1.41619896373057,ABA-JB23W,4,レギュラー,14.8,53362801,8.41281,0.06464646464646465,148,0.00021445650875785176,0.9249569564386247,1.3167686637181657,15.76221643201324,276.59999999999997,2278.2,158.101324375,1785.7115210000002,0.009410364460811699,0.4307164198750608,298.4400000000014,3070.5800000000163,101.56804330694877,2546.1680289381184
Suzuki,KEI,ジムニー,2011,12957,660 XG 4WD,0,1.4191401869158882,ABA-JB23W,4,レギュラー,14.8,53783435,8.41281,0.06464646464646465,148,0.0002409106075132613,0.9389811007794501,1.1907024607224537,14.766608801761839,244.2,2254.9,143.963072875,1692.37414649,0.009834424901505018,0.40726147192287154,300.920000000001,3402.929999999993,106.76151931888035,2385.9094036717324
Suzuki,KEI,ジムニー,2012,14733,660 XG 4WD,0,1.4206153846153848,ABA-JB23W,4,レギュラー,13.6,54171475,8.41281,0.06464646464646465,148,0.0002719697036124639,0.9197618488328037,1.0994101590640046,15.331048059392245,234.4,2461.1,133.94588837499998,1782.18522475,0.009123759235285078,0.4039916332566873,575.6799999999994,5382.770000000004,101.95966457152963,2534.7503427045667
Suzuki,KEI,ジムニー,2013,15590,660 XG 4WD,0,1.4147329192546587,ABA-JB23W,4,レギュラー,13.6,54594744,8.41281,0.06464646464646465,148,0.00028555862447124944,0.9195631909181587,1.1609821768154136,14.624674163142775,272.2,2529.1,142.63411775,1740.125924375,0.009212901217641761,0.3550205466538692,1039.3999999999987,6867.470000000001,102.03552040365412,2489.612928263301
Suzuki,KEI,ジムニー,2014,14593,660 XG 4WD,0,1.416928427419355,ABA-JB23W,4,レギュラー,13.6,55952365,8.41281,0.06464646464646465,148,0.0002608111381887075,0.9188134228106355,1.170684793039769,15.219450195424095,273.0,2638.0,142.283584,1791.6603675,0.009190065857671875,0.4102690291582358,1041.4000000000005,7827.639999999999,101.9653067408608,2637.1936163714854
Suzuki,KEI,ジムニー,2015,12973,660 XG 4WD,0,1.405593,ABA-JB23W,4,レギュラー,13.6,56412140,8.41281,0.06464646464646465,148,0.00022996823024263926,0.9279170405519096,1.0954243916362523,15.116253936294603,275.4,2730.4,130.650586,1785.61443425,0.009209930130115118,0.40899056877035367,1286.039999999999,9456.059999999983,88.98322171770906,2746.1158590617233
Suzuki,KEI,ジムニー,2016,13267,660 XG 4WD,0,1.4069999999999998,ABA-JB23W,4,レギュラー,13.6,56950757,8.41281,0.06464646464646465,148,0.00023295563920247802,0.9300480413280547,1.109205904241294,15.53896768469546,288.4,2874.1,129.10869925,1836.87839175,0.010189012957542015,0.44049964793464724,1524.4799999999996,10929.889999999985,82.33885125140296,2805.7354449152663
Suzuki,KEI,スペーシア,2013,107193,660 G,0,1.2709844720496897,DBA-MK32S,4,レギュラー,29.0,54594744,8.688229375,0.06190476190476191,162,0.0019634307654231332,0.9195631909181587,1.1637238795571163,14.624674163142775,256.8,2529.1,142.35869837500002,1740.125924375,0.010729032358832491,0.38351565427766476,2077.359999999997,26721.150000000023,89.48238317819732,2232.867818138402
Suzuki,KEI,スペーシア,2014,121086,660 G,0,1.2729193548387099,DBA-MK32S,4,レギュラー,29.0,55952365,8.688229375,0.06190476190476191,162,0.0021640908297620664,0.9188134228106355,1.1734264957814717,15.219450195424095,257.6,2638.0,142.008164625,1791.6603675,0.010759400377870598,0.4409846374044373,2054.7199999999993,26295.320000000007,89.60525708808655,2366.191210743211
Suzuki,KEI,スペーシア,2015,79375,660 G,0,1.2727260000000002,DAA-MK42S,4,レギュラー,32.0,56412140,8.688229375,0.06190476190476191,162,0.0014070552898720026,0.9279170405519096,1.098166094377955,15.116253936294603,257.0,2730.4,130.37516662500002,1785.61443425,0.010713547197375856,0.4394872759281785,2397.4000000000015,35672.379999999976,78.32112056549386,2473.7338301709424
Suzuki,KEI,スペーシア,2016,81277,660 G,0,1.274,DAA-MK42S,4,レギュラー,32.0,56950757,8.688229375,0.06190476190476191,162,0.0014271452089741317,0.9300480413280547,1.1119476069829968,15.53896768469546,270.0,2874.1,128.83327987500002,1836.87839175,0.011768199646590871,0.4719264025991585,2157.4399999999987,35214.20999999999,72.52608106920025,2523.955072061184
Suzuki,KEI,セルボ,2006,12248,660 G,1,1.0658055555555557,DBA-HG21S,4,レギュラー,21.0,51102005,7.686704375,0.06835443037974684,166,0.00023967748427874798,0.9152275336359111,1.1196658797104098,15.13628771724428,240.39999999999998,2153.0,132.42492812499998,1723.2112252499999,0.004446548715828169,0.3108250141527331,310.72000000000116,9960.599999999991,77.99363292997941,3034.9887939738983
Suzuki,KEI,セルボ,2007,32174,660 G,1,1.0658055555555557,DBA-HG21S,4,レギュラー,21.0,51713048,7.686704375,0.06835443037974684,166,0.0006221640619597592,0.9201741889203668,1.2055433611377635,15.092143665934733,257.1,2139.3,147.080462125,1717.502754625,0.004760072729645404,0.3140771346221327,355.8099999999995,9641.309999999998,125.00467884717091,3078.796315149957
Suzuki,KEI,セルボ,2008,16272,660 G,1,1.061817444219067,DBA-HG21S,4,レギュラー,20.0,52324877,7.686704375,0.06835443037974684,166,0.0003109801863461619,0.9235641012591391,1.2642565396358882,15.041169519048344,277.3,2151.2999999999997,154.797317,1709.787347125,0.004939234515594637,0.3632814314204915,278.09000000000015,7214.87000000001,121.85017010993897,3119.9909062958213
Suzuki,KEI,セルボ,2009,8476,660 G,1,1.022638888888889,DBA-HG21S,4,レギュラー,20.2,52877802,7.686704375,0.06835443037974684,166,0.0001602941060220317,0.9291896626111653,1.2984673592681228,15.330271598156841,269.6,2161.3999999999996,158.380665125,1746.120281,0.007681971795523268,0.3800557703424974,350.5599999999995,7807.580000000002,143.58028801189948,3318.3619209595163
Suzuki,KEI,セルボ,2010,153,660 G,1,1.0300569948186529,DBA-HG21S,4,レギュラー,20.2,53362801,7.686704375,0.06835443037974684,166,2.8671658371156343e-06,0.9249569564386247,1.3130606979848836,15.76221643201324,271.2,2278.2,158.82743,1785.7115210000002,0.007549651483286263,0.3892788055258132,364.3199999999997,7383.020000000019,144.65262742358573,3350.836353028186
Suzuki,KEI,ハスラー,2014,104233,660 A,0,1.0866139112903226,DBA-MR31S,4,レギュラー,26.0,55952365,8.337695625,0.06753246753246753,193,0.0018628881906957821,0.9188134228106355,1.167798790153766,15.219450195424095,260.6,2638.0,142.358698375,1791.6603675,0.007781758404025452,0.38040552930354465,1299.3199999999997,17043.320000000007,105.73118122665073,2715.1055421402634
Suzuki,KEI,ハスラー,2015,95557,660 A,0,1.0779210000000001,DBA-MR31S,4,レギュラー,26.0,56412140,8.337695625,0.06753246753246753,193,0.0016939084388573097,0.9279170405519096,1.0925383887502493,15.116253936294603,263.0,2730.4,130.725700375,1785.61443425,0.007854557368036114,0.3793412495392703,993.3999999999996,15889.179999999964,92.25968921616186,2824.3777155967255
Suzuki,KEI,ハスラー,2016,85762,660 A,0,1.079,DBA-MR31S,4,レギュラー,26.6,56950757,8.337695625,0.06753246753246753,193,0.0015058974545325184,0.9300480413280547,1.1063199013552911,15.53896768469546,275.4,2874.1,129.183813625,1836.87839175,0.008754093225159743,0.4099362976268366,988.880000000001,17206.28999999998,85.38368303076186,2886.6658066617238
Suzuki,KEI,パレット,2008,72595,660 G,0,1.1276744421906695,DBA-MK21S,4,レギュラー,20.0,52324877,8.688229375,0.06,199,0.0013873897878441262,0.9235641012591391,1.272610970015635,15.041169519048344,277.3,2151.2999999999997,153.795792,1709.787347125,0.008976067066985505,0.4558976719983412,278.09000000000015,7214.87000000001,75.18494500221368,2122.387378184463
Suzuki,KEI,パレット,2009,62130,660 G,0,1.1655000000000002,DBA-MK21S,4,レギュラー,18.6,52877802,8.688229375,0.06,199,0.0011749731957466764,0.9291896626111653,1.3068217896478695,15.330271598156841,271.2,2161.3999999999996,157.37914012500002,1746.120281,0.012290428168617307,0.4764302491529111,222.5599999999995,5474.140000000014,89.73743744239346,2264.38161517381
Suzuki,KEI,パレット,2010,80435,660 L,0,1.250561658031088,DBA-MK21S,4,レギュラー,20.2,53362801,8.688229375,0.058695652173913045,199,0.0015073234255450721,0.9249569564386247,1.3227194761907173,15.76221643201324,271.2,2278.2,157.825905,1785.7115210000002,0.013373690490283557,0.5060125796560855,364.3199999999997,7383.020000000019,89.91488447121083,2283.1524360563562
Suzuki,KEI,パレット,2011,54825,660 L,0,1.253158878504673,DBA-MK21S,4,レギュラー,20.2,53783435,8.688229375,0.058695652173913045,199,0.0010193659069934822,0.9389811007794501,1.1966532731950053,14.766608801761839,238.8,2254.9,143.6876535,1692.37414649,0.013765329878999921,0.4765801695534859,338.71999999999935,6455.009999999995,93.47634211356217,2136.6279928812364
Suzuki,KEI,パレット,2012,60136,660 L,0,1.2544615384615385,DBA-MK21S,4,レギュラー,20.2,54171475,8.688229375,0.058695652173913045,199,0.0011101045337975383,0.9197618488328037,1.1053609715365562,15.331048059392245,227.8,2461.1,133.670469,1782.18522475,0.012702123285231515,0.4741561887785861,425.1999999999989,7027.490000000005,89.48238317819778,2273.677170441282
Suzuki,KEI,パレット,2013,12239,660 L,0,1.2492670807453417,DBA-MK21S,4,レギュラー,20.2,54594744,8.688229375,0.058695652173913045,199,0.00022417908947425415,0.9195631909181587,1.1669329892879652,14.624674163142775,265.6,2529.1,142.35869837500002,1740.125924375,0.012790086522813077,0.4197140482202586,613.039999999999,6722.2699999999895,89.48238317819732,2232.867818138402
Suzuki,KEI,ワゴンR,2006,221066,660 FA,0,0.9332222222222222,CBA-MH21S,4,レギュラー,21.0,51102005,8.237543125,0.06585365853658537,255,0.004325975076711765,0.9152275336359111,1.122166651553571,15.13628771724428,240.39999999999998,2153.0,131.87408937499998,1723.2112252499999,0.005354127048685903,0.33618624693631216,310.72000000000116,9960.599999999991,55.21118873032037,2452.3196475071345
Suzuki,KEI,ワゴンR,2007,226725,660 FA,0,0.9332222222222222,DBA-MH22S,4,レギュラー,21.0,51713048,8.237543125,0.06585365853658537,255,0.004384290015162131,0.9201741889203668,1.2080441329809248,15.092143665934733,257.1,2139.3,146.529623375,1717.502754625,0.005761547227646935,0.3395532028144823,355.8099999999995,9641.309999999998,94.84825517681747,2493.6443697425784
Suzuki,KEI,ワゴンR,2008,205354,660 FA,0,0.9199716024340772,DBA-MH22S,4,レギュラー,21.0,52324877,8.237543125,0.06585365853658537,255,0.003924595943149566,0.9235641012591391,1.2667573114790496,15.041169519048344,276.3,2151.2999999999997,154.24647825,1709.787347125,0.00589874173093094,0.3888381740002025,380.4899999999998,8980.270000000004,91.96395364062255,2534.5671591469327
Suzuki,KEI,ワゴンR,2009,201528,660 FA,0,0.9332222222222222,DBA-MH23S,4,レギュラー,20.4,52877802,8.3126575,0.06666666666666667,255,0.0038112022886276553,0.9291896626111653,1.300155122981203,15.330271598156841,269.40000000000003,2161.3999999999996,157.754712,1746.120281,0.008421693195534569,0.39784885006637527,372.6800000000003,8152.900000000009,105.93196979604636,2624.595761909517
Suzuki,KEI,ワゴンR,2010,195105,660 FX,0,1.1087347150259068,DBA-MH23S,4,レギュラー,20.4,53362801,8.3126575,0.06666666666666667,255,0.00365619863170226,0.9249569564386247,1.3147484616979637,15.76221643201324,271.0,2278.2,158.201476875,1785.7115210000002,0.008338633098375264,0.40761839205058115,385.8000000000011,7714.10000000002,106.44500146843939,2647.5650754315793
Suzuki,KEI,ワゴンR,2011,160439,660 FX,0,1.1110373831775702,DBA-MH23S,4,レギュラー,20.4,53783435,8.3126575,0.06666666666666667,255,0.0029830560283105757,0.9389811007794501,1.1886822587022516,14.766608801761839,238.6,2254.9,144.063225375,1692.37414649,0.008741493828695157,0.38606386876505416,356.9200000000001,6730.449999999997,112.15670978125081,2482.0112864343173
Suzuki,KEI,ワゴンR,2012,195701,660 FX,0,1.1526923076923077,DBA-MH34S,4,レギュラー,28.8,54171475,8.212505,0.06666666666666667,255,0.003612620848887722,0.9197618488328037,1.0973899570438026,15.331048059392245,219.2,2461.1,134.146193375,1782.18522475,0.008134406893795965,0.38263569986703994,2059.2000000000007,29170.77000000002,112.36811063248842,2739.201106267188
Suzuki,KEI,ワゴンR,2013,186090,660 FX,0,1.1479192546583854,DBA-MH34S,4,レギュラー,30.0,54594744,8.212505,0.06666666666666667,255,0.0034085698799137146,0.9195631909181587,1.1589619747952116,14.624674163142775,255.8,2529.1,142.83442275000002,1740.125924375,0.008240052100011885,0.3354575329960332,2390.7599999999984,30453.95000000001,112.59442431345724,2690.5348503869973
Suzuki,KEI,ワゴンR,2014,175369,660 FA,0,1.0866139112903226,DBA-MH34S,4,レギュラー,26.0,55952365,8.212505,0.06753246753246753,255,0.003134255361681316,0.9188134228106355,1.167798790153766,15.219450195424095,260.6,2638.0,142.483889,1791.6603675,0.007781758404025452,0.38040552930354465,1299.3199999999997,17043.320000000007,112.38378332507591,2848.770350592262
Suzuki,KEI,ワゴンR,2015,108107,660 FA,0,1.0779210000000001,DBA-MH34S,4,レギュラー,26.0,56412140,8.212505,0.06753246753246753,255,0.0019163782831142374,0.9279170405519096,1.0925383887502493,15.116253936294603,263.0,2730.4,130.85089100000002,1785.61443425,0.007854557368036114,0.3793412495392703,993.3999999999996,15889.179999999964,98.0715366942186,2958.600665684291
Suzuki,KEI,ワゴンR,2016,81134,660 FA,0,1.079,DBA-MH34S,4,レギュラー,26.0,56950757,8.212505,0.06753246753246753,255,0.0014246342678114006,0.9300480413280547,1.1063199013552911,15.53896768469546,276.0,2874.1,129.30900425000002,1836.87839175,0.008754093225159743,0.4099362976268366,909.4399999999987,15763.410000000003,90.80947097699527,3025.436570667607
Suzuki,Regular,SX4,2006,7240,1.5G,0,1.694805555555556,DBA-YA11S,5,レギュラー,16.4,51102005,11.338376749999998,0.09243697478991597,67,0.0001416774155925976,0.9152275336359111,1.0955833353002404,15.13628771724428,244.99999999999997,2153.0,128.77325574999998,1723.2112252499999,0.005309437296548564,0.16262429520725252,135.00000000000182,3962.199999999997,96.81052494162122,870.7876153477046
Suzuki,Regular,SX4,2007,8413,1.5G,0,1.694805555555556,DBA-YA11S,5,レギュラー,16.4,51713048,11.338376749999998,0.09243697478991597,67,0.0001626862141253016,0.9201741889203668,1.1814608167275944,15.092143665934733,261.70000000000005,2139.3,143.42878975,1717.502754625,0.0053589309455222,0.16413035167309387,161.6900000000005,3688.909999999989,106.26051673776237,886.8127023170891
Suzuki,Regular,SX4,2008,5991,1.5G,0,1.6707413793103454,DBA-YA11S,5,レギュラー,16.4,52324877,11.338376749999998,0.09243697478991597,67,0.00011449620798917502,0.9235641012591391,1.2401739952257191,15.041169519048344,280.90000000000003,2151.2999999999997,151.145644625,1709.787347125,0.006582433429956791,0.2119175566280047,190.96999999999935,3310.3099999999977,116.2205196389832,914.882211145894
Suzuki,Regular,SX4,2009,5384,1.5G,0,1.7050833333333335,DBA-YA11S,5,レギュラー,16.4,52877802,11.338376749999998,0.09327731092436975,67,0.0001018196633816209,0.9291896626111653,1.2735444787234997,15.330271598156841,273.40000000000003,2161.3999999999996,154.72899275,1746.120281,0.00803328528977229,0.21612767335806193,188.6800000000003,3511.3000000000175,111.78021082480336,917.3746471178019
Suzuki,Regular,SX4,2010,1918,1.5G,0,1.7174518134715027,DBA-YA11S,5,レギュラー,16.4,53362801,11.338376749999998,0.09327731092436975,67,3.594264101691364e-05,0.9249569564386247,1.2881378174402607,15.76221643201324,275.0,2278.2,155.175757625,1785.7115210000002,0.007173548902365157,0.2199334038722056,214.60000000000036,3418.100000000006,109.58967233217436,938.5940570916646
Suzuki,Regular,SX4,2011,990,1.5G,0,1.721018691588785,DBA-YA11S,5,レギュラー,16.4,53783435,11.338376749999998,0.09327731092436975,67,1.8407154544889146e-05,0.9389811007794501,1.1620716144445487,14.766608801761839,242.6,2254.9,141.037506125,1692.37414649,0.005773390816687429,0.2173167032137311,220.92000000000098,3425.649999999994,81.94111486949987,862.1975487920645
Suzuki,Regular,SX4,2012,1083,1.5G,0,1.7228076923076925,DBA-YA11S,5,レギュラー,16.4,54171475,11.338376749999998,0.09327731092436975,67,1.999207147304001e-05,0.9197618488328037,1.0707793127860996,15.331048059392245,231.6,2461.1,131.02032162499998,1782.18522475,0.00576878551875093,0.21789804804664437,362.8800000000001,4452.610000000015,77.9677286969395,947.8092009774191
Suzuki,Regular,SX4,2013,891,1.5G,0,1.7156739130434786,DBA-YA11S,5,レギュラー,16.4,54594744,11.338376749999998,0.09327731092436975,67,1.6320252367150946e-05,0.9195631909181587,1.1323513305375084,14.624674163142775,269.40000000000003,2529.1,139.708551,1740.125924375,0.006853700892580528,0.1912891609523335,698.9199999999983,5220.509999999995,84.99100980615776,917.6327070315165
Suzuki,Regular,SX4,2014,763,1.5G,0,1.718038306451613,DBA-YA11S,5,レギュラー,16.4,55952365,11.338376749999998,0.09327731092436975,67,1.3636599632562448e-05,0.9188134228106355,1.1420539467618638,15.219450195424095,270.20000000000005,2638.0,139.35801725,1791.6603675,0.006275277305384602,0.2260442351826275,696.4399999999987,5822.8399999999965,86.97181591087019,937.0287342536903
Suzuki,Regular,SX4,2015,126,1.5G,0,1.7042940000000002,DBA-YA11S,5,レギュラー,16.4,56412140,11.338376749999998,0.09327731092436975,67,2.233561782977919e-06,0.9279170405519096,1.066793545358347,15.116253936294603,272.6,2730.4,127.72501925000002,1785.61443425,0.006083188202627932,0.22615347591593338,843.6399999999976,6849.819999999992,84.27253996210993,1023.5431242929262
Suzuki,Regular,エクシード,2006,8973,2.0 XE 4WD,0,2.104888888888889,CBA-TD54W,5,レギュラー,11.6,51102005,13.4683005,0.0935483870967742,102,0.0001755899792972898,0.9152275336359111,1.0944719229933824,15.13628771724428,249.79999999999998,2153.0,126.64333199999999,1723.2112252499999,0.005769272811130294,0.15998494532352003,628.4400000000005,4470.999999999993,292.50130301597255,1455.6202404985088
Suzuki,Regular,エクシード,2007,6810,2.0 XE 4WD,0,2.104888888888889,CBA-TD54W,5,レギュラー,11.6,51713048,13.4683005,0.0935483870967742,102,0.00013168823465984833,0.9201741889203668,1.180349404420736,15.092143665934733,266.5,2139.3,141.298866,1717.502754625,0.005834582300719621,0.1613824198530649,681.0500000000002,4200.589999999989,292.3572859744095,1443.1262107552611
Suzuki,Regular,エクシード,2008,6220,2.4 XE 4WD,0,2.0750020283975665,CBA-TDA4W,5,レギュラー,10.6,52324877,13.560338999999999,0.10246913580246914,102,0.00011887271134913514,0.9235641012591391,1.2301418342131658,15.041169519048344,286.7,2151.2999999999997,148.923682375,1709.787347125,0.013085099017859925,0.1995154513650137,977.4500000000007,5088.590000000004,334.6619061817646,1504.669287024204
Suzuki,Regular,エクシード,2009,3121,2.4 XE 4WD,0,2.104888888888889,CBA-TDA4W,5,レギュラー,10.6,52877802,13.560338999999999,0.10246913580246914,102,5.902287693425684e-05,0.9291896626111653,1.2643526538454004,15.330271598156841,279.2,2161.3999999999996,152.5070305,1746.120281,0.013493652229741415,0.20239212139481877,888.1600000000008,5250.140000000007,314.2974688428685,1401.0249144621193
Suzuki,Regular,エクシード,2010,1861,2.4 XE 4WD,0,2.120157512953368,CBA-TDA4W,5,レギュラー,10.6,53362801,13.560338999999999,0.10246913580246914,102,3.487448119524311e-05,0.9249569564386247,1.2789459925621611,15.76221643201324,280.79999999999995,2278.2,152.953795375,1785.7115210000002,0.012365637014591813,0.20545419760464023,932.6400000000021,5885.420000000013,310.12154097648727,1467.599868894511
Suzuki,Regular,エクシード,2011,1429,2.4 XE 4WD,0,2.1245607476635517,CBA-TDA4W,5,レギュラー,10.6,53783435,13.560338999999999,0.10246913580246914,102,2.6569519034996558e-05,0.9389811007794501,1.152879789566449,14.766608801761839,248.4,2254.9,138.815543875,1692.37414649,0.009684501733234457,0.20674626244472005,876.3200000000006,6875.489999999998,234.6542928018639,1363.3955541857358
Suzuki,Regular,エクシード,2012,1443,2.4 XG 4WD,0,2.279423076923077,CBA-TDA4W,5,レギュラー,10.6,54171475,13.192185,0.10246913580246914,102,2.6637635397596245e-05,0.9197618488328037,1.061587487908,15.331048059392245,237.4,2461.1,129.166513375,1782.18522475,0.009558915075600805,0.21134529012729342,1047.2800000000007,9041.57,186.8056781732489,1297.8183912786262
Suzuki,Regular,エクシード,2013,1588,2.4 XG 4WD,0,2.26998447204969,CBA-TDA4W,5,レギュラー,10.6,54594744,13.192185,0.10246913580246914,102,2.9087049112273518e-05,0.9195631909181587,1.123159505659409,14.624674163142775,275.2,2529.1,137.85474275,1740.125924375,0.011311179099129348,0.1905250651032615,1665.199999999999,11224.669999999998,207.09129444521704,1241.6818223843948
Suzuki,Regular,エクシード,2014,1421,2.4 XG 4WD,0,2.3061592741935484,CBA-TDA4W,5,レギュラー,9.6,55952365,13.192185,0.10246913580246914,102,2.5396602985414467e-05,0.9188134228106355,1.1328621218837645,15.219450195424095,277.0,2638.0,137.504209,1791.6603675,0.010554386013546052,0.21974378624918378,1942.1999999999998,14826.04,210.3717452652363,1206.4327712058584
Suzuki,Regular,エクシード,2015,1034,1.6,0,2.1258720000000007,DBA-YD21S,5,レギュラー,18.2,56412140,11.931106250000001,0.10263157894736842,102,1.8329387965072767e-05,0.9279170405519096,1.0574392773353485,15.116253936294603,270.8,2730.4,127.13228975000001,1785.61443425,0.010036140467228893,0.2200707181245205,675.159999999998,6424.659999999974,112.51371193722525,989.4392852824749
Suzuki,Regular,エクシード,2016,544,1.6,0,2.128,DBA-YD21S,5,レギュラー,18.2,56950757,11.931106250000001,0.10263157894736842,102,9.55211183584443e-06,0.9300480413280547,1.0712207899403903,15.53896768469546,283.8,2874.1,125.59040300000001,1836.87839175,0.009968238631572063,0.24488243961344702,794.0,7161.569999999978,116.7189702118194,974.638989281957
Suzuki,Regular,エリオ,2006,984,1.5,0,1.508777777777778,CBA-RB21S,5,レギュラー,16.2,51102005,11.080485000000001,0.09401709401709402,109,1.9255604550154147e-05,0.9152275336359111,1.0940032160730624,15.13628771724428,245.2,2153.0,129.03114749999997,1723.2112252499999,0.005974304714658624,0.1589829655731494,141.76000000000113,3845.399999999994,82.35320079745179,892.3456088891107
Suzuki,Regular,エリオ,2007,168,1.5,0,1.508777777777778,CBA-RB21S,5,レギュラー,16.2,51713048,11.080485000000001,0.09401709401709402,109,3.2486965378640998e-06,0.9201741889203668,1.1798806975004164,15.092143665934733,261.90000000000003,2139.3,143.6866815,1717.502754625,0.006047024703569798,0.1603339081083628,168.60999999999876,3573.149999999994,93.58063572476703,911.2080003895971
Suzuki,Regular,キザシ,2009,236,2.4,0,2.865444444444445,CBA-RE91S,5,レギュラー,12.6,52877802,12.525240000000002,0.1261744966442953,118,4.463120460264215e-06,0.9291896626111653,1.2406472930035743,15.330271598156841,277.2,2161.3999999999996,153.54212950000002,1746.120281,0.0408330015623139,0.2831647732089322,517.7600000000002,3518.1400000000067,199.07014051257192,992.6672740869253
Suzuki,Regular,キザシ,2010,460,2.4,0,2.8862300518134716,CBA-RE91S,5,レギュラー,12.6,53362801,12.525240000000002,0.1261744966442953,118,8.620237157341122e-06,0.9249569564386247,1.255240631720335,15.76221643201324,278.79999999999995,2278.2,153.988894375,1785.7115210000002,0.03901310562682864,0.2874283523634418,555.840000000002,3871.8200000000143,195.81910439688636,1033.199307435556
Suzuki,Regular,キザシ,2011,198,2.4,0,2.892224299065421,CBA-RE91S,5,レギュラー,12.6,53783435,12.525240000000002,0.1261744966442953,118,3.681430908977829e-06,0.9389811007794501,1.129174428724623,14.766608801761839,246.4,2254.9,139.850642875,1692.37414649,0.03146870038674299,0.29256225497680033,536.3200000000006,4583.889999999992,145.0851897181078,951.7774005894898
Suzuki,Regular,キザシ,2012,146,2.4,0,2.8952307692307695,CBA-RE91S,5,レギュラー,12.6,54171475,12.525240000000002,0.1261744966442953,118,2.695145369403362e-06,0.9197618488328037,1.037882127066174,15.331048059392245,235.4,2461.1,129.833458375,1782.18522475,0.030251267823561745,0.31376144859922306,704.8800000000001,6296.370000000003,136.56701011592668,1050.7849141767801
Suzuki,Regular,キザシ,2013,1373,2.4,0,2.8832422360248455,CBA-RE91S,5,レギュラー,12.6,54594744,12.525240000000002,0.1261744966442953,118,2.514894107755135e-05,0.9195631909181587,1.099454144817583,14.624674163142775,273.2,2529.1,138.52168775,1740.125924375,0.034504437861313686,0.3047506005295255,1217.9999999999982,8021.87000000001,151.28966065228906,1007.1542971718372
Suzuki,Regular,キザシ,2014,810,2.4,0,2.8872308467741936,CBA-RE91S,5,レギュラー,12.6,55952365,12.525240000000002,0.1261744966442953,118,1.4476599872051878e-05,0.9188134228106355,1.1091567610419384,15.219450195424095,274.0,2638.0,138.171154,1791.6603675,0.0332876367383142,0.32203080017886077,1221.5999999999995,9121.240000000005,154.1025380085207,989.1902002834395
Suzuki,Regular,キザシ,2015,139,2.4,0,2.8641330000000007,CBA-RE91S,5,レギュラー,12.6,56412140,12.525240000000002,0.1261744966442953,118,2.4640086336026253e-06,0.9279170405519096,1.0338963596384216,15.116253936294603,276.4,2730.4,126.53815600000001,1785.61443425,0.030827911570053046,0.32171042704637465,1497.2400000000016,10960.659999999989,150.69396795414832,1061.7331325627747
Suzuki,Regular,キザシ,2016,22,2.4,0,2.867,CBA-RE91S,5,レギュラー,12.6,56950757,12.525240000000002,0.1261744966442953,118,3.862986404201791e-07,0.9300480413280547,1.0476778722434634,15.53896768469546,289.4,2874.1,124.99626925000001,1836.87839175,0.03011109570039694,0.34816536898422523,1761.6800000000003,12617.089999999997,156.7314001424479,1044.1389047788616
Suzuki,Regular,イグニス,2016,24261,1.2 ハイブリッド MG,0,1.382,DAA-FF21S,5,レギュラー,28.8,56950757,9.79649,0.10705882352941176,89,0.0004259996052379076,0.9300480413280547,1.066793545358347,15.53896768469546,273.2,2874.1,127.72501925,1836.87839175,0.01257128532682325,0.2511871768603484,1366.4000000000015,23451.649999999994,54.509146549323304,1627.7875134419883
Suzuki,Regular,シボレーMW,2006,3363,1.3,0,1.3597500000000002,DBA-ME34S,5,レギュラー,18.0,51102005,9.845550000000001,0.09072164948453608,141,6.58095509168378e-05,0.9152275336359111,1.0972986606056205,15.13628771724428,243.39999999999998,2153.0,130.26608249999998,1723.2112252499999,0.004672470552206293,0.1674251164415721,124.1200000000008,5328.599999999991,40.77632306935175,1272.1093628885792
Suzuki,Regular,シボレーMW,2007,4902,1.3,0,1.3433055555555555,DBA-ME34S,5,レギュラー,18.0,51713048,9.845550000000001,0.09072164948453608,141,9.479232397982033e-05,0.9201741889203668,1.1831761420329743,15.092143665934733,260.1,2139.3,144.9216165,1717.502754625,0.004702403212172718,0.16909390671394364,152.40999999999985,5044.110000000001,62.358728724521825,1302.714867079223
Suzuki,Regular,シボレーMW,2008,8730,1.3,0,1.324232251521298,DBA-ME34S,5,レギュラー,18.0,52324877,9.845550000000001,0.09072164948453608,141,0.0001668422459932395,0.9235641012591391,1.241889320531099,15.041169519048344,279.3,2151.2999999999997,152.638471375,1709.787347125,0.005813153475165006,0.21702041380382253,175.28999999999905,4572.070000000007,63.73465386983753,1339.372775024167
Suzuki,Regular,シボレーMW,2009,7495,1.3,0,1.3433055555555555,DBA-ME34S,5,レギュラー,18.0,52877802,9.845550000000001,0.09072164948453608,141,0.00014174189766813681,0.9291896626111653,1.2761001401633336,15.330271598156841,271.8,2161.3999999999996,156.2218195,1746.120281,0.007025488958156412,0.22442002316434362,196.99999999999818,4795.779999999999,69.99298092678237,1418.718829662801
Suzuki,Regular,シボレーMW,2010,5558,1.3,0,1.3530497409326423,DBA-ME34S,5,レギュラー,18.0,53362801,9.845550000000001,0.09072164948453608,141,0.00010415495243587383,0.9249569564386247,1.2906934788800943,15.76221643201324,273.4,2278.2,156.668584375,1785.7115210000002,0.006240343836823009,0.22855260699818558,217.8000000000011,4548.9800000000105,69.13632754687387,1431.648233822234
Suzuki,Regular,シボレーMW,2011,400,1.3,0,1.3558598130841122,DBA-ME34S,5,レギュラー,18.0,53783435,9.845550000000001,0.09072164948453608,141,7.437234159551171e-06,0.9389811007794501,1.1646272758843823,14.766608801761839,241.0,2254.9,142.530332875,1692.37414649,0.005136298779593568,0.22460894666472786,217.72000000000116,4190.7699999999895,62.52371505422525,1329.570126815568
Suzuki,Regular,シボレークルーズ,2006,3399,1.3 LS,0,1.1655000000000002,DBA-HR52S,5,レギュラー,18.0,51102005,9.01700625,0.09361702127659574,142,6.651402425403856e-05,0.9152275336359111,1.0944032888135609,15.13628771724428,243.39999999999998,2153.0,131.09462624999998,1723.2112252499999,0.005798884376361585,0.15983410358168904,124.1200000000008,5328.599999999991,38.52676154028131,1783.3531806158935
Suzuki,Regular,シボレークルーズ,2007,1677,1.3 LS,0,1.1655000000000002,DBA-HR52S,5,レギュラー,18.0,51713048,9.01700625,0.09361702127659574,142,3.242895294046485e-05,0.9201741889203668,1.1802807702409146,15.092143665934733,260.1,2139.3,145.75016025,1717.502754625,0.0058652515492397805,0.1612247917484506,152.40999999999985,5044.110000000001,68.76621630271529,1820.127702579699
Suzuki,Regular,シボレークルーズ,2008,547,1.3 LS,0,1.1489513184584181,DBA-HR52S,5,レギュラー,18.0,52324877,9.01700625,0.09361702127659574,142,1.0453918506105614e-05,0.9235641012591391,1.2389939487390393,15.041169519048344,279.3,2151.2999999999997,153.467015125,1709.787347125,0.00716973783804839,0.2089127480648596,175.28999999999905,4572.070000000007,67.30119211074725,1859.6289582889476
Suzuki,Regular,ジムニーシエラ,2006,1103,1.3 4WD,0,1.6351944444444444,ABA-JB43W,4,レギュラー,12.8,51102005,9.6844,0.08224299065420561,149,2.1584280303678887e-05,0.9152275336359111,1.1057773194359508,15.13628771724428,248.59999999999997,2153.0,130.42723249999997,1723.2112252499999,0.002820485736012901,0.20411972944895274,440.28000000000065,3695.7999999999884,38.72553058660242,1355.4126244116487
Suzuki,Regular,ジムニーシエラ,2007,1016,1.3 4WD,0,1.6351944444444444,ABA-JB43W,4,レギュラー,12.8,51713048,9.6844,0.08224299065420561,149,1.9646879062320984e-05,0.9201741889203668,1.1916548008633046,15.092143665934733,265.3,2139.3,145.0827665,1717.502754625,0.0028401619549931756,0.20650646319388732,482.09000000000015,3428.9899999999907,61.88416340747153,1387.3255399623595
Suzuki,Regular,ジムニーシエラ,2008,984,1.3 4WD,0,1.7214006085192701,ABA-JB43W,4,レギュラー,12.8,52324877,9.6844,0.08224299065420561,149,1.8805586489959642e-05,0.9235641012591391,1.2503679793614293,15.041169519048344,284.5,2151.2999999999997,152.799621375,1709.787347125,0.0034800220631980017,0.2550350936559789,544.4899999999998,3241.9100000000035,62.599979436500234,1424.6440235125556
Suzuki,Regular,ジムニーシエラ,2009,772,1.3 4WD,0,1.7461944444444446,ABA-JB43W,4,レギュラー,12.8,52877802,9.6844,0.08224299065420561,149,1.4599699132728702e-05,0.9291896626111653,1.284578798993664,15.330271598156841,277.0,2161.3999999999996,156.3829695,1746.120281,0.005272481282124791,0.26587059063485396,488.1999999999998,3410.5000000000073,70.01321959413235,1512.5529312966028
Suzuki,Regular,ジムニーシエラ,2010,804,1.3 4WD,0,1.7588611398963732,ABA-JB43W,4,レギュラー,12.8,53362801,9.6844,0.08224299065420561,149,1.5066675379352744e-05,0.9249569564386247,1.2991721377104246,15.76221643201324,278.59999999999997,2278.2,156.829734375,1785.7115210000002,0.0047348000411411295,0.2714617675344906,525.6400000000012,3737.7800000000134,69.30055853343629,1525.653586338034
Suzuki,Regular,ジムニーシエラ,2011,778,1.3 4WD,0,1.762514018691589,ABA-JB43W,4,レギュラー,12.8,53783435,9.6844,0.08224299065420561,149,1.4465420440327027e-05,0.9389811007794501,1.1731059347147126,14.766608801761839,246.2,2254.9,142.691482875,1692.37414649,0.004426026680334538,0.2623673377370599,508.9200000000001,4418.529999999999,64.42569046733797,1418.6708550667972
Suzuki,Regular,ジムニーシエラ,2012,887,1.3 4WD,0,1.764346153846154,ABA-JB43W,4,レギュラー,12.6,54171475,9.820800000000002,0.08224299065420561,149,1.6373931114114946e-05,0.9197618488328037,1.0818136330562635,15.331048059392245,235.4,2461.1,132.537898375,1782.18522475,0.004343471614532329,0.2599111118811983,704.8800000000001,6296.370000000003,60.498784736096695,1444.0816967297578
Suzuki,Regular,ジムニーシエラ,2013,1170,1.3 4WD,0,1.7570403726708077,ABA-JB43W,4,レギュラー,12.6,54594744,9.820800000000002,0.08224299065420561,149,2.1430634421511344e-05,0.9195631909181587,1.1433856508076725,14.624674163142775,273.2,2529.1,141.22612775000002,1740.125924375,0.004850450493926656,0.22546050206962231,1217.9999999999982,8021.87000000001,61.78150095670935,1414.691468782883
Suzuki,Regular,ジムニーシエラ,2014,1185,1.3 4WD,0,1.792560483870968,ABA-JB43W,4,レギュラー,12.6,55952365,9.820800000000002,0.08224299065420561,149,2.1178729442446268e-05,0.9188134228106355,1.153088267032028,15.219450195424095,274.0,2638.0,140.875594,1791.6603675,0.004486150456486759,0.2675312330937336,1221.5999999999995,9121.240000000005,62.698383323240705,1494.1704173716353
Suzuki,Regular,ジムニーシエラ,2015,1299,1.3 4WD,0,1.7452530000000002,ABA-JB43W,4,レギュラー,12.6,56412140,9.820800000000002,0.08224299065420561,149,2.302695838165331e-05,0.9279170405519096,1.0778278656285112,15.116253936294603,276.4,2730.4,129.24259600000002,1785.61443425,0.004569913829768929,0.2672998199007375,1497.2400000000016,10960.659999999989,56.8018474642281,1594.4451466313112
Suzuki,Regular,ジムニーシエラ,2016,1131,1.3 4WD,0,1.7469999999999999,ABA-JB43W,4,レギュラー,12.6,56950757,9.820800000000002,0.08224299065420561,149,1.985926192341921e-05,0.9300480413280547,1.091609378233553,15.53896768469546,289.4,2874.1,127.70070925,1836.87839175,0.005063983167234554,0.29427128861174534,1761.6800000000003,12617.089999999997,54.49939924818818,1612.3974156195982
Suzuki,Regular,スイフト,2006,53702,1.3 XE,1,1.1336388888888889,DBA-ZC11S,5,レギュラー,17.0,51102005,9.4292705,0.0892156862745098,152,0.0010508785320654248,0.9152275336359111,1.0988046238156468,15.13628771724428,244.39999999999998,2153.0,130.68236199999998,1723.2112252499999,0.004186015195276838,0.17236765015416644,121.92000000000189,4384.599999999991,37.071834106973256,1503.2274813220247
Suzuki,Regular,スイフト,2007,52937,1.2 XE,1,1.1336388888888889,DBA-ZC71S,5,レギュラー,20.5,51713048,9.5823845,0.09,152,0.0010236681465768563,0.9201741889203668,1.1838977915175102,15.092143665934733,257.6,2139.3,145.184782,1717.502754625,0.004454335618252869,0.1714441470140171,301.90999999999985,8688.86,62.013292689076934,1444.8882570214482
Suzuki,Regular,スイフト,2008,58950,1.2 XE,1,1.1175425963488845,DBA-ZC71S,5,レギュラー,20.5,52324877,9.5823845,0.09,152,0.001126615166243009,0.9235641012591391,1.242610970015635,15.041169519048344,276.8,2151.2999999999997,152.901636875,1709.787347125,0.005519408866047432,0.21942750085544072,325.03999999999905,8060.570000000007,62.33807568094653,1482.5980689181706
Suzuki,Regular,スイフト,2009,46159,1.2 XG オーディオレス仕様,1,1.2086666666666668,DBA-ZC71S,5,レギュラー,21.0,52877802,9.5823845,0.09,152,0.0008729371920565079,0.9291896626111653,1.2768217896478695,15.330271598156841,268.8,2161.3999999999996,156.48498500000002,1746.120281,0.006781120789745132,0.2271139532635007,447.1999999999989,9260.380000000005,70.4824299398706,1575.9545108795064
Suzuki,Regular,スイフト,2010,44589,1.2 XG,1,1.2878300518134715,DBA-ZC72S,5,レギュラー,20.6,53362801,9.853882500000001,0.09191919191919191,152,0.000835582075236268,0.9249569564386247,1.2894959364454384,15.76221643201324,270.79999999999995,2278.2,156.660251875,1785.7115210000002,0.006649980048636234,0.22426494507103278,408.64000000000306,8057.420000000013,69.15184335972071,1427.0036160846284
Suzuki,Regular,スイフト,2011,31339,1.2 XG,1,1.2905046728971965,DBA-ZC72S,5,レギュラー,20.6,53783435,9.853882500000001,0.09191919191919191,152,0.0005826887033154353,0.9389811007794501,1.1634297334497263,14.766608801761839,238.4,2254.9,142.522000375,1692.37414649,0.005410433930968961,0.22095608824550395,376.3199999999997,7017.490000000005,62.44655378570724,1325.1678122537196
Suzuki,Regular,スイフト,2012,43108,1.2 XG,1,1.291846153846154,DBA-ZC72S,5,レギュラー,20.6,54171475,9.853882500000001,0.09191919191919191,152,0.0007957693601660283,0.9197618488328037,1.0721374317912773,15.331048059392245,227.4,2461.1,132.504815875,1782.18522475,0.00540937590341925,0.2210584333228951,455.28000000000065,7555.570000000007,60.1920490314028,1425.7492269565337
Suzuki,Regular,スイフト,2013,40926,1.2 XG,1,1.3237267080745343,DBA-ZC72S,5,レギュラー,20.6,54594744,9.853882500000001,0.09285714285714286,152,0.0007496326019955327,0.9195631909181587,1.1327714986047352,14.624674163142775,265.2,2529.1,141.19304525,1740.125924375,0.0067105246220767745,0.19192584780646849,629.1999999999989,7130.670000000013,61.55079623922438,1396.5383018837529
Suzuki,Regular,スイフト,2014,39382,1.2 XG,1,1.3262933467741937,DBA-ZC72S,5,レギュラー,20.6,55952365,9.853882500000001,0.09285714285714286,152,0.0007038487113100581,0.9188134228106355,1.1424741148290907,15.219450195424095,266.0,2638.0,140.8425115,1791.6603675,0.006140254493892938,0.22694611056752612,620.0,7284.440000000002,62.49087167132484,1474.5601370945515
Suzuki,Regular,スイフト,2015,31473,1.2 XG,1,1.315683,DBA-ZC72S,5,レギュラー,20.6,56412140,9.853882500000001,0.09285714285714286,152,0.0005579118253624131,0.9279170405519096,1.067213713425574,15.116253936294603,268.4,2730.4,129.2095135,1785.61443425,0.005963129110033105,0.22704683950903437,591.6400000000012,7379.859999999986,56.71314544117604,1574.5840078438996
Suzuki,Regular,スイフト,2016,17803,1.2 XG,1,1.317,DBA-ZC72S,5,レギュラー,20.6,56950757,9.853882500000001,0.09285714285714286,152,0.00031260339524547497,0.9300480413280547,1.0809952260306157,15.53896768469546,281.4,2874.1,127.66762675000001,1836.87839175,0.006164640302745522,0.25247896996381636,648.0800000000017,7799.490000000005,54.512716161949356,1591.747947819429
Suzuki,Regular,スプラッシュ,2008,1835,1.2,0,1.2553356997971605,DBA-XB32S,5,レギュラー,18.6,52324877,9.923508,0.0838095238095238,160,3.506936098483327e-05,0.9235641012591391,1.2488014462061112,15.041169519048344,278.7,2151.2999999999997,152.560513375,1709.787347125,0.003727018608191107,0.24640887403912348,191.85000000000036,5240.5899999999965,64.6004509937211,1300.8806920973002
Suzuki,Regular,スプラッシュ,2009,5399,1.2,0,1.2734166666666669,DBA-XB32S,5,レギュラー,18.6,52877802,9.923508,0.0838095238095238,160,0.0001021033362922309,0.9291896626111653,1.2830122658383458,15.330271598156841,271.2,2161.3999999999996,156.1438615,1746.120281,0.005412293060668871,0.25659872180303855,222.5599999999995,5474.140000000014,70.30007674440822,1376.1030172414467
Suzuki,Regular,スプラッシュ,2010,4325,1.2,0,1.2826538860103627,DBA-XB32S,5,レギュラー,18.6,53362801,9.923508,0.0838095238095238,160,8.104896892500077e-05,0.9249569564386247,1.2976056045551065,15.76221643201324,272.79999999999995,2278.2,156.590626375,1785.7115210000002,0.004828889921792007,0.26187709397339276,241.44000000000233,5175.020000000019,69.37376557224934,1389.024138519293
Suzuki,Regular,スプラッシュ,2011,3091,1.2,0,1.3351121495327103,DBA-XB32S,5,レギュラー,19.6,53783435,9.923508,0.08666666666666667,160,5.747122696793167e-05,0.9389811007794501,1.1686822587022516,14.766608801761839,239.4,2254.9,142.452374875,1692.37414649,0.004527536813938443,0.2400661833612472,291.3200000000015,5698.289999999994,61.88322025334628,1289.169571808212
Suzuki,Regular,スプラッシュ,2012,1028,1.2,0,1.3365,DBA-XB32S,5,レギュラー,19.6,54171475,10.083779999999999,0.08666666666666667,160,1.897677698456614e-05,0.9197618488328037,1.0773899570438026,15.331048059392245,228.4,2461.1,132.274918375,1782.18522475,0.004505475278710536,0.23859377749135025,388.4800000000014,6327.169999999998,58.90689401638156,1307.6030425254503
Suzuki,Regular,スプラッシュ,2013,1257,1.2,0,1.330965838509317,DBA-XB32S,5,レギュラー,19.6,54594744,10.083779999999999,0.08666666666666667,160,2.302419441695706e-05,0.9195631909181587,1.1389619747952116,14.624674163142775,266.2,2529.1,140.96314775000002,1740.125924375,0.005214906441536743,0.20740389980365537,597.7999999999993,6199.070000000007,60.85445556331888,1279.3962984102109
Suzuki,Regular,スプラッシュ,2014,330,1.2,0,1.333342741935484,DBA-XB32S,5,レギュラー,19.6,55952365,10.083779999999999,0.08666666666666667,160,5.897874021947061e-06,0.9188134228106355,1.148664591019567,15.219450195424095,267.0,2638.0,140.612614,1791.6603675,0.00476476394279729,0.24645404269227766,590.2000000000007,6450.040000000008,61.955704661000254,1347.4737106381363
Suzuki,Regular,ランディ,2007,4334,2.0 S,0,2.2631666666666668,DBA-SC25,8,レギュラー,13.2,51713048,14.502420000000003,0.08509316770186336,246,8.380863568513696e-05,0.9201741889203668,1.1888046238156469,15.092143665934733,264.90000000000003,2139.3,140.2647465,1717.502754625,0.00320949630673803,0.1915396142313499,426.0100000000002,3267.149999999994,435.0628762692122,2200.7550882492797
Suzuki,Regular,ランディ,2008,2626,2.0 S,0,2.217861054766735,DBA-SC25,8,レギュラー,12.0,52324877,14.595984,0.08509316770186336,246,5.018645337666059e-05,0.9235641012591391,1.2475178023137716,15.041169519048344,285.3,2151.2999999999997,147.888037375,1709.787347125,0.003991608185231754,0.23988187770261105,682.8899999999994,3747.6699999999983,493.82961481463644,2278.877212531246
Suzuki,Regular,ランディ,2009,2055,2.0 S,0,2.2826944444444446,DBA-SC25,8,レギュラー,12.0,52877802,14.595984,0.08509316770186336,246,3.8863188753571865e-05,0.9291896626111653,1.2817286219460062,15.330271598156841,277.8,2161.3999999999996,151.47138550000003,1746.120281,0.005589053618363815,0.24954632813866517,614.5999999999995,3912.580000000009,466.0430243379078,2129.136752496539
Suzuki,Regular,ランディ,2010,1756,2.0 S,0,2.299252849740933,DBA-SC25,8,レギュラー,12.0,53362801,14.595984,0.08509316770186336,246,3.290681836585002e-05,0.9249569564386247,1.296321960662767,15.76221643201324,279.4,2278.2,151.918150375,1785.7115210000002,0.004968185179261758,0.2545830172468375,654.6000000000013,4347.380000000012,460.9417168535874,2230.3465879626747
Suzuki,Regular,ランディ,2011,1944,2.0 S,0,2.3040280373831776,DBA-SC26,8,レギュラー,13.8,53783435,14.810104874999999,0.091875,246,3.614495801541869e-05,0.9389811007794501,1.1634739253689184,14.766608801761839,245.2,2254.9,137.565778,1692.37414649,0.005399553216345526,0.2210834961901167,389.9200000000001,3765.729999999996,385.6321248251861,2274.432471123604
Suzuki,Regular,ランディ,2012,1609,2.0 S,0,2.306423076923077,DBA-SC26,8,レギュラー,13.8,54171475,14.810104874999999,0.09130434782608696,246,2.9701978762808285e-05,0.9197618488328037,1.0727522758843824,15.331048059392245,234.2,2461.1,127.5485935,1782.18522475,0.005263647825853063,0.2226747936008313,553.2000000000007,5236.770000000004,360.4322018929947,2462.6881833137813
Suzuki,Regular,ランディ,2013,1555,2.0 S,0,2.2968726708074536,DBA-SC26,8,レギュラー,13.8,54594744,14.810104874999999,0.09130434782608696,246,2.8482595320897558e-05,0.9195631909181587,1.1343242936357913,14.624674163142775,272.0,2529.1,136.236822875,1740.125924375,0.006227349036168867,0.19473529845007764,1007.2799999999988,6672.350000000006,397.909561530495,2361.4269250930593
Suzuki,Regular,ランディ,2014,1529,2.0 S,0,2.322272177419355,DBA-SC26,8,レギュラー,13.8,55952365,14.810104874999999,0.09130434782608696,246,2.732681630168805e-05,0.9188134228106355,1.1440269098601468,15.219450195424095,272.8,2638.0,135.886289125,1791.6603675,0.00568721125650784,0.23074479660323588,1008.9599999999991,7605.400000000009,402.32428339248054,2295.337058359364
Suzuki,Regular,ランディ,2015,1144,2.0 S,0,2.303694,DBA-SC26,8,レギュラー,13.8,56412140,14.810104874999999,0.09130434782608696,246,2.0279322854974123e-05,0.9279170405519096,1.06876650845663,15.116253936294603,275.2,2730.4,124.25329112500002,1785.61443425,0.0055623229656234785,0.2308110053155894,1247.1599999999999,9191.379999999976,389.61780102949933,2333.0507023268365
Suzuki,Regular,ランディ,2016,526,2.0 S,0,2.306,DBA-SC26,8,レギュラー,13.8,56950757,14.810104874999999,0.09130434782608696,246,9.236049311864284e-06,0.9300480413280547,1.0825480210616718,15.53896768469546,288.2,2874.1,122.71140437500001,1836.87839175,0.005806633886922985,0.256412051195944,1480.4000000000015,10629.649999999994,402.70123897040503,2331.0243202560378
Suzuki,Regular,ソリオ,2006,4270,1.3 E,0,1.027777777777778,DBA-MA34S,5,レギュラー,18.0,51102005,9.5619285,0.09072164948453608,171,8.355836527353477e-05,0.9152275336359111,1.0972986606056205,15.13628771724428,243.39999999999998,2153.0,130.549704,1723.2112252499999,0.004672470552206293,0.1674251164415721,124.1200000000008,5328.599999999991,37.68799337273276,1423.9321434248996
Suzuki,Regular,ソリオ,2007,4518,1.3 E,0,1.027777777777778,DBA-MA34S,5,レギュラー,18.0,51713048,9.5619285,0.09072164948453608,171,8.736673189327383e-05,0.9201741889203668,1.1831761420329743,15.092143665934733,260.1,2139.3,145.205238,1717.502754625,0.004702403212172718,0.16909390671394364,152.40999999999985,5044.110000000001,62.07926993727688,1456.8039357761954
Suzuki,Regular,ソリオ,2008,3052,1.3 E,0,1.0131845841784992,DBA-MA34S,5,レギュラー,18.0,52324877,9.5619285,0.09072164948453608,171,5.8327896308289456e-05,0.9235641012591391,1.241889320531099,15.041169519048344,279.3,2151.2999999999997,152.922092875,1709.787347125,0.005813153475165006,0.21702041380382253,175.28999999999905,4572.070000000007,62.3281488290645,1494.5897109879988
Suzuki,Regular,ソリオ,2009,1708,1.3 E,0,1.027777777777778,DBA-MA34S,5,レギュラー,18.0,52877802,9.5619285,0.09072164948453608,171,3.2300888754793555e-05,0.9291896626111653,1.2761001401633336,15.330271598156841,271.8,2161.3999999999996,156.50544100000002,1746.120281,0.007025488958156412,0.22442002316434362,196.99999999999818,4795.779999999999,70.61910502647879,1589.0409898733124
Suzuki,Regular,ソリオ,2010,2312,1.3 E,0,1.0352331606217617,DBA-MA34S,5,レギュラー,18.0,53362801,9.5619285,0.09072164948453608,171,4.332606153863625e-05,0.9249569564386247,1.2906934788800943,15.76221643201324,273.4,2278.2,156.952205875,1785.7115210000002,0.006240343836823009,0.22855260699818558,217.8000000000011,4548.9800000000105,70.0158758945604,1602.4107351305138
Suzuki,Regular,ソリオ,2011,36996,1.2 G,0,1.4347009345794397,DBA-MA15S,5,レギュラー,20.0,53783435,10.608003,0.091,171,0.0006878697874168878,0.9389811007794501,1.1643489253689183,14.766608801761839,239.0,2254.9,141.767879875,1692.37414649,0.005196179460741163,0.22372279596820022,321.72000000000116,6191.169999999998,64.0879096854751,1010.1151991868974
Suzuki,Regular,ソリオ,2012,38877,1.2 G,0,1.436192307692308,DBA-MA15S,5,レギュラー,20.0,54171475,10.608003,0.091,171,0.0007176655241527022,0.9197618488328037,1.0730566237104693,15.331048059392245,228.0,2461.1,131.750695375,1782.18522475,0.0051954289843308965,0.2235176943099506,411.84000000000015,6781.809999999998,61.51100597443292,1098.6856819973982
Suzuki,Regular,ソリオ,2013,30296,1.2 G,0,1.4302453416149072,DBA-MA15S,5,レギュラー,20.6,54594744,10.608003,0.091,171,0.000554925214046246,0.9195631909181587,1.1346286414618783,14.624674163142775,265.2,2529.1,140.43892475,1740.125924375,0.006141124882200477,0.19537016816752972,629.1999999999989,7130.670000000013,65.1965367456778,1071.1874088846816
Suzuki,Regular,ソリオ,2014,32857,1.2 G,0,1.4652671370967745,DBA-MA15S,5,レギュラー,20.6,55952365,10.608003,0.091,171,0.0005872316567851958,0.9188134228106355,1.1443312576862337,15.219450195424095,266.0,2638.0,140.088391,1791.6603675,0.0056068930428499475,0.23157525210971341,620.0,7284.440000000002,66.66530155141209,1117.7750660347956
Suzuki,Regular,ソリオ,2015,38488,1.2 G,0,1.4535450000000003,DBA-MA26S,5,レギュラー,24.8,56412140,10.52016875,0.0978494623655914,171,0.0006822644912956679,0.9279170405519096,1.0622213939171254,15.116253936294603,264.2,2730.4,128.54322725,1785.61443425,0.007709196655035777,0.2198788148195443,833.5600000000013,13237.179999999993,61.45039104035095,1244.940798064512
Suzuki,Regular,ソリオ,2016,48814,1.2 G,0,1.455,DBA-MA26S,5,レギュラー,24.8,56950757,10.52016875,0.0978494623655914,171,0.0008571264469759374,0.9300480413280547,1.0760029065221672,15.53896768469546,277.2,2874.1,127.00134050000001,1836.87839175,0.00777310441928003,0.24489857431163786,780.8000000000029,13212.450000000012,61.30463764228807,1248.091598853047
Toyota,KEI,ピクシスエポック,2012,32284,660 D,0,0.8255769230769231,DBA-LA300A,4,レギュラー,30.0,54171475,7.5114374999999995,0.07123287671232877,203,0.0005959594048343709,0.9197618488328037,4.1653147354086455,12.25855707098174,658.6,2020.5,512.693665,1404.338820625,0.06435867686557228,0.2809274772837884,9412.339999999997,27099.309999999998,1270.4438150430951,2438.6637707181253
Toyota,KEI,ピクシスエポック,2013,29708,660 D,0,0.7704503105590064,DBA-LA300A,4,レギュラー,33.4,54594744,7.4613612499999995,0.07123287671232877,203,0.0005441549464908197,0.9195631909181587,4.0108926659770905,11.768177261915234,648.0,2133.5,501.0792625,1382.632228375,0.054417889232314054,0.24779531004156619,13249.659999999996,35805.57000000001,1272.621204155491,2440.767832419853
Toyota,KEI,ピクシスエポック,2014,23756,660 D,0,0.7714052419354839,DBA-LA300A,4,レギュラー,35.2,55952365,7.4613612499999995,0.06712328767123288,203,0.0004245754401981042,0.9188134228106355,3.866130237728667,12.521527927710428,637.0999999999999,2252.3,492.21437537500003,1442.6810248749998,0.056000968508085,0.3364508129035526,15334.450000000012,43223.23000000001,1284.705572216979,2628.2812908143787
Toyota,KEI,ピクシスエポック,2015,18554,660 D,0,0.7652340000000001,DBA-LA300A,4,レギュラー,35.2,56412140,7.4613612499999995,0.06712328767123288,203,0.00032890083588390726,0.9279170405519096,3.5698753225678654,12.639326182338221,608.1999999999999,2376.0,458.17075950000003,1459.0457095,0.05257094296135795,0.338853512753287,13544.580000000009,40682.639999999985,1239.0424647769314,2766.4502826294083
Toyota,KEI,ピクシスエポック,2016,21061,660 D,0,0.7659999999999999,DBA-LA300A,4,レギュラー,35.2,56950757,7.4613612499999995,0.06712328767123288,203,0.0003698107120858815,0.9300480413280547,3.7752613869856697,12.870435378926317,685.8,2455.1,492.302902625,1474.635637125,0.05260048416839147,0.3704553719386845,14090.580000000009,39295.79000000001,1289.2451608752754,2803.4249644709125
Toyota,Regular,C-HR,2016,4655,1.2 S-T 4WD,0,2.516,DBA-NGX50,5,レギュラー,15.4,56950757,12.248002999999999,0.07891156462585033,23,8.17372805070879e-05,0.9300480413280547,3.763473110031052,12.870435378926317,705.6,2455.1,487.516260875,1474.635637125,0.030870266102511867,0.2890882660158063,2566.980000000003,7275.229999999981,278.5268110313882,856.39483733612
Toyota,Regular,FJクルーザー,2010,263,4.0 4WD,0,3.2506321243523315,CBA-GSJ15W,5,レギュラー,8.4,53362801,16.246602,0.1422680412371134,34,4.928526896479816e-06,0.9249569564386247,4.016771451488717,12.984592067652038,618.0,1943.1999999999998,506.181347875,1429.7977055000001,0.09016439121175046,0.4189061009595827,2990.5599999999995,8027.740000000009,752.2307553482824,4148.885630905599
Toyota,Regular,FJクルーザー,2011,7033,4.0 4WD,0,3.2573831775700937,CBA-GSJ15W,5,レギュラー,8.4,53783435,16.246602,0.1422680412371134,34,0.00013076516961030846,0.9389811007794501,3.8058559222739756,12.07383376361967,606.4,1899.1000000000001,476.436169125,1352.06725824,0.08736625608448323,0.4121952296280029,3145.699999999999,8979.269999999997,743.4768513754443,3754.690739585203
Toyota,Regular,FJクルーザー,2012,4752,4.0 4WD,0,3.2711538461538465,CBA-GSJ15W,5,レギュラー,8.0,54171475,16.246602,0.1422680412371134,34,8.77214438041423e-05,0.9197618488328037,4.09427957088386,12.25855707098174,680.6,2020.5,503.95850050000007,1404.338820625,0.09944602255208768,0.43510934462788464,4598.739999999998,11501.309999999998,898.5656225492785,3845.700450677112
Toyota,Regular,FJクルーザー,2013,4032,4.0 4WD,0,3.2576086956521744,CBA-GSJ15W,5,レギュラー,8.0,54594744,16.246602,0.1422680412371134,34,7.385326323720833e-05,0.9195631909181587,3.939857501452306,11.768177261915234,673.4,2133.5,492.29402175,1382.632228375,0.09627795630275471,0.4413134525535436,4750.82,14845.48999999999,876.8043411371564,3765.7141181916377
Toyota,Regular,FJクルーザー,2014,3360,4.0 4WD,0,3.2628629032258067,CBA-GSJ15W,5,レギュラー,8.0,55952365,16.246602,0.1422680412371134,34,6.005108095073372e-05,0.9188134228106355,3.7909854841627864,12.521527927710428,664.3,2252.3,483.429134625,1442.6810248749998,0.0942606271374693,0.45289834793691064,4905.970000000001,16518.26999999999,836.368879584641,3731.261967959268
Toyota,Regular,FJクルーザー,2015,2236,4.0 4WD,0,3.2367600000000003,CBA-GSJ15W,5,レギュラー,8.0,56412140,16.246602,0.1422680412371134,34,3.9636858307449424e-05,0.9279170405519096,3.4947305690019848,12.639326182338221,635.4,2376.0,449.38551875,1459.0457095,0.0881506273466709,0.4533318659673018,5069.0599999999995,19531.91999999999,764.0280005391796,3790.175736160796
Toyota,Regular,FJクルーザー,2016,2705,4.0 4WD,0,3.24,CBA-GSJ15W,5,レギュラー,8.0,56950757,16.246602,0.1422680412371134,34,4.749717374257203e-05,0.9300480413280547,3.700116633419789,12.870435378926317,713.0,2455.1,483.517661875,1474.635637125,0.10451677758957034,0.4659350977135075,6311.380000000001,21273.069999999985,839.3530018345664,3761.508047924297
Toyota,Regular,RAV4,2006,22523,2.4 X,0,2.0288333333333335,DBA-ACA36W,5,レギュラー,13.4,51102005,13.257622125,0.11564625850340136,57,0.00044074591593813196,0.9152275336359111,4.472313489598672,11.736348279232363,617.5,1783.5,533.70400875,1316.3612268749998,0.03119581316161346,0.17584828806817887,1119.0699999999997,2713.529999999999,253.3735181277334,1350.8269873422323
Toyota,Regular,RAV4,2007,14063,2.4 X,0,2.040138888888889,DBA-ACA36W,5,レギュラー,13.4,51713048,13.257622125,0.11564625850340136,57,0.000271942972690374,0.9201741889203668,4.363919104118963,11.886476094829879,628.6,1775.4,534.4587608749999,1324.5535381250002,0.029712762459054964,0.17694968284567025,1111.5400000000009,2492.459999999999,255.82398317286606,1339.5083810580181
Toyota,Regular,RAV4,2008,11210,2.4 X,0,2.0466328600405683,DBA-ACA36W,5,レギュラー,13.4,52324877,13.349370375000001,0.11564625850340136,57,0.0002142384395858207,0.9235641012591391,3.726575871393412,12.531558359167166,567.6,1867.6,480.110475875,1378.81152225,0.028156005073609935,0.22715791290977227,910.0,2531.8799999999974,255.0389866414189,1437.5510153542782
Toyota,Regular,RAV4,2009,7915,2.4 X,0,2.076111111111111,DBA-ACA36W,5,レギュラー,13.4,52877802,13.349370375000001,0.11564625850340136,57,0.0001496847391652172,0.9291896626111653,3.7767106294428965,12.804736499858413,577.1,1860.6999999999998,480.72266275000004,1418.115617375,0.03001083624804224,0.22294177081575528,1060.7699999999986,2506.0100000000093,253.94600346053812,1325.8002505054683
Toyota,Regular,RAV4,2010,6026,2.4 X,0,2.0911709844559585,DBA-ACA36W,5,レギュラー,13.4,53362801,13.349370375000001,0.11564625850340136,57,0.0001129251067611687,0.9249569564386247,4.043393234222429,12.984592067652038,613.0,1943.1999999999998,509.0785795,1429.7977055000001,0.030094806208312175,0.22452021852378756,1195.5599999999977,2656.7400000000125,263.8184390352799,1372.5119496252228
Toyota,Regular,RAV4,2011,4051,2.4 X,0,2.095514018691589,DBA-ACA36W,5,レギュラー,13.4,53783435,13.349370375000001,0.11564625850340136,57,7.532058895085448e-05,0.9389811007794501,3.8324777050076877,12.07383376361967,601.4,1899.1000000000001,479.33340075,1352.06725824,0.02979905319642251,0.22424643541933698,1248.699999999997,3177.269999999997,254.19996420584175,1213.8819353505023
Toyota,Regular,RAV4,2012,3012,2.4 X,0,2.0976923076923075,DBA-ACA36W,5,レギュラー,13.4,54171475,13.349370375000001,0.11564625850340136,57,5.560121816878717e-05,0.9197618488328037,4.1209013536175725,12.25855707098174,675.2,2020.5,506.8557321250001,1404.338820625,0.036637107726312235,0.22953132412167188,2015.3799999999974,4124.909999999996,311.5267116740015,1264.7917451524627
Toyota,Regular,RAV4,2013,2305,2.4 スタイル,0,2.223447204968944,DBA-ACA36W,5,レギュラー,12.2,54594744,13.257622125,0.11643835616438356,57,4.2220181488533036e-05,0.9195631909181587,3.965687186525036,11.768177261915234,669.1999999999999,2133.5,495.283001625,1382.632228375,0.03318349507435514,0.22732659080892192,2505.499999999998,7359.409999999989,301.1509035328563,1183.9674756051172
Toyota,Regular,RAV4,2014,2150,2.4 スタイル,0,2.2266018145161293,DBA-ACA36W,5,レギュラー,12.2,55952365,13.257622125,0.11643835616438356,57,3.842554287026116e-05,0.9188134228106355,3.8168151692355163,12.521527927710428,660.0999999999999,2252.3,486.4181145,1442.6810248749998,0.030157836034790275,0.2510998880012072,2652.250000000002,8373.629999999983,295.9090356959132,1155.734485337227
Toyota,Regular,RAV4,2015,1709,2.4 スタイル,0,2.2087890000000003,DBA-ACA36W,5,レギュラー,12.2,56412140,13.257622125,0.11643835616438356,57,3.029489751674019e-05,0.9279170405519096,3.5205602540747147,12.639326182338221,631.1999999999999,2376.0,452.374498625,1459.0457095,0.028790408237831966,0.2509364848987232,2803.58,10433.039999999994,284.6193876165835,1224.288147411331
Toyota,Regular,RAV4,2016,775,2.4 スタイル,0,2.211,DBA-ACA36W,5,レギュラー,12.2,56950757,13.257622125,0.11643835616438356,57,1.360824756025631e-05,0.9300480413280547,3.725946318492519,12.870435378926317,708.8,2455.1,486.50664175,1474.635637125,0.03571975889166645,0.2687963674043119,3648.5800000000017,11594.58999999999,299.42237028311683,1200.6288868853808
Toyota,Regular,SAI,2010,33444,2.4 S,0,3.4990880829015545,DAA-AZK10,5,レギュラー,19.8,53362801,12.18552075,0.09554140127388536,65,0.000626728720630688,0.9249569564386247,4.063498091451946,12.984592067652038,606.6,1943.1999999999998,510.24242912499994,1429.7977055000001,0.023246788947879127,0.1989061483800123,1889.3199999999997,5193.700000000012,261.4038742682242,866.9292199974225
Toyota,Regular,SAI,2011,12755,2.4 S,0,3.5997196261682247,DAA-AZK10,5,レギュラー,21.0,53783435,12.198751500000002,0.09554140127388536,65,0.00023715480426268794,0.9389811007794501,3.8525825622372034,12.07383376361967,593.8,1899.1000000000001,480.484019625,1352.06725824,0.022961978228205115,0.19597821591689124,2099.9000000000015,5945.189999999988,241.53025713646093,768.3758492801644
Toyota,Regular,SAI,2012,8543,2.4 S,0,3.6034615384615387,DAA-AZK10,5,レギュラー,21.0,54171475,12.198751500000002,0.09554140127388536,65,0.00015770292390967757,0.9197618488328037,4.141006210847089,12.25855707098174,667.6,2020.5,508.00635100000005,1404.338820625,0.028659772066556566,0.19170718506835183,2529.139999999996,6093.309999999998,274.00397878225704,821.9903466932738
Toyota,Regular,SAI,2013,12528,2.4 S,0,3.3196583850931685,DAA-AZK10,5,レギュラー,22.4,54594744,12.340572750000002,0.09554140127388536,65,0.00022947263934418302,0.9195631909181587,3.9865841414155336,11.768177261915234,659.0,2133.5,496.20005100000003,1382.632228375,0.02217249313588132,0.17430776382717106,3074.66,7245.169999999984,271.3974728158246,832.4500581940447
Toyota,Regular,SAI,2014,16198,2.4 S,0,3.3253004032258064,DAA-AZK10,5,レギュラー,22.4,55952365,12.340572750000002,0.09554140127388536,65,0.00028949625274999545,0.9188134228106355,3.837712124126014,12.521527927710428,649.9,2252.3,487.33516387500003,1442.6810248749998,0.01735462186568959,0.2118476050636091,3054.1299999999974,7247.549999999974,273.3713351952774,820.4532560808148
Toyota,Regular,SAI,2015,8254,2.4 S,0,3.3006960000000003,DAA-AZK10,5,レギュラー,22.4,56412140,12.340572750000002,0.09554140127388536,65,0.000146316023465871,0.9279170405519096,3.5414572089652125,12.639326182338221,621.0,2376.0,453.29154800000003,1459.0457095,0.01689473715898271,0.21217772015851244,2736.2599999999984,7136.399999999994,270.06675962786903,895.5465571585373
Toyota,Regular,SAI,2016,4617,2.4 S,0,3.304,DAA-AZK10,5,レギュラー,22.4,56950757,12.340572750000002,0.09554140127388536,65,8.107003740090759e-05,0.9300480413280547,3.746843273383017,12.870435378926317,698.6,2455.1,487.423691125,1474.635637125,0.01911878017271007,0.23526682814697564,3056.979999999996,7037.229999999981,277.04703750104636,877.005954790955
Toyota,Regular,アイシス,2006,45196,1.8 L Xセレクション,0,1.8345833333333335,CBA-ZNM10G,7,レギュラー,14.4,51102005,12.814878,0.09428571428571429,76,0.0008844271374479338,0.9152275336359111,4.493674033816359,11.736348279232363,616.5,1783.5,534.146752875,1316.3612268749998,0.029890955049618917,0.1346422571299657,1080.4699999999975,2510.3300000000017,229.78998027454327,1119.6923897125598
Toyota,Regular,アイシス,2007,36658,1.8 L Xセレクション,0,1.8674722222222224,CBA-ZNM10G,7,レギュラー,14.4,51713048,12.884373,0.09428571428571429,76,0.0007088733195537033,0.9201741889203668,4.385279648336651,11.886476094829879,627.6,1775.4,534.83201,1324.5535381250002,0.02377717821908376,0.142157275594208,1050.7400000000016,2305.459999999992,235.36432510763188,1147.6305857542247
Toyota,Regular,アイシス,2008,26536,1.8 L Xセレクション,0,1.8409563894523329,CBA-ZNM10G,7,レギュラー,14.4,52324877,12.884373,0.09428571428571429,76,0.000507139271440619,0.9235641012591391,3.747936415611099,12.531558359167166,566.6,1867.6,480.57547325,1378.81152225,0.017413730162024077,0.19750281618381305,832.1999999999971,2299.480000000003,238.20780256358012,1182.812144755655
Toyota,Regular,アイシス,2009,22345,1.8 L Xセレクション,0,1.9394166666666666,DBA-ZGM10G,7,レギュラー,16.4,52877802,12.884373,0.1006993006993007,76,0.0004225780791720503,0.9291896626111653,3.791657587246997,12.804736499858413,574.1,1860.6999999999998,481.18766012500004,1418.115617375,0.020254014737523307,0.19504457417534482,1004.369999999999,2695.610000000008,237.6841499624661,1095.4153602208025
Toyota,Regular,アイシス,2010,29301,1.8 L Xセレクション,0,1.9534849740932643,DBA-ZGM10G,7,レギュラー,16.4,53362801,12.884373,0.1006993006993007,76,0.0005490903672766352,0.9249569564386247,4.05834019202653,12.984592067652038,610.0,1943.1999999999998,509.543576875,1429.7977055000001,0.02184275609023323,0.19553219315964965,1102.5599999999977,2530.140000000014,249.53019563454836,1128.594096354238
Toyota,Regular,アイシス,2011,18064,1.8 L Xセレクション,0,1.9606542056074767,DBA-ZGM10G,7,レギュラー,16.4,53783435,12.884373,0.1006993006993007,76,0.00033586549464533085,0.9389811007794501,3.8474246628117883,12.07383376361967,598.4,1899.1000000000001,479.798398125,1352.06725824,0.021709327936553557,0.19390194173104502,1046.5,2600.0699999999997,236.64610434139468,995.2641486589564
Toyota,Regular,アイシス,2012,19287,1.8 L Xセレクション,0,1.9730769230769232,DBA-ZGM10G,7,レギュラー,15.2,54171475,12.884373,0.09930555555555555,76,0.0003560360872581003,0.9197618488328037,4.137242056565419,12.25855707098174,673.4,2020.5,507.3207295000001,1404.338820625,0.027569962685664917,0.19110023574917667,1698.579999999998,3286.1100000000006,282.972610078672,1045.9917498300783
Toyota,Regular,アイシス,2013,14025,1.8 L Xセレクション,0,1.9855900621118017,DBA-ZGM10G,7,レギュラー,15.2,54594744,12.884373,0.09930555555555555,76,0.00025689286133478344,0.9195631909181587,3.9828199871338636,11.768177261915234,666.1999999999999,2133.5,495.65625075,1382.632228375,0.021511786735839866,0.17592567701024064,1787.300000000003,4669.009999999995,280.7190401635562,1015.9303673229151
Toyota,Regular,アイシス,2014,9790,1.8 L Xセレクション,0,1.9889364919354842,DBA-ZGM10G,7,レギュラー,15.2,55952365,12.884373,0.09930555555555555,76,0.00017497026265109617,0.9188134228106355,3.833947969844344,12.521527927710428,657.0999999999999,2252.3,486.79136362500003,1442.6810248749998,0.01708123594143074,0.21072779800545405,1906.4500000000044,5299.229999999996,278.61702640751355,993.4937913322356
Toyota,Regular,アイシス,2015,4716,1.8 L Xセレクション,0,1.9730250000000005,DBA-ZGM10G,7,レギュラー,15.2,56412140,12.884373,0.09930555555555555,76,8.35990267343164e-05,0.9279170405519096,3.5376930546835426,12.639326182338221,628.1999999999999,2376.0,452.74774775000003,1459.0457095,0.01665134762900078,0.21090452549811634,1984.5800000000017,6698.639999999999,271.18630907230727,1064.5061850345446
Toyota,Regular,アイシス,2016,3346,1.8 L Xセレクション,0,1.99,DBA-ZGM10G,7,レギュラー,15.4,56950757,12.884373,0.09930555555555555,76,5.8752511402087245e-05,0.9300480413280547,3.743079119101347,12.870435378926317,705.6,2455.1,486.879890875,1474.635637125,0.019529482995640612,0.23298720614965873,2566.980000000003,7275.229999999981,282.1964464319208,1042.7273013921294
Toyota,Regular,アルファード,2006,66199,2.4 G AX,1,2.91375,DBA-ANH10W,8,レギュラー,9.7,51102005,16.904547,0.08932584269662922,87,0.0012954286235931447,0.9152275336359111,4.498633905405444,11.736348279232363,621.1999999999999,1783.5,530.057083875,1316.3612268749998,0.035331988686780114,0.1408703587760769,2027.0499999999993,5569.560000000005,1103.8808176109815,5059.384930566579
Toyota,Regular,アルファード,2007,52236,2.4 G AX,1,2.91375,DBA-ANH10W,8,レギュラー,9.7,51713048,16.904547,0.08932584269662922,87,0.0010101125735230304,0.9201741889203668,4.390239519925736,11.886476094829879,632.3,1775.4,530.811836,1324.5535381250002,0.02814296739033062,0.14987460661494678,2101.66,5288.549999999996,1100.8262340578694,4988.312836919635
Toyota,Regular,アルファード,2008,45119,2.4 240X,1,3.039553752535497,DBA-ANH20W,8,レギュラー,11.6,52324877,16.774694999999998,0.0918918918918919,87,0.0008622858301224483,0.9235641012591391,3.7503302380049215,12.531558359167166,569.4,1867.6,476.68515125,1378.81152225,0.018427556122246225,0.20134427475822525,1246.6000000000004,3585.239999999998,898.722075453541,4993.06946425722
Toyota,Regular,アルファード,2009,29602,2.4 240X,1,3.083333333333334,DBA-ANH20W,8,レギュラー,11.6,52877802,16.774694999999998,0.0918918918918919,87,0.0005598190333251749,0.9291896626111653,3.800464996054406,12.804736499858413,578.9,1860.6999999999998,477.297338125,1418.115617375,0.02266422614205199,0.20517654276230513,1431.5699999999997,3489.530000000006,893.4352147165791,4715.2448325524965
Toyota,Regular,アルファード,2010,35754,2.4 240X,1,3.105699481865285,DBA-ANH20W,8,レギュラー,11.6,53362801,16.774694999999998,0.0918918918918919,87,0.0006700173028773358,0.9249569564386247,4.0671476008339384,12.984592067652038,614.8,1943.1999999999998,505.65325487499996,1429.7977055000001,0.025558074207283843,0.20543982603859012,1605.6000000000004,3847.2600000000093,915.4206163430645,4888.296049288481
Toyota,Regular,アルファード,2011,17783,2.4 240X,1,3.1121495327102804,DBA-ANH20W,8,レギュラー,11.2,53783435,16.843869,0.0918918918918919,87,0.00033064083764824617,0.9389811007794501,3.856232071619197,12.07383376361967,603.5999999999999,1899.1000000000001,475.838902125,1352.06725824,0.025101866206067802,0.20133656812013134,1843.1399999999994,4984.789999999994,925.740537419937,4531.025836804336
Toyota,Regular,アルファード,2012,41471,2.4 240X,1,3.1153846153846154,DBA-ANH20W,8,レギュラー,11.2,54171475,16.843869,0.0918918918918919,87,0.0007655505042090879,0.9197618488328037,4.144655720229082,12.25855707098174,677.4,2020.5,503.3612335000001,1404.338820625,0.03085275098188134,0.19567767791054713,2772.1799999999967,6250.110000000001,1107.2444870353356,4638.650774765265
Toyota,Regular,アルファード,2013,33764,2.4 240X,1,3.10248447204969,DBA-ANH20W,8,レギュラー,11.2,54594744,16.843869,0.0918918918918919,87,0.0006184478124853924,0.9195631909181587,3.9902336507975273,11.768177261915234,670.1999999999999,2133.5,491.69675475,1382.632228375,0.023922382030757805,0.17606704436532317,2908.8999999999996,8748.209999999992,1079.6529757396056,4545.066012061048
Toyota,Regular,アルファード,2014,25863,2.4 240X,1,3.1077762096774197,DBA-ANH20W,8,レギュラー,11.2,55952365,16.843869,0.0918918918918919,87,0.00046223247221096014,0.9188134228106355,3.841361633508008,12.521527927710428,661.0999999999999,2252.3,482.83186762500003,1442.6810248749998,0.018701930674843714,0.2163694479996363,3060.8500000000004,9906.429999999986,1030.0430769213126,4517.93891812137
Toyota,Regular,アルファード,2015,44366,2.5 X,1,3.194802000000001,DBA-AGH30W,8,レギュラー,11.6,56412140,17.09437,0.09479166666666666,87,0.0007864619211396695,0.9279170405519096,3.5422069435724315,12.639326182338221,631.8,2376.0,448.53775075,1459.0457095,0.017068430954461755,0.21286449180471934,3047.2999999999993,11456.399999999994,1020.3521156195602,4934.2835813214915
Toyota,Regular,アルファード,2016,37069,2.5 X,1,3.198,DBA-AGH30W,8,レギュラー,11.6,56950757,17.09437,0.09479166666666666,87,0.0006508956500788918,0.9300480413280547,3.7475930079902358,12.870435378926317,709.4,2455.1,482.66989387499996,1474.635637125,0.019172346185058475,0.23615744163070618,3942.5800000000054,12698.58999999999,1122.601066940846,4907.448018709911
Toyota,Regular,イスト,2006,18945,1.3 F,0,1.3597500000000002,DBA-NCP60,5,レギュラー,18.0,51102005,9.99736425,0.087,90,0.0003707290937019007,0.9152275336359111,4.5009597481020736,11.736348279232363,612.9,1783.5,536.9642666249999,1316.3612268749998,0.03862906239951447,0.1458413116477595,1670.1499999999978,3782.570000000007,483.88633856095475,760.2935519545063
Toyota,Regular,イスト,2007,16602,1.5 150X,0,1.7050833333333335,DBA-NCP110,5,レギュラー,18.0,51713048,10.33835625,0.09478260869565218,90,0.0003210408328667844,0.9201741889203668,4.384782753926713,11.886476094829879,624.0,1775.4,537.37802675,1324.5535381250002,0.023459103926380842,0.14171221467052364,1560.5,3636.019999999997,422.8343591890043,738.1211986332455
Toyota,Regular,イスト,2008,13004,1.5 150X,0,1.6808732251521301,DBA-NCP110,5,レギュラー,18.0,52324877,10.33835625,0.09478260869565218,90,0.00024852423446690566,0.9235641012591391,3.7474395212011613,12.531558359167166,563.0,1867.6,483.12149,1378.81152225,0.0172593054844985,0.1968864146818592,1197.9599999999991,3549.4000000000087,445.0290221760479,753.9589421855708
Toyota,Regular,イスト,2009,5269,1.5 150X,0,1.7050833333333335,DBA-NCP110,5,レギュラー,18.6,52877802,10.33835625,0.09478260869565218,90,9.964483773361079e-05,0.9291896626111653,3.7975742792506457,12.804736499858413,571.9,1860.6999999999998,483.733676875,1418.115617375,0.021206124729212017,0.19967894451818857,1409.1699999999983,4287.530000000013,447.6226456506938,807.5744690631873
Toyota,Regular,イスト,2010,4915,1.5 150X,0,1.7961295336787566,DBA-NCP110,5,レギュラー,18.6,53362801,10.33835625,0.09478260869565218,90,9.210536006159047e-05,0.9249569564386247,4.064256884030178,12.984592067652038,607.8,1943.1999999999998,512.089593625,1429.7977055000001,0.023637411251994478,0.19998165100169585,1503.4000000000015,3913.060000000012,485.6070540345536,781.98787397665
Toyota,Regular,イスト,2011,1689,1.5 150X,0,1.7998598130841124,DBA-NCP110,5,レギュラー,18.6,53783435,10.33835625,0.09478260869565218,90,3.140372123870482e-05,0.9389811007794501,3.853341354815437,12.07383376361967,596.1999999999999,1899.1000000000001,482.344414875,1352.06725824,0.023321351148364533,0.1968268968250424,1344.3799999999974,3561.029999999999,439.5104313853444,725.8555460731841
Toyota,Regular,イスト,2012,944,1.5 150X,0,1.8432692307692309,DBA-NCP110,5,レギュラー,17.2,54171475,10.33835625,0.09478260869565218,90,1.7426145402169684e-05,0.9197618488328037,4.141765003425322,12.25855707098174,671.4,2020.5,509.86674625000006,1404.338820625,0.02902360309594698,0.19225853354091127,1665.7799999999952,3304.1100000000006,448.60519752857726,806.2498634012045
Toyota,Regular,イスト,2013,527,1.5 150X,0,1.8356366459627333,DBA-NCP110,5,レギュラー,17.2,54594744,10.33835625,0.09478260869565218,90,9.652943880458529e-06,0.9195631909181587,3.987342933993767,11.768177261915234,664.1999999999999,2133.5,498.2022675,1382.632228375,0.02244639197109588,0.1744037520729096,1718.5,4105.4100000000035,446.0811687096393,783.908701288623
Toyota,Regular,イスト,2014,380,1.5 150X,0,1.8388850806451615,DBA-NCP110,5,レギュラー,17.2,55952365,10.33835625,0.09478260869565218,90,6.7914912979996465e-06,0.9188134228106355,3.8384709167042477,12.521527927710428,655.0999999999999,2252.3,489.337380375,1442.6810248749998,0.0175470111834769,0.21250920131247453,1809.2500000000036,4519.62999999999,457.9643103905928,830.7407781057664
Toyota,Regular,イスト,2015,300,1.5 150X,0,1.8241740000000002,DBA-NCP110,5,レギュラー,17.2,56412140,10.33835625,0.09478260869565218,90,5.318004245185522e-06,0.9279170405519096,3.542216001543446,12.639326182338221,626.1999999999999,2376.0,455.2937645,1459.0457095,0.01707078375366511,0.21287366884383374,1808.5800000000054,5489.039999999994,454.55873351240007,925.9572364843043
Toyota,Regular,イスト,2016,76,1.5 150X,0,1.8259999999999998,DBA-NCP110,5,レギュラー,17.2,56950757,10.33835625,0.09478260869565218,90,1.3344862123606188e-06,0.9300480413280547,3.7476020659612503,12.870435378926317,703.8,2455.1,489.425907625,1474.635637125,0.019173268271424626,0.23616908827233818,2318.5800000000017,6006.589999999982,461.9945141376629,924.4373289197429
Toyota,Regular,イプサム,2006,7193,2.4 240i,0,2.3207222222222224,DBA-ACM21W,7,レギュラー,12.0,51102005,13.702304,0.10738255033557047,91,0.00014075768651347439,0.9152275336359111,4.480577197766503,11.736348279232363,618.9,1783.5,533.2593268749999,1316.3612268749998,0.02592895452212929,0.146811358638411,1320.949999999999,3404.5699999999997,294.4236529481932,1630.7224806483864
Toyota,Regular,イプサム,2007,4922,2.4 240i,0,2.3207222222222224,DBA-ACM21W,7,レギュラー,12.0,51713048,13.702304,0.10738255033557047,91,9.51790735676613e-05,0.9201741889203668,4.372182812286795,11.886476094829879,630.0,1775.4,534.0140789999999,1324.5535381250002,0.0226544246822995,0.15039397832784607,1344.5,3160.8199999999924,296.20286881311586,1612.1179297097115
Toyota,Regular,イプサム,2008,2834,2.4 240i,0,2.2877707910750513,DBA-ACM21W,7,レギュラー,12.0,52324877,13.702304,0.10738255033557047,91,5.41616180005545e-05,0.9235641012591391,3.734839579561243,12.531558359167166,569.0,1867.6,479.75754225,1378.81152225,0.0197792552872037,0.2020485265990799,1149.9599999999991,3280.600000000006,279.0722164635572,1667.2712508108816
Toyota,Regular,イプサム,2009,1183,2.4 240i,0,2.3207222222222224,DBA-ACM21W,7,レギュラー,12.0,52877802,13.702304,0.10738255033557047,91,2.2372336883443076e-05,0.9291896626111653,3.7849743376107274,12.804736499858413,578.5,1860.6999999999998,480.369729125,1418.115617375,0.02246268448080746,0.20050426838080648,1327.33,3199.850000000006,277.54711061673333,1537.3244579219463
Toyota,Regular,イプサム,2010,21,2.4 240i,0,2.337556476683938,DBA-ACM21W,7,レギュラー,12.0,53362801,13.702304,0.10738255033557047,91,3.9353256587861647e-07,0.9249569564386247,4.05165694239026,12.984592067652038,614.4,1943.1999999999998,508.72564587499994,1429.7977055000001,0.02326813890121915,0.20136917395952114,1491.5200000000004,3510.4600000000137,286.4989242128995,1594.8850446216238
Toyota,Regular,ヴァンガード,2007,13159,2.4 240S 4WD,0,2.7195000000000005,DBA-ACA33W,5,レギュラー,12.6,51713048,13.976316750000002,0.1069182389937107,256,0.00025446189131996243,0.9201741889203668,4.372647123628655,11.886476094829879,629.4,1775.4,533.7400662499999,1324.5535381250002,0.02243615006081101,0.14939225292532976,1223.539999999999,2816.2999999999956,329.74930362959276,1803.9285082396527
Toyota,Regular,ヴァンガード,2008,20230,2.4 240S 4WD,0,2.6859523326572012,DBA-ACA33W,5,レギュラー,12.6,52324877,13.976316750000002,0.1069182389937107,256,0.00038662298241045077,0.9235641012591391,3.7353038909031024,12.531558359167166,568.4,1867.6,479.4835295,1378.81152225,0.019466640717766825,0.2011483277848174,1028.3999999999996,2899.239999999998,304.4311420211452,1867.2685454013117
Toyota,Regular,ヴァンガード,2009,19070,2.4 240S 4WD,0,2.724638888888889,DBA-ACA33W,5,レギュラー,12.6,52877802,13.976316750000002,0.1069182389937107,256,0.00036064282702219736,0.9291896626111653,3.785438648952587,12.804736499858413,577.9,1860.6999999999998,480.095716375,1418.115617375,0.022196626184938006,0.19975824669762998,1194.3700000000008,2841.530000000006,302.57054215605604,1723.3664011173532
Toyota,Regular,ヴァンガード,2010,26374,2.4 240S 4WD,0,2.722663212435233,DBA-ACA33W,5,レギュラー,12.6,53362801,13.976316750000002,0.1069182389937107,256,0.0004942394234515538,0.9249569564386247,4.05212125373212,12.984592067652038,613.8,1943.1999999999998,508.45163312499994,1429.7977055000001,0.023050723547391128,0.20059116566228186,1345.0,3082.6600000000108,311.15118027317476,1789.69349560712
Toyota,Regular,ヴァンガード,2011,19036,2.4 240S 4WD,0,2.728317757009346,DBA-ACA33W,5,レギュラー,12.6,53783435,13.976316750000002,0.1069182389937107,256,0.0003539379736530402,0.9389811007794501,3.841205724517378,12.07383376361967,602.1999999999999,1899.1000000000001,478.70645437499996,1352.06725824,0.022958315380374072,0.19995952827597074,1421.1799999999967,3699.029999999999,304.5664884510097,1591.475201706744
Toyota,Regular,ヴァンガード,2012,17023,2.4 240S 4WD,0,2.7311538461538465,DBA-ACA33W,5,レギュラー,12.6,54171475,13.976316750000002,0.1069182389937107,256,0.0003142428741325578,0.9197618488328037,4.129629373127264,12.25855707098174,676.0,2020.5,506.22878575000004,1404.338820625,0.029003462545552305,0.20069876513413032,2243.5399999999972,4757.709999999999,378.7784056071705,1645.369040352598
Toyota,Regular,ヴァンガード,2013,11065,2.4 240S 4WD,0,2.7198447204968947,DBA-ACA33W,5,レギュラー,12.6,54594744,13.976316750000002,0.1069182389937107,256,0.00020267518792651542,0.9195631909181587,3.9752073036957083,11.768177261915234,668.8,2133.5,494.564307,1382.632228375,0.023726502791303283,0.18985058596632998,2367.100000000002,6872.7699999999895,372.66838273499525,1604.051688741405
Toyota,Regular,ヴァンガード,2014,581,2.4 240S 4WD,0,2.6485584677419354,DBA-ACA33W,5,レギュラー,12.6,55952365,13.976316750000002,0.1069182389937107,256,1.038383274773104e-05,0.9188134228106355,3.826335286406189,12.521527927710428,659.6999999999999,2252.3,485.699419875,1442.6810248749998,0.019992666612424714,0.2194623325495737,2511.2100000000028,7831.62999999999,360.59592286694715,1567.7967458571293
Toyota,Regular,ウィッシュ,2006,78142,1.8 Eパッケージ,0,1.7698333333333331,DBA-ZNE10G,7,レギュラー,14.4,51102005,12.289428000000001,0.10153846153846154,96,0.0015291376532094974,0.9152275336359111,4.486421286563612,11.736348279232363,616.5,1783.5,534.6722028749999,1316.3612268749998,0.025831913274226848,0.13625257529185486,1080.4699999999975,2510.3300000000017,224.185424302279,906.9384349237953
Toyota,Regular,ウィッシュ,2007,56787,1.8 Eパッケージ,0,1.7698333333333331,DBA-ZNE10G,7,レギュラー,14.4,51713048,12.289428000000001,0.10153846153846154,96,0.0010981174422362418,0.9201741889203668,4.378026901083904,11.886476094829879,627.6,1775.4,535.4269549999999,1324.5535381250002,0.0212904506066941,0.14158991555182565,1050.7400000000016,2305.459999999992,228.09738249392467,911.4833238844294
Toyota,Regular,ウィッシュ,2008,39292,1.8 Eパッケージ,0,1.7447038539553754,DBA-ZNE10G,7,レギュラー,14.4,52324877,12.289428000000001,0.10153846153846154,96,0.0007509238865482666,0.9235641012591391,3.740683668358352,12.531558359167166,566.6,1867.6,481.17041825,1378.81152225,0.017070665043897648,0.19467953516664593,832.1999999999971,2299.480000000003,241.26668461613735,936.3407804366361
Toyota,Regular,ウィッシュ,2009,60357,1.8 X,0,1.8911111111111112,DBA-ZGE20G,7,レギュラー,16.0,52877802,12.3702795,0.10746268656716418,96,0.0011414430577125728,0.9291896626111653,3.7848942013791333,12.804736499858413,574.5,1860.6999999999998,481.70175362500004,1418.115617375,0.022510305473560366,0.20063856645448563,971.3300000000017,2538.2500000000073,239.33573637982045,904.6303102366437
Toyota,Regular,ウィッシュ,2010,59447,1.8 X,0,1.9048290155440415,DBA-ZGE20G,7,レギュラー,16.4,53362801,12.3702795,0.10746268656716418,96,0.0011140157354183862,0.9249569564386247,4.051576806158667,12.984592067652038,610.0,1943.1999999999998,510.057670375,1429.7977055000001,0.023307451791336975,0.2015090799136554,1102.5599999999977,2530.140000000014,254.3704616373161,923.8539121230424
Toyota,Regular,ウィッシュ,2011,36766,1.8 X,0,1.908785046728972,DBA-ZGE20G,7,レギュラー,16.4,53783435,12.3702795,0.10746268656716418,96,0.0006835933777751458,0.9389811007794501,3.8406612769439246,12.07383376361967,598.4,1899.1000000000001,480.312491625,1352.06725824,0.02321127017105662,0.20093540942687937,1046.5,2600.0699999999997,236.86926963075348,814.4685506109163
Toyota,Regular,ウィッシュ,2012,36513,1.8 X,0,1.9211538461538462,DBA-ZGE20G,7,レギュラー,15.8,54171475,12.3702795,0.10592592592592592,96,0.0006740263210481161,0.9197618488328037,4.130621686195048,12.25855707098174,672.8000000000001,2020.5,507.8348230000001,1404.338820625,0.028540687718589752,0.19862641210013487,1653.4599999999955,3186.5099999999948,272.5441206124706,867.0080819159411
Toyota,Regular,ウィッシュ,2013,26021,1.8 X,0,1.9131987577639753,DBA-ZGE20G,7,レギュラー,15.8,54594744,12.3702795,0.10592592592592592,96,0.0004766209728907237,0.9195631909181587,3.9761996167634934,11.768177261915234,665.6,2133.5,496.17034425,1382.632228375,0.023168465935689442,0.18722742843940843,1732.2199999999975,4396.609999999986,271.2805379798392,840.5947688330416
Toyota,Regular,ウィッシュ,2014,18588,1.8 X,0,1.916428427419355,DBA-ZGE20G,7,レギュラー,15.8,55952365,12.3702795,0.10592592592592592,96,0.00033221115854530905,0.9188134228106355,3.827327599473974,12.521527927710428,656.5,2252.3,487.30545712500003,1442.6810248749998,0.01935038250669463,0.21748946225823174,1843.6900000000023,4958.669999999984,273.0470152204125,827.9665739892807
Toyota,Regular,ウィッシュ,2015,13204,1.8 X,0,1.9040940000000004,DBA-ZGE20G,7,レギュラー,16.0,56412140,12.3702795,0.10592592592592592,96,0.00023406309351143212,0.9279170405519096,3.5310726843131723,12.639326182338221,627.4,2376.0,453.26184125000003,1459.0457095,0.01876700346187743,0.21746516202072286,1878.6599999999999,6091.919999999984,269.56285269456384,902.8216709871049
Toyota,Regular,ウィッシュ,2016,10752,1.8 X,0,1.906,DBA-ZGE20G,7,レギュラー,16.0,56950757,12.3702795,0.10592592592592592,96,0.00018879468099080755,0.9300480413280547,3.7364587487309766,12.870435378926317,705.0,2455.1,487.393984375,1474.635637125,0.023001800455001553,0.23784649413650838,2455.380000000001,6759.469999999987,276.7174578124159,884.0888955646442
Toyota,Regular,ウィンダム,2006,289,3.0 X,0,3.4533333333333336,TA-MCV30,5,ハイオク,9.8,51102005,12.81222075,0.14144736842105263,97,5.655355401417224e-06,0.9152275336359111,4.446512379681021,11.736348279232363,621.1,1783.5,534.1494101249999,1316.3612268749998,0.08631214645037155,0.37285607631561657,1986.6699999999964,5448.809999999998,229.70051310307645,1118.448380866219
Toyota,Regular,ヴェルファイア,2008,38969,2.4 X,0,3.039553752535497,DBA-ANH20W,8,レギュラー,11.6,52324877,16.774694999999998,0.0918918918918919,259,0.0007447509145602005,0.9235641012591391,3.7503302380049215,12.531558359167166,569.4,1867.6,476.68515125,1378.81152225,0.018427556122246225,0.20134427475822525,1246.6000000000004,3585.239999999998,898.722075453541,4993.06946425722
Toyota,Regular,ヴェルファイア,2009,49636,2.4 X,0,3.083333333333334,DBA-ANH20W,8,レギュラー,11.6,52877802,16.774694999999998,0.0918918918918919,259,0.0009386925727359091,0.9291896626111653,3.800464996054406,12.804736499858413,578.9,1860.6999999999998,477.297338125,1418.115617375,0.02266422614205199,0.20517654276230513,1431.5699999999997,3489.530000000006,893.4352147165791,4715.2448325524965
Toyota,Regular,ヴェルファイア,2010,61015,2.4 X,0,3.105699481865285,DBA-ANH20W,8,レギュラー,11.6,53362801,16.774694999999998,0.0918918918918919,259,0.001143399500337323,0.9249569564386247,4.0671476008339384,12.984592067652038,614.8,1943.1999999999998,505.65325487499996,1429.7977055000001,0.025558074207283843,0.20543982603859012,1605.6000000000004,3847.2600000000093,915.4206163430645,4888.296049288481
Toyota,Regular,ヴェルファイア,2011,27206,2.4 X,0,3.1121495327102804,DBA-ANH20W,8,レギュラー,11.2,53783435,16.843869,0.0918918918918919,259,0.0005058434813618728,0.9389811007794501,3.856232071619197,12.07383376361967,603.5999999999999,1899.1000000000001,475.838902125,1352.06725824,0.025101866206067802,0.20133656812013134,1843.1399999999994,4984.789999999994,925.740537419937,4531.025836804336
Toyota,Regular,ヴェルファイア,2012,58513,2.4 X,0,3.1153846153846154,DBA-ANH20W,8,レギュラー,11.2,54171475,16.843869,0.0918918918918919,259,0.0010801441164376639,0.9197618488328037,4.144655720229082,12.25855707098174,677.4,2020.5,503.3612335000001,1404.338820625,0.03085275098188134,0.19567767791054713,2772.1799999999967,6250.110000000001,1107.2444870353356,4638.650774765265
Toyota,Regular,ヴェルファイア,2013,50575,2.4 X,0,3.10248447204969,DBA-ANH20W,8,レギュラー,11.2,54594744,16.843869,0.0918918918918919,259,0.0009263712272375524,0.9195631909181587,3.9902336507975273,11.768177261915234,670.1999999999999,2133.5,491.69675475,1382.632228375,0.023922382030757805,0.17606704436532317,2908.8999999999996,8748.209999999992,1079.6529757396056,4545.066012061048
Toyota,Regular,ヴェルファイア,2014,36734,2.4 X,0,3.1077762096774197,DBA-ANH20W,8,レギュラー,11.2,55952365,16.843869,0.0918918918918919,259,0.0006565227403703132,0.9188134228106355,3.841361633508008,12.521527927710428,661.0999999999999,2252.3,482.83186762500003,1442.6810248749998,0.018701930674843714,0.2163694479996363,3060.8500000000004,9906.429999999986,1030.0430769213126,4517.93891812137
Toyota,Regular,ヴェルファイア,2015,54180,2.5 X,0,3.194802000000001,DBA-AGH30W,8,レギュラー,11.6,56412140,17.146539999999998,0.09479166666666666,259,0.0009604315666805053,0.9279170405519096,3.5422069435724315,12.639326182338221,631.8,2376.0,448.48558075,1459.0457095,0.017068430954461755,0.21286449180471934,3047.2999999999993,11456.399999999994,1037.8629463044035,5010.699331153861
Toyota,Regular,ヴェルファイア,2016,48982,2.5 X,0,3.198,DBA-AGH30W,8,レギュラー,11.6,56950757,17.146539999999998,0.09479166666666666,259,0.0008600763638664189,0.9300480413280547,3.7475930079902358,12.870435378926317,709.4,2455.1,482.61772387499997,1474.635637125,0.019172346185058475,0.23615744163070618,3942.5800000000054,12698.58999999999,1141.9095946361267,4984.023463768579
Toyota,Regular,ヴォクシー,2006,63546,2.0 X Eエディション,0,2.050416666666667,DBA-AZR60G,8,レギュラー,14.2,51102005,14.361735000000001,0.10333333333333333,260,0.0012435128523822108,0.9152275336359111,4.48462641476874,11.736348279232363,616.6999999999999,1783.5,532.599895875,1316.3612268749998,0.025541932850402183,0.13861604563728003,1081.1499999999978,2531.6100000000006,387.33382380872354,2133.8856537684624
Toyota,Regular,ヴォクシー,2007,73457,2.0 トランスX,0,2.050416666666667,DBA-ZRR70G,5,レギュラー,13.4,51713048,14.408771250000001,0.0934640522875817,260,0.0014204732237016854,0.9201741889203668,4.386101310334784,11.886476094829879,628.6,1775.4,533.30761175,1324.5535381250002,0.024350814144851518,0.14302431834133777,1111.5400000000009,2492.459999999999,396.1358722192672,2143.616575791508
Toyota,Regular,ヴォクシー,2008,70165,2.0 トランスX,0,2.0213032454361057,DBA-ZRR70G,5,レギュラー,13.4,52324877,14.408771250000001,0.0934640522875817,260,0.0013409491626707503,0.9235641012591391,3.7487580776092315,12.531558359167166,567.6,1867.6,479.05107499999997,1378.81152225,0.017711338901354567,0.1986586038537359,910.0,2531.8799999999974,356.36838236224867,2221.40468935408
Toyota,Regular,ヴォクシー,2009,71426,2.0 トランスX,0,2.050416666666667,DBA-ZRR70G,5,レギュラー,13.4,52877802,14.408771250000001,0.0934640522875817,260,0.0013507747542153888,0.9291896626111653,3.798892835658716,12.804736499858413,577.1,1860.6999999999998,479.663261875,1418.115617375,0.021790369159054634,0.20192332142483504,1060.7699999999986,2506.0100000000093,353.97829655928945,2055.7833384981495
Toyota,Regular,ヴォクシー,2010,72163,2.0 トランスX,0,2.1222279792746113,DBA-ZRR70G,5,レギュラー,13.6,53362801,14.408771250000001,0.10193548387096774,260,0.0013523090738808857,0.9249569564386247,4.057104008854863,12.984592067652038,612.8,1943.1999999999998,508.019178625,1429.7977055000001,0.02183032896570647,0.19574321342740264,1166.3999999999978,2576.060000000012,362.5841651530718,2136.5570079067984
Toyota,Regular,ヴォクシー,2011,48652,2.0 トランスX,0,2.126635514018692,DBA-ZRR70G,5,レギュラー,13.6,53783435,14.408771250000001,0.10193548387096774,260,0.0009045907908262088,0.9389811007794501,3.846188479640121,12.07383376361967,601.1999999999999,1899.1000000000001,478.27399987499996,1352.06725824,0.021717373846383725,0.19436074049115915,1213.3799999999992,3071.0299999999916,357.17582806139944,1907.366405107663
Toyota,Regular,ヴォクシー,2012,50539,2.0 トランスX,0,2.128846153846154,DBA-ZRR70G,5,レギュラー,13.6,54171475,14.408771250000001,0.10193548387096774,260,0.0009329448755087433,0.9197618488328037,4.134612128250007,12.25855707098174,675.0,2020.5,505.7963312500001,1404.338820625,0.027514808964300363,0.19277817153138344,1966.739999999998,3991.709999999999,444.40921022582734,1965.1511351566514
Toyota,Regular,ヴォクシー,2013,41918,2.0 トランスX,0,2.1200310559006215,DBA-ZRR70G,5,レギュラー,13.6,54594744,14.408771250000001,0.10193548387096774,260,0.0007678028492999252,0.9195631909181587,3.9801900588184513,11.768177261915234,667.8,2133.5,494.13185250000004,1382.632228375,0.02173962145250996,0.1791244412671671,2078.5,5828.369999999995,436.1126409663393,1918.05749246481
Toyota,Regular,ヴォクシー,2014,109174,2.0 X Cパッケージ,0,2.257820564516129,DBA-ZRR80G,8,レギュラー,14.6,55952365,14.523395625000001,0.09743589743589744,260,0.0019511954499152986,0.9188134228106355,3.835817627964002,12.521527927710428,657.6999999999999,2252.3,485.15234100000004,1442.6810248749998,0.017075344519954072,0.2108341653341248,1998.010000000002,5731.229999999981,437.5354665092873,1969.408125872411
Toyota,Regular,ヴォクシー,2015,92546,2.0 X Cパッケージ,0,2.239758,DBA-ZRR80G,8,レギュラー,14.6,56412140,14.523395625000001,0.09743589743589744,260,0.0016405334029164645,0.9279170405519096,3.5395627128032006,12.639326182338221,628.8,2376.0,451.10872512500003,1459.0457095,0.016641183157462547,0.21108353849822103,2095.0999999999985,7261.199999999997,406.935403854528,2031.6982957491346
Toyota,Regular,ヴォクシー,2016,91868,2.0 X Cパッケージ,0,2.254,DBA-ZRR80G,8,レギュラー,14.6,56950757,14.523395625000001,0.09743589743589744,260,0.001613112886278228,0.9300480413280547,3.744948777221005,12.870435378926317,706.4,2455.1,485.24086825,1474.635637125,0.01918380420493271,0.2336625702665618,2760.5800000000017,8107.389999999985,440.82469020233657,2003.7368767848748
Toyota,Regular,エスティマ,2006,95626,2.4 X,0,2.7410833333333335,DBA-ACR50W,8,レギュラー,12.4,51102005,14.93163,0.1,105,0.001871276870643334,0.9152275336359111,4.487959748102074,11.736348279232363,618.5,1783.5,532.0300008749999,1316.3612268749998,0.02630610894886054,0.13484725638771833,1245.6699999999964,3158.729999999996,498.4546854074106,2653.501502836283
Toyota,Regular,エスティマ,2007,74234,2.4 X,0,2.7410833333333335,DBA-ACR50W,8,レギュラー,12.4,51713048,14.93163,0.1,105,0.001435498445189307,0.9201741889203668,4.379565362622365,11.886476094829879,629.6,1775.4,532.7847529999999,1324.5535381250002,0.02143112509523626,0.1406465283879892,1260.3400000000001,2921.459999999999,498.37822845069786,2614.75490945817
Toyota,Regular,エスティマ,2008,58463,2.4 X,0,2.702163286004057,DBA-ACR50W,8,レギュラー,12.4,52324877,14.93163,0.1,105,0.0011173079298399497,0.9235641012591391,3.7422221298968132,12.531558359167166,568.6,1867.6,478.52821625,1378.81152225,0.016800579289733997,0.19417072065047414,1065.7999999999993,3016.280000000006,438.6433209521765,2712.508927116869
Toyota,Regular,エスティマ,2009,52403,2.4 X,0,2.8161111111111112,DBA-ACR50W,8,レギュラー,12.4,52877802,14.93163,0.1,105,0.0009910207689797696,0.9291896626111653,3.7923568879462977,12.804736499858413,578.1,1860.6999999999998,479.14040312500003,1418.115617375,0.020224253233061762,0.19512895306409028,1235.5699999999997,2950.810000000012,435.6130606207589,2521.127481689138
Toyota,Regular,エスティマ,2010,50053,2.4 X,0,2.8365388601036265,DBA-ACR50W,8,レギュラー,12.4,53362801,14.93163,0.1,105,0.0009379755009486852,0.9249569564386247,4.059039492725831,12.984592067652038,614.0,1943.1999999999998,507.496319875,1429.7977055000001,0.021905278927142557,0.19558741997440077,1390.5599999999977,3214.9400000000096,445.248421884673,2620.3667581530826
Toyota,Regular,エスティマ,2011,32901,2.4 X,0,2.8424299065420566,DBA-ACR50W,8,レギュラー,12.4,53783435,14.93163,0.1,105,0.0006117311027084827,0.9389811007794501,3.848123963511089,12.07383376361967,602.4,1899.1000000000001,477.751141125,1352.06725824,0.021757562341972903,0.19380617399861455,1472.0999999999985,3853.6699999999983,440.2633677083559,2349.733160159958
Toyota,Regular,エスティマ,2012,39331,2.4 X,0,2.855769230769231,DBA-ACR50W,8,レギュラー,11.6,54171475,14.93163,0.1,105,0.0007260463186575592,0.9197618488328037,4.1365476121209745,12.25855707098174,677.0,2020.5,505.2734725000001,1404.338820625,0.027498947483644787,0.19137529151478816,2604.3399999999983,5773.709999999999,544.738822879368,2414.220144758896
Toyota,Regular,エスティマ,2013,34882,2.4 X,0,2.843944099378882,DBA-ACR50W,8,レギュラー,11.6,54594744,14.93163,0.1,105,0.0006389259742659477,0.9195631909181587,3.982125542689419,11.768177261915234,669.8,2133.5,493.60899375,1382.632228375,0.02151683999445031,0.17660500257239553,2737.699999999999,8163.169999999998,533.2991176550604,2359.1436944041125
Toyota,Regular,エスティマ,2014,25688,2.4 X,0,2.899315524193548,DBA-ACR50W,8,レギュラー,11.6,55952365,14.93163,0.1,105,0.0004591048117447761,0.9188134228106355,3.8332535253998996,12.521527927710428,660.6999999999999,2252.3,484.74410662500003,1442.6810248749998,0.017154649254918386,0.21091442974165853,2887.810000000005,9262.829999999987,510.54800148697905,2318.6225078761126
Toyota,Regular,エスティマ,2015,17193,2.4 X,0,2.876121,DBA-ACR50W,8,レギュラー,11.6,56412140,14.93163,0.1,105,0.00030477482329158227,0.9279170405519096,3.536998610239098,12.639326182338221,631.8,2376.0,450.70049075000003,1459.0457095,0.0167210061950267,0.21106595518314064,3047.2999999999993,11456.399999999994,471.6698254012699,2379.5759781295565
Toyota,Regular,エスティマ,2016,20336,2.4 アエラス,0,3.2710000000000004,DBA-ACR50W,8,レギュラー,11.6,56950757,15.223729000000004,0.09826589595375723,105,0.0003570804159811256,0.9300480413280547,3.744118778703145,12.870435378926317,709.4,2455.1,484.540534875,1474.635637125,0.019302744973144548,0.23325143928993697,3942.5800000000054,12698.58999999999,574.1376703612732,2625.7084113859964
Toyota,Regular,オーリス,2006,9342,1.5 150X,0,1.6670555555555555,DBA-NZE151H,5,レギュラー,17.6,51102005,11.252208,0.08870967741935484,114,0.0001828108310035976,0.9152275336359111,4.499250070682718,11.736348279232363,613.3,1783.5,535.709422875,1316.3612268749998,0.036159102220260086,0.14205980337974955,1548.3100000000013,3486.3299999999945,284.4388594101347,683.0902796800547
Toyota,Regular,オーリス,2007,32343,1.5 150X,0,1.6670555555555555,DBA-NZE151H,5,レギュラー,17.6,51713048,11.252208,0.08870967741935484,114,0.0006254320959770153,0.9201741889203668,4.39085568520301,11.886476094829879,624.4,1775.4,536.464175,1324.5535381250002,0.02883650321064246,0.1512490583128674,1447.5400000000009,3333.2999999999956,289.9165055999638,704.6296267901416
Toyota,Regular,オーリス,2008,22900,1.5 150X,0,1.6433853955375255,DBA-NZE151H,5,レギュラー,17.6,52324877,11.252208,0.08870967741935484,114,0.000437650335996012,0.9235641012591391,3.7535124524774583,12.531558359167166,563.4,1867.6,482.20763825,1378.81152225,0.02046730168178479,0.20868665862542501,1107.4000000000015,3249.2400000000052,312.6231560861088,719.9527374710087
Toyota,Regular,オーリス,2009,13513,1.5 150X,0,1.6670555555555555,DBA-NZE151H,5,レギュラー,17.6,52877802,11.252208,0.08870967741935484,114,0.00025555146940487426,0.9291896626111653,3.8036472105269428,12.804736499858413,572.9,1860.6999999999998,482.819825125,1418.115617375,0.02502305080687517,0.21368283656765685,1178.369999999999,3411.5300000000134,314.0978834666639,721.4626070476806
Toyota,Regular,オーリス,2010,18606,1.5 150X,0,1.6791481865284974,DBA-NZE151H,5,レギュラー,20.0,53362801,11.318868,0.08870967741935484,114,0.00034866985336845415,0.9249569564386247,4.070329815306476,12.984592067652038,606.4,1943.1999999999998,511.10908187499996,1429.7977055000001,0.02846475550586325,0.21394137197028984,1965.119999999999,5443.260000000009,331.7552441027674,717.4569808318556
Toyota,Regular,オーリス,2011,7240,1.5 150X,0,1.6826355140186917,DBA-NZE151H,5,レギュラー,20.0,53783435,11.318868,0.08870967741935484,114,0.0001346139382878762,0.9389811007794501,3.859414286091734,12.07383376361967,594.8,1899.1000000000001,481.363903125,1352.06725824,0.027815616460797776,0.20863936096068203,1730.5,4782.389999999999,301.5192902949857,643.8745838746763
Toyota,Regular,オーリス,2012,10117,1.5 150X Cパッケージ,0,1.775769230769231,DBA-NZE181H,5,レギュラー,18.2,54171475,10.985040000000001,0.08852459016393442,114,0.00018675880617982066,0.9197618488328037,4.14802302195704,12.25855707098174,670.4,2020.5,509.22006250000004,1404.338820625,0.03386851643691857,0.2022946072529881,1775.3799999999974,3688.1100000000006,354.947566307721,713.610405027237
Toyota,Regular,オーリス,2013,13521,1.5 150X Cパッケージ,0,1.7684161490683232,DBA-NZE181H,5,レギュラー,18.2,54594744,10.985040000000001,0.08852459016393442,114,0.00024766120343013237,0.9195631909181587,3.993600952525485,11.768177261915234,663.1999999999999,2133.5,497.55558375,1382.632228375,0.026505692815110393,0.1805964936144706,1807.1000000000022,4192.609999999986,353.72050135878635,691.7648561671922
Toyota,Regular,オーリス,2014,8838,1.5 150X Cパッケージ,0,1.771412298387097,DBA-NZE181H,5,レギュラー,18.2,55952365,10.985040000000001,0.08852459016393442,114,0.00015795578971505495,0.9188134228106355,3.8447289352359655,12.521527927710428,654.0999999999999,2252.3,488.690696625,1442.6810248749998,0.020890164188847815,0.22354234831904973,1880.650000000005,4510.829999999987,363.2797060886969,716.0897465758644
Toyota,Regular,オーリス,2015,7995,1.5 150X Cパッケージ,0,1.7882100000000003,DBA-NZE181H,5,レギュラー,18.2,56412140,11.278784,0.08852459016393442,114,0.00014172481313419417,0.9279170405519096,3.548474020075164,12.639326182338221,625.1999999999999,2376.0,454.35333675000004,1459.0457095,0.020147418803040384,0.22423404332387786,1831.5800000000017,5268.239999999991,330.95826519255024,783.8609855627947
Toyota,Regular,オーリス,2016,15445,1.5 150X Cパッケージ,0,1.79,DBA-NZE181H,5,レギュラー,18.2,56950757,11.278784,0.08852459016393442,114,0.0002711992046040758,0.9300480413280547,3.753860084492968,12.870435378926317,702.8,2455.1,488.485479875,1474.635637125,0.02137910337298443,0.2492748941751186,2292.5800000000017,5662.989999999976,335.1844923945955,773.348035446892
Toyota,Regular,カムリ,2006,12942,2.4 G,0,2.5468333333333337,DBA-ACV40,5,レギュラー,11.4,51102005,12.882051,0.11133333333333334,115,0.00025325816472367374,0.9152275336359111,4.47662641476874,11.736348279232363,619.5,1783.5,534.0795798749999,1316.3612268749998,0.027697243547435857,0.15863180650289577,1460.2699999999986,3845.9300000000003,232.25802472855685,1151.7074415445677
Toyota,Regular,カムリ,2007,7341,2.4 G,0,2.5468333333333337,DBA-ACV40,5,レギュラー,11.4,51713048,12.882051,0.11133333333333334,115,0.00014195643621702593,0.9201741889203668,4.3682320292890315,11.886476094829879,630.6,1775.4,534.8343319999999,1324.5535381250002,0.025279199098018235,0.16102818134962282,1497.1400000000012,3592.459999999999,235.2754159830547,1146.542426365384
Toyota,Regular,カムリ,2008,4864,2.4 G,0,2.510671399594321,DBA-ACV40,5,レギュラー,11.4,52324877,12.882051,0.11133333333333334,115,9.295769582028831e-05,0.9235641012591391,3.73088879656348,12.531558359167166,569.6,1867.6,480.57779525,1378.81152225,0.023119544345406307,0.21190606450935157,1299.5999999999985,3752.6800000000003,238.16607426497285,1181.6768112624559
Toyota,Regular,カムリ,2009,2626,2.4 G,0,2.574583333333334,DBA-ACV40,5,レギュラー,11.4,52877802,12.882051,0.11133333333333334,115,4.966167088412639e-05,0.9291896626111653,3.7810235546129642,12.804736499858413,579.1,1860.6999999999998,481.18998212500003,1418.115617375,0.025406830439612338,0.2090673701784107,1488.3700000000008,3649.610000000008,237.64526465970812,1094.4027253088352
Toyota,Regular,カムリ,2010,1176,2.4 G,0,2.593259067357513,DBA-ACV40,5,レギュラー,11.4,53362801,12.882051,0.11133333333333334,115,2.203782368920252e-05,0.9249569564386247,4.047706159392497,12.984592067652038,615.0,1943.1999999999998,509.545898875,1429.7977055000001,0.025833272647579286,0.21023933310762155,1667.5600000000013,4031.1400000000067,249.5033359361205,1127.5160537864795
Toyota,Regular,カムリ,2011,5286,2.5,0,3.1536448598130846,DAA-AVV50,5,レギュラー,23.4,53783435,12.94426875,0.1038961038961039,115,9.828304941846871e-05,0.9389811007794501,3.844227859614985,12.07383376361967,591.4,1899.1000000000001,479.738502375,1352.06725824,0.02197457581570994,0.19584680144350797,3304.7000000000007,9723.26999999999,237.96090505897882,1020.488113854306
Toyota,Regular,カムリ,2012,19306,2.5,0,3.156923076923077,DAA-AVV50,5,レギュラー,23.4,54171475,12.94426875,0.1038961038961039,115,0.0003563868253541186,0.9197618488328037,4.13265150822487,12.25855707098174,665.2,2020.5,507.2608337500001,1404.338820625,0.02785170516959723,0.19515411818381256,3699.3799999999974,9714.910000000003,285.6315470446407,1071.142129636377
Toyota,Regular,カムリ,2013,11572,2.5,0,3.154192546583851,DAA-AVV50,5,レギュラー,23.4,54594744,12.94426875,0.1038961038961039,115,0.000211961796175837,0.9195631909181587,3.9782294387933153,11.768177261915234,658.0,2133.5,495.596355,1382.632228375,0.022278486128325947,0.18261616980118855,3589.66,8611.569999999992,283.228256666609,1040.5869606365304
Toyota,Regular,カムリ,2014,8834,2.5,0,3.230637096774194,DAA-AVV50,5,レギュラー,23.4,55952365,13.011337499999998,0.1038961038961039,115,0.00015788430033297074,0.9188134228106355,3.8293574215037958,12.521527927710428,648.9,2252.3,486.664399125,1442.6810248749998,0.018281936677169153,0.214232933661338,3541.529999999999,8559.549999999988,283.24830371315693,1044.710405210455
Toyota,Regular,カムリ,2015,7201,2.5,0,3.2177790000000006,DAA-AVV50,5,レギュラー,23.4,56412140,13.011337499999998,0.1038961038961039,115,0.0001276498285652698,0.9279170405519096,3.533102506342994,12.639326182338221,620.0,2376.0,452.62078325,1459.0457095,0.017773572261303272,0.21426095102999065,3144.0599999999977,8246.799999999988,274.5987399061414,1114.8551668464133
Toyota,Regular,カムリ,2016,4900,2.5,0,3.208,DAA-AVV50,5,レギュラー,23.4,56950757,13.011337499999998,0.1038961038961039,115,8.60392426390399e-05,0.9300480413280547,3.7384885707607984,12.870435378926317,697.6,2455.1,486.75292637499996,1474.635637125,0.02156445943535068,0.2351546028443594,3446.979999999996,8035.229999999981,286.80524410149883,1092.4053844078808
Toyota,Regular,カルディナ,2006,10898,1.8 X,1,1.87775,CBA-ZZT241W,5,レギュラー,15.6,51102005,11.339493,0.1064516129032258,116,0.0002132597341337194,0.9152275336359111,4.4815081351988475,11.736348279232363,615.3,1783.5,535.622137875,1316.3612268749998,0.025712247474910743,0.14457595705110915,1150.3100000000013,2585.9300000000003,275.7200988668228,691.8950115404659
Toyota,Regular,カルディナ,2007,4453,1.8 X,1,1.87775,CBA-ZZT241W,5,レギュラー,15.6,51713048,11.339493,0.1064516129032258,116,8.610979573279069e-05,0.9201741889203668,4.373113749719139,11.886476094829879,626.4,1775.4,536.37689,1324.5535381250002,0.022235900853282753,0.14843809594689583,1093.9399999999987,2400.4999999999927,281.0659879781924,712.004226875637
Toyota,Regular,カローラ,2006,143176,1.5 X,1,1.5324166666666668,DBA-NZE141,5,レギュラー,18.2,51102005,10.913427,0.09734513274336283,117,0.002801768736862673,0.9152275336359111,4.4906146153587105,11.736348279232363,612.6999999999999,1783.5,536.048203875,1316.3612268749998,0.027614251397080403,0.13376920903334044,1736.3500000000022,3945.209999999992,324.63025234791894,666.3818103807971
Toyota,Regular,カローラ,2007,147069,1.5 X,1,1.5324166666666668,DBA-NZE141,5,レギュラー,18.2,51713048,10.913427,0.09734513274336283,117,0.0028439437567091383,0.9201741889203668,4.382220229879002,11.886476094829879,623.8,1775.4,536.802956,1324.5535381250002,0.022163722133829555,0.14036561987749163,1622.260000000002,3801.899999999994,330.6192898970676,693.4719562860555
Toyota,Regular,カローラ,2008,144051,1.5 X,1,1.4589858012170387,DBA-NZE141,5,レギュラー,18.2,52324877,10.913427,0.09734513274336283,117,0.0027530117270987563,0.9235641012591391,3.7448769971534506,12.531558359167166,562.8,1867.6,482.54641925,1378.81152225,0.016768678624607847,0.19469540204694447,1247.9199999999983,3714.5999999999913,354.11025278448506,708.0117352519519
Toyota,Regular,カローラ,2009,90178,1.5 X,1,1.48,DBA-NZE141,5,レギュラー,18.6,52877802,10.913427,0.09734513274336283,117,0.001705403715532654,0.9291896626111653,3.795011755202935,12.804736499858413,571.9,1860.6999999999998,483.158606125,1418.115617375,0.020458554823065578,0.19658021273128368,1409.1699999999983,4287.530000000013,355.99977472843966,728.6432701387712
Toyota,Regular,カローラ,2010,111265,1.5 X,1,1.4907357512953368,DBA-NZE141,5,レギュラー,20.0,53362801,10.913427,0.09734513274336283,117,0.0020850667115468696,0.9249569564386247,4.061694359982468,12.984592067652038,606.4,1943.1999999999998,511.51452287499995,1429.7977055000001,0.022507744085479953,0.19694581469495898,1965.119999999999,5443.260000000009,385.81342435241095,714.0631785578516
Toyota,Regular,カローラ,2011,70758,1.5 X,1,1.4938317757009347,DBA-NZE141,5,レギュラー,20.0,53783435,10.913427,0.09734513274336283,117,0.0013156095366538042,0.9389811007794501,3.850778830767726,12.07383376361967,594.8,1899.1000000000001,481.769344125,1352.06725824,0.022287972297807324,0.19452008496841744,1730.5,4782.389999999999,349.48540834366395,649.561632402354
Toyota,Regular,カローラ,2012,80459,1.3 X,1,1.448653846153846,DBA-NRE160,5,レギュラー,20.6,54171475,10.789692,0.09047619047619047,117,0.0014852650772385282,0.9197618488328037,4.146071421644784,12.25855707098174,668.0,2020.5,509.41541050000006,1404.338820625,0.032004616285949083,0.19811424706183267,2381.139999999996,5629.709999999992,379.53630447114665,730.5736715481435
Toyota,Regular,カローラ,2013,101664,1.3 X,1,1.4426552795031058,DBA-NRE160,5,レギュラー,20.6,54594744,10.789692,0.09047619047619047,117,0.0018621572801953243,0.9195631909181587,3.9916493522132286,11.768177261915234,660.8,2133.5,497.75093175,1382.632228375,0.024895195002593296,0.17763150824152918,2354.300000000003,5405.569999999978,378.005624679241,708.7547446158642
Toyota,Regular,カローラ,2014,114331,1.3 X,1,1.445126008064516,DBA-NRE160,5,レギュラー,20.6,55952365,10.789692,0.09047619047619047,117,0.002043363135767362,0.9188134228106355,3.842777334923709,12.521527927710428,651.6999999999999,2252.3,488.886044625,1442.6810248749998,0.019511405747796418,0.21903423607446504,2378.410000000007,5526.029999999999,388.3550038156991,739.5258582349561
Toyota,Regular,カローラ,2015,109027,1.3 X,1,1.4835150000000001,DBA-NRE160,5,レギュラー,20.6,56412140,10.88868,0.09047619047619047,117,0.0019326868294661397,0.9279170405519096,3.5465224197629075,12.639326182338221,622.8,2376.0,454.74344075,1459.0457095,0.018876988793685268,0.21961547883765542,2188.7000000000007,5782.799999999988,374.2863649371957,815.3252243196002
Toyota,Regular,カローラ,2016,84770,1.3 X,1,1.485,DBA-NRE160,5,レギュラー,20.6,56950757,10.88868,0.09047619047619047,117,0.0014884788976553902,0.9300480413280547,3.7519084841807118,12.870435378926317,700.4,2455.1,488.87558387499996,1474.635637125,0.020355024286901724,0.24410360210783422,2556.5800000000054,5890.989999999976,379.19991413374373,808.3280440798917
Toyota,Regular,クラウン,2006,64389,2.5 ロイヤルエクストラ,0,3.4646388888888895,DBA-GRS180,5,ハイオク,12.0,51102005,12.664344,0.13870967741935483,124,0.0012600092696949954,0.9152275336359111,4.4492500706827185,11.736348279232363,618.9,1783.5,534.2972868749999,1316.3612268749998,0.07768570805521402,0.3443120722307067,1320.949999999999,3404.5699999999997,225.7010995587043,1051.9124378150518
Toyota,Regular,クラウン,2007,51339,2.5 ロイヤルエクストラ,0,3.4646388888888895,DBA-GRS180,5,ハイオク,12.0,51713048,12.664344,0.13870967741935483,124,0.0009927668545083631,0.9201741889203668,4.34085568520301,11.886476094829879,630.0,1775.4,535.0520389999999,1324.5535381250002,0.08120254759356738,0.33848854560407293,1344.5,3160.8199999999924,229.0471204549558,1050.3144696464806
Toyota,Regular,クラウン,2008,73376,2.5 ロイヤルサルーン,0,3.7285192697768768,DBA-GRS200,5,ハイオク,12.0,52324877,12.8502255,0.13522012578616352,124,0.0014023157665521125,0.9235641012591391,3.7070020041106497,12.531558359167166,569.0,1867.6,480.60962075,1378.81152225,0.0692483001504498,0.3552893818583027,1149.9599999999991,3280.600000000006,237.63652687435388,1166.2527801805918
Toyota,Regular,クラウン,2009,36513,2.5 ロイヤルサルーン,0,3.7822222222222224,DBA-GRS200,5,ハイオク,12.0,52877802,12.8502255,0.13522012578616352,124,0.0006905165990068952,0.9291896626111653,3.757136762160134,12.804736499858413,578.5,1860.6999999999998,481.221807625,1418.115617375,0.06914046912425409,0.34528935973519204,1327.33,3199.850000000006,237.15468357586906,1080.6614966200286
Toyota,Regular,クラウン,2010,38545,2.5 ロイヤルサルーン スペシャルパッケージ,0,3.5715544041450777,DBA-GRS200,5,レギュラー,12.4,53362801,12.8502255,0.12767295597484277,124,0.0007223196548472034,0.9249569564386247,4.031366536750988,12.984592067652038,614.0,1943.1999999999998,509.57772437499995,1429.7977055000001,0.0500351765489937,0.28969282636423,1390.5599999999977,3214.9400000000096,249.1797521778335,1112.8805165574086
Toyota,Regular,クラウン,2011,28325,2.5 ロイヤルサルーン スペシャルパッケージ,0,3.578971962616823,DBA-GRS200,5,レギュラー,12.4,53783435,12.8502255,0.12767295597484277,124,0.0005266491439232172,0.9389811007794501,3.820451007536246,12.07383376361967,602.4,1899.1000000000001,479.83254562499997,1352.06725824,0.048960004897856124,0.28791525979203136,1472.0999999999985,3853.6699999999983,236.02175830650776,981.272145584735
Toyota,Regular,クラウン,2012,28616,2.5 ロイヤルサルーン スペシャルパッケージ,0,3.582692307692308,DBA-GRS200,5,レギュラー,12.4,54171475,12.8502255,0.12767295597484277,124,0.000528248492403059,0.9197618488328037,4.108874656146131,12.25855707098174,676.2,2020.5,507.35487700000004,1404.338820625,0.05763947124142077,0.3004622321533055,2308.979999999996,4940.909999999996,281.59158505820415,1032.054544299819
Toyota,Regular,クラウン,2013,82361,2.5 ロイヤル,0,3.6505900621118017,DBA-GRS210,5,レギュラー,11.4,54594744,12.86406,0.1318181818181818,124,0.0015085884458035008,0.9195631909181587,3.9503073608712373,11.768177261915234,670.0,2133.5,495.67656375,1382.632228375,0.06416256992247904,0.3349730611116737,2821.66,8450.76999999999,279.93486684333584,1007.7687501308028
Toyota,Regular,クラウン,2014,49159,2.5 ロイヤル,0,3.6566219758064524,DBA-GRS210,5,レギュラー,11.4,55952365,12.86406,0.1318181818181818,124,0.0008785866334693806,0.9188134228106355,3.801435343581718,12.521527927710428,660.9,2252.3,486.811676625,1442.6810248749998,0.06189801995261068,0.35084612359810263,2972.7299999999996,9579.549999999988,277.9957361024826,985.6796048686156
Toyota,Regular,クラウン,2015,44315,2.5 ロイヤル,0,3.726270000000001,DBA-GRS210,5,レギュラー,11.4,56412140,12.86406,0.1318181818181818,124,0.000785557860417988,0.9279170405519096,3.5051804284209163,12.639326182338221,632.0,2376.0,452.76806075,1459.0457095,0.05818886322939809,0.3508774295302124,3134.460000000001,11817.999999999985,270.7510465873238,1056.8338023289762
Toyota,Regular,クラウン,2016,39813,2.5 ロイヤル,0,3.812,DBA-GRS210,5,レギュラー,11.4,56950757,12.86406,0.1318181818181818,124,0.0006990776259567542,0.9300480413280547,3.7105664928387205,12.870435378926317,709.6,2455.1,486.900203875,1474.635637125,0.07025503697306357,0.3654466160063592,4046.9799999999996,13087.229999999981,281.5787526349486,1035.1652471667257
Toyota,Regular,クラウンHDT,2006,6444,4.3 Aタイプ,0,5.8275,DBA-UZS186,5,ハイオク,9.1,51102005,13.082633125,0.16766467065868262,125,0.00012610072735893632,0.9152275336359111,4.420295077443391,11.736348279232363,621.8,1783.5,533.8789977499999,1316.3612268749998,0.20232397687934034,0.7380594305252353,2287.8099999999995,6344.880000000005,241.99083903664723,1253.8046107624832
Toyota,Regular,クラウンHDT,2007,5116,4.3 Aタイプ,0,5.8275,DBA-UZS186,5,ハイオク,9.1,51713048,13.082633125,0.16766467065868262,125,9.893054456971865e-05,0.9201741889203668,4.311900691963682,11.886476094829879,632.9,1775.4,534.6337498749999,1324.5535381250002,0.21211793381518573,0.7235420041272795,2375.7400000000016,6054.149999999994,244.7054507209832,1245.3531331849226
Toyota,Regular,クラウンHDT,2008,1528,4.3 Aタイプ,0,5.74475659229209,DBA-UZS186,5,ハイオク,9.1,52324877,13.082633125,0.16766467065868262,125,2.920217089091294e-05,0.9235641012591391,3.6745574592381307,12.531558359167166,571.9,1867.6,480.377213125,1378.81152225,0.20318141895208996,0.7803248473969076,2133.3500000000004,6402.739999999998,243.3216342920805,1284.7614121577062
Toyota,Regular,クラウンHDT,2009,3703,4.6 Aタイプ,0,6.269444444444445,DBA-URS206,5,ハイオク,9.4,52877802,13.335401250000002,0.1982857142857143,125,7.002938586592537e-05,0.9291896626111653,3.6940711736605834,12.804736499858413,581.1,1860.6999999999998,480.736631875,1418.115617375,0.39846985436165894,1.4013711170102887,2227.9699999999993,5809.210000000006,253.21175793337716,1318.0790295284896
Toyota,Regular,クラウンHDT,2010,1984,4.6 Aタイプ,0,6.3149222797927465,DBA-URS206,5,ハイオク,9.4,53362801,13.335401250000002,0.1982857142857143,125,3.717945765253215e-05,0.9249569564386247,3.9607537784401163,12.984592067652038,617.0,1943.1999999999998,509.09254862499995,1429.7977055000001,0.40636314843866894,1.4251095670024734,2467.5599999999995,6437.540000000015,263.13088237840566,1364.3715799259444
Toyota,Regular,クラウンHDT,2011,1602,4.6 Aタイプ,0,6.348785046728973,DBA-URS206,5,ハイオク,9.4,53783435,13.380606,0.1982857142857143,125,2.9786122809002438e-05,0.9389811007794501,3.7498382492253746,12.07383376361967,605.4,1899.1000000000001,479.302165125,1352.06725824,0.38904094975954817,1.367819586015254,2610.2999999999975,7334.869999999995,255.98362885422466,1230.4428333594842
Toyota,Regular,クラウンHDT,2012,1347,4.6 Aタイプ,0,6.355384615384615,DBA-URS206,5,ハイオク,9.4,54171475,13.380606,0.1982857142857143,125,2.4865485017714583e-05,0.9197618488328037,4.03826189783526,12.25855707098174,679.2,2020.5,506.82449650000007,1404.338820625,0.42603815972957926,1.4463462770720108,3693.779999999997,8888.909999999996,314.095804433402,1281.4268833930473
Toyota,Regular,クラウンHDT,2013,340,3.5,0,6.308385093167702,DAA-GWS214,5,ハイオク,18.2,54594744,13.06116,0.16132596685082873,125,6.227705729328083e-06,0.9195631909181587,3.9207995758385903,11.768177261915234,663.1999999999999,2133.5,495.47946375000004,1382.632228375,0.17790501936520742,0.7044216176382423,1807.1000000000022,4192.609999999986,288.9724483030841,1091.2480117313753
Toyota,Regular,クルーガー,2006,6979,2.4 L S Xパッケージ,0,2.536555555555556,CBA-ACU20W,5,レギュラー,11.0,51102005,14.42233625,0.10191082802547771,128,0.00013656998389789207,0.9152275336359111,4.486048920076596,11.736348279232363,619.9,1783.5,532.5392946249999,1316.3612268749998,0.025748447044879996,0.13667881109972724,1570.7499999999982,4188.57,397.79213744751905,2185.405816606668
Toyota,Regular,クルーガー,2007,1852,2.4 L S Xパッケージ,0,2.536555555555556,CBA-ACU20W,5,レギュラー,11.0,51713048,14.42233625,0.10191082802547771,128,3.581301183407329e-05,0.9201741889203668,4.377654534596887,11.886476094829879,631.0,1775.4,533.29404675,1324.5535381250002,0.02128770925041401,0.14190434622510306,1616.5,3928.6199999999953,398.4844615709262,2155.0038090639136
Toyota,Regular,セリカ,2006,672,1.8 SS-I,0,1.9476388888888891,TA-ZZT230,4,レギュラー,13.0,51102005,9.8265195,0.13063063063063063,164,1.3150168961080881e-05,0.9152275336359111,4.457329117471443,11.736348279232363,617.9,1783.5,537.135111375,1316.3612268749998,0.05607382115830406,0.27065151893421646,1159.149999999996,2862.5699999999997,521.7579003487117,800.2767793257735
Toyota,Regular,セルシオ,2006,3030,4.3 A仕様,0,6.0978055555555555,DBA-UCF30,5,ハイオク,8.9,51102005,13.6744005,0.15555555555555556,165,5.929317254773076e-05,0.9152275336359111,4.432404192546517,11.736348279232363,622.0,1783.5,533.2872303749999,1316.3612268749998,0.1412241616288772,0.5487097932631348,2381.7699999999986,6622.68,291.33608222574185,1611.7520408806959
Toyota,Regular,センチュリー,2006,452,5.0,0,11.439166666666667,DBA-GZG50,5,ハイオク,7.8,51102005,14.691442499999999,0.13658536585365855,168,8.845054122631784e-06,0.9152275336359111,4.451374382248415,11.736348279232363,623.1,1783.5,532.270188375,1316.3612268749998,0.07144647241313473,0.32341308723508266,2961.4699999999975,8323.61,448.13734289086096,2424.9224283390067
Toyota,Regular,センチュリー,2007,351,5.0,0,11.439166666666667,DBA-GZG50,5,ハイオク,7.8,51713048,14.691442499999999,0.13658536585365855,168,6.787455266608923e-06,0.9201741889203668,4.342979996768706,11.886476094829879,634.2,1775.4,533.0249405,1324.5535381250002,0.07450278505802577,0.3182273971184624,3078.2599999999984,8011.819999999996,448.4234499861959,2390.111216477613
Toyota,Regular,センチュリー,2008,270,5.0,0,11.595897565922924,DBA-GZG50,5,ハイオク,7.8,52324877,14.691442499999999,0.13658536585365855,168,5.160069463708439e-06,0.9235641012591391,3.7056367640431547,12.531558359167166,573.2,1867.6,478.76840375,1378.81152225,0.07322929911287024,0.36782825891486404,2787.119999999999,8490.279999999999,398.20051727686223,2478.3539546298925
Toyota,Regular,センチュリー,2009,156,5.0,0,11.762916666666667,DBA-GZG50,5,ハイオク,7.8,52877802,14.691442499999999,0.13658536585365855,168,2.950198270344142e-06,0.9291896626111653,3.755771522092639,12.804736499858413,582.7,1860.6999999999998,479.380590625,1418.115617375,0.07298457612574794,0.35745340905303413,3044.289999999999,8268.410000000003,395.4643362155239,2298.738122171737
Toyota,Regular,センチュリー,2010,163,5.0,0,12.505616580310882,DBA-GZG50,5,ハイオク,7.6,53362801,14.691442499999999,0.13526570048309178,168,3.0545622970578323e-06,0.9249569564386247,4.023773792242739,12.984592067652038,618.8,1943.1999999999998,507.736507375,1429.7977055000001,0.06873159564594555,0.3500544052749217,3468.0,9485.660000000007,404.49098753603175,2389.3589982665435
Toyota,Regular,センチュリー,2011,208,5.0,0,12.53158878504673,DBA-GZG50,5,ハイオク,7.6,53783435,14.691442499999999,0.13526570048309178,168,3.867361762966608e-06,0.9389811007794501,3.812858263027997,12.07383376361967,607.1999999999999,1899.1000000000001,477.991328625,1352.06725824,0.06686642736745263,0.34613574060667185,3630.1800000000003,10469.029999999999,399.447276569872,2138.306370479644
Toyota,Regular,センチュリー,2012,189,5.0,0,12.544615384615385,DBA-GZG50,5,ハイオク,7.6,54171475,14.691442499999999,0.13526570048309178,168,3.4889210603920237e-06,0.9197618488328037,4.101281911637883,12.25855707098174,681.0,2020.5,505.5136600000001,1404.338820625,0.07715531768243555,0.3638633033722174,4887.539999999999,12337.71,495.7984964968691,2199.4429399549117
Toyota,Regular,センチュリー,2013,171,5.0,0,12.606428571428573,DBA-GZG50,5,ハイオク,7.6,54594744,14.691442499999999,0.13526570048309178,168,3.132169646220889e-06,0.9195631909181587,3.9468598422063272,11.768177261915234,673.8,2133.5,493.84918125,1382.632228375,0.07376800536316441,0.36708656991445165,5040.1,15784.76999999999,485.8705590191221,2148.1693688002124
Toyota,Regular,センチュリー,2014,172,5.0,0,12.626473790322581,DBA-GZG50,5,ハイオク,7.6,55952365,14.691442499999999,0.13526570048309178,168,3.0740434296208925e-06,0.9188134228106355,3.7979878249168078,12.521527927710428,664.6999999999999,2252.3,484.984294125,1442.6810248749998,0.07160915684054281,0.38144835811509914,5194.210000000001,17527.62999999999,465.9760644244652,2108.0337559865293
Toyota,Regular,センチュリー,2015,149,5.0,0,12.525462000000003,DBA-GZG50,5,ハイオク,7.6,56412140,14.691442499999999,0.13526570048309178,168,2.641275441775476e-06,0.9279170405519096,3.501732909756006,12.639326182338221,635.8,2376.0,450.94067825,1459.0457095,0.06718035880851592,0.38158821735349235,5352.9000000000015,20633.999999999993,432.0894615410798,2169.7333198906126
Toyota,Regular,センチュリー,2016,90,5.0,0,12.538,DBA-GZG50,5,ハイオク,7.6,56950757,14.691442499999999,0.13526570048309178,168,1.5803126199007328e-06,0.9300480413280547,3.7071189741738104,12.870435378926317,713.4,2455.1,485.072821375,1474.635637125,0.08059271797898648,0.39548467396123055,6638.580000000004,22432.189999999988,469.2355346620843,2141.441685939186
Toyota,Regular,トヨタ86,2012,22511,2.0 G,1,2.5753846153846154,DBA-ZN6,4,ハイオク,12.8,54171475,9.7838,0.16260162601626016,185,0.0004155508041824595,0.9197618488328037,4.0739459861047145,12.25855707098174,675.8000000000001,2020.5,510.4213025000001,1404.338820625,0.18751953794702292,0.7114751788930938,2181.4599999999955,4584.509999999995,556.8987437747201,968.9611646023877
Toyota,Regular,トヨタ86,2013,12406,2.0 G,1,2.56472049689441,DBA-ZN6,4,ハイオク,12.8,54594744,9.7838,0.16260162601626016,185,0.00022723799199424766,0.9195631909181587,3.919523916673159,11.768177261915234,668.6,2133.5,498.75682375,1382.632228375,0.1844322869531192,0.725223459210651,2302.8199999999997,6644.209999999992,552.5963632800867,944.8626847167616
Toyota,Regular,トヨタ86,2014,8188,2.0 G,1,2.5690010080645163,DBA-ZN6,4,ハイオク,12.8,55952365,9.7838,0.16260162601626016,185,0.00014633876512637134,0.9188134228106355,3.7706518993836395,12.521527927710428,659.5,2252.3,489.891936625,1442.6810248749998,0.18227006813174507,0.7309680882340182,2445.4900000000016,7575.869999999995,565.8062153515275,1013.6601622943526
Toyota,Regular,トヨタ86,2015,6688,2.0 G,1,2.5584390000000004,DBA-ZN6,4,ハイオク,12.8,56412140,9.93432,0.16260162601626016,185,0.00011855604130600257,0.9279170405519096,3.474396984222838,12.639326182338221,630.6,2376.0,455.69780075,1459.0457095,0.16961063753120875,0.7328101778954768,2586.5,9501.839999999997,527.7600900951365,1056.5372511164423
Toyota,Regular,トヨタ86,2016,6566,2.0 G,1,2.647,DBA-ZN6,4,ハイオク,12.8,56950757,9.93432,0.16260162601626016,185,0.00011529258513631346,0.9300480413280547,3.679783048640642,12.870435378926317,708.2,2455.1,489.82994387499997,1474.635637125,0.1962215975445789,0.7422139459832389,3383.380000000001,10583.469999999987,538.2044286772325,1059.4242392531196
Toyota,Regular,ノア,2006,54284,2.0 X Eセレクション,0,2.050416666666667,DBA-AZR60G,8,レギュラー,14.2,51102005,14.361735000000001,0.10333333333333333,189,0.001062267517683504,0.9152275336359111,4.48462641476874,11.736348279232363,616.6999999999999,1783.5,532.599895875,1316.3612268749998,0.025541932850402183,0.13861604563728003,1081.1499999999978,2531.6100000000006,387.33382380872354,2133.8856537684624
Toyota,Regular,ノア,2007,61064,2.0 YY,0,2.050416666666667,DBA-ZRR70G,5,レギュラー,13.4,51713048,14.408771250000001,0.0934640522875817,189,0.001180823841596032,0.9201741889203668,4.386101310334784,11.886476094829879,628.6,1775.4,533.30761175,1324.5535381250002,0.024350814144851518,0.14302431834133777,1111.5400000000009,2492.459999999999,396.1358722192672,2143.616575791508
Toyota,Regular,ノア,2008,57477,2.0 YY,0,2.0213032454361057,DBA-ZRR70G,5,レギュラー,13.4,52324877,14.408771250000001,0.0934640522875817,189,0.0010984641206132218,0.9235641012591391,3.7487580776092315,12.531558359167166,567.6,1867.6,479.05107499999997,1378.81152225,0.017711338901354567,0.1986586038537359,910.0,2531.8799999999974,356.36838236224867,2221.40468935408
Toyota,Regular,ノア,2009,52933,2.0 YY,0,2.050416666666667,DBA-ZRR70G,5,レギュラー,13.4,52877802,14.408771250000001,0.0934640522875817,189,0.00100104387848799,0.9291896626111653,3.798892835658716,12.804736499858413,577.1,1860.6999999999998,479.663261875,1418.115617375,0.021790369159054634,0.20192332142483504,1060.7699999999986,2506.0100000000093,353.97829655928945,2055.7833384981495
Toyota,Regular,ノア,2010,56955,2.0 YY,0,2.1222279792746113,DBA-ZRR70G,5,レギュラー,13.6,53362801,14.408771250000001,0.10193548387096774,189,0.0010673165376007905,0.9249569564386247,4.057104008854863,12.984592067652038,612.8,1943.1999999999998,508.019178625,1429.7977055000001,0.02183032896570647,0.19574321342740264,1166.3999999999978,2576.060000000012,362.5841651530718,2136.5570079067984
Toyota,Regular,ノア,2011,38855,2.0 YY,0,2.126635514018692,DBA-ZRR70G,5,レギュラー,13.6,53783435,14.408771250000001,0.10193548387096774,189,0.0007224343331734018,0.9389811007794501,3.846188479640121,12.07383376361967,601.1999999999999,1899.1000000000001,478.27399987499996,1352.06725824,0.021717373846383725,0.19436074049115915,1213.3799999999992,3071.0299999999916,357.17582806139944,1907.366405107663
Toyota,Regular,ノア,2012,36764,2.0 YY,0,2.128846153846154,DBA-ZRR70G,5,レギュラー,13.6,54171475,14.408771250000001,0.10193548387096774,189,0.0006786597558955151,0.9197618488328037,4.134612128250007,12.25855707098174,675.0,2020.5,505.7963312500001,1404.338820625,0.027514808964300363,0.19277817153138344,1966.739999999998,3991.709999999999,444.40921022582734,1965.1511351566514
Toyota,Regular,ノア,2013,32306,2.0 YY,0,2.1200310559006215,DBA-ZRR70G,5,レギュラー,13.6,54594744,14.408771250000001,0.10193548387096774,189,0.000591741944975509,0.9195631909181587,3.9801900588184513,11.768177261915234,667.8,2133.5,494.13185250000004,1382.632228375,0.02173962145250996,0.1791244412671671,2078.5,5828.369999999995,436.1126409663393,1918.05749246481
Toyota,Regular,ノア,2014,69605,2.0 X Vパッケージ,0,2.257820564516129,DBA-ZRR80G,8,レギュラー,14.6,55952365,14.523395625000001,0.09743589743589744,189,0.0012440046099928036,0.9188134228106355,3.835817627964002,12.521527927710428,657.6999999999999,2252.3,485.15234100000004,1442.6810248749998,0.017075344519954072,0.2108341653341248,1998.010000000002,5731.229999999981,437.5354665092873,1969.408125872411
Toyota,Regular,ノア,2015,53965,2.0 X Vパッケージ,0,2.239758,DBA-ZRR80G,8,レギュラー,14.6,56412140,14.523395625000001,0.09743589743589744,189,0.000956620330304789,0.9279170405519096,3.5395627128032006,12.639326182338221,628.8,2376.0,451.10872512500003,1459.0457095,0.016641183157462547,0.21108353849822103,2095.0999999999985,7261.199999999997,406.935403854528,2031.6982957491346
Toyota,Regular,ノア,2016,54826,2.0 X Vパッケージ,0,2.254,DBA-ZRR80G,8,レギュラー,14.6,56950757,14.523395625000001,0.09743589743589744,189,0.0009626913299853064,0.9300480413280547,3.744948777221005,12.870435378926317,706.4,2455.1,485.24086825,1474.635637125,0.01918380420493271,0.2336625702665618,2760.5800000000017,8107.389999999985,440.82469020233657,2003.7368767848748
Toyota,Regular,ハイエースワゴン,2006,7049,2.7 DX ロング ミドルルーフ,0,2.3310000000000004,CBA-TRH214W,10,レギュラー,9.1,51102005,19.153816,0.07905759162303665,191,0.00013793979316467132,0.9152275336359111,4.508902156479037,11.736348279232363,621.8,1783.5,527.807814875,1316.3612268749998,0.05347648517484016,0.1726844914050436,2287.8099999999995,6344.880000000005,2211.971292390288,8951.383858227062
Toyota,Regular,ハイエースワゴン,2007,7016,2.7 DX ロング ミドルルーフ,0,2.4389166666666666,CBA-TRH214W,10,レギュラー,9.1,51713048,19.153816,0.07905759162303665,191,0.00013567175541461026,0.9201741889203668,4.4005077709993285,11.886476094829879,632.9,1775.4,528.562567,1324.5535381250002,0.04406142234824395,0.18477183945128361,2375.7400000000016,6054.149999999994,2205.521427722284,8843.458341114158
Toyota,Regular,ハイエースワゴン,2008,7777,2.7 DX ロング ミドルルーフ,0,2.4042870182555784,CBA-TRH214W,10,レギュラー,9.1,52324877,19.153816,0.07905759162303665,191,0.00014862911192318714,0.9235641012591391,3.763164538273777,12.531558359167166,571.9,1867.6,474.30603025,1378.81152225,0.03148535806450248,0.24656569811291873,2133.3500000000004,6402.739999999998,1884.3734354476546,9202.613221376036
Toyota,Regular,ハイエースワゴン,2009,6405,2.7 DX ロング ミドルルーフ,0,2.4389166666666666,CBA-TRH214W,10,レギュラー,9.1,52877802,19.153816,0.07905759162303665,191,0.00012112833283047582,0.9291896626111653,3.8132992963232613,12.804736499858413,581.4,1860.6999999999998,474.918217125,1418.115617375,0.037008917161735266,0.2552160496838005,2365.8199999999997,6220.780000000006,1876.1736414102197,8823.248468494377
Toyota,Regular,ハイエースワゴン,2010,7781,2.7 DX ロング ミドルルーフ,0,2.521827979274611,CBA-TRH214W,10,レギュラー,8.6,53362801,19.153816,0.07905759162303665,191,0.0001458131854810245,0.9249569564386247,4.079981901102794,12.984592067652038,617.8,1943.1999999999998,503.27413387499996,1429.7977055000001,0.042360100474936324,0.2557079396797901,2879.4000000000015,7689.060000000012,1934.1912790460156,9111.670032903945
Toyota,Regular,ハイエースワゴン,2011,7507,2.7 DX ロング ミドルルーフ,0,2.5270654205607475,CBA-TRH214W,10,レギュラー,8.6,53783435,19.153816,0.07905759162303665,191,0.0001395782920893766,0.9389811007794501,3.8690663718880525,12.07383376361967,606.1999999999999,1899.1000000000001,473.528955125,1352.06725824,0.04087802001158003,0.2457789266866126,3032.380000000001,8631.030000000002,1892.5553936312826,8346.100504061003
Toyota,Regular,ハイエースワゴン,2012,9078,2.7 DX ロング ミドルルーフ,0,2.5691538461538466,CBA-TRH214W,10,レギュラー,8.6,54171475,19.153816,0.07864583333333333,191,0.00016757897029755973,0.9197618488328037,4.1579017787876404,12.25855707098174,680.0,2020.5,501.05128650000006,1404.338820625,0.048211853313811615,0.238063720674772,4190.739999999998,10321.71,2196.36732307939,8544.847342479625
Toyota,Regular,ハイエースワゴン,2013,8544,2.7 DX ロング ミドルルーフ,0,2.558515527950311,CBA-TRH214W,10,レギュラー,8.6,54594744,19.153816,0.07864583333333333,191,0.00015649858162170336,0.9195631909181587,4.003479709356085,11.768177261915234,672.8,2133.5,489.38680775,1382.632228375,0.0394494695086165,0.20997979318544213,4341.500000000002,13510.369999999995,2139.5117227012197,8385.239246126235
Toyota,Regular,ハイエースワゴン,2014,8298,2.7 DX ロング ミドルルーフ,0,2.5931703629032263,CBA-TRH214W,10,レギュラー,8.6,55952365,19.153816,0.07864583333333333,191,0.00014830472313368703,0.9188134228106355,3.8546076920665664,12.521527927710428,663.6999999999999,2252.3,480.521920625,1442.6810248749998,0.03254403592998356,0.2612042401091528,4497.610000000002,15080.429999999986,2047.703918249692,8413.304055419772
Toyota,Regular,ハイエースワゴン,2015,8507,2.7 DX ロング ミドルルーフ,0,2.6703270000000003,CBA-TRH214W,10,レギュラー,9.7,56412140,19.153816,0.08290155440414508,191,0.00015080087371264412,0.9279170405519096,3.554097055834953,12.639326182338221,633.6999999999999,2376.0,446.47830475,1459.0457095,0.02538375767083978,0.2429930858728886,3994.8300000000017,15305.039999999994,1864.557420122721,8479.983133941983
Toyota,Regular,ハイエースワゴン,2016,8733,2.7 DX ロング ミドルルーフ,0,2.7060000000000004,CBA-TRH214W,10,レギュラー,9.7,56950757,19.153816,0.08290155440414508,191,0.0001533430012177011,0.9300480413280547,3.7594831202527574,12.870435378926317,711.3,2455.1,480.610447875,1474.635637125,0.026033422587143806,0.26966907193672185,5063.580000000002,16807.33999999999,2050.1733051784577,8463.58552482017
Toyota,Regular,ハイラックス,2006,7707,2.7 SSR-X Vセレクション,0,2.568416666666667,CBA-TRN210W,5,レギュラー,8.9,51102005,16.427814499999997,0.09476744186046511,192,0.00015081600027239635,0.9152275336359111,4.493192306241609,11.736348279232363,622.0,1783.5,530.533816375,1316.3612268749998,0.029477834814612303,0.1343545382715181,2381.7699999999986,6622.68,926.2023077260637,4391.724264264296
Toyota,Regular,ハイラックス,2007,6845,2.7 SSR-X Vセレクション,0,2.568416666666667,CBA-TRN210W,5,レギュラー,8.9,51713048,16.427814499999997,0.09476744186046511,192,0.00013236504643857001,0.9201741889203668,4.3847979207619,11.886476094829879,633.1,1775.4,531.2885685,1324.5535381250002,0.02346849111294458,0.14172491531873987,2474.1400000000012,6328.709999999999,923.867353907819,4328.463252663336
Toyota,Regular,ハイラックス,2008,5962,2.7 SSR-X Vセレクション,0,2.5319482758620695,CBA-TRN210W,5,レギュラー,8.9,52324877,16.427814499999997,0.09476744186046511,192,0.00011394197830603597,0.9235641012591391,3.747454688036348,12.531558359167166,572.1,1867.6,477.03203175,1378.81152225,0.01726373408340809,0.19690430867096342,2225.3499999999985,6696.18,791.8904510798093,4498.45493457144
Toyota,Regular,ハイラックス,2009,3340,2.7 SSR-X Vセレクション,0,2.568416666666667,CBA-TRN210W,5,レギュラー,8.9,52877802,16.427814499999997,0.09476744186046511,192,6.316450142916304e-05,0.9291896626111653,3.7975894460858326,12.804736499858413,581.6,1860.6999999999998,477.644218625,1418.115617375,0.021212074099346556,0.1997022501285901,2461.620000000001,6507.860000000008,787.0283017214351,4236.3806481081265
Toyota,Regular,ハイラックス,2010,22,2.7 SSR-X Vセレクション,0,2.587047668393782,CBA-TRN210W,5,レギュラー,8.9,53362801,16.427814499999997,0.09476744186046511,192,4.1227221187283627e-07,0.9249569564386247,4.064272050865366,12.984592067652038,617.5,1943.1999999999998,506.00013537499996,1429.7977055000001,0.02364570033560376,0.20000466254285243,2718.8100000000013,7200.390000000007,805.6513263150882,4394.501835790565
Toyota,Regular,ハリアー,2006,33134,2.4 240G,0,2.7410833333333335,CBA-ACU30W,5,レギュラー,11.0,51102005,14.676606,0.1,194,0.0006483894320780565,0.9152275336359111,4.487959748102074,11.736348279232363,619.9,1783.5,532.285024875,1316.3612268749998,0.02630610894886054,0.13484725638771833,1570.7499999999982,4188.57,445.1956970947249,2411.2608097840784
Toyota,Regular,ハリアー,2007,33923,2.4 240G,0,2.7410833333333335,CBA-ACU30W,5,レギュラー,11.0,51713048,14.676606,0.1,194,0.0006559853134164515,0.9201741889203668,4.379565362622365,11.886476094829879,631.0,1775.4,533.039777,1324.5535381250002,0.02143112509523626,0.1406465283879892,1616.5,3928.6199999999953,445.5041999498644,2376.6926883744018
Toyota,Regular,ハリアー,2008,27404,2.4 240G,0,2.702163286004057,CBA-ACU30W,5,レギュラー,11.0,52324877,14.676606,0.1,194,0.0005237279391980224,0.9235641012591391,3.7422221298968132,12.531558359167166,570.0,1867.6,478.78324025,1378.81152225,0.016800579289733997,0.19417072065047414,1414.9599999999991,4117.800000000003,395.8499082834005,2464.3668284317755
Toyota,Regular,ハリアー,2009,15249,2.4 240G,0,2.7410833333333335,CBA-ACU30W,5,レギュラー,11.0,52877802,14.676606,0.1,194,0.00028838188092613986,0.9291896626111653,3.7923568879462977,12.804736499858413,579.5,1860.6999999999998,479.395427125,1418.115617375,0.020224253233061762,0.19512895306409028,1611.33,4000.2500000000073,393.1318926432032,2285.4815473366907
Toyota,Regular,ハリアー,2010,12316,2.4 240G,0,2.760966839378238,CBA-ACU30W,5,レギュラー,11.0,53362801,14.676606,0.1,194,0.00023079748006481145,0.9249569564386247,4.059039492725831,12.984592067652038,615.4,1943.1999999999998,507.751343875,1429.7977055000001,0.021905278927142557,0.19558741997440077,1801.3199999999997,4429.860000000015,402.12851097829116,2375.577627929284
Toyota,Regular,ハリアー,2011,8970,2.4 240G,0,2.7667009345794393,CBA-ACU30W,5,レギュラー,11.0,53783435,14.676606,0.1,194,0.000166779976027935,0.9389811007794501,3.848123963511089,12.07383376361967,603.8,1899.1000000000001,478.006165125,1352.06725824,0.021757562341972903,0.19380617399861455,1915.8999999999996,5207.189999999995,397.0736094262247,2125.7042569934056
Toyota,Regular,ハリアー,2012,6457,2.4 240G,0,2.769576923076923,CBA-ACU30W,5,レギュラー,11.0,54171475,14.676606,0.1,194,0.00011919557294683226,0.9197618488328037,4.1365476121209745,12.25855707098174,677.6,2020.5,505.5284965000001,1404.338820625,0.027498947483644787,0.19137529151478816,2861.139999999996,6503.309999999998,492.9343423374012,2186.6490043330487
Toyota,Regular,ハリアー,2013,1930,2.4 240G,0,2.7581086956521745,CBA-ACU30W,5,レギュラー,11.0,54594744,14.676606,0.1,194,3.53513884047153e-05,0.9195631909181587,3.982125542689419,11.768177261915234,670.4,2133.5,493.86401775,1382.632228375,0.02151683999445031,0.17660500257239553,2999.420000000002,9055.48999999999,483.09600383327415,2135.6027715696546
Toyota,Regular,ハリアー,2014,64920,2.0 グランド,0,2.739193548387097,DBA-ZSU60W,5,レギュラー,16.0,55952365,14.637427999999998,0.0967948717948718,194,0.0011602726712266764,0.9188134228106355,3.836458653605028,12.521527927710428,656.3,2252.3,485.038308625,1442.6810248749998,0.01713770111070345,0.21107502954124957,1829.170000000002,4865.469999999987,456.5881635514361,2062.693741418734
Toyota,Regular,ハリアー,2015,58991,2.0 グランド,0,2.7952020000000006,DBA-ZSU60W,5,レギュラー,16.0,56412140,14.637427999999998,0.0967948717948718,194,0.0010457146280924638,0.9279170405519096,3.540203738444226,12.639326182338221,627.4,2376.0,450.99469275,1459.0457095,0.016697246464475235,0.2113509192053611,1878.6599999999999,6091.919999999984,423.7764157155616,2124.576981562539
Toyota,Regular,ハリアー,2016,41403,2.0 グランド,0,2.798,DBA-ZSU60W,5,レギュラー,16.0,56950757,14.637427999999998,0.0967948717948718,194,0.0007269964822416671,0.9300480413280547,3.7455898028620305,12.870435378926317,705.0,2455.1,485.126835875,1474.635637125,0.01912966226908852,0.23410173791212863,2455.380000000001,6759.469999999987,459.857197299345,2096.385327626893
Toyota,Regular,プリウス,2006,48568,1.5 Sスタンダードパッケージ,0,2.3310000000000004,DAA-NHW20,5,レギュラー,35.5,51102005,11.424761250000001,0.06111111111111111,217,0.0009504128066990718,0.9152275336359111,4.526848636990962,11.736348279232363,595.4,1783.5,535.536869625,1316.3612268749998,0.10746841034445376,0.2895570608218401,20783.649999999994,54646.32000000001,267.8501740910233,702.2766179902646
Toyota,Regular,プリウス,2007,58315,1.5 Sスタンダードパッケージ,0,2.3310000000000004,DAA-NHW20,5,レギュラー,35.5,51713048,11.424761250000001,0.06031746031746032,217,0.0011276651107472915,0.9201741889203668,4.419247902304905,11.886476094829879,606.5,1775.4,536.29162175,1324.5535381250002,0.09703281046335033,0.3142393653422373,20285.5,54783.269999999975,273.06735041662614,720.988745237948
Toyota,Regular,プリウス,2008,73110,1.5 Sスタンダードパッケージ,0,2.3617332657200816,DAA-NHW20,5,レギュラー,29.6,52324877,11.424761250000001,0.06031746031746032,217,0.0013972321425619405,0.9235641012591391,3.7819046695793532,12.531558359167166,551.4,1867.6,482.035085,1378.81152225,0.07362848831404645,0.3871515428065986,9253.000000000004,29793.240000000005,294.9333606814962,737.1519966415726
Toyota,Regular,プリウス,2009,208876,1.8 L,0,2.1069444444444447,DAA-ZVW30,5,レギュラー,32.6,52877802,11.596223,0.07557251908396946,217,0.003950164191771814,0.9291896626111653,3.8167843688623284,12.804736499858413,557.9,1860.6999999999998,482.475810125,1418.115617375,0.04312222041761826,0.2760269824027819,12830.369999999995,43221.529999999984,280.7094191438064,744.0022986142067
Toyota,Regular,プリウス,2010,315669,1.8 L,0,2.1222279792746113,DAA-ZVW30,5,レギュラー,32.6,53362801,11.596223,0.07557251908396946,217,0.00591552531134938,0.9249569564386247,4.083466973641861,12.984592067652038,593.8,1943.1999999999998,510.83172687499996,1429.7977055000001,0.04925442587087181,0.27669469749432807,13353.0,41970.66000000002,302.5394536641106,744.2082389092902
Toyota,Regular,プリウス,2011,252528,1.8 L,0,2.126635514018692,DAA-ZVW30,5,レギュラー,32.6,53783435,11.596223,0.07557251908396946,217,0.004695274669607845,0.9389811007794501,3.8725514444271196,12.07383376361967,582.1999999999999,1899.1000000000001,481.086548125,1352.06725824,0.047380027874732944,0.26472874421123227,12085.18,37119.029999999955,276.0922178321325,662.8987778372684
Toyota,Regular,プリウス,2012,317675,1.8 L,0,2.2534615384615386,DAA-ZVW30,5,レギュラー,32.6,54171475,11.648224000000003,0.07557251908396946,217,0.005864248665926117,0.9197618488328037,4.160975093037004,12.25855707098174,656.0,2020.5,508.55687850000004,1404.338820625,0.05434595628279559,0.2541673344208595,12667.539999999986,36937.70999999999,295.3849441231905,727.1926512645041
Toyota,Regular,プリウス,2013,253711,1.8 L,0,2.244130434782609,DAA-ZVW30,5,レギュラー,32.6,54594744,11.648224000000003,0.07557251908396946,217,0.004647168965569286,0.9195631909181587,4.006553023605449,11.768177261915234,648.8,2133.5,496.89239975,1382.632228375,0.04510835884479747,0.22401714734191547,12175.099999999999,32724.76999999996,294.6192519723627,704.1179946487464
Toyota,Regular,プリウス,2014,183614,1.8 L,0,2.24775,DAA-ZVW30,5,レギュラー,32.6,55952365,11.648224000000003,0.07557251908396946,217,0.003281612850502387,0.9188134228106355,3.8576810063159304,12.521527927710428,639.6999999999999,2252.3,488.027512625,1442.6810248749998,0.037761825742027355,0.2779763150975485,11779.210000000006,32547.629999999946,300.9265407559087,708.8361571516143
Toyota,Regular,プリウス,2015,127403,1.8 L,0,2.2297680000000004,DAA-ZVW30,5,レギュラー,32.6,56412140,11.648224000000003,0.07557251908396946,217,0.00225843231616457,0.9279170405519096,3.5614260911551288,12.639326182338221,610.8,2376.0,453.98389675,1459.0457095,0.03572104318730329,0.27959407541345116,10367.900000000001,30473.99999999997,300.3076957270314,789.9809826739947
Toyota,Regular,プリウス,2016,248258,1.8 E,0,2.4290000000000003,DAA-ZVW51,5,レギュラー,40.8,56950757,11.745888,0.07480916030534351,217,0.004359169448792401,0.9300480413280547,3.767575514351559,12.870435378926317,680.2,2455.1,488.018375875,1474.635637125,0.03717131443886834,0.3133371563983456,23039.379999999997,66701.07,298.49737456397816,783.1158404551679
Toyota,Regular,ブレイド,2007,31467,2.4,0,2.3094166666666665,DBA-AZE156H,5,レギュラー,13.4,51713048,11.358863999999999,0.12014388489208633,214,0.0006084924640295811,0.9201741889203668,4.359421477730279,11.886476094829879,628.6,1775.4,536.3575189999999,1324.5535381250002,0.03607976241911981,0.19834783824692126,1111.5400000000009,2492.459999999999,279.1927142996792,713.890848388688
Toyota,Regular,ブレイド,2008,10096,2.4,0,2.2766257606490874,DBA-AZE156H,5,レギュラー,13.4,52324877,11.358863999999999,0.12014388489208633,214,0.00019294837520592739,0.9235641012591391,3.722078245004727,12.531558359167166,567.6,1867.6,482.10098225,1378.81152225,0.03495358866235032,0.24805587013674746,910.0,2531.8799999999974,301.4149026768755,729.6981124360536
Toyota,Regular,ブレイド,2009,3570,2.4,0,2.3094166666666665,DBA-AZE156H,5,レギュラー,13.4,52877802,11.358863999999999,0.12014388489208633,214,6.751415272518324e-05,0.9291896626111653,3.7722130030542114,12.804736499858413,577.1,1860.6999999999998,482.71316912500004,1418.115617375,0.03635744501519533,0.2424429175850884,1060.7699999999986,2506.0100000000093,302.75904325075135,725.2355533686459
Toyota,Regular,ブレイド,2010,2422,2.4,0,2.381036269430052,DBA-AZE156H,5,レギュラー,13.4,53362801,11.358863999999999,0.12014388489208633,214,4.538742259800043e-05,0.9249569564386247,4.038895607833744,12.984592067652038,613.0,1943.1999999999998,511.069085875,1429.7977055000001,0.03616352947640078,0.24452451093965388,1195.5599999999977,2656.7400000000125,327.15294886831725,720.0899981837865
Toyota,Regular,ブレイド,2011,1238,2.4,0,2.385981308411215,DBA-AZE156H,5,レギュラー,13.4,53783435,11.358863999999999,0.12014388489208633,214,2.3018239723810873e-05,0.9389811007794501,3.8279800786190026,12.07383376361967,601.4,1899.1000000000001,481.323907125,1352.06725824,0.03564402302221559,0.24395926123004408,1248.699999999997,3177.269999999997,297.4823342609652,645.4692666112569
Toyota,Regular,ブレイド,2012,318,2.4,0,2.388461538461539,DBA-AZE156H,5,レギュラー,13.4,54171475,11.358863999999999,0.12014388489208633,214,5.870248133358008e-06,0.9197618488328037,4.116403727228888,12.25855707098174,675.2,2020.5,508.8462385000001,1404.338820625,0.04306912183927003,0.25182450097329534,2015.3799999999974,4124.909999999996,316.83013972743174,707.745240576598
Toyota,Regular,ブレビス,2006,1400,2.5 Ai250エレガンスパッケージ,0,3.6907500000000004,TA-JCG10,5,ハイオク,11.6,51102005,11.42596,0.13157894736842105,215,2.739618533558517e-05,0.9152275336359111,4.456380800733652,11.736348279232363,619.3,1783.5,535.5356708749999,1316.3612268749998,0.05831308330695695,0.27847955343343056,1410.3099999999995,3689.1300000000047,267.74409487333287,702.4351105027381
Toyota,Regular,ブレビス,2007,588,2.5 Ai250エレガンスパッケージ,0,3.6907500000000004,TA-JCG10,5,ハイオク,11.6,51713048,11.42596,0.13157894736842105,215,1.137043788252435e-05,0.9201741889203668,4.347986415253944,11.886476094829879,630.4,1775.4,536.2904229999999,1324.5535381250002,0.060284060641524695,0.27479706865912146,1442.7400000000016,3438.9000000000015,272.95946168071714,721.127596684204
Toyota,Regular,プログレ,2006,1823,2.5 NC250,0,3.8531388888888887,TA-JCG10,5,ハイオク,11.6,51102005,11.002145,0.13071895424836602,223,3.567374704769412e-05,0.9152275336359111,4.457240793853707,11.736348279232363,619.3,1783.5,535.9594858749999,1316.3612268749998,0.05627903774887755,0.2713714096966169,1410.3099999999995,3689.1300000000047,313.12901994660933,668.07293144922
Toyota,Regular,プログレ,2007,862,2.5 NC250,0,3.8531388888888887,TA-JCG10,5,ハイオク,11.6,51713048,11.002145,0.13071895424836602,223,1.666890723594556e-05,0.9201741889203668,4.348846408373999,11.886476094829879,630.4,1775.4,536.7142379999999,1324.5535381250002,0.058063578231915214,0.2679471426993931,1442.7400000000016,3438.9000000000015,318.984137297708,693.7094664155229
Toyota,Regular,マーク2,2006,2712,2.0 グランデ,0,2.536555555555556,TA-GX110,5,レギュラー,11.8,51102005,12.167056,0.11594202898550725,230,5.30703247357907e-05,0.9152275336359111,4.472017719116566,11.736348279232363,619.1,1783.5,534.794574875,1316.3612268749998,0.031495714123845664,0.17719389180307754,1363.8699999999953,3542.0099999999948,226.36829184703674,866.9824949682879
Toyota,Regular,マーク2,2007,1096,2.0 グランデ,0,2.536555555555556,TA-GX110,5,レギュラー,11.8,51713048,12.167056,0.11594202898550725,230,2.119387741368484e-05,0.9201741889203668,4.363623333636858,11.886476094829879,630.2,1775.4,535.549327,1324.5535381250002,0.030076783140589036,0.1782064798277756,1391.8600000000006,3295.019999999997,230.46497109276243,873.5324029534895
Toyota,Regular,マークX,2006,46298,2.5 250G Fパッケージ,0,2.52525,DBA-GRX120,5,ハイオク,12.6,51102005,12.04790125,0.1423841059602649,231,0.0009059918490478016,0.9152275336359111,4.445575642141808,11.736348279232363,618.3,1783.5,534.913729625,1316.3612268749998,0.08941524446345706,0.3830392675231806,1213.3099999999995,3050.3300000000017,229.76004881512745,831.5592923007353
Toyota,Regular,マークX,2007,47192,2.5 250G Fパッケージ,0,2.5468333333333337,DBA-GRX120,5,ハイオク,12.6,51713048,12.04790125,0.14333333333333334,231,0.0009125743274695392,0.9201741889203668,4.3362320292890315,11.886476094829879,629.4,1775.4,535.66848175,1324.5535381250002,0.09715768255685364,0.38636304461384396,1223.539999999999,2816.2999999999956,234.03659266238537,840.0615058837684
Toyota,Regular,マークX,2008,38748,2.5 250G Fパッケージ,0,2.510671399594321,DBA-GRX120,5,ハイオク,12.6,52324877,12.04790125,0.14333333333333334,231,0.0007405273021473132,0.9235641012591391,3.69888879656348,12.531558359167166,568.4,1867.6,481.411945,1378.81152225,0.09504132803201015,0.4367023295226531,1028.3999999999996,2899.239999999998,250.38766499679696,861.7378913833381
Toyota,Regular,マークX,2009,24635,2.5 250G Fパッケージ,0,2.446111111111111,DBA-GRX130,5,レギュラー,13.0,52877802,12.183652250000002,0.13443708609271524,231,0.0004658854768585124,0.9291896626111653,3.7579198018535824,12.804736499858413,577.5,1860.6999999999998,481.888380875,1418.115617375,0.0670012692924069,0.3385262514554914,1121.33,2653.4500000000044,245.0354684594604,851.9793855249809
Toyota,Regular,マークX,2010,40995,2.5 250G Fパッケージ,0,2.463854922279793,DBA-GRX130,5,レギュラー,13.0,53362801,12.183652250000002,0.13443708609271524,231,0.000768231787533042,0.9249569564386247,4.024602406633115,12.984592067652038,613.4,1943.1999999999998,510.24429762499994,1429.7977055000001,0.06646141158024355,0.3427439752552761,1263.7199999999993,2849.060000000012,261.489301727137,866.3985138550561
Toyota,Regular,マークX,2011,22966,2.5 250G Fパッケージ,0,2.4689719626168225,DBA-GRX130,5,レギュラー,13.0,53783435,12.183652250000002,0.13443708609271524,231,0.00042700879927063046,0.9389811007794501,3.8136868774183736,12.07383376361967,601.8,1899.1000000000001,480.49911887499997,1352.06725824,0.06469366723659076,0.33910381259392475,1328.7000000000007,3418.7899999999936,242.05045341721416,764.6593751896507
Toyota,Regular,マークX,2012,21306,2.5 250G Fパッケージ,0,2.533846153846154,DBA-GRX130,5,レギュラー,11.8,54171475,12.23516875,0.13443708609271524,231,0.0003933066249349865,0.9197618488328037,4.102110526028259,12.25855707098174,676.8000000000001,2020.5,507.96993375000005,1404.338820625,0.07479010269285591,0.35624358570058146,2525.4599999999955,5550.509999999995,273.4873798976405,830.9330536404959
Toyota,Regular,マークX,2013,18741,2.5 250G Fパッケージ,0,2.5233540372670813,DBA-GRX130,5,レギュラー,11.8,54594744,12.23516875,0.13443708609271524,231,0.00034327480315687534,0.9195631909181587,3.947688456596704,11.768177261915234,669.6,2133.5,496.305455,1382.632228375,0.07137035728582064,0.3591011399298938,2657.0200000000004,7885.409999999989,272.3962648876095,805.303073774201
Toyota,Regular,マークX,2014,10241,2.5 250G Fパッケージ,0,2.527711693548387,DBA-GRX130,5,レギュラー,11.8,55952365,12.23516875,0.13443708609271524,231,0.00018303069048109048,0.9188134228106355,3.7988164393071844,12.521527927710428,660.5,2252.3,487.440567875,1442.6810248749998,0.0691882733815794,0.3738174840955706,2806.0899999999983,8956.269999999982,275.09171959908053,795.6035125252893
Toyota,Regular,マークX,2015,8172,2.5 250G Fパッケージ,0,2.50749,DBA-GRX130,5,レギュラー,11.8,56412140,12.23516875,0.13443708609271524,231,0.00014486243563885363,0.9279170405519096,3.5025615241463828,12.639326182338221,631.6,2376.0,453.396952,1459.0457095,0.0649389520079523,0.3739290823817747,2963.0999999999985,11105.039999999979,272.3816218274951,871.556238582365
Toyota,Regular,マークX,2016,7033,2.5 250G Fパッケージ,0,2.657,DBA-GRX130,5,レギュラー,11.8,56950757,12.28668525,0.13443708609271524,231,0.00012349265173068727,0.9300480413280547,3.707947588564187,12.870435378926317,709.2,2455.1,487.477578625,1474.635637125,0.07802124404529776,0.38798506019151313,3841.3799999999974,12320.26999999999,277.82507642117343,864.738734435814
Toyota,Regular,ランドクルーザー,2006,15172,4.7 VX 4WD,0,4.144,GH-UZJ100W,5,ハイオク,6.5,51102005,17.739942,0.10262008733624454,247,0.0002968963742224987,0.9152275336359111,4.4853396607658285,11.736348279232363,624.4,1783.5,529.2216888749999,1316.3612268749998,0.02562322077398882,0.13758350270008712,3783.8499999999976,10711.32,1463.463441440159,6361.983535782856
Toyota,Regular,ランドクルーザー,2007,15583,4.7 AX 4WD,0,4.830555555555556,CBA-UZJ200W,8,ハイオク,6.6,51713048,18.332819999999998,0.11566265060240964,247,0.0003013359413662873,0.9201741889203668,4.363902712019955,11.886476094829879,635.4,1775.4,529.383563,1324.5535381250002,0.029732735596919246,0.177018782522945,3858.7400000000016,10181.900000000001,1750.7067056611522,7294.422890942922
Toyota,Regular,ランドクルーザー,2008,16956,4.7 AX 4WD,0,4.761967545638946,CBA-UZJ200W,8,ハイオク,6.6,52324877,18.332819999999998,0.11566265060240964,247,0.00032405236232088995,0.9235641012591391,3.7265594792944037,12.531558359167166,574.4,1867.6,475.12702625,1378.81152225,0.028177914805522675,0.22722482227505347,3507.6000000000013,10795.240000000002,1494.3518051426036,7588.7870560269075
Toyota,Regular,ランドクルーザー,2009,9381,4.7 AX 4WD,0,4.830555555555556,CBA-UZJ200W,8,ハイオク,6.6,52877802,18.332819999999998,0.11566265060240964,247,0.00017740903829550252,0.9291896626111653,3.776694237343888,12.804736499858413,583.9,1860.6999999999998,475.739213125,1418.115617375,0.030031102352119476,0.22300351589331857,3787.5699999999997,10539.530000000006,1487.157217056425,7243.182934698278
Toyota,Regular,ランドクルーザー,2010,14359,4.6 GX 4WD,0,4.503264248704664,CBA-URJ202W,5,ハイオク,7.1,53362801,18.332819999999998,0.1308641975308642,247,0.00026908257683100253,0.9249569564386247,4.028175295194966,12.984592067652038,619.3,1943.1999999999998,504.095129875,1429.7977055000001,0.057317412054111117,0.31325091831320995,3793.0499999999993,10480.710000000014,1530.1822867294686,7489.233637933488
Toyota,Regular,ランドクルーザー,2011,12419,4.6 GX 4WD,0,4.512616822429907,CBA-URJ202W,5,ハイオク,7.1,53783435,18.332819999999998,0.1308641975308642,247,0.00023090752756866497,0.9389811007794501,3.817259765980225,12.07383376361967,607.6999999999999,1899.1000000000001,474.34995112499996,1352.06725824,0.0559382961901681,0.3106858151713072,3958.33,11478.779999999999,1501.2578121875777,6842.242362208839
Toyota,Regular,ランドクルーザー,2012,15267,4.6 GX 4WD,0,4.56923076923077,CBA-URJ202W,5,ハイオク,6.9,54171475,18.332819999999998,0.1308641975308642,247,0.0002818272901005557,0.9197618488328037,4.10568341459011,12.25855707098174,681.7,2020.5,501.8722825000001,1404.338820625,0.0652520669914951,0.3253540121751137,5425.279999999997,13897.659999999996,1757.9320549464173,7003.713175053315
Toyota,Regular,ランドクルーザー,2013,13603,4.6 GX 4WD,0,4.550310559006212,CBA-URJ202W,5,ハイオク,6.9,54594744,18.332819999999998,0.1308641975308642,247,0.00024916317951779386,0.9195631909181587,3.9512613451585548,11.768177261915234,674.5,2133.5,490.20780375000004,1382.632228375,0.06167674781502419,0.3266032054262795,5577.909999999998,17523.219999999987,1712.6998519860354,6870.015784297073
Toyota,Regular,ランドクルーザー,2014,19741,4.6 GX 4WD,0,4.5579375,CBA-URJ202W,5,ハイオク,6.9,55952365,18.332819999999998,0.1308641975308642,247,0.0003528179729310816,0.9188134228106355,3.8023893278690357,12.521527927710428,665.4,2252.3,481.34291662500004,1442.6810248749998,0.059378749576979195,0.34291125785890886,5729.43,19391.79999999999,1637.1123520038127,6873.574724215403
Toyota,Regular,ランドクルーザー,2015,23123,4.6 GX 4WD,0,4.723272000000001,CBA-URJ202W,5,ハイオク,6.9,56412140,18.42588,0.1308641975308642,247,0.00040989404053808277,0.9279170405519096,3.506134412708234,12.639326182338221,636.5,2376.0,447.20624075,1459.0457095,0.055856132372921086,0.3429167242965412,5878.109999999999,22661.19999999999,1530.3004842873925,7102.6483899288
Toyota,Regular,ランドクルーザー,2016,23321,4.6 GX 4WD,0,4.728,CBA-URJ202W,5,ハイオク,6.9,56950757,18.42588,0.1308641975308642,247,0.0004094941178744999,0.9300480413280547,3.7115204771260384,12.870435378926317,714.1,2455.1,481.338383875,1474.635637125,0.06756239168580114,0.357676264994633,7241.980000000001,24559.97999999999,1683.5415600564447,7081.592106330791
Toyota,Regular,bB,2006,62964,1.3 S,0,1.3813333333333335,DBA-QNC20,5,レギュラー,16.4,51102005,10.45852275,0.08846153846153847,73,0.001232123866764132,0.9152275336359111,4.499498209640535,11.736348279232363,614.5,1783.5,536.5031081249999,1316.3612268749998,0.03650162976305027,0.14256476105639404,1267.2699999999968,2829.9300000000003,394.48419932115394,687.6333602426675
Toyota,Regular,bB,2007,38396,1.3 S,0,1.3926388888888888,DBA-QNC20,5,レギュラー,16.4,51713048,10.45852275,0.08846153846153847,73,0.0007424818587370831,0.9201741889203668,4.391103824160827,11.886476094829879,625.6,1775.4,537.2578602499999,1324.5535381250002,0.02912523701374048,0.1518285211089152,1193.1399999999994,2657.459999999999,401.15991676902195,722.1769405578198
Toyota,Regular,bB,2008,32413,1.3 S,0,1.3880628803245438,DBA-QNC20,5,レギュラー,16.4,52324877,10.48615425,0.08846153846153847,73,0.0006194567834340059,0.9235641012591391,3.7537605914352747,12.531558359167166,564.6,1867.6,482.97369199999997,1378.81152225,0.020659551518122043,0.20936644609871058,910.6000000000022,2590.6800000000076,419.19928457621427,734.193217817312
Toyota,Regular,bB,2009,22269,1.3 S,0,1.4080555555555556,DBA-QNC20,5,レギュラー,16.4,52877802,10.48615425,0.08846153846153847,73,0.0004211408030916262,0.9291896626111653,3.803895349484759,12.804736499858413,574.1,1860.6999999999998,483.585878875,1418.115617375,0.025240181416437912,0.214454233238337,1004.369999999999,2695.610000000008,421.61194805935884,779.268432395238
Toyota,Regular,bB,2010,15332,1.3 S,0,1.4182694300518133,CBA-QNC20,5,レギュラー,16.4,53362801,10.48615425,0.08846153846153847,73,0.00028731625238337844,0.9249569564386247,4.070577954264293,12.984592067652038,610.0,1943.1999999999998,511.94179562499994,1429.7977055000001,0.02872630864093384,0.21471410082554243,1102.5599999999977,2530.140000000014,457.3701028813448,756.3843007930627
Toyota,Regular,bB,2011,10729,1.3 S,0,1.431588785046729,CBA-QNC20,5,レギュラー,16.4,53783435,10.48615425,0.08846153846153847,73,0.00019948521324456126,0.9389811007794501,3.8596624250495504,12.07383376361967,598.4,1899.1000000000001,482.19661687499996,1352.06725824,0.02806042303838263,0.20931180523007464,1046.5,2600.0699999999997,413.9103940841633,698.6062141548318
Toyota,Regular,bB,2012,8289,1.3 S,0,1.4330769230769231,CBA-QNC20,5,レギュラー,16.4,54171475,10.48615425,0.08846153846153847,73,0.00015301410936290733,0.9197618488328037,4.148086073659436,12.25855707098174,672.2,2020.5,509.71894825000004,1404.338820625,0.0339340698935372,0.20244554344868604,1638.579999999998,3176.9100000000035,424.1031321709088,775.860550739606
Toyota,Regular,bB,2013,5340,1.3 S,0,1.4271428571428573,CBA-QNC20,5,レギュラー,16.4,54594744,10.48615425,0.08846153846153847,73,9.78116135135646e-05,0.9195631909181587,3.9936640042278806,11.768177261915234,665.0,2133.5,498.0544695,1382.632228375,0.026562932399709194,0.1807079098000255,1706.6600000000035,4212.7699999999895,421.9492556096757,753.7801284640009
Toyota,Regular,bB,2014,3614,1.3 S,0,1.6163256048387098,CBA-QNC20,5,レギュラー,15.0,55952365,10.48615425,0.08846153846153847,73,6.459065671308085e-05,0.9188134228106355,3.844791986938361,12.521527927710428,657.3,2252.3,489.189582375,1442.6810248749998,0.020939789781898477,0.2237041274817222,1933.7700000000004,5433.069999999992,433.37500146235107,795.1733052424497
Toyota,Regular,bB,2015,2015,1.3 S,0,1.4175810000000002,CBA-QNC20,5,レギュラー,16.4,56412140,10.48615425,0.08846153846153847,73,3.5719261846829424e-05,0.9279170405519096,3.5485370717775595,12.639326182338221,627.0,2376.0,455.1459665,1459.0457095,0.0201931634727337,0.22439951797082713,1843.4599999999991,5850.0,430.799118253708,888.6302493074509
Toyota,Regular,bB,2016,1159,1.3 S,0,1.419,CBA-QNC20,5,レギュラー,16.4,56950757,10.48615425,0.08846153846153847,73,2.0350914738499438e-05,0.9300480413280547,3.7539231361953638,12.870435378926317,704.6,2455.1,489.27810962499996,1474.635637125,0.021417270094566843,0.2494583532019261,2396.980000000003,6467.229999999996,437.37903690842904,885.5798424995337
Toyota,Regular,iQ,2008,4021,1.0 100X,0,1.418458417849899,DBA-KGJ10,4,レギュラー,21.0,52324877,7.522199999999999,0.07640449438202247,75,7.684681227248751e-05,0.9235641012591391,3.7658176355147908,12.531558359167166,560.0,1867.6,485.93764625,1378.81152225,0.03578715070185734,0.26109112396529377,2274.959999999999,7085.800000000003,1262.7225150933518,2182.2935579971017
Toyota,Regular,iQ,2009,14223,1.0 100X,0,1.4388888888888889,DBA-KGJ10,4,レギュラー,20.8,52877802,7.522199999999999,0.07640449438202247,75,0.00026897865384041493,0.9291896626111653,3.815952393564275,12.804736499858413,569.7,1860.6999999999998,486.549833125,1418.115617375,0.041576734575610064,0.27077855584746,2191.489999999998,7108.810000000012,1268.7641663564,2406.983914036533
Toyota,Regular,iQ,2010,5679,1.0 100X,0,1.4493264248704663,DBA-KGJ10,4,レギュラー,20.8,53362801,7.522199999999999,0.07640449438202247,75,0.00010642244960117442,0.9249569564386247,4.082634998343808,12.984592067652038,605.6,1943.1999999999998,514.905749875,1429.7977055000001,0.04751807559182064,0.27139988240191393,2301.119999999999,6544.700000000012,1365.8617248764158,2346.598255698711
Toyota,Regular,iQ,2011,2327,1.0 100X,0,1.452336448598131,DBA-KGJ10,4,レギュラー,20.8,53783435,7.522199999999999,0.07640449438202247,75,4.326610972318893e-05,0.9389811007794501,3.8717194691290664,12.07383376361967,594.0,1899.1000000000001,485.160571125,1352.06725824,0.045741748374095725,0.2599378569731168,2019.7799999999988,5693.2699999999895,1252.8271943626733,2255.048694957466
Toyota,Regular,iQ,2012,2040,1.0 100X,0,1.4538461538461538,DBA-KGJ10,4,レギュラー,20.8,54171475,7.522199999999999,0.07640449438202247,75,3.7658195572485335e-05,0.9197618488328037,4.160143117738952,12.25855707098174,667.8000000000001,2020.5,512.6829025000001,1404.338820625,0.05260707744334958,0.2495748412096468,2453.459999999999,5856.509999999995,1266.0419802027209,2428.6603180533893
Toyota,Regular,iQ,2013,1276,1.0 100X,0,1.4478260869565218,DBA-KGJ10,4,レギュラー,20.8,54594744,7.522199999999999,0.07640449438202247,75,2.337221326653716e-05,0.9195631909181587,4.005721048307397,11.768177261915234,660.6,2133.5,501.01842375,1382.632228375,0.04349998957875845,0.21998773966416607,2421.2199999999975,5570.609999999986,1248.118079026087,2384.657079302564
Toyota,Regular,iQ,2014,1109,1.0 100X,0,1.4501612903225807,DBA-KGJ10,4,レギュラー,20.8,55952365,7.522199999999999,0.07640449438202247,75,1.9820431182846338e-05,0.9188134228106355,3.856849031017877,12.521527927710428,651.5,2252.3,492.153536625,1442.6810248749998,0.0362747310368251,0.2731991336146746,2440.6900000000023,5676.669999999998,1260.3695232537266,2568.5102748089557
Toyota,Regular,iQ,2015,863,1.0 100X,0,1.4385600000000003,DBA-KGJ10,4,レギュラー,20.8,56412140,7.522199999999999,0.07640449438202247,75,1.529812554531702e-05,0.9279170405519096,3.5605941158570755,12.639326182338221,622.6,2376.0,458.10992075,1459.0457095,0.03434757866155547,0.27474732457564444,2237.699999999997,5892.239999999991,1216.1140144733154,2705.5996338475234
Toyota,Regular,iQ,2016,210,1.0 100X,0,1.44,DBA-KGJ10,4,レギュラー,20.8,56950757,7.522199999999999,0.07640449438202247,75,3.68739611310171e-06,0.9300480413280547,3.76598018027488,12.870435378926317,700.2,2455.1,492.242063875,1474.635637125,0.034560991871766866,0.30339135032242215,2599.380000000001,5977.069999999978,1264.8983401375617,2741.588953407434
Toyota,Regular,MR-S,2006,1324,1.8 シーケンシャル,0,2.217944444444445,TA-ZZW30,2,レギュラー,14.0,51102005,8.153500875,0.13725490196078433,48,2.5908963845939117e-05,0.9152275336359111,4.450704846141289,11.736348279232363,616.9,1783.5,538.80813,1316.3612268749998,0.07337008465736439,0.32988212893088154,1085.349999999995,2562.5699999999997,1028.3518971060148,1565.080494109432
Toyota,Regular,MR-S,2007,1203,1.8 シーケンシャル,0,2.217944444444445,TA-ZZW30,2,レギュラー,14.0,51713048,8.153500875,0.13725490196078433,48,2.3262987708634e-05,0.9201741889203668,4.34231046066158,11.886476094829879,628.0,1775.4,539.562882125,1324.5535381250002,0.07657154521203213,0.3244954068278081,1064.5,2351.219999999994,1038.507054870539,1637.3909877007063
Toyota,Regular,アクア,2012,266567,1.5 L,0,1.755,DAA-NHP10,5,レギュラー,35.4,54171475,9.784853625,0.07047619047619047,78,0.004920800107436616,0.9197618488328037,4.166071421644784,12.25855707098174,653.2,2020.5,510.4202488750001,1404.338820625,0.0662665207707882,0.28607557752014956,16808.179999999993,49422.909999999974,556.6684985248539,968.5791244570828
Toyota,Regular,アクア,2013,262367,1.5 L,0,1.7477329192546585,DAA-NHP10,5,レギュラー,35.4,54594744,9.784853625,0.07047619047619047,78,0.004805719026725356,0.9195631909181587,4.011649352213229,11.768177261915234,646.0,2133.5,498.755770125,1382.632228375,0.056199264329217735,0.25241574157528124,16165.659999999996,44196.369999999995,552.3700799803883,944.4851497426207
Toyota,Regular,アクア,2014,233209,1.5 L,0,1.7613417338709678,DAA-NHP10,5,レギュラー,37.0,55952365,9.784853625,0.07047619047619047,78,0.004167991826618946,0.9188134228106355,3.862777334923709,12.521527927710428,635.3,2252.3,489.89088300000003,1442.6810248749998,0.048079642001887524,0.3110763055638346,18112.570000000007,51619.869999999995,565.5779945625491,1013.2385615844942
Toyota,Regular,アクア,2015,215525,1.5 L,0,1.7592390000000002,DAA-NHP10,5,レギュラー,37.0,56412140,9.852568875000001,0.07047619047619047,78,0.0038205428831453656,0.9279170405519096,3.5665224197629075,12.639326182338221,606.4,2376.0,455.77955187500004,1459.0457095,0.04525217129848724,0.3131504308930888,16036.86,48763.919999999984,544.0407737561236,1088.0416529725371
Toyota,Regular,アクア,2016,168208,1.5 L,0,1.761,DAA-NHP10,5,レギュラー,37.0,56950757,9.852568875000001,0.07047619047619047,78,0.0029535691685362497,0.9300480413280547,3.771908484180712,12.870435378926317,684.0,2455.1,489.911695,1474.635637125,0.04528850651127303,0.34366387440774404,16693.380000000005,47222.26999999999,555.2129932591379,1091.8600289274618
Toyota,Regular,アリオン,2006,27913,1.5 A15 スタンダードパッケージ,0,1.61875,CBA-NZT240,5,レギュラー,16.4,51102005,11.3370075,0.0956140350877193,84,0.0005462212294801349,0.9152275336359111,4.492345713014354,11.736348279232363,614.5,1783.5,535.6246233749999,1316.3612268749998,0.028801292950371482,0.13398496828618622,1267.2699999999968,2829.9300000000003,275.9590976862237,691.6187877181437
Toyota,Regular,アリオン,2007,33361,1.5 A15 スタンダードパッケージ,0,1.61875,CBA-NZT240,5,レギュラー,16.4,51713048,11.3370075,0.0956140350877193,84,0.0006451176499981204,0.9201741889203668,4.383951327534645,11.886476094829879,625.6,1775.4,536.3793754999999,1324.5535381250002,0.022975481153942878,0.1411011509495932,1193.1399999999994,2657.459999999999,281.30873867040646,711.7687270325368
Toyota,Regular,アリオン,2008,28538,1.5 A15 スタンダードパッケージ,0,1.7021501014198785,DBA-NZT260,5,レギュラー,18.0,52324877,11.413070625000003,0.09166666666666666,84,0.0005454002309455979,0.9235641012591391,3.7505554632301465,12.531558359167166,563.0,1867.6,482.046775625,1378.81152225,0.018545948121347577,0.20178002663659367,1197.9599999999991,3549.4000000000087,296.0585161093459,735.7497789849585
Toyota,Regular,アリオン,2009,14058,1.5 A15 スタンダードパッケージ,0,1.7266666666666668,DBA-NZT260,5,レギュラー,18.6,52877802,11.413070625000003,0.09166666666666666,84,0.0002658582518237048,0.9291896626111653,3.800690221279631,12.804736499858413,571.9,1860.6999999999998,482.65896250000003,1418.115617375,0.022805201365500127,0.2056940058395078,1409.1699999999983,4287.530000000013,297.3362875144976,728.2605249474836
Toyota,Regular,アリオン,2010,24446,1.5 A15,0,1.7495440414507772,DBA-NZT260,5,レギュラー,20.0,53362801,11.413070625000003,0.09166666666666666,84,0.000458109385974698,0.9249569564386247,4.067372826059164,12.984592067652038,606.4,1943.1999999999998,511.01487925,1429.7977055000001,0.025736492694795277,0.2059556211019351,1965.119999999999,5443.260000000009,321.12481548194773,724.3172560636922
Toyota,Regular,アリオン,2011,14166,1.5 A15,0,1.753177570093458,DBA-NZT260,5,レギュラー,20.0,53783435,11.413070625000003,0.09166666666666666,84,0.0002633896477605047,0.9389811007794501,3.856457296844422,12.07383376361967,594.8,1899.1000000000001,481.2697005,1352.06725824,0.025267961733824396,0.20177284783672045,1730.5,4782.389999999999,292.2101929332275,648.2484171366377
Toyota,Regular,アリオン,2012,12733,1.5 A15,0,1.755,DBA-NZT260,5,レギュラー,20.0,54171475,11.413070625000003,0.09166666666666666,84,0.00023504990403159595,0.9197618488328037,4.144880945454307,12.25855707098174,668.6,2020.5,508.7920318750001,1404.338820625,0.03102474101899455,0.1960317982533728,2184.3399999999965,5009.309999999998,312.27738216998114,709.7950200242121
Toyota,Regular,アリオン,2013,10392,1.5 A15,0,1.758074534161491,DBA-NZT260,5,レギュラー,18.2,54594744,11.413070625000003,0.09083333333333334,84,0.00019034799393875717,0.9195631909181587,3.991292209356086,11.768177261915234,663.1999999999999,2133.5,497.127553125,1382.632228375,0.024634280499311823,0.17719033570750797,1807.1000000000022,4192.609999999986,311.4487481907345,687.3574890796626
Toyota,Regular,アリオン,2014,9020,1.5 A15,0,1.8499627016129032,DBA-NZT260,5,レギュラー,19.2,55952365,11.413070625000003,0.09083333333333334,84,0.00016120855659988636,0.9188134228106355,3.8424201920665664,12.521527927710428,653.0999999999999,2252.3,488.262666,1442.6810248749998,0.019292074998361053,0.21831396952746118,2032.050000000003,4756.029999999984,319.0097619843418,698.6252408540968
Toyota,Regular,アリオン,2015,7361,1.5 A15,0,1.835163,DBA-NZT260,5,レギュラー,19.2,56412140,11.413070625000003,0.09083333333333334,84,0.00013048609749603544,0.9279170405519096,3.5461652769057648,12.639326182338221,624.1999999999999,2376.0,454.219050125,1459.0457095,0.018675008493854617,0.21887582408156314,1928.5800000000054,5303.440000000002,318.6487984038595,782.0435467543066
Toyota,Regular,アリオン,2016,9701,1.5 A15,0,1.8980000000000001,DBA-NZT260,5,レギュラー,19.2,56950757,11.47557375,0.09083333333333334,84,0.000170340141396189,0.9300480413280547,3.751551341323569,12.870435378926317,701.8,2455.1,488.28869012499996,1474.635637125,0.020200599859425794,0.2432636227555398,2346.5800000000017,5577.389999999985,317.6004982221275,770.6010228263185
Toyota,Regular,アレックス,2006,7185,1.5 XS150,0,1.5324166666666668,CBA-NZE121,5,レギュラー,17.2,51102005,10.40263875,0.10091743119266056,88,0.00014060113688298532,0.9152275336359111,4.487042316909413,11.736348279232363,613.6999999999999,1783.5,536.5589921249999,1316.3612268749998,0.025998262596817256,0.1356163505306971,1440.5499999999993,3228.810000000005,404.3215803130897,693.6979987868472
Toyota,Regular,アレックス,2007,50,1.5 XS150,0,1.5324166666666668,CBA-NZE121,5,レギュラー,17.2,51713048,10.40263875,0.10091743119266056,88,9.668739696024106e-07,0.9201741889203668,4.378647931429705,11.886476094829879,624.8,1775.4,537.3137442499999,1324.5535381250002,0.021322167523889712,0.14114015864913743,1348.6599999999999,3069.2999999999956,411.0816548964649,729.1572173457898
Toyota,Regular,ヴィッツ,2006,117641,1.0 B,0,1.0791666666666666,DBA-KSP90,5,レギュラー,22.0,51102005,9.6615,0.07244897959183673,257,0.0023020818850454107,0.9152275336359111,4.515510768510237,11.736348279232363,608.9,1783.5,537.3001308749999,1316.3612268749998,0.07006165858397262,0.20665541021630696,3662.949999999997,8874.570000000007,560.7768277503383,845.6030309828639
Toyota,Regular,ヴィッツ,2007,121377,1.0 B,0,1.1007500000000001,DBA-KSP90,5,レギュラー,22.0,51713048,9.751674000000001,0.07171717171717172,257,0.0023471252361686357,0.9201741889203668,4.407848190905193,11.886476094829879,620.0,1775.4,537.964709,1324.5535381250002,0.06112820060159674,0.22535853195636824,3464.5,8792.819999999992,546.9008964855329,866.1431365123062
Toyota,Regular,ヴィッツ,2008,123337,1.0 B,0,1.0851206896551726,DBA-KSP90,5,レギュラー,22.0,52324877,9.751674000000001,0.07171717171717172,257,0.0023571388423903987,0.9235641012591391,3.7705049581796417,12.531558359167166,559.0,1867.6,483.70817225,1378.81152225,0.04472915278374412,0.2910889896355038,2789.959999999999,8768.600000000006,564.3651861053695,886.7129517302856
Toyota,Regular,ヴィッツ,2009,117655,1.0 B,0,1.105888888888889,DBA-KSP90,5,レギュラー,22.5,52877802,9.751674000000001,0.07171717171717172,257,0.002225035753188077,0.9291896626111653,3.820639716229126,12.804736499858413,568.0,1860.6999999999998,484.32035912500004,1418.115617375,0.050988732232901124,0.30264307565581583,3054.5800000000017,10130.900000000009,567.6771279265085,974.6600443825591
Toyota,Regular,ヴィッツ,2010,122248,1.0 B,0,1.1139108808290155,DBA-KSP90,5,レギュラー,22.5,53362801,9.751674000000001,0.07171717171717172,257,0.002290884243501386,0.9249569564386247,4.087322321008659,12.984592067652038,603.9,1943.1999999999998,512.676275875,1429.7977055000001,0.05804153999919637,0.30356189628358266,3189.369999999999,9433.510000000024,615.3604340904985,939.2078684884946
Toyota,Regular,ヴィッツ,2011,128725,1.0 F Mパッケージ,0,1.0996261682242991,DBA-KSP130,5,レギュラー,20.8,53783435,9.8776125,0.0711340206185567,257,0.002393394917970561,0.9389811007794501,3.876989942892532,12.07383376361967,594.0,1899.1000000000001,482.805158625,1352.06725824,0.05703239887924816,0.29311816256256473,2019.7799999999988,5693.2699999999895,530.2505776238395,844.7284922379258
Toyota,Regular,ヴィッツ,2012,105611,1.0 F Mパッケージ,0,1.1111538461538464,DBA-KSP130,5,レギュラー,20.8,54171475,9.8776125,0.0711340206185567,257,0.001949568476767524,0.9197618488328037,4.165413591502418,12.25855707098174,667.8000000000001,2020.5,510.32749000000007,1404.338820625,0.06460519287679112,0.2815919139993539,2453.459999999999,5856.509999999995,536.7636843447199,936.032875902154
Toyota,Regular,ヴィッツ,2013,85903,1.0 F Mパッケージ,0,1.106552795031056,DBA-KSP130,5,レギュラー,20.8,54594744,9.8776125,0.0711340206185567,257,0.001573466486077854,0.9195631909181587,4.010991522070863,11.768177261915234,660.6,2133.5,498.66301125,1382.632228375,0.05464794795373307,0.2483909403630593,2421.2199999999975,5570.609999999986,532.8053654153991,912.3181228671201
Toyota,Regular,ヴィッツ,2014,89496,1.0 F Mパッケージ,0,1.164157258064516,DBA-KSP130,5,レギュラー,21.6,55952365,9.8776125,0.0711340206185567,257,0.0015995034347520431,0.9188134228106355,3.862119504781343,12.521527927710428,650.6999999999999,2252.3,489.798124125,1442.6810248749998,0.046631035161733836,0.30643297266144875,2721.810000000005,6380.829999999987,545.8340056735105,977.226890042024
Toyota,Regular,ヴィッツ,2015,77612,1.0 F Mパッケージ,0,1.1528460000000003,DBA-KSP130,5,レギュラー,21.6,56412140,9.8776125,0.0711340206185567,257,0.001375803151591129,0.9279170405519096,3.565864589620541,12.639326182338221,621.8,2376.0,455.75450825,1459.0457095,0.04391386888839244,0.30844527097080343,2463.3000000000065,6432.399999999994,539.0008060669788,1078.2088194921853
Toyota,Regular,ヴィッツ,2016,71909,1.0 F Mパッケージ,0,1.1540000000000001,DBA-KSP130,5,レギュラー,21.6,56950757,9.8776125,0.0711340206185567,257,0.0012626522242715754,0.9300480413280547,3.7712506540383455,12.870435378926317,699.4,2455.1,489.886651375,1474.635637125,0.04395945220916109,0.33874780875939603,2802.5800000000017,6424.589999999982,549.9457861748651,1081.7404541082105
Toyota,Regular,エスクァイア,2014,11028,2.0 Xi,0,2.6102903225806453,DBA-ZRR80G,8,レギュラー,16.0,55952365,14.523395625000001,0.09681528662420383,104,0.00019709622640615816,0.9188134228106355,3.836438238775696,12.521527927710428,656.3,2252.3,485.15234100000004,1442.6810248749998,0.01713520844546501,0.21106574965932445,1829.170000000002,4865.469999999987,437.5354665092873,1969.408125872411
Toyota,Regular,エスクァイア,2015,59034,2.0 Xi,0,2.589408,DBA-ZRR80G,8,レギュラー,16.0,56412140,14.523395625000001,0.09681528662420383,104,0.0010464768753676071,0.9279170405519096,3.5401833236148943,12.639326182338221,627.4,2376.0,451.10872512500003,1459.0457095,0.016694992231277128,0.21134078217924923,1878.6599999999999,6091.919999999984,406.935403854528,2031.6982957491346
Toyota,Regular,エスクァイア,2016,44881,2.0 Xi,0,2.658,DBA-ZRR80G,8,レギュラー,16.0,56950757,14.523395625000001,0.09681528662420383,104,0.0007880667854862754,0.9300480413280547,3.7455693880326986,12.870435378926317,705.0,2455.1,485.24086825,1474.635637125,0.01913087974800909,0.23408611729474726,2455.380000000001,6759.469999999987,440.82469020233657,2003.7368767848748
Toyota,Regular,コンフォート,2006,9015,2.0 スタンダード,1,1.74825,ABA-YXS10,6,ガス,9.0,51102005,12.056407875000001,0.059848484848484845,133,0.00017641186485735735,0.9152275336359111,4.528111263253589,11.736348279232363,621.9,1783.5,534.905223,1316.3612268749998,0.11233418973079468,0.30071436567960985,2334.3499999999985,6482.57,229.47649186750277,833.974314209474
Toyota,Regular,コンフォート,2007,8171,2.0 スタンダード,1,1.74825,ABA-YXS10,6,ガス,9.0,51713048,12.056407875000001,0.059848484848484845,133,0.00015800654411242594,0.9201741889203668,4.4197168777738804,11.886476094829879,633.0,1775.4,535.659975125,1324.5535381250002,0.09875480825531502,0.31856935620513593,2424.5,6190.2199999999975,233.74019492817024,842.3371499531349
Toyota,Regular,コンフォート,2008,8373,2.0 スタンダード,1,2.148964503042597,DBA-TSS10,5,ガス,9.8,52324877,12.135988125,0.08467153284671533,133,0.0001600194874801139,0.9235641012591391,3.757550597050098,12.531558359167166,571.2,1867.6,481.323858125,1378.81152225,0.02419280122711087,0.22167770982756352,1835.9199999999964,5455.080000000002,246.53403978369897,887.2431832544316
Toyota,Regular,コンフォート,2009,5167,2.0 スタンダード,1,2.1799166666666667,DBA-TSS10,5,ガス,9.8,52877802,12.135988125,0.08467153284671533,133,9.77158619414627e-05,0.9291896626111653,3.8076853550995824,12.804736499858413,580.7,1860.6999999999998,481.93604500000004,1418.115617375,0.029153453154437292,0.2281800150289537,2055.0899999999983,5296.010000000002,246.9266899784343,839.9507195207989
Toyota,Regular,コンフォート,2010,3161,2.0 スタンダード,1,2.1957295336787563,DBA-TSS10,5,ガス,9.8,53362801,12.135988125,0.08467153284671533,133,5.923602098772889e-05,0.9249569564386247,4.074367959879115,12.984592067652038,616.6,1943.1999999999998,510.29196175,1429.7977055000001,0.03334868689317394,0.22849083921500934,2281.319999999998,5873.700000000012,263.76529440945706,853.1651321106037
Toyota,Regular,コンフォート,2011,3790,2.0 スタンダード,1,2.200289719626168,DBA-TSS10,5,ガス,9.8,53783435,12.135988125,0.08467153284671533,133,7.046779366174734e-05,0.9389811007794501,3.8634524306643736,12.07383376361967,605.0,1899.1000000000001,480.546783,1352.06725824,0.03239640983540781,0.2214343879464411,2417.9799999999977,6744.869999999995,243.80923902093673,753.2894809664867
Toyota,Regular,コンフォート,2012,4938,2.0 スタンダード,1,2.2420384615384616,DBA-TSS10,5,ガス,9.8,54171475,12.135988125,0.08188405797101449,133,9.115498516516303e-05,0.9197618488328037,4.15466355414996,12.25855707098174,678.8000000000001,2020.5,508.0691143750001,1404.338820625,0.04260700526370542,0.22365077875367723,3465.4599999999955,8232.509999999995,275.15575831082606,807.3561361687534
Toyota,Regular,コンフォート,2013,5222,2.0 スタンダード,1,2.2865310559006216,DBA-TSS10,5,ガス,9.8,54594744,12.135988125,0.08129496402877698,133,9.565023328985662e-05,0.9195631909181587,4.000830578660643,11.768177261915234,671.6,2133.5,496.404635625,1382.632228375,0.035193168458603874,0.19974451527423942,3611.4199999999983,11105.809999999983,274.1680092861807,782.2547026721804
Toyota,Regular,コンフォート,2014,4633,2.0 スタンダード,1,2.290046370967742,DBA-TSS10,5,ガス,9.8,55952365,12.135988125,0.08129496402877698,133,8.280257679903254e-05,0.9188134228106355,3.8519585613711227,12.521527927710428,662.5,2252.3,487.53974850000003,1442.6810248749998,0.028652793665613907,0.24867232975455122,3767.289999999999,12479.069999999985,277.52216047726324,774.7979094746552
Toyota,Regular,コンフォート,2015,4502,2.0 スタンダード,1,2.2717260000000006,DBA-TSS10,5,ガス,9.8,56412140,12.135988125,0.08129496402877698,133,7.98055170394174e-05,0.9279170405519096,3.555703646210321,12.639326182338221,633.6,2376.0,453.49613262500003,1459.0457095,0.02730961938693277,0.24983956755279335,3938.2999999999975,15079.439999999988,275.3105682186979,851.5796082589732
Toyota,Regular,コンフォート,2016,4737,2.0 スタンダード,1,2.274,DBA-TSS10,5,ガス,9.8,56950757,12.135988125,0.08129496402877698,133,8.317712089410857e-05,0.9300480413280547,3.7610897106281254,12.870435378926317,711.2,2455.1,487.62827575,1474.635637125,0.02782783721334392,0.2769943526922387,4997.379999999999,16567.869999999988,281.23408541152094,834.4103968573545
Toyota,Regular,サクシード,2006,6077,1.5 TX,0,1.527277777777778,CBA-NCP58G,5,レギュラー,16.4,51102005,11.005635,0.10283018867924529,135,0.00011891901306025076,0.9152275336359111,4.485129559422828,11.736348279232363,614.5,1783.5,535.955995875,1316.3612268749998,0.025594624436641733,0.13787486847750285,1267.2699999999968,2829.9300000000003,312.6907424598994,668.1783955018327
Toyota,Regular,サクシード,2007,5698,1.5 TX,0,1.527277777777778,CBA-NCP58G,5,レギュラー,16.4,51713048,11.005635,0.10283018867924529,135,0.0001101849575758907,0.9201741889203668,4.3767351739431195,11.886476094829879,625.6,1775.4,536.710748,1324.5535381250002,0.021333193708374276,0.14282436038948587,1193.1399999999994,2657.459999999999,318.5405916411655,693.7577481356093
Toyota,Regular,サクシード,2008,5504,1.5 TX,0,1.5055922920892497,CBA-NCP58G,5,レギュラー,16.4,52324877,11.005635,0.10283018867924529,135,0.00010518897158611572,0.9235641012591391,3.7393919412175682,12.531558359167166,564.6,1867.6,482.45421125,1378.81152225,0.01744001258793293,0.19556738212759894,910.6000000000022,2590.6800000000076,341.93176366539046,708.3970510455947
Toyota,Regular,サクシード,2009,3790,1.5 TX,0,1.527277777777778,CBA-NCP58G,5,レギュラー,16.4,52877802,11.005635,0.10283018867924529,135,7.167468874746345e-05,0.9291896626111653,3.7895266992670527,12.804736499858413,574.1,1860.6999999999998,483.06639812500003,1418.115617375,0.02057990488192385,0.19555337088262004,1004.369999999999,2695.610000000008,343.70838855460534,723.8013947947402
Toyota,Regular,サクシード,2010,3371,1.5 TX,0,1.5435326424870466,DBA-NCP58G,5,レギュラー,16.4,53362801,11.005635,0.10283018867924529,135,6.317134664651505e-05,0.9249569564386247,4.056209304046585,12.984592067652038,610.0,1943.1999999999998,511.422314875,1429.7977055000001,0.02189950180562572,0.196141882816812,1102.5599999999977,2530.140000000014,372.33497917299974,711.109164987949
Toyota,Regular,サクシード,2011,3031,1.5 TX,0,1.5467383177570093,DBA-NCP58G,5,レギュラー,16.4,53783435,11.005635,0.10283018867924529,135,5.6355641843998996e-05,0.9389811007794501,3.845293774831844,12.07383376361967,598.4,1899.1000000000001,481.677136125,1352.06725824,0.021797551298958773,0.19492349089375427,1046.5,2600.0699999999997,337.45022431081816,644.7734540431811
Toyota,Regular,サクシード,2012,3096,1.5 TX,0,1.5576923076923077,DBA-NCP58G,5,レギュラー,15.4,54171475,11.005635,0.10283018867924529,135,5.7151849751183625e-05,0.9197618488328037,4.133717423441729,12.25855707098174,673.2,2020.5,509.1994675000001,1404.338820625,0.02762849286181379,0.19374319559858666,1680.1799999999967,3242.909999999996,352.54203210399464,712.3779329588215
Toyota,Regular,サクシード,2013,2775,1.5 TX,0,1.551242236024845,DBA-NCP58G,5,レギュラー,15.4,54594744,11.005635,0.10283018867924529,135,5.0829068820251266e-05,0.9195631909181587,3.979295354010174,11.768177261915234,666.0,2133.5,497.53498875,1382.632228375,0.021946424854271673,0.1806005460168767,1765.6599999999999,4568.369999999995,351.3425290831492,690.5206827303009
Toyota,Regular,サクシード,2014,36,1.5 TX,0,1.510584677419355,DBA-NCP58G,5,レギュラー,15.4,55952365,11.005635,0.10283018867924529,135,6.434044387578613e-07,0.9188134228106355,3.8304233367206546,12.521527927710428,656.9,2252.3,488.67010162500003,1442.6810248749998,0.01785285820690896,0.21294191494970605,1882.3300000000017,5175.549999999988,360.8139805621122,714.1837550176388
Toyota,Regular,シエンタ,2006,38970,1.5 X,0,1.61875,DBA-NCP81G,7,レギュラー,18.6,51102005,11.605664999999998,0.09090909090909091,138,0.0007625923875198244,0.9152275336359111,4.4970506571929825,11.736348279232363,612.3,1783.5,535.3559658749999,1316.3612268749998,0.0333599225507164,0.13823540691921554,1879.3099999999977,4299.529999999999,253.27213462805048,730.1284005972193
Toyota,Regular,シエンタ,2007,35033,1.5 X,0,1.61875,DBA-NCP81G,7,レギュラー,18.6,51713048,11.605664999999998,0.09090909090909091,138,0.000677449915541625,0.9201741889203668,4.388656271713274,11.886476094829879,623.4,1775.4,536.1107179999999,1324.5535381250002,0.026514131688370135,0.146764275566714,1756.3400000000038,4162.699999999997,258.21623597418693,745.8764881923234
Toyota,Regular,シエンタ,2008,34809,1.5 X,0,1.595765720081136,DBA-NCP81G,7,レギュラー,18.6,52324877,11.605664999999998,0.09090909090909091,138,0.0006652476220823223,0.9235641012591391,3.7513130389877225,12.531558359167166,562.4,1867.6,481.85418125,1378.81152225,0.01897321305645283,0.20333955032128204,1357.2000000000007,4075.2400000000052,278.8812157956145,763.2402463682592
Toyota,Regular,シエンタ,2009,31805,1.5 X,0,1.61875,DBA-NCP81G,7,レギュラー,18.6,52877802,11.605664999999998,0.09090909090909091,138,0.0006014811281300989,0.9291896626111653,3.801447797037207,12.804736499858413,571.9,1860.6999999999998,482.46636812500003,1418.115617375,0.023308428055225705,0.20752912083011088,1409.1699999999983,4287.530000000013,279.92317970361546,745.0447760606985
Toyota,Regular,シエンタ,2010,28383,1.5 X,0,1.6304922279792746,DBA-NCP81G,7,レギュラー,18.6,53362801,11.605664999999998,0.09090909090909091,138,0.0005318873722539414,0.9249569564386247,4.06813040181674,12.984592067652038,607.8,1943.1999999999998,510.822284875,1429.7977055000001,0.026367154001496473,0.2077866145928673,1503.4000000000015,3913.060000000012,301.65588554500755,745.4682562566159
Toyota,Regular,シエンタ,2011,20986,1.5 X,0,1.6338785046728972,DBA-NCP81G,7,レギュラー,17.2,53783435,11.605664999999998,0.09016393442622951,138,0.00039019449018085214,0.9389811007794501,3.8579600290848592,12.07383376361967,597.5999999999999,1899.1000000000001,481.077106125,1352.06725824,0.026477442516391503,0.20499795886745664,1111.1399999999994,2813.989999999998,275.33221321555357,663.8740791386845
Toyota,Regular,シエンタ,2012,29926,1.5 X,0,1.6355769230769233,DBA-NCP81G,7,レギュラー,17.2,54171475,11.605664999999998,0.09016393442622951,138,0.0005524309611285275,0.9197618488328037,4.146383677694745,12.25855707098174,671.4,2020.5,508.5994375000001,1404.338820625,0.03228134071322175,0.19871911779693407,1665.7799999999952,3304.1100000000006,298.0979470358452,723.0193802545837
Toyota,Regular,シエンタ,2013,22371,1.5 X,0,1.6805124223602488,DBA-NCP81G,7,レギュラー,17.2,54594744,11.605664999999998,0.09016393442622951,138,0.000409764720208231,0.9195631909181587,3.9919616082631895,11.768177261915234,664.1999999999999,2133.5,496.93495875,1382.632228375,0.025131886950877536,0.1780429427960435,1718.5,4105.4100000000035,297.3290600447235,700.0764264435966
Toyota,Regular,シエンタ,2014,17744,1.5 X,0,1.6827913306451614,DBA-NCP81G,7,レギュラー,17.2,55952365,11.605664999999998,0.09016393442622951,138,0.0003171268989255414,0.9188134228106355,3.84308959097367,12.521527927710428,655.0999999999999,2252.3,488.070071625,1442.6810248749998,0.019711531291809803,0.21969052334778683,1809.2500000000036,4519.62999999999,303.87144962791535,705.947173359149
Toyota,Regular,シエンタ,2015,63904,1.5 X Vパッケージ,0,1.6883100000000002,DBA-NSP170G,7,レギュラー,20.6,56412140,12.023694375000002,0.083206106870229,138,0.0011328058109477855,0.9279170405519096,3.553792503368869,12.639326182338221,622.8,2376.0,453.608426375,1459.0457095,0.025040218300487638,0.24176973768414545,2188.7000000000007,5782.799999999988,279.5054123084683,832.0014241593017
Toyota,Regular,シエンタ,2016,125832,1.5 X Vパッケージ,0,1.69,DBA-NSP170G,7,レギュラー,20.6,56950757,12.023694375000002,0.083206106870229,138,0.0022094877509705444,0.9300480413280547,3.759178567786673,12.870435378926317,700.4,2455.1,487.7405695,1474.635637125,0.025716547045586013,0.26835554249434423,2556.5800000000054,5890.989999999976,284.955638155172,815.6205342814355
Toyota,Regular,スペイド,2012,26539,1.3 V,0,1.505769230769231,DBA-NSP140,5,レギュラー,18.4,54171475,11.44387725,0.08636363636363636,161,0.0004899072805383276,0.9197618488328037,4.150183975757338,12.25855707098174,670.2,2020.5,508.76122525000005,1404.338820625,0.036305617896861486,0.20803428601263718,1807.3799999999974,3794.9100000000035,309.79996285522066,711.2873189130478
Toyota,Regular,スペイド,2013,48584,1.3 V,0,1.4995341614906834,DBA-NSP140,5,レギュラー,18.4,54594744,11.44387725,0.08636363636363636,161,0.0008899025151578694,0.9195631909181587,3.9957619063257828,11.768177261915234,663.0,2133.5,497.0967465,1382.632228375,0.02865332173721946,0.18497264690562076,1834.6599999999999,4239.569999999992,308.9858698994867,688.7789108197903
Toyota,Regular,スペイド,2014,38733,1.3 V,0,1.501521169354839,DBA-NSP140,5,レギュラー,18.4,55952365,11.44387725,0.08636363636363636,161,0.0006922495590668956,0.9188134228106355,3.8468898890362633,12.521527927710428,653.9,2252.3,488.231859375,1442.6810248749998,0.022772307385659496,0.22966271206764555,1904.5300000000025,4539.549999999988,316.38893277791976,699.1634427705867
Toyota,Regular,スペイド,2015,28809,1.5 V,0,1.6343640000000001,DBA-NSP141,5,レギュラー,22.2,56412140,11.44387725,0.0939655172413793,161,0.0005106879476651656,0.9279170405519096,3.5430330929977187,12.639326182338221,621.1999999999999,2376.0,454.1882435,1459.0457095,0.017307998934535385,0.2137879061352601,2663.5800000000017,6945.039999999994,316.0130707477583,782.2776126876561
Toyota,Regular,スペイド,2016,19954,1.5 X,0,1.778,DBA-NSP141,5,レギュラー,22.2,56950757,11.44387725,0.0939655172413793,161,0.0003503728668611025,0.9300480413280547,3.748419157415523,12.870435378926317,698.8,2455.1,488.32038662499997,1474.635637125,0.01928344840628038,0.23730677578212278,2988.5800000000054,6868.589999999982,320.22339905709487,770.3684369284092
Toyota,Regular,タンク,2016,8595,1.0 X,0,1.463,DBA-M900A,5,レギュラー,24.6,56950757,10.720565,0.06448598130841121,172,0.00015091985520051997,0.9300480413280547,3.777898693348491,12.870435378926317,696.4,2455.1,489.04369887499996,1474.635637125,0.058983816770700914,0.39356681301220386,4020.580000000009,9573.39,401.92212364943407,835.5086535608534
Toyota,Regular,パッソ,2006,72099,1.0 X Vパッケージ,0,0.97125,DBA-KGC10,5,レギュラー,21.0,51102005,9.188011125000001,0.07888888888888888,198,0.0014108839760788251,0.9152275336359111,4.5090708592131845,11.736348279232363,609.9,1783.5,537.77361975,1316.3612268749998,0.053852063745269074,0.17342023311580035,3032.7499999999964,7238.570000000007,686.0358343501193,1012.2387319541667
Toyota,Regular,パッソ,2007,80015,1.0 X Vパッケージ,0,0.9928333333333333,DBA-KGC10,5,レギュラー,21.5,51713048,9.200790000000001,0.07888888888888888,198,0.0015472884135547377,0.9201741889203668,4.400676473733476,11.886476094829879,620.5,1775.4,538.515593,1324.5535381250002,0.04440042806027933,0.18555823510796632,3149.5,7936.470000000001,690.9704765109345,1062.180128545915
Toyota,Regular,パッソ,2008,72767,1.0 X Vパッケージ,0,0.9787363083164301,DBA-KGC10,5,レギュラー,21.5,52324877,9.200790000000001,0.07888888888888888,198,0.0013906769432061924,0.9235641012591391,3.7633332410079245,12.531558359167166,559.5,1867.6,484.25905625,1378.81152225,0.03174255070019205,0.24743651803753242,2522.709999999999,7895.699999999997,700.8596960396753,1090.3266085264477
Toyota,Regular,パッソ,2009,98883,1.0 X Vパッケージ,0,0.9928333333333333,DBA-KGC10,5,レギュラー,21.5,52877802,9.200790000000001,0.07888888888888888,198,0.001870028561323332,0.9291896626111653,3.813467999057409,12.804736499858413,569.0,1860.6999999999998,484.87124312500003,1418.115617375,0.03728302553894236,0.25615239540379076,2519.5800000000017,8264.300000000003,704.8461257697109,1211.1370862782242
Toyota,Regular,パッソ,2010,89373,1.0 X Vパッケージ,0,1.0352331606217617,DBA-KGC30,5,レギュラー,20.8,53362801,9.303021,0.07582417582417582,198,0.001674818381441409,0.9249569564386247,4.083215316901655,12.984592067652038,605.6,1943.1999999999998,513.124928875,1429.7977055000001,0.04872322517607652,0.27507427710371823,2301.119999999999,6544.700000000012,733.6313789718006,1119.3598846371642
Toyota,Regular,パッソ,2011,53974,1.0 X Vパッケージ,0,1.0373831775700935,DBA-KGC30,5,レギュラー,20.8,53783435,9.303021,0.07582417582417582,198,0.0010035431913190372,0.9389811007794501,3.872299787686913,12.07383376361967,594.0,1899.1000000000001,483.379750125,1352.06725824,0.046878783811582836,0.26326192076269095,2019.7799999999988,5693.2699999999895,666.6131126186865,1064.956694444394
Toyota,Regular,パッソ,2012,52281,1.0 X Vパッケージ,0,1.0592307692307694,DBA-KGC30,5,レギュラー,21.2,54171475,9.303021,0.07582417582417582,198,0.0009651020209436793,0.9197618488328037,4.160723436296799,12.25855707098174,667.4,2020.5,510.90208150000007,1404.338820625,0.05381384470538597,0.25275993723645085,2608.1800000000003,6340.110000000001,671.6913277549374,1172.2465530900445
Toyota,Regular,パッソ,2013,42805,1.0 X Vパッケージ,0,1.0548447204968945,DBA-KGC30,5,レギュラー,21.2,54594744,9.303021,0.07582417582417582,198,0.0007840498345408488,0.9195631909181587,4.006301366865244,11.768177261915234,660.1999999999999,2133.5,499.23760275,1382.632228375,0.04461586997788747,0.22278036492849473,2564.9000000000015,5930.209999999992,665.3494171159691,1145.62901120081
Toyota,Regular,パッソ,2014,49770,1.0 X Vパッケージ,0,1.1067550403225808,DBA-KGC30,5,レギュラー,23.4,55952365,9.32857875,0.07582417582417582,198,0.0008895066365827432,0.9188134228106355,3.8574293495757237,12.521527927710428,648.9,2252.3,490.347157875,1442.6810248749998,0.03730616616955684,0.2765127611334297,3541.529999999999,8559.549999999988,672.7178043917975,1222.1924412629596
Toyota,Regular,パッソ,2015,45449,1.0 X Vパッケージ,0,1.0979010000000002,DBA-KGC30,5,レギュラー,23.4,56412140,9.32857875,0.07582417582417582,198,0.0008056599164647893,0.9279170405519096,3.561174434414922,12.639326182338221,620.0,2376.0,456.303542,1459.0457095,0.03530019271111595,0.2781093319985277,3144.0599999999977,8246.799999999988,660.136958226054,1330.599051842375
Toyota,Regular,パッソ,2016,70381,1.0 X,0,1.15,DBA-M700A,5,レギュラー,28.0,56950757,9.26780625,0.07582417582417582,198,0.001235822027791483,0.9300480413280547,3.7665604988327264,12.870435378926317,693.0,2455.1,490.496457625,1474.635637125,0.035486961243665904,0.30693325053428655,6271.380000000005,15949.069999999978,692.4646889454252,1374.1500244637064
Toyota,Regular,プレミオ,2006,32015,1.5 F スタンダードパッケージ,0,1.6403333333333334,CBA-NZT240,5,レギュラー,16.4,51102005,11.46159,0.0956140350877193,222,0.0006264920525133994,0.9152275336359111,4.492345713014354,11.736348279232363,614.5,1783.5,535.500040875,1316.3612268749998,0.028801292950371482,0.13398496828618622,1267.2699999999968,2829.9300000000003,264.6488789431769,707.3047016621276
Toyota,Regular,プレミオ,2007,38196,1.5 F,0,1.8027222222222223,DBA-NZT260,5,レギュラー,18.0,51713048,11.500575,0.09166666666666666,222,0.0007386143628586735,0.9201741889203668,4.387898695955698,11.886476094829879,624.0,1775.4,536.2158079999999,1324.5535381250002,0.025812770027831333,0.14549057441293112,1560.5,3636.019999999997,266.4929358427271,730.4547446818324
Toyota,Regular,プレミオ,2008,32046,1.5 F,0,1.7771257606490876,DBA-NZT260,5,レギュラー,18.0,52324877,11.500575,0.09166666666666666,222,0.0006124429112370393,0.9235641012591391,3.7505554632301465,12.531558359167166,563.0,1867.6,481.95927125,1378.81152225,0.018545948121347577,0.20178002663659367,1197.9599999999991,3549.4000000000087,287.89545057803844,747.081272153162
Toyota,Regular,プレミオ,2009,25337,1.5 F,0,1.8027222222222223,DBA-NZT260,5,レギュラー,18.6,52877802,11.500575,0.09166666666666666,222,0.000479161369075061,0.9291896626111653,3.800690221279631,12.804736499858413,571.9,1860.6999999999998,482.571458125,1418.115617375,0.022805201365500127,0.2056940058395078,1409.1699999999983,4287.530000000013,289.0660839234297,734.7185017973716
Toyota,Regular,プレミオ,2010,26253,1.5 F,0,1.759896373056995,DBA-NZT260,5,レギュラー,20.0,53362801,11.488074375,0.09166666666666666,222,0.0004919719262862532,0.9249569564386247,4.067372826059164,12.984592067652038,606.4,1943.1999999999998,510.93987549999997,1429.7977055000001,0.025736492694795277,0.2059556211019351,1965.119999999999,5443.260000000009,313.1812467171185,731.4165330597971
Toyota,Regular,プレミオ,2011,16195,1.5 F,0,1.763551401869159,DBA-NZT260,5,レギュラー,20.0,53783435,11.488074375,0.09166666666666666,222,0.000301115018034828,0.9389811007794501,3.856457296844422,12.07383376361967,594.8,1899.1000000000001,481.19469675,1352.06725824,0.025267961733824396,0.20177284783672045,1730.5,4782.389999999999,285.29328056115264,653.2664701657486
Toyota,Regular,プレミオ,2012,14440,1.5 F,0,1.7653846153846156,DBA-NZT260,5,レギュラー,20.0,54171475,11.488074375,0.09166666666666666,222,0.0002665609529738668,0.9197618488328037,4.144880945454307,12.25855707098174,668.6,2020.5,508.71702812500007,1404.338820625,0.03102474101899455,0.1960317982533728,2184.3399999999965,5009.309999999998,306.38492893705006,713.842633676024
Toyota,Regular,プレミオ,2013,15025,1.5 F,0,1.7684161490683232,DBA-NZT260,5,レギュラー,18.2,54594744,11.488074375,0.09083333333333334,222,0.0002752096428916307,0.9195631909181587,3.991292209356086,11.768177261915234,663.1999999999999,2133.5,497.052549375,1382.632228375,0.024634280499311823,0.17719033570750797,1807.1000000000022,4192.609999999986,305.5883824995999,691.2259108598337
Toyota,Regular,プレミオ,2014,12823,1.5 F,0,1.8610403225806453,DBA-NZT260,5,レギュラー,19.2,55952365,11.488074375,0.09083333333333334,222,0.00022917708661644598,0.9188134228106355,3.8424201920665664,12.521527927710428,653.0999999999999,2252.3,488.18766225,1442.6810248749998,0.019292074998361053,0.21831396952746118,2032.050000000003,4756.029999999984,312.7615240943196,700.3565798104755
Toyota,Regular,プレミオ,2015,13351,1.5 F,0,1.8461520000000005,DBA-NZT260,5,レギュラー,19.2,56412140,11.488074375,0.09083333333333334,222,0.000236668915591573,0.9279170405519096,3.5461652769057648,12.639326182338221,624.1999999999999,2376.0,454.144046375,1459.0457095,0.018675008493854617,0.21887582408156314,1928.5800000000054,5303.440000000002,312.35434295932464,783.0377320360785
Toyota,Regular,プレミオ,2016,16293,1.5 F,0,1.909,DBA-NZT260,5,レギュラー,19.2,56950757,11.488074375,0.09083333333333334,222,0.00028608926128936266,0.9300480413280547,3.751551341323569,12.870435378926317,701.8,2455.1,488.2761895,1474.635637125,0.020200599859425794,0.2432636227555398,2346.5800000000017,5577.389999999985,316.58816507362644,770.7640226493386
Toyota,Regular,プロボックス,2006,4587,1.5 F,0,1.3679722222222221,CBA-NCP58G,5,レギュラー,16.4,51102005,10.73689275,0.10480769230769231,224,8.976164438166369e-05,0.9152275336359111,4.483152055794381,11.736348279232363,614.5,1783.5,536.2247381249999,1316.3612268749998,0.025515815512967777,0.14114069009332386,1267.2699999999968,2829.9300000000003,349.576164708149,668.6827161332149
Toyota,Regular,プロボックス,2007,4004,1.5 F,0,1.3679722222222221,CBA-NCP58G,5,レギュラー,16.4,51713048,10.73689275,0.10480769230769231,224,7.742726748576104e-05,0.9201741889203668,4.374757670314673,11.886476094829879,625.6,1775.4,536.9794902499999,1324.5535381250002,0.021683085365879262,0.14549642540515695,1193.1399999999994,2657.459999999999,355.831681457943,698.6653090830405
Toyota,Regular,プロボックス,2008,3441,1.5 F,0,1.3485486815415824,CBA-NCP58G,5,レギュラー,16.4,52324877,10.73689275,0.10480769230769231,224,6.576221860970643e-05,0.9235641012591391,3.737414437589121,12.531558359167166,564.6,1867.6,482.7229535,1378.81152225,0.01825757804072614,0.19774116542179598,910.6000000000022,2590.6800000000076,379.27648509647224,713.251758320348
Toyota,Regular,プロボックス,2009,2351,1.5 F,0,1.3679722222222221,CBA-NCP58G,5,レギュラー,16.4,52877802,10.73689275,0.10480769230769231,224,4.446100085627614e-05,0.9291896626111653,3.7875491956386056,12.804736499858413,574.1,1860.6999999999998,483.33514037500004,1418.115617375,0.02119918700280876,0.19705733731101338,1004.369999999999,2695.610000000008,381.3821509421032,743.9383081574815
Toyota,Regular,プロボックス,2010,2046,1.5 F,0,1.3913533678756478,DBA-NCP58G,5,レギュラー,16.4,53362801,10.73689275,0.10480769230769231,224,3.834131570417377e-05,0.9249569564386247,4.054231800418139,12.984592067652038,610.0,1943.1999999999998,511.691057125,1429.7977055000001,0.022285261615429652,0.1977557284954985,1102.5599999999977,2530.140000000014,413.5633356404687,725.8387479890662
Toyota,Regular,プロボックス,2011,1997,1.5 F,0,1.3942429906542058,DBA-NCP58G,5,レギュラー,16.4,53783435,10.73689275,0.10480769230769231,224,3.713039154155922e-05,0.9389811007794501,3.843316271203397,12.07383376361967,598.4,1899.1000000000001,481.945878375,1352.06725824,0.022196274231289337,0.1968545549697276,1046.5,2600.0699999999997,374.37727990687927,664.4692130897638
Toyota,Regular,プロボックス,2012,2097,1.5 F,0,1.405038461538462,DBA-NCP58G,5,レギュラー,15.4,54171475,10.73689275,0.10480769230769231,224,3.871040986054007e-05,0.9197618488328037,4.131739919813282,12.25855707098174,673.2,2020.5,509.4682097500001,1404.338820625,0.028118312159996495,0.19658609630564428,1680.1799999999967,3242.909999999996,386.73250673331313,736.7963032652333
Toyota,Regular,プロボックス,2013,1918,1.5 F,0,1.3992204968944102,DBA-NCP58G,5,レギュラー,15.4,54594744,10.73689275,0.10480769230769231,224,3.513158702603313e-05,0.9195631909181587,3.977317850381727,11.768177261915234,666.0,2133.5,497.803731,1382.632228375,0.02263637989462597,0.18456169310131676,1765.6599999999999,4568.369999999995,385.106663011984,714.958367810963
Toyota,Regular,プロボックス,2014,22,1.5 F,0,1.3625473790322582,DBA-NCP58G,5,レギュラー,15.4,55952365,10.73689275,0.10480769230769231,224,3.931916014631374e-07,0.9188134228106355,3.8284458330922075,12.521527927710428,656.9,2252.3,488.93884387500003,1442.6810248749998,0.01872099849293718,0.215565973336159,1882.3300000000017,5175.549999999988,395.65651089523635,747.5241941478162
Toyota,Regular,ベルタ,2006,34448,1.0 X,0,1.3597500000000002,DBA-KSP92,5,レギュラー,22.0,51102005,10.60982,0.07171717171717172,226,0.0006741027088858842,0.9152275336359111,4.516242576384902,11.736348279232363,608.9,1783.5,536.351810875,1316.3612268749998,0.0721345840379114,0.21106718149805603,3662.949999999997,8874.570000000007,369.23024019317745,675.007153713068
Toyota,Regular,ベルタ,2007,22761,1.0 X,0,1.3597500000000002,DBA-KSP92,5,レギュラー,22.0,51713048,10.60982,0.07171717171717172,226,0.00044014036844240934,0.9201741889203668,4.407848190905193,11.886476094829879,620.0,1775.4,537.1065629999999,1324.5535381250002,0.06112820060159674,0.22535853195636824,3464.5,8792.819999999992,375.67757379915747,707.0717857016825
Toyota,Regular,ベルタ,2008,20726,1.0 X,0,1.357667342799189,DBA-KSP92,5,レギュラー,22.0,52324877,10.60982,0.07171717171717172,226,0.00039610222112896704,0.9235641012591391,3.7705049581796417,12.531558359167166,559.0,1867.6,482.85002625,1378.81152225,0.04472915278374412,0.2910889896355038,2789.959999999999,8768.600000000006,398.89625024010275,721.8847299804111
Toyota,Regular,ベルタ,2009,19873,1.0 X,0,1.3772222222222223,DBA-KSP92,5,レギュラー,22.5,52877802,10.60982,0.07171717171717172,226,0.0003758287835035201,0.9291896626111653,3.820639716229126,12.804736499858413,568.0,1860.6999999999998,483.462213125,1418.115617375,0.050988732232901124,0.30264307565581583,3054.5800000000017,10130.900000000009,401.15750062517327,759.847653232533
Toyota,Regular,ベルタ,2010,17222,1.0 X,0,1.3872124352331607,DBA-KSP92,5,レギュラー,22.5,53362801,10.60982,0.07171717171717172,226,0.00032273418331245395,0.9249569564386247,4.087322321008659,12.984592067652038,603.9,1943.1999999999998,511.81812987499995,1429.7977055000001,0.05804153999919637,0.30356189628358266,3189.369999999999,9433.510000000024,435.12004297872227,739.2918722064896
Toyota,Regular,ベルタ,2011,8476,1.0 X,0,1.3900934579439255,DBA-KSP92,5,レギュラー,22.5,53783435,10.60982,0.07171717171717172,226,0.0001575949918408893,0.9389811007794501,3.8764067917939173,12.07383376361967,592.3,1899.1000000000001,482.072951125,1352.06725824,0.05567654258588128,0.2891161871146992,2800.2500000000036,8143.139999999999,393.79955490432985,679.8681778638856
Toyota,Regular,ベルタ,2012,4641,1.0 X,0,1.3915384615384616,DBA-KSP92,5,レギュラー,22.5,54171475,10.60982,0.07171717171717172,226,8.567239492740414e-05,0.9197618488328037,4.164830440403803,12.25855707098174,666.1,2020.5,509.59528250000005,1404.338820625,0.06316285893756468,0.2777077106712291,3203.8399999999965,8188.059999999998,405.01170192142126,754.6295084270641
Toyota,Regular,ベルタ,2013,34,1.0 X,0,1.3857763975155282,DBA-KSP92,5,レギュラー,22.5,54594744,10.60982,0.07171717171717172,226,6.227705729328083e-07,0.9195631909181587,4.010408370972248,11.768177261915234,658.9,2133.5,497.93080375,1382.632228375,0.05330241298363636,0.2449120604242272,3122.470000000001,7370.739999999991,403.1339689085362,732.7001112173275
Toyota,Regular,ポルテ,2006,39935,1.3 130i,0,1.4244999999999999,CBA-NNP10,5,レギュラー,16.4,51102005,11.598132,0.0798165137614679,228,0.0007814761866975669,0.9152275336359111,4.508143234340605,11.736348279232363,614.5,1783.5,535.363498875,1316.3612268749998,0.05181789206389753,0.16945988450991645,1267.2699999999968,2829.9300000000003,253.82171363556517,728.8106003024004
Toyota,Regular,ポルテ,2007,36777,1.3 130i,0,1.4358055555555556,CBA-NNP10,5,レギュラー,16.4,51713048,11.598132,0.0798165137614679,228,0.0007111744796013571,0.9201741889203668,4.399748848860897,11.886476094829879,625.6,1775.4,536.118251,1324.5535381250002,0.042567355034945575,0.18131936191045406,1193.1399999999994,2657.459999999999,258.7771860772191,744.6821132587938
Toyota,Regular,ポルテ,2008,32961,1.3 130i,0,1.4154188640973633,CBA-NNP10,5,レギュラー,16.4,52324877,11.598132,0.0798165137614679,228,0.0006299298133084957,0.9235641012591391,3.7624056161353456,12.531558359167166,564.6,1867.6,481.86171425,1378.81152225,0.030355813150394817,0.24273695152805752,910.6000000000022,2590.6800000000076,279.4987079299772,761.9893512095514
Toyota,Regular,ポルテ,2009,24483,1.3 130i,0,1.4358055555555556,CBA-NNP10,5,レギュラー,16.4,52877802,11.598132,0.0798165137614679,228,0.0004630109246976642,0.9291896626111653,3.81254037418483,12.804736499858413,574.1,1860.6999999999998,482.473901125,1418.115617375,0.03580327549205031,0.25109323429732733,1004.369999999999,2695.610000000008,280.5498950454403,744.2112421963466
Toyota,Regular,ポルテ,2010,18582,1.3 130i,0,1.446220725388601,DBA-NNP10,5,レギュラー,16.4,53362801,11.598132,0.0798165137614679,228,0.00034822010186459293,0.9249569564386247,4.079222978964363,12.984592067652038,610.0,1943.1999999999998,510.82981787499995,1429.7977055000001,0.04099082229144757,0.2515532777006797,1102.5599999999977,2530.140000000014,302.36022272298214,744.4611363263466
Toyota,Regular,ポルテ,2011,12810,1.3 130i,0,1.4492242990654205,DBA-NNP10,5,レギュラー,16.4,53783435,11.598132,0.0798165137614679,228,0.00023817742395962623,0.9389811007794501,3.8683074497496213,12.07383376361967,598.4,1899.1000000000001,481.08463912499997,1352.06725824,0.03958773260541171,0.24204206938048412,1046.5,2600.0699999999997,275.93799793608196,663.0942259124095
Toyota,Regular,ポルテ,2012,25752,1.3 V,0,1.505769230769231,DBA-NSP140,5,レギュラー,18.4,54171475,11.44387725,0.08636363636363636,228,0.00047537933940325605,0.9197618488328037,4.150183975757338,12.25855707098174,670.2,2020.5,508.76122525000005,1404.338820625,0.036305617896861486,0.20803428601263718,1807.3799999999974,3794.9100000000035,309.79996285522066,711.2873189130478
Toyota,Regular,ポルテ,2013,31649,1.3 V,0,1.4995341614906834,DBA-NSP140,5,レギュラー,18.4,54594744,11.44387725,0.08636363636363636,228,0.0005797078194926603,0.9195631909181587,3.9957619063257828,11.768177261915234,663.0,2133.5,497.0967465,1382.632228375,0.02865332173721946,0.18497264690562076,1834.6599999999999,4239.569999999992,308.9858698994867,688.7789108197903
Toyota,Regular,ポルテ,2014,26648,1.3 V,0,1.501521169354839,DBA-NSP140,5,レギュラー,18.4,55952365,11.44387725,0.08636363636363636,228,0.00047626226344498574,0.9188134228106355,3.8468898890362633,12.521527927710428,653.9,2252.3,488.231859375,1442.6810248749998,0.022772307385659496,0.22966271206764555,1904.5300000000025,4539.549999999988,316.38893277791976,699.1634427705867
Toyota,Regular,ポルテ,2015,21006,1.5 V,0,1.6343640000000001,DBA-NSP141,5,レギュラー,22.2,56412140,11.44387725,0.0939655172413793,228,0.00037236665724789023,0.9279170405519096,3.5430330929977187,12.639326182338221,621.1999999999999,2376.0,454.1882435,1459.0457095,0.017307998934535385,0.2137879061352601,2663.5800000000017,6945.039999999994,316.0130707477583,782.2776126876561
Toyota,Regular,ポルテ,2016,17026,1.5 X,0,1.778,DBA-NSP141,5,レギュラー,22.2,56950757,11.44387725,0.0939655172413793,228,0.00029896002962699863,0.9300480413280547,3.748419157415523,12.870435378926317,698.8,2455.1,488.32038662499997,1474.635637125,0.01928344840628038,0.23730677578212278,2988.5800000000054,6868.589999999982,320.22339905709487,770.3684369284092
Toyota,Regular,ラウム,2007,17078,1.5,0,1.6403333333333334,CBA-NCZ20,5,レギュラー,16.2,51713048,10.49333675,0.0956140350877193,241,0.00033024547305739936,0.9201741889203668,4.383951327534645,11.886476094829879,625.8,1775.4,537.2230462499999,1324.5535381250002,0.022975481153942878,0.1411011509495932,1163.0600000000013,2578.699999999997,395.1179140653494,718.2105092378442
Toyota,Regular,ラウム,2008,14115,1.5,0,1.6170425963488844,CBA-NCZ20,5,レギュラー,16.2,52324877,10.49333675,0.0956140350877193,241,0.0002697569647416467,0.9235641012591391,3.746608094809094,12.531558359167166,564.8,1867.6,482.9665095,1378.81152225,0.017043986708034864,0.1959941780946921,888.7200000000012,2516.2000000000044,417.9874564550246,733.3729247577357
Toyota,Regular,ラウム,2009,8716,1.5,0,1.6403333333333334,CBA-NCZ20,5,レギュラー,16.2,52877802,10.49333675,0.0956140350877193,241,0.0001648328725917919,0.9291896626111653,3.7967428528585785,12.804736499858413,574.3,1860.6999999999998,483.578696375,1418.115617375,0.020907439230743896,0.19849075369381142,986.2900000000045,2611.850000000006,420.39132587371023,778.0342212032992
Toyota,Regular,ラウム,2010,4661,1.5,0,1.6522321243523317,CBA-NCZ20,5,レギュラー,16.2,53362801,10.49333675,0.0956140350877193,241,8.734548997905863e-05,0.9249569564386247,4.063425457638111,12.984592067652038,610.1999999999999,1943.1999999999998,511.93461312499994,1429.7977055000001,0.02321187343089337,0.1988109884348761,1085.800000000003,2466.340000000011,456.04351833979854,755.2836467934249
Toyota,Regular,ラウム,2011,2671,1.5,0,1.6556635514018692,CBA-NCZ20,5,レギュラー,16.2,53783435,10.49333675,0.0956140350877193,241,4.966213110040294e-05,0.9389811007794501,3.8525099284233697,12.07383376361967,598.5999999999999,1899.1000000000001,482.18943437499996,1352.06725824,0.022929933213030385,0.19590428488293554,1038.140000000003,2570.7899999999936,412.7097286471435,697.4166764772199
Toyota,Regular,ラクティス,2006,74975,1.3 X,0,1.4244999999999999,DBA-SCP100,5,レギュラー,18.4,51102005,10.994109,0.07767857142857143,242,0.0014671635682396414,0.9152275336359111,4.510281176673502,11.736348279232363,612.5,1783.5,535.967521875,1316.3612268749998,0.05662000076464191,0.1789005915575299,1806.069999999996,4117.529999999999,314.14226380369473,667.841299533131
Toyota,Regular,ラクティス,2007,52885,1.3 X,0,1.4244999999999999,DBA-SCP100,5,レギュラー,18.4,51713048,10.994109,0.07767857142857143,242,0.0010226625976484697,0.9201741889203668,4.401886791193793,11.886476094829879,623.6,1775.4,536.722274,1324.5535381250002,0.04690598184495931,0.19140199818269,1687.5399999999972,3977.459999999992,320.009511530945,693.6095013258455
Toyota,Regular,ラクティス,2008,51694,1.3 X,0,1.4468275862068969,DBA-SCP100,5,レギュラー,18.4,52324877,10.994109,0.07767857142857143,242,0.0009879430772479407,0.9235641012591391,3.764543558468242,12.531558359167166,562.6,1867.6,482.46573725,1378.81152225,0.033652810854004955,0.25389430811329383,1301.0,3889.8800000000047,343.417807116728,708.2317140391533
Toyota,Regular,ラクティス,2009,45169,1.3 X,0,1.467666666666667,DBA-SCP100,5,レギュラー,18.4,52877802,10.994109,0.07767857142857143,242,0.000854214779956247,0.9291896626111653,3.8146783165177265,12.804736499858413,572.1,1860.6999999999998,483.07792412500004,1418.115617375,0.03931464363882753,0.26308195369552445,1356.7700000000004,4092.0099999999948,345.2085441377858,724.288526739776
Toyota,Regular,ラクティス,2010,46540,1.3 X,0,1.4959119170984456,DBA-NSP120,5,レギュラー,18.4,53362801,10.732867125,0.0871559633027523,242,0.0008721431245709909,0.9249569564386247,4.071883529423078,12.984592067652038,608.0,1943.1999999999998,511.69508275,1429.7977055000001,0.03018563017534759,0.21904146416659032,1450.5600000000013,3735.7400000000052,414.2259363859321,726.2010396949845
Toyota,Regular,ラクティス,2011,59207,1.3 X,0,1.4938317757009347,DBA-NSP120,5,レギュラー,18.4,53783435,10.732867125,0.0871559633027523,242,0.0011008408072113653,0.9389811007794501,3.8609680002083366,12.07383376361967,596.4,1899.1000000000001,481.949904,1352.06725824,0.029427576117209364,0.2130952965183286,1301.7000000000007,3425.2699999999895,374.97325318612275,664.8971111489518
Toyota,Regular,ラクティス,2012,43011,1.3 X,0,1.4953846153846155,DBA-NSP120,5,レギュラー,18.4,54171475,10.732867125,0.0871559633027523,242,0.0007939787498863562,0.9197618488328037,4.149391648818222,12.25855707098174,670.2,2020.5,509.4722353750001,1404.338820625,0.035366494930772374,0.20579424766861587,1807.3799999999974,3794.9100000000035,387.2907815767503,737.2993359326902
Toyota,Regular,ラクティス,2013,25688,1.3 X,0,1.5098757763975157,DBA-NSP120,5,レギュラー,18.4,54594744,10.732867125,0.0871559633027523,242,0.00047052148463229356,0.9195631909181587,3.994969579386667,11.768177261915234,663.0,2133.5,497.807756625,1382.632228375,0.02782142004905941,0.1832347223212829,1834.6599999999999,4239.569999999992,385.65745342298396,715.459493681763
Toyota,Regular,ラクティス,2014,22015,1.3 X,0,1.6263961693548388,DBA-NSP120,5,レギュラー,20.0,55952365,10.732867125,0.0908256880733945,242,0.00039345968664595323,0.9188134228106355,3.8424278373265053,12.521527927710428,652.3,2252.3,488.94286950000003,1442.6810248749998,0.01929666327201951,0.21832904873339976,2210.7700000000004,5135.069999999992,396.22235708586595,748.1630710830468
Toyota,Regular,ラクティス,2015,15293,1.3 X,0,1.613385,DBA-NSP120,5,レギュラー,20.0,56412140,10.732867125,0.0908256880733945,242,0.00027109412973874063,0.9279170405519096,3.5461729221657037,12.639326182338221,623.4,2376.0,454.89925362500003,1459.0457095,0.018679233367160597,0.21889131565361675,2059.459999999999,5515.919999999984,394.7394532687158,838.7802641315611
Toyota,Regular,ラクティス,2016,7307,1.3 X,0,1.615,DBA-NSP120,5,レギュラー,20.0,56950757,10.732867125,0.0908256880733945,242,0.0001283038257068295,0.9300480413280547,3.751558986583508,12.870435378926317,701.0,2455.1,489.03139675,1474.635637125,0.02020379870111566,0.24328125927691868,2447.380000000001,5694.669999999984,400.1827109072183,833.2723913609443
Toyota,Regular,ラッシュ,2006,25957,1.5 X,0,1.6403333333333334,CBA-J200E,5,レギュラー,14.6,51102005,11.44387725,0.09478260869565218,243,0.0005079448448255602,0.9152275336359111,4.493177139406421,11.736348279232363,616.3,1783.5,535.517753625,1316.3612268749998,0.029465159628488946,0.1343463915509746,1083.3099999999977,2498.730000000003,266.17364033631384,704.8454796858641
Toyota,Regular,ラッシュ,2007,15286,1.5 X,0,1.6403333333333334,CBA-J200E,5,レギュラー,14.6,51713048,11.44387725,0.09478260869565218,243,0.00029559270998684895,0.9201741889203668,4.384782753926713,11.886476094829879,627.4,1775.4,536.2725057499999,1324.5535381250002,0.023459103926380842,0.14171221467052364,1049.140000000003,2297.0999999999985,271.3619609786747,723.2443984898418
Toyota,Regular,ラッシュ,2008,12439,1.5 X,0,1.6818864097363087,CBA-J200E,5,レギュラー,15.4,52324877,11.47252275,0.0939655172413793,243,0.00023772631132988617,0.9235641012591391,3.748256612655434,12.531558359167166,565.6,1867.6,481.9873235,1378.81152225,0.017523444472198446,0.19793298859999453,832.4000000000015,2319.0800000000017,290.44733234903106,743.2384709522048
Toyota,Regular,ラッシュ,2009,8869,1.5 X,0,1.6403333333333334,CBA-J200E,5,レギュラー,14.6,52877802,11.44387725,0.09478260869565218,243,0.00016772633628001405,0.9291896626111653,3.7975742792506457,12.804736499858413,575.9,1860.6999999999998,482.628155875,1418.115617375,0.021206124729212017,0.19967894451818857,953.9700000000012,2307.530000000006,294.3565752709146,730.3122814576236
Toyota,Regular,ラッシュ,2010,6648,1.5 X,0,1.716416580310881,ABA-J200E,5,レギュラー,15.4,53362801,11.47252275,0.0939655172413793,243,0.00012458116656957345,0.9249569564386247,4.065073975484451,12.984592067652038,611.0,1943.1999999999998,510.95542712499997,1429.7977055000001,0.02411083879773368,0.20130589142109345,1051.5600000000013,2314.340000000011,314.7903954022404,729.8252656253244
Toyota,Regular,ラッシュ,2011,6338,1.5 X,0,1.719981308411215,ABA-J200E,5,レギュラー,15.4,53783435,11.47252275,0.0939655172413793,243,0.00011784297525808829,0.9389811007794501,3.8541584462697096,12.07383376361967,599.4,1899.1000000000001,481.210248375,1352.06725824,0.023758553102540714,0.19789658743587912,1035.8999999999978,2550.469999999994,286.6914067078469,652.1141299676456
Toyota,Regular,ラッシュ,2012,5765,1.5 X,0,1.7321538461538464,ABA-J200E,5,レギュラー,15.4,54171475,11.47252275,0.0939655172413793,243,0.00010642132229185194,0.9197618488328037,4.142582094879595,12.25855707098174,673.2,2020.5,508.73257975000007,1404.338820625,0.029469468604962246,0.193013197900596,1680.1799999999967,3242.909999999996,307.56786524829295,712.8878105656222
Toyota,Regular,ラッシュ,2013,5327,1.5 X,0,1.7477329192546585,ABA-J200E,5,レギュラー,13.8,54594744,11.47252275,0.0939655172413793,243,9.757349535332559e-05,0.9195631909181587,3.98816002544804,11.768177261915234,667.6,2133.5,497.068101,1382.632228375,0.02279412805425718,0.17466549509134888,2030.619999999999,5649.0099999999875,306.7655902084243,690.3100913765556
Toyota,Regular,ラッシュ,2014,3915,1.5 X,0,1.7502641129032261,ABA-J200E,5,レギュラー,13.8,55952365,11.47252275,0.0939655172413793,243,6.997023271491741e-05,0.9188134228106355,3.8392880081585203,12.521527927710428,658.5,2252.3,488.203213875,1442.6810248749998,0.017805687641135992,0.2133851591902447,2164.8899999999994,6449.469999999987,314.0200795989367,699.8801746718746
Toyota,Regular,ラッシュ,2015,2687,1.5 X,0,1.7362620000000004,ABA-J200E,5,レギュラー,13.8,56412140,11.47252275,0.0939655172413793,243,4.7631591356044995e-05,0.9279170405519096,3.5430330929977187,12.639326182338221,629.6,2376.0,454.159598,1459.0457095,0.017307998934535385,0.2137879061352601,2283.899999999998,8154.639999999985,313.62525515727066,782.7132471782897
Toyota,Regular,ラッシュ,2016,836,1.5 X,0,1.7380000000000002,ABA-J200E,5,レギュラー,13.8,56950757,11.47252275,0.0939655172413793,243,1.4679348335966808e-05,0.9300480413280547,3.748419157415523,12.870435378926317,707.2,2455.1,488.291741125,1474.635637125,0.01928344840628038,0.23730677578212278,3005.380000000001,9104.669999999998,317.84947406343235,770.5673606116907
Toyota,Regular,ルーミー,2016,8675,1.0 X,0,1.463,DBA-M900A,5,レギュラー,24.6,56950757,10.720565,0.06448598130841121,250,0.00015232457752932063,0.9300480413280547,3.777898693348491,12.870435378926317,696.4,2455.1,489.04369887499996,1474.635637125,0.058983816770700914,0.39356681301220386,4020.580000000009,9573.39,401.92212364943407,835.5086535608534
Volkswagen,Foreign,アップ,2012,4266,move up！,0,1.5473076923076923,DBA-AACHY,4,ハイオク,23.1,54171475,8.74462875,0.08333333333333333,81,7.874993250599138e-05,0.9197618488328037,0.3454776461235615,16.06629370364582,73.0,2613.0,45.68217237499999,1870.117122,0.0001529755163850316,0.2582803084743608,99.15999999999985,12610.940000000002,33.36614421550587,2276.90204510856
Volkswagen,Foreign,アップ,2013,12322,move up！,0,1.5409006211180127,DBA-AACHY,4,ハイオク,23.1,54594744,8.74462875,0.08333333333333333,81,0.00022569938234347247,0.9195631909181587,0.26216321480938415,15.504806256461935,59.800000000000004,2732.0,32.723817874999995,1849.7044055,0.00015042577152757364,0.22520373250436254,38.26999999999998,11564.099999999991,15.54841195746178,2254.7250332505537
Volkswagen,Foreign,アップ,2014,7884,move up！,0,1.5589233870967742,DBA-AACHY,4,ハイオク,23.1,55952365,8.74462875,0.08333333333333333,81,0.00014090557208797162,0.9188134228106355,0.24635468705395375,16.12509343272304,60.800000000000004,2840.7,32.62284425,1900.9892885,1.7098284826502774e-05,0.2662669180376507,35.469999999999345,11490.720000000001,15.319412346098034,2385.5764252871304
Volkswagen,Foreign,アップ,2015,4514,move up！,0,1.5464520000000004,DBA-AACHY,4,ハイオク,25.9,56412140,8.74462875,0.08333333333333333,81,8.001823720922483e-05,0.9279170405519096,0.33040735313786984,15.862584106106118,78.4,2915.1,45.59880724999999,1870.33439425,2.590324145279599e-05,0.26613855122262464,175.48000000000047,16454.630000000005,33.2236018813212,2463.958475397958
Volkswagen,Foreign,ゴルフ,2006,23621,E,0,2.4718055555555556,GH-1KBLP,5,ハイオク,12.8,51102005,11.249216,0.08787878787878788,134,0.0004622323527227552,0.9152275336359111,0.35924976503443834,15.87717947442121,48.599999999999994,2353.0,45.292020750000006,1806.7816209999999,0.0011339389292453206,0.18000265131241067,9.000000000000227,4127.080000000002,6.519142607013009,961.0516174636286
Volkswagen,Foreign,ゴルフ,2007,25392,E,0,2.4872222222222224,GH-1KBLP,5,ハイオク,12.8,51713048,11.249216,0.08787878787878788,134,0.0004910172767228882,0.9201741889203668,0.3649501556905812,15.913212513882875,47.400000000000006,2357.2000000000003,45.292020750000006,1815.728684375,0.000921235565434872,0.1821513623408748,6.599999999999682,3904.479999999996,6.519142607013009,988.1221499907842
Volkswagen,Foreign,ゴルフ,2008,23280,E,0,2.482302231237323,GH-1KBLP,5,ハイオク,12.8,52324877,11.249216,0.08787878787878788,134,0.00044491265598197203,0.9235641012591391,0.3766227325227325,15.90927896866246,49.400000000000006,2386.4,45.292020750000006,1815.73013175,0.0014894677940385098,0.23066438945681167,7.399999999999636,3779.0000000000073,6.519142607013009,1026.1519198188907
Volkswagen,Foreign,ゴルフ,2009,21413,TSI トレンドライン,0,2.600277777777778,ABA-1KCAX,5,ハイオク,15.4,52877802,11.249216,0.09312977099236641,134,0.00040495253565948143,0.9291896626111653,0.368441719768549,16.235521897043796,45.300000000000004,2390.5,46.956383,1853.9820515000001,0.0010105458003324824,0.2235119758539863,72.92999999999984,3250.649999999994,11.716269766598998,1024.1109243874089
Volkswagen,Foreign,ゴルフ,2010,26075,TSI トレンドライン,0,2.6605492227979277,DBA-1KCBZ,5,ハイオク,17.0,53362801,11.1908115,0.08267716535433071,134,0.0004886362692992821,0.9249569564386247,0.09545454545454547,16.965499849568992,20.0,2532.6,9.929073125,1931.1057707500001,0.00016326144222536185,0.27331935102737237,9.0,3946.9800000000105,1.5919837269476318,1057.5837790911319
Volkswagen,Foreign,ゴルフ,2011,26125,TSI トレンドライン,0,2.6660747663551403,DBA-1KCBZ,5,ハイオク,17.0,53783435,11.1908115,0.08267716535433071,134,0.0004857443560456858,0.9389811007794501,0.18076923076923074,15.758511331007197,38.4,2458.5,22.905036125000002,1810.65418174,0.0001702179537666354,0.26416715456517403,10.960000000000036,3825.3300000000017,4.778749604899758,951.8778651728426
Volkswagen,Foreign,ゴルフ,2012,22252,TSI トレンドライン,0,2.6688461538461543,DBA-1KCBZ,5,ハイオク,17.0,54171475,11.1908115,0.08267716535433071,134,0.0004107696901367371,0.9197618488328037,0.3461338141025641,16.06629370364582,79.1,2613.0,43.235989624999995,1870.117122,0.00017106571682826144,0.2617178981199575,48.530000000000655,4862.720000000001,10.918990382223,1027.653825095782
Volkswagen,Foreign,ゴルフ,2013,23858,TSI トレンドライン,0,2.5750621118012424,DBA-AUCJZ,5,ハイオク,21.0,54594744,11.208419999999998,0.0846774193548387,134,0.000437001774383263,0.9195631909181587,0.2608191287878788,15.504806256461935,61.900000000000006,2732.0,30.260026625000002,1849.7044055,0.00012495522645667584,0.2196554904575665,16.01000000000022,8220.899999999994,7.849807750221316,1005.7774819076003
Volkswagen,Foreign,ゴルフ,2014,31410,TSI トレンドライン,0,2.605255040322581,DBA-AUCJZ,5,ハイオク,21.0,55952365,11.208419999999998,0.0846774193548387,134,0.000561370372816234,0.9188134228106355,0.24501060103244837,16.12509343272304,62.900000000000006,2840.7,30.159053,1900.9892885,3.412378210891631e-05,0.25972870005744353,17.409999999999854,8326.23000000001,8.118364006369347,1031.398822722047
Volkswagen,Foreign,ゴルフ,2015,25635,TSI トレンドライン,0,2.6373600000000006,DBA-AUCJZ,5,ハイオク,21.0,56412140,11.208419999999998,0.0846774193548387,134,0.00045442346275110287,0.9279170405519096,0.32906326711636447,15.862584106106118,83.3,2915.1,43.135016,1870.33439425,4.280161577868008e-05,0.2596285407628067,48.570000000000164,8253.009999999995,11.242572263218335,1113.3549525153066
Volkswagen,Foreign,ゴルフ,2016,22802,TSI トレンドライン,0,2.499,DBA-AUCJZ,5,ハイオク,21.0,56950757,11.208419999999998,0.0846774193548387,134,0.0004003809817664057,0.9300480413280547,0.24572993378303115,16.38241270044535,57.400000000000006,3097.7,34.43108862500001,1928.760392375,4.099504854546826e-05,0.28659607554373645,24.55999999999949,8694.290000000008,5.204724027456791,1113.7742069206943
Volkswagen,Foreign,ビートル,2006,6601,EZ,0,2.363888888888889,GH-9CBFS,4,ハイオク,11.2,51102005,10.748325000000001,0.0816,202,0.00012917301385728409,0.9152275336359111,0.3655285529132262,15.87717947442121,50.2,2353.0,45.79291175,1806.7816209999999,0.0014281828106034108,0.2091221179318823,13.480000000000018,5512.679999999993,8.069284295746456,1008.1136738672867
Volkswagen,Foreign,ビートル,2007,4859,EZ,0,2.374166666666667,GH-9CBFS,4,ハイオク,11.2,51713048,10.748325000000001,0.0816,202,9.396081236596226e-05,0.9201741889203668,0.3712289435693691,15.913212513882875,49.0,2357.2000000000003,45.79291175,1815.728684375,0.0012870625343052514,0.21172331658316246,7.240000000000009,5303.519999999997,8.069284295746456,1044.147213436372
Volkswagen,Foreign,ビートル,2008,3465,EZ,0,2.370851926977688,ABA-9CBFS,4,ハイオク,11.2,52324877,10.748325000000001,0.0816,202,6.622089145092496e-05,0.9235641012591391,0.38290152040152037,15.90927896866246,51.0,2386.4,45.79291175,1815.73013175,0.0020018740307647387,0.26018694790699826,14.440000000000055,5271.479999999996,8.069284295746456,1082.178433218709
Volkswagen,Foreign,ビートル,2009,1944,EZ,0,2.4769444444444444,ABA-9CBFS,4,ハイオク,11.6,52877802,10.748325000000001,0.0816,202,3.676400921505777e-05,0.9291896626111653,0.3799714907609154,16.235521897043796,49.1,2390.5,47.457274,1853.9820515000001,0.0015812017450364813,0.2735460012233282,21.250000000000227,4899.8499999999985,14.933739598862076,1107.4391521491852
Volkswagen,Foreign,ビートル,2012,4264,デザイン,0,2.5961538461538463,DBA-16CBZ,4,ハイオク,17.6,54171475,11.58632475,0.08203125,202,7.871301270641053e-05,0.9197618488328037,0.34677972945689484,16.06629370364582,78.5,2613.0,42.840476374999994,1870.117122,0.00019307843597764912,0.26523802319739653,37.00999999999976,5090.239999999991,12.909244301769945,1007.7444112867597
Volkswagen,Foreign,ビートル,2013,10004,デザイン,0,2.637111801242236,DBA-16CBZ,4,ハイオク,17.6,54594744,11.58632475,0.08203125,202,0.00018324108269470043,0.9195631909181587,0.26346529814271746,15.504806256461935,65.30000000000001,2732.0,29.882121875,1849.7044055,0.00018888249412146035,0.23112987726945455,54.76999999999998,5800.099999999991,10.964531105053652,986.0320906088527
Volkswagen,Foreign,ビートル,2014,7251,デザイン,0,2.6676925403225806,DBA-16CBZ,4,ハイオク,17.6,55952365,11.58632475,0.08203125,202,0.00012959237737314588,0.9188134228106355,0.24765677038728706,16.12509343272304,66.30000000000001,2840.7,29.781148249999998,1900.9892885,1.4386966390625422e-05,0.27316243858727685,62.9699999999998,6250.87000000001,11.309404186226175,998.7345565937067
Volkswagen,Foreign,ビートル,2015,5043,デザイン,0,2.5974,DBA-16CBZ,4,ハイオク,17.6,56412140,11.58632475,0.08076923076923077,202,8.939565136156863e-05,0.9279170405519096,0.3329714557019724,15.862584106106118,86.69999999999999,2915.1,42.757111249999994,1870.33439425,4.377132460559041e-05,0.28016100751955264,101.61000000000058,7077.289999999994,13.240498652089173,1078.0172197344145
Volkswagen,Foreign,ビートル,2016,3903,デザイン,0,2.699,DBA-16CBZ,4,ハイオク,17.6,56950757,11.627026125000002,0.08076923076923077,202,6.853289061636177e-05,0.9300480413280547,0.24963812236863908,16.38241270044535,60.800000000000004,3097.7,34.012482500000004,1928.760392375,3.719670264634711e-05,0.3079587351105113,32.7199999999998,8104.049999999988,5.230998782756046,1076.236885589904
Volkswagen,Foreign,ジェッタ,2006,3916,2.0,0,2.9702777777777776,GH-1KBLX,5,ハイオク,12.0,51102005,11.97833175,0.10638297872340426,147,7.663104412439395e-05,0.9152275336359111,0.340745574189822,15.87717947442121,49.4,2353.0,44.562905,1806.7816209999999,0.0025597187939747773,0.16755902165766434,8.039999999999964,4717.479999999996,8.746784621215738,1036.037087844692
Volkswagen,Foreign,ジェッタ,2007,3352,2.0,0,2.9908333333333337,GH-1KBLX,5,ハイオク,12.0,51713048,11.97833175,0.10638297872340426,147,6.481923092214561e-05,0.9201741889203668,0.34644596484596485,15.913212513882875,48.2,2357.2000000000003,44.562905,1815.728684375,0.002136053196984053,0.1683742082083084,3.7199999999998,4501.5999999999985,8.746784621215738,1050.060730725927
Volkswagen,Foreign,ジェッタ,2008,1886,TSI コンフォートライン,0,3.0091582150101424,ABA-1KBLG,5,ハイオク,14.0,52324877,11.97833175,0.11805555555555555,147,3.6044040772422645e-05,0.9235641012591391,0.3464459648459648,15.90927896866246,48.2,2386.4,44.562905,1815.73013175,0.004527323053143767,0.2647924129301247,18.919999999999845,3197.2400000000052,8.746784621215738,1088.0883899462206
Volkswagen,Foreign,ティグアン,2009,2413,トラック＆フィールド 4WD,0,3.7719444444444448,ABA-5NCAW,5,ハイオク,9.7,52877802,13.642693999999999,0.10365853658536585,175,4.563351555346419e-05,0.9291896626111653,0.3579129541755496,16.235521897043796,51.0,2390.5,44.562905,1853.9820515000001,0.00165067954871162,0.2152139790565908,49.56000000000006,7468.080000000002,30.97982321485506,1741.2768921069583
Volkswagen,Foreign,パサート,2006,5171,2.0,0,3.2786111111111116,GH-3CBVY,5,ハイオク,11.0,51102005,12.975963,0.1048951048951049,196,0.00010118976740736493,0.9152275336359111,0.34223344801812133,15.87717947442121,50.4,2353.0,43.56527375,1806.7816209999999,0.0023184848819585713,0.16450868029459498,15.839999999999918,5743.479999999996,20.408096551873314,1414.2629560639398
Volkswagen,Foreign,パサート,2007,4457,2.0,0,3.3094444444444444,GH-3CBVY,5,ハイオク,11.0,51713048,12.975963,0.1048951048951049,196,8.618714565035889e-05,0.9201741889203668,0.3479338386742642,15.913212513882875,49.2,2357.2000000000003,43.56527375,1815.728684375,0.0019117822091045678,0.16543109207797713,9.11999999999989,5535.999999999993,20.408096551873314,1410.4348589079018
Volkswagen,Foreign,パサート,2008,3642,2.0,0,3.302981744421907,GH-3CBVY,5,ハイオク,11.0,52324877,12.975963,0.1048951048951049,196,6.96036036549116e-05,0.9235641012591391,0.3596064155064155,15.90927896866246,51.2,2386.4,43.56527375,1815.73013175,0.00208276590216179,0.21407798809885126,17.11999999999989,5515.639999999999,20.408096551873314,1448.4596302351347
Volkswagen,Foreign,パサート,2009,2039,TSI コンフォートライン,0,3.535555555555556,ABA-3CBZB,5,ハイオク,10.8,52877802,12.975963,0.1111111111111111,196,3.856060431558785e-05,0.9291896626111653,0.3504603796498043,16.235521897043796,49.900000000000006,2390.5,45.229636,1853.9820515000001,0.0027738217076317268,0.23091558090990905,28.769999999999982,5839.529999999999,19.857358667258268,1356.1466146212624
Volkswagen,Foreign,パサート,2011,3513,TSI コンフォートライン,0,3.361121495327103,DBA-3CCAX,5,ハイオク,18.4,53783435,12.975963,0.08531468531468532,196,6.531750900625815e-05,0.9389811007794501,0.17813171080887613,15.758511331007197,37.0,2458.5,21.119884625000005,1810.65418174,0.00010977327519719887,0.2506042301158442,4.519999999999982,4722.450000000012,12.470303788329602,1260.4863467113464
Volkswagen,Foreign,パサート,2012,4347,TSI コンフォートライン,0,3.3646153846153846,DBA-3CCAX,5,ハイオク,18.4,54171475,12.975963,0.08531468531468532,196,8.024518438901655e-05,0.9197618488328037,0.3434962941422095,16.06629370364582,77.69999999999999,2613.0,41.450838125,1870.117122,0.0001244799783369291,0.24874681866464998,27.250000000000455,5575.039999999994,32.305587789415995,1339.668361379372
Volkswagen,Foreign,パサート,2015,4136,TSI コンフォートライン,0,3.4825140000000006,DBA-3CCAX,5,ハイオク,17.6,56412140,12.975963,0.08531468531468532,196,7.331755186029107e-05,0.9279170405519096,0.3284260011565178,15.862584106106118,86.69999999999999,2915.1,41.367473,1870.33439425,5.712681313820023e-05,0.256744000070527,101.61000000000058,7077.289999999994,32.86853687256735,1341.0719210386887
Volkswagen,Foreign,パサート,2016,5058,TSI コンフォートライン,0,3.486,DBA-3CCAX,5,ハイオク,17.6,56950757,12.975963,0.08531468531468532,196,8.881356923842119e-05,0.9300480413280547,0.2450926678231845,16.38241270044535,60.800000000000004,3097.7,32.663545625000005,1928.760392375,5.3201057464188906e-05,0.2835906476239449,32.7199999999998,8104.049999999988,14.852883564215858,1348.684931841206
Volkswagen,Foreign,ポロ,2006,12557,1.4トレンドライン,1,1.7369444444444446,GH-9NBKY,5,ハイオク,14.4,51102005,9.589401,0.06637168141592921,229,0.0002457242137563878,0.9152275336359111,0.38075687149729703,15.87717947442121,47.0,2353.0,46.95183575,1806.7816209999999,0.0037794153840857506,0.3321500274742104,30.11999999999989,3560.679999999993,21.27388298014057,1424.7782378470583
Volkswagen,Foreign,ポロ,2007,11444,1.4トレンドライン,1,1.7369444444444446,ABA-9NBUD,5,ハイオク,13.2,51713048,9.589401,0.07207207207207207,229,0.00022129811416259974,0.9201741889203668,0.38075687149729703,15.913212513882875,47.0,2357.2000000000003,46.95183575,1815.728684375,0.002595223474132387,0.28069497209322813,10.439999999999827,3682.720000000001,21.27388298014057,1481.549710365769
Volkswagen,Foreign,ポロ,2008,9829,1.4トレンドライン,1,1.7122819472616635,ABA-9NBUD,5,ハイオク,13.2,52324877,9.589401,0.07207207207207207,229,0.00018784563984737125,0.9235641012591391,0.3924294483294483,15.90927896866246,49.0,2386.4,46.95183575,1815.73013175,0.0035324659121717603,0.32908364634634113,9.639999999999873,3533.8799999999974,21.27388298014057,1519.584284943332
Volkswagen,Foreign,ポロ,2009,7253,1.4トレンドライン,1,1.767777777777778,ABA-9NBUD,5,ハイオク,13.2,52877802,9.589401,0.07207207207207207,229,0.0001371653080436286,0.9291896626111653,0.38949941868884336,16.235521897043796,47.5,2390.5,48.616198,1853.9820515000001,0.0030559594039587384,0.34719536145266083,25.409999999999854,3638.729999999996,31.996076995694125,1609.9372607956975
Volkswagen,Foreign,ポロ,2010,14507,TSI コンフォートライン,1,2.2050466321243523,DBA-6RCBZ,5,ハイオク,20.0,53362801,9.929073125,0.09545454545454546,229,0.00027185604443814707,0.9249569564386247,0.08267716535433073,16.965499849568992,17.0,2532.6,11.1908115,1931.1057707500001,0.00016326144222536185,0.22214757561151366,9.0,7399.380000000005,1.5919837269476318,1453.859117004511
Volkswagen,Foreign,ポロ,2011,15171,TSI コンフォートライン,1,2.2096261682242995,DBA-6RCBZ,5,ハイオク,20.0,53783435,9.929073125,0.09545454545454546,229,0.000282075698586377,0.9389811007794501,0.167991850669016,15.758511331007197,35.4,2458.5,24.166774500000002,1810.65418174,0.00026607820588128717,0.2188030589598613,11.559999999999945,6501.330000000002,10.87552163732505,1337.3218766952123
Volkswagen,Foreign,ポロ,2012,14442,TSI コンフォートライン,1,2.211923076923077,DBA-6RCBZ,5,ハイオク,20.0,54171475,9.929073125,0.09545454545454546,229,0.0002665978727734476,0.9197618488328037,0.3333564340023494,16.06629370364582,76.1,2613.0,44.497727999999995,1870.117122,0.0005931868500287235,0.21986878067247817,26.93000000000029,7166.720000000001,15.024913063359463,1429.9123393162372
Volkswagen,Foreign,ポロ,2013,11698,TSI コンフォートライン ブルーモーション テクノロジー,1,2.2648136645962738,DBA-6RCBZ,5,ハイオク,21.2,54594744,9.929073125,0.09545454545454546,229,0.00021426971065199976,0.9195631909181587,0.250042002688172,15.504806256461935,61.7,2732.0,31.539373499999996,1849.7044055,0.00044325509111642347,0.1960697699969285,16.610000000000127,8478.499999999985,5.786119852606475,1411.8548596394758
Volkswagen,Foreign,ポロ,2014,13766,TSI コンフォートライン ブルーモーション テクノロジー,1,2.2547993951612906,DBA-6RCJZ,5,ハイオク,22.2,55952365,9.8280995,0.07964601769911504,229,0.00024603070844279775,0.9188134228106355,0.250042002688172,16.12509343272304,61.7,2840.7,31.539373499999996,1900.9892885,4.460063233675815e-05,0.2872276578870494,23.41000000000031,9958.470000000001,6.170549578563396,1546.2941174525185
Volkswagen,Foreign,ポロ,2015,12271,TSI コンフォートライン ブルーモーション テクノロジー,1,2.2817160000000003,DBA-6RCJZ,5,ハイオク,22.2,56412140,9.8280995,0.07964601769911504,229,0.00021752410030890514,0.9279170405519096,0.3340946687720881,15.862584106106118,82.1,2915.1,44.5153365,1870.33439425,7.230669934427114e-05,0.2869662505110484,57.45000000000027,9551.169999999998,16.07959419319559,1630.734506672059
Volkswagen,Foreign,ポロ,2016,10903,TSI トレンドライン,1,1.999,DBA-6RCJZ,5,ハイオク,22.2,56950757,9.8280995,0.07964601769911504,229,0.00019144609438641878,0.9300480413280547,0.2507613354387548,16.38241270044535,56.2,3097.7,35.811409125000004,1928.760392375,5.8710402757920777e-05,0.3150308321261428,43.75999999999976,9813.410000000003,15.050466299486402,1647.2612713947456
Volvo,Foreign,40シリーズ,2013,9246,T4,0,2.781894409937889,DBA-MB4164T,5,ハイオク,16.2,54594744,11.232648,0.1258741258741259,8,0.00016935696227461018,0.9195631909181587,0.11538461538461539,15.60904406334591,13.599999999999998,2785.1,12.656331,1867.283873125,0.00011002983030955135,0.33625082550818064,6.760000000000048,5969.350000000006,2.0268732844889996,1009.1289047134196
Volvo,Foreign,40シリーズ,2014,7324,T4,0,2.91039314516129,DBA-MB4164T,5,ハイオク,16.2,55952365,11.232648,0.1258741258741259,8,0.00013089705859618267,0.9188134228106355,0.11538461538461539,16.21352271185159,13.599999999999998,2894.7999999999997,12.656331,1918.4677824999999,0.00011002983030955135,0.35245023535232267,6.760000000000048,6593.520000000004,2.0268732844889996,1034.169740857862
Volvo,Foreign,40シリーズ,2015,7026,T3,0,3.2367600000000003,DBA-MB4154T,5,ハイオク,16.5,56412140,11.32704,0.10270270270270271,8,0.00012454765942224492,0.9279170405519096,0.11515151515151517,16.058470574723103,14.899999999999999,2988.0,12.656330999999998,1900.69445925,0.00015497293138570442,0.2300463029354063,2.560000000000059,7629.869999999995,1.7670145626810267,1107.2907255253303
Volvo,Foreign,40シリーズ,2016,7005,T3,0,3.24,DBA-MB4154T,5,ハイオク,16.5,56950757,11.32704,0.10270270270270271,8,0.00012300099891560703,0.9300480413280547,0.09268292682926829,16.51743442405125,16.5,3143.1,12.656330999999998,1950.41653,0.00010039590855386027,0.25484102582805024,0.0,8784.999999999985,1.7670145626810267,1100.5686926910275
Volvo,Foreign,50シリーズ,2009,2023,2.0e パワーシフト,0,3.073055555555556,CBA-MB4204S,5,ハイオク,11.6,52877802,11.600579999999999,0.10139860139860139,10,3.825801987760384e-05,0.9291896626111653,0.11428571428571428,16.481409072120393,8.6,2431.0,14.089241249999999,1886.49782925,0.00016607767856519073,0.21524024897741034,9.0,4912.100000000006,6.193434817251614,1018.6328458856951
Volvo,Foreign,50シリーズ,2010,2808,2.0e パワーシフト,0,3.0953471502590673,CBA-MB4204S,5,ハイオク,10.6,53362801,11.600579999999999,0.10139860139860139,10,5.262092595176929e-05,0.9249569564386247,0.132,16.910232958979268,9.500000000000002,2549.5,14.089241249999999,1926.535834125,0.0009364455963616833,0.21648702130099506,1.2099999999999795,6816.8499999999985,6.193434817251614,1040.724203409285
Volvo,Foreign,50シリーズ,2011,3336,2.0e パワーシフト,0,3.1017757009345797,CBA-MB4204S,5,ハイオク,10.6,53783435,11.600579999999999,0.10139860139860139,10,6.202653289065676e-05,0.9389811007794501,0.11538461538461538,15.805174510347541,11.4,2491.9,12.642677999999998,1820.506771365,0.00019560858721698327,0.21561968127716735,0.6399999999999864,7751.169999999998,1.0859682416040073,938.0008309792756
Volvo,Foreign,50シリーズ,2012,3660,2.0e パワーシフト,0,3.105,CBA-MB4204S,5,ハイオク,10.6,54171475,11.600579999999999,0.10139860139860139,10,6.75632332329884e-05,0.9197618488328037,0.11538461538461538,16.278321466319497,13.6,2684.9,12.642677999999998,1900.300665125,0.00019560858721698327,0.2195784305054267,9.0,10079.849999999999,1.0859682416040073,1019.8973435242297
Volvo,Foreign,60シリーズ,2011,6032,DRIVe,0,4.097663551401869,DBA-FB4164T,5,ハイオク,11.4,53783435,12.642677999999998,0.11538461538461539,12,0.00011215349112603164,0.9389811007794501,0.10139860139860138,15.805174510347541,10.6,2491.9,11.600579999999999,1820.506771365,0.00019560858721698327,0.2525623278653235,0.6399999999999864,6544.929999999993,1.0859682416040073,1135.396306822302
Volvo,Foreign,60シリーズ,2012,8065,T4,0,4.143461538461539,DBA-FB4164T,5,ハイオク,13.6,54171475,12.642677999999998,0.11538461538461539,12,0.00014887909180985012,0.9197618488328037,0.10139860139860138,16.278321466319497,10.6,2684.9,11.600579999999999,1900.300665125,0.00019560858721698327,0.26450972891929814,9.0,5949.449999999997,1.0859682416040073,1227.8336598952228
Volvo,Foreign,60シリーズ,2013,6256,T4,0,4.126304347826087,DBA-FB4164T,5,ハイオク,13.6,54594744,12.656331,0.11538461538461539,12,0.00011458978541963673,0.9195631909181587,0.1258741258741259,15.60904406334591,16.199999999999996,2785.1,11.232648,1867.283873125,0.00011002983030955135,0.25374214064219247,6.760000000000105,7900.109999999986,2.0268732844889996,1201.9622849534135
Volvo,Foreign,60シリーズ,2014,4796,T4,0,4.132959677419355,DBA-FB4164T,5,ハイオク,13.6,55952365,12.656331,0.11538461538461539,12,8.571576911896397e-05,0.9188134228106355,0.1258741258741259,16.21352271185159,16.199999999999996,2894.7999999999997,11.232648,1918.4677824999999,0.00011002983030955135,0.2750308624433462,6.760000000000105,8862.279999999999,2.0268732844889996,1183.2947976653668
Volvo,Foreign,60シリーズ,2015,5316,T4 SE,0,4.4855100000000006,DBA-FB420,5,ハイオク,14.9,56412140,12.656331,0.11515151515151516,12,9.423503522468745e-05,0.9279170405519096,0.10270270270270272,16.058470574723103,16.5,2988.0,11.327039999999998,1900.69445925,0.00015497293138570442,0.2722888129141352,2.5600000000000023,9002.349999999991,1.7670145626810267,1250.7219615171998
Volvo,Foreign,60シリーズ,2016,5447,T3 SE,0,4.54,DBA-FB4154T,5,ハイオク,16.5,56950757,12.656331,0.09268292682926829,12,9.564403156221436e-05,0.9300480413280547,0.10270270270270271,16.51743442405125,16.5,3143.1,11.327039999999998,1950.41653,0.00010039590855386027,0.25890373148869816,0.0,8784.999999999985,1.7670145626810267,1239.33324326406
Volvo,Foreign,70シリーズ,2006,5990,ベースモデル,1,4.7175,CBA-SB5244W,5,ハイオク,9.6,51102005,12.694203999999997,0.10897435897435898,13,0.00011721653582868226,0.9152275336359111,0.0,16.215333668360078,0.0,2404.8,0.0,1850.62865375,0.0,0.1775957656349152,0.0,7761.039999999986,0.0,1291.2749264501253
Volvo,Foreign,70シリーズ,2007,6018,ベースモデル,1,4.666111111111111,CBA-SB5244W,5,ハイオク,9.6,51713048,12.593195999999999,0.10897435897435898,13,0.00011637295098134614,0.9201741889203668,0.0,16.257067098477886,0.0,2407.8,0.0,1859.676725125,0.0,0.17777099221534431,0.0,7555.239999999991,0.0,1249.2692405710404
Volvo,Foreign,70シリーズ,2008,3635,2.5T LE,1,4.944340770791076,DBA-BB5254W,5,ハイオク,8.6,52324877,14.089241249999999,0.11428571428571428,13,6.946982407622286e-05,0.9235641012591391,0.0,16.259494774778265,0.0,2440.0,0.0,1858.1821272500001,0.0,0.24825104106899243,0.0,9524.440000000002,0.0,2271.7817733393094
Volvo,Foreign,70シリーズ,2009,2006,2.5T LE,1,5.128611111111111,DBA-BB5254W,5,ハイオク,8.6,52877802,14.089241249999999,0.11428571428571428,13,3.7936523912245825e-05,0.9291896626111653,0.10139860139860139,16.481409072120393,11.6,2431.0,11.600579999999999,1886.49782925,0.00016607767856519073,0.2462905828445754,9.0,9559.700000000012,6.193434817251614,2113.9798311039704
Volvo,Foreign,70シリーズ,2010,2317,2.5T LE,1,5.165813471502591,DBA-BB5254W,5,ハイオク,9.5,53362801,14.089241249999999,0.132,13,4.341975976860735e-05,0.9249569564386247,0.1013986013986014,16.910232958979268,10.600000000000001,2549.5,11.600579999999999,1926.535834125,0.0009364455963616763,0.38144383344099797,1.2099999999999795,8711.270000000004,6.193434817251614,2192.52217676532
