,V1,V2,V3,V4,V5,V6,V7,V8
1,1,1,8,2,1,1,0,-1
2,1,2,3,1,1,0,-1,0
3,1,3,1,1,0,0,0,0
4,1,4,5,2,0,0,1,0
5,1,5,7,2,1,0,0,0
6,1,6,3,1,1,0,-1,0
7,1,7,1,1,0,0,1,0
8,1,8,3,1,1,0,0,0
9,1,9,3,1,1,0,0,0
10,1,10,3,1,1,0,0,0
11,1,11,7,2,1,0,0,0
12,1,12,7,2,1,0,0,0
13,1,13,3,1,1,0,0,0
14,1,14,3,1,1,0,-1,0
15,1,15,1,1,0,0,0,0
16,1,16,1,1,0,0,0,1
17,1,17,2,1,0,1,0,-1
18,1,18,1,1,0,0,1,1
19,1,19,4,1,1,1,0,0
20,1,20,4,1,1,1,0,0
21,1,21,4,1,1,1,-1,0
22,1,22,2,1,0,1,0,0
23,1,23,2,1,0,1,0,0
24,1,24,2,1,0,1,0,0
25,1,25,2,1,0,1,0,0
26,1,26,2,1,0,1,1,0
27,1,27,4,1,1,1,0,-1
28,1,28,7,2,1,0,0,0
29,1,29,7,2,1,0,0,0
30,1,30,7,2,1,0,0,0
31,1,31,3,1,1,0,0,1
32,1,32,4,1,1,1,0,0
33,1,33,8,2,1,1,0,-1
34,1,34,3,1,1,0,-1,1
35,1,35,2,1,0,1,0,0
36,1,36,2,1,0,1,0,0
37,1,37,6,2,0,1,0,0
38,1,38,6,2,0,1,0,0
39,1,39,6,2,0,1,1,0
40,1,40,4,1,1,1,0,0
41,1,41,8,2,1,1,0,-1
42,1,42,7,2,1,0,0,0
43,1,43,3,1,1,0,0,0
44,1,44,3,1,1,0,0,1
45,1,45,4,1,1,1,0,0
46,1,46,8,2,1,1,0,0
47,1,47,8,2,1,1,0,0
48,1,48,4,1,1,1,0,0
49,1,49,8,2,1,1,-1,-1
50,1,50,5,2,0,0,0,0
51,2,1,2,1,0,1,1,0
52,2,2,8,2,1,1,0,0
53,2,3,8,2,1,1,0,0
54,2,4,8,2,1,1,-1,0
55,2,5,2,1,0,1,0,0
56,2,6,2,1,0,1,0,0
57,2,7,2,1,0,1,0,0
58,2,8,2,1,0,1,0,0
59,2,9,6,2,0,1,0,0
60,2,10,6,2,0,1,0,0
61,2,11,2,1,0,1,0,0
62,2,12,2,1,0,1,0,0
63,2,13,2,1,0,1,0,0
64,2,14,6,2,0,1,0,0
65,2,15,6,2,0,1,0,0
66,2,16,2,1,0,1,1,0
67,2,17,8,2,1,1,0,-1
68,2,18,3,1,1,0,0,0
69,2,19,3,1,1,0,0,0
70,2,20,7,2,1,0,-1,0
71,2,21,5,2,0,0,0,1
72,2,22,6,2,0,1,1,0
73,2,23,8,2,1,1,0,0
74,2,24,4,1,1,1,-1,0
75,2,25,2,1,0,1,1,0
76,2,26,8,2,1,1,-1,0
77,2,27,2,1,0,1,1,0
78,2,28,4,1,1,1,0,0
79,2,29,4,1,1,1,0,-1
80,2,30,3,1,1,0,0,0
81,2,31,3,1,1,0,0,1
82,2,32,4,1,1,1,0,0
83,2,33,4,1,1,1,0,-1
84,2,34,3,1,1,0,0,0
85,2,35,3,1,1,0,0,0
86,2,36,3,1,1,0,0,0
87,2,37,3,1,1,0,-1,1
88,2,38,2,1,0,1,0,0
89,2,39,2,1,0,1,1,-1
90,2,40,3,1,1,0,0,0
91,2,41,7,2,1,0,0,0
92,2,42,3,1,1,0,0,0
93,2,43,7,2,1,0,0,0
94,2,44,3,1,1,0,0,0
95,2,45,7,2,1,0,0,0
96,2,46,7,2,1,0,0,1
97,2,47,8,2,1,1,0,0
98,2,48,8,2,1,1,0,0
99,2,49,4,1,1,1,0,0
100,2,50,8,2,1,1,0,-1
101,3,1,7,2,1,0,0,0
102,3,2,7,2,1,0,0,0
103,3,3,3,1,1,0,0,1
104,3,4,8,2,1,1,0,0
105,3,5,4,1,1,1,-1,-1
106,3,6,5,2,0,0,0,1
107,3,7,6,2,0,1,0,0
108,3,8,2,1,0,1,0,0
109,3,9,6,2,0,1,0,0
110,3,10,6,2,0,1,0,-1
111,3,11,5,2,0,0,0,0
112,3,12,1,1,0,0,0,0
113,3,13,1,1,0,0,0,0
114,3,14,5,2,0,0,1,0
115,3,15,3,1,1,0,0,0
116,3,16,3,1,1,0,0,0
117,3,17,3,1,1,0,0,1
118,3,18,8,2,1,1,0,0
119,3,19,8,2,1,1,-1,-1
120,3,20,1,1,0,0,0,1
121,3,21,2,1,0,1,0,0
122,3,22,2,1,0,1,1,0
123,3,23,4,1,1,1,0,0
124,3,24,4,1,1,1,0,0
125,3,25,4,1,1,1,0,-1
126,3,26,7,2,1,0,0,0
127,3,27,7,2,1,0,0,0
128,3,28,3,1,1,0,0,1
129,3,29,4,1,1,1,-1,-1
130,3,30,1,1,0,0,0,0
131,3,31,5,2,0,0,0,0
132,3,32,5,2,0,0,0,1
133,3,33,6,2,0,1,1,-1
134,3,34,7,2,1,0,0,0
135,3,35,3,1,1,0,0,0
136,3,36,7,2,1,0,-1,1
137,3,37,6,2,0,1,1,0
138,3,38,4,1,1,1,0,0
139,3,39,4,1,1,1,0,0
140,3,40,8,2,1,1,0,0
141,3,41,8,2,1,1,-1,0
142,3,42,6,2,0,1,0,0
143,3,43,6,2,0,1,0,0
144,3,44,6,2,0,1,0,0
145,3,45,2,1,0,1,0,-1
146,3,46,1,1,0,0,0,0
147,3,47,1,1,0,0,0,0
148,3,48,5,2,0,0,1,0
149,3,49,7,2,1,0,0,0
150,3,50,3,1,1,0,0,0
151,4,1,8,2,1,1,-1,0
152,4,2,2,1,0,1,0,0
153,4,3,6,2,0,1,0,0
154,4,4,6,2,0,1,1,0
155,4,5,8,2,1,1,0,-1
156,4,6,7,2,1,0,0,1
157,4,7,8,2,1,1,0,0
158,4,8,4,1,1,1,0,0
159,4,9,4,1,1,1,0,0
160,4,10,4,1,1,1,0,0
161,4,11,4,1,1,1,0,0
162,4,12,4,1,1,1,-1,0
163,4,13,2,1,0,1,0,0
164,4,14,6,2,0,1,0,0
165,4,15,6,2,0,1,0,-1
166,4,16,1,1,0,0,1,0
167,4,17,3,1,1,0,0,0
168,4,18,3,1,1,0,0,1
169,4,19,8,2,1,1,0,-1
170,4,20,3,1,1,0,0,0
171,4,21,3,1,1,0,-1,1
172,4,22,6,2,0,1,0,-1
173,4,23,5,2,0,0,0,0
174,4,24,1,1,0,0,0,0
175,4,25,5,2,0,0,0,0
176,4,26,5,2,0,0,0,0
177,4,27,5,2,0,0,1,0
178,4,28,3,1,1,0,0,0
179,4,29,3,1,1,0,0,1
180,4,30,4,1,1,1,0,0
181,4,31,4,1,1,1,-1,0
182,4,32,2,1,0,1,1,0
183,4,33,4,1,1,1,0,0
184,4,34,8,2,1,1,0,0
185,4,35,8,2,1,1,-1,0
186,4,36,2,1,0,1,1,0
187,4,37,8,2,1,1,0,-1
188,4,38,7,2,1,0,0,0
189,4,39,7,2,1,0,0,0
190,4,40,7,2,1,0,0,0
191,4,41,7,2,1,0,0,0
192,4,42,7,2,1,0,0,0
193,4,43,3,1,1,0,-1,1
194,4,44,2,1,0,1,0,0
195,4,45,2,1,0,1,0,0
196,4,46,2,1,0,1,0,-1
197,4,47,1,1,0,0,0,1
198,4,48,2,1,0,1,1,0
199,4,49,4,1,1,1,0,0
200,4,50,8,2,1,1,0,0
201,5,1,2,1,0,1,0,0
202,5,2,6,2,0,1,0,-1
203,5,3,1,1,0,0,0,0
204,5,4,1,1,0,0,1,1
205,5,5,4,1,1,1,0,0
206,5,6,4,1,1,1,0,0
207,5,7,8,2,1,1,0,0
208,5,8,4,1,1,1,0,0
209,5,9,4,1,1,1,0,0
210,5,10,8,2,1,1,0,0
211,5,11,8,2,1,1,0,0
212,5,12,4,1,1,1,0,0
213,5,13,8,2,1,1,0,0
214,5,14,8,2,1,1,0,0
215,5,15,8,2,1,1,0,0
216,5,16,8,2,1,1,0,0
217,5,17,4,1,1,1,0,0
218,5,18,4,1,1,1,0,0
219,5,19,8,2,1,1,0,0
220,5,20,4,1,1,1,0,-1
221,5,21,7,2,1,0,0,0
222,5,22,7,2,1,0,0,0
223,5,23,7,2,1,0,0,0
224,5,24,7,2,1,0,0,0
225,5,25,3,1,1,0,0,0
226,5,26,7,2,1,0,0,0
227,5,27,3,1,1,0,0,0
228,5,28,3,1,1,0,-1,0
229,5,29,1,1,0,0,0,0
230,5,30,5,2,0,0,0,0
231,5,31,5,2,0,0,0,0
232,5,32,5,2,0,0,0,1
233,5,33,2,1,0,1,1,0
234,5,34,4,1,1,1,-1,0
235,5,35,2,1,0,1,1,0
236,5,36,4,1,1,1,0,-1
237,5,37,7,2,1,0,0,1
238,5,38,8,2,1,1,0,0
239,5,39,4,1,1,1,0,-1
240,5,40,3,1,1,0,0,1
241,5,41,8,2,1,1,0,0
242,5,42,4,1,1,1,0,-1
243,5,43,7,2,1,0,0,0
244,5,44,7,2,1,0,-1,0
245,5,45,1,1,0,0,1,0
246,5,46,3,1,1,0,0,0
247,5,47,3,1,1,0,0,0
248,5,48,3,1,1,0,0,0
249,5,49,3,1,1,0,0,0
250,5,50,3,1,1,0,0,0
251,6,1,5,2,0,0,0,0
252,6,2,5,2,0,0,1,0
253,6,3,7,2,1,0,0,0
254,6,4,3,1,1,0,0,0
255,6,5,3,1,1,0,0,0
256,6,6,3,1,1,0,0,1
257,6,7,4,1,1,1,0,0
258,6,8,4,1,1,1,0,0
259,6,9,8,2,1,1,0,0
260,6,10,8,2,1,1,0,-1
261,6,11,3,1,1,0,0,0
262,6,12,3,1,1,0,0,0
263,6,13,7,2,1,0,0,0
264,6,14,7,2,1,0,0,0
265,6,15,7,2,1,0,0,0
266,6,16,7,2,1,0,0,0
267,6,17,7,2,1,0,0,0
268,6,18,3,1,1,0,0,1
269,6,19,8,2,1,1,0,-1
270,6,20,3,1,1,0,0,1
271,6,21,4,1,1,1,0,0
272,6,22,4,1,1,1,0,-1
273,6,23,3,1,1,0,0,0
274,6,24,3,1,1,0,0,0
275,6,25,3,1,1,0,0,0
276,6,26,3,1,1,0,0,0
277,6,27,3,1,1,0,0,1
278,6,28,8,2,1,1,0,0
279,6,29,8,2,1,1,0,0
280,6,30,4,1,1,1,0,-1
281,6,31,3,1,1,0,0,1
282,6,32,8,2,1,1,0,-1
283,6,33,7,2,1,0,0,0
284,6,34,3,1,1,0,-1,0
285,6,35,5,2,0,0,1,1
286,6,36,8,2,1,1,-1,0
287,6,37,6,2,0,1,1,0
288,6,38,8,2,1,1,0,-1
289,6,39,3,1,1,0,0,1
290,6,40,4,1,1,1,0,-1
291,6,41,7,2,1,0,0,0
292,6,42,3,1,1,0,0,0
293,6,43,7,2,1,0,0,0
294,6,44,7,2,1,0,0,0
295,6,45,7,2,1,0,0,1
296,6,46,8,2,1,1,0,-1
297,6,47,7,2,1,0,0,1
298,6,48,8,2,1,1,0,0
299,6,49,8,2,1,1,-1,0
300,6,50,6,2,0,1,0,0
301,7,1,4,1,1,1,-1,0
302,7,2,2,1,0,1,0,-1
303,7,3,1,1,0,0,0,0
304,7,4,1,1,0,0,0,0
305,7,5,1,1,0,0,0,0
306,7,6,5,2,0,0,0,0
307,7,7,1,1,0,0,1,0
308,7,8,7,2,1,0,0,0
309,7,9,7,2,1,0,-1,1
310,7,10,2,1,0,1,1,0
311,7,11,8,2,1,1,-1,-1
312,7,12,1,1,0,0,0,0
313,7,13,5,2,0,0,0,1
314,7,14,6,2,0,1,0,0
315,7,15,2,1,0,1,0,-1
316,7,16,5,2,0,0,0,0
317,7,17,1,1,0,0,0,0
318,7,18,5,2,0,0,0,0
319,7,19,1,1,0,0,0,0
320,7,20,1,1,0,0,1,0
321,7,21,3,1,1,0,-1,0
322,7,22,1,1,0,0,0,0
323,7,23,1,1,0,0,0,0
324,7,24,5,2,0,0,0,0
325,7,25,5,2,0,0,1,0
326,7,26,7,2,1,0,0,0
327,7,27,7,2,1,0,0,1
328,7,28,4,1,1,1,0,0
329,7,29,8,2,1,1,0,-1
330,7,30,7,2,1,0,-1,0
331,7,31,1,1,0,0,1,0
332,7,32,3,1,1,0,0,0
333,7,33,3,1,1,0,0,0
334,7,34,3,1,1,0,0,0
335,7,35,3,1,1,0,-1,1
336,7,36,2,1,0,1,0,0
337,7,37,6,2,0,1,1,0
338,7,38,8,2,1,1,0,-1
339,7,39,3,1,1,0,0,1
340,7,40,4,1,1,1,0,-1
341,7,41,3,1,1,0,0,0
342,7,42,3,1,1,0,0,1
343,7,43,4,1,1,1,0,0
344,7,44,4,1,1,1,0,0
345,7,45,4,1,1,1,-1,0
346,7,46,2,1,0,1,0,0
347,7,47,2,1,0,1,0,0
348,7,48,2,1,0,1,0,0
349,7,49,2,1,0,1,0,0
350,7,50,2,1,0,1,1,0
351,8,1,5,2,0,0,0,0
352,8,2,1,1,0,0,0,0
353,8,3,5,2,0,0,0,0
354,8,4,1,1,0,0,1,0
355,8,5,7,2,1,0,0,0
356,8,6,7,2,1,0,0,0
357,8,7,7,2,1,0,0,0
358,8,8,3,1,1,0,0,0
359,8,9,3,1,1,0,0,0
360,8,10,3,1,1,0,-1,0
361,8,11,1,1,0,0,1,0
362,8,12,3,1,1,0,0,0
363,8,13,7,2,1,0,0,1
364,8,14,4,1,1,1,-1,0
365,8,15,6,2,0,1,0,-1
366,8,16,5,2,0,0,0,1
367,8,17,2,1,0,1,0,0
368,8,18,6,2,0,1,0,-1
369,8,19,1,1,0,0,1,0
370,8,20,7,2,1,0,0,0
371,8,21,7,2,1,0,0,1
372,8,22,4,1,1,1,0,0
373,8,23,4,1,1,1,0,-1
374,8,24,3,1,1,0,0,0
375,8,25,3,1,1,0,0,0
376,8,26,3,1,1,0,0,0
377,8,27,3,1,1,0,0,1
378,8,28,4,1,1,1,0,0
379,8,29,4,1,1,1,0,0
380,8,30,4,1,1,1,0,0
381,8,31,8,2,1,1,-1,0
382,8,32,2,1,0,1,0,0
383,8,33,2,1,0,1,0,0
384,8,34,2,1,0,1,0,0
385,8,35,2,1,0,1,0,-1
386,8,36,5,2,0,0,0,1
387,8,37,2,1,0,1,1,0
388,8,38,8,2,1,1,0,0
389,8,39,8,2,1,1,0,-1
390,8,40,7,2,1,0,0,0
391,8,41,7,2,1,0,0,0
392,8,42,3,1,1,0,0,0
393,8,43,3,1,1,0,0,0
394,8,44,3,1,1,0,0,0
395,8,45,3,1,1,0,0,0
396,8,46,7,2,1,0,0,0
397,8,47,3,1,1,0,0,0
398,8,48,3,1,1,0,0,0
399,8,49,3,1,1,0,0,1
400,8,50,4,1,1,1,0,0
401,9,1,5,2,0,0,0,0
402,9,2,5,2,0,0,0,0
403,9,3,5,2,0,0,1,0
404,9,4,7,2,1,0,0,0
405,9,5,7,2,1,0,0,0
406,9,6,7,2,1,0,0,1
407,9,7,8,2,1,1,-1,0
408,9,8,6,2,0,1,0,0
409,9,9,2,1,0,1,1,0
410,9,10,4,1,1,1,0,0
411,9,11,4,1,1,1,-1,0
412,9,12,2,1,0,1,1,0
413,9,13,4,1,1,1,0,0
414,9,14,8,2,1,1,0,-1
415,9,15,7,2,1,0,0,0
416,9,16,7,2,1,0,-1,0
417,9,17,1,1,0,0,0,0
418,9,18,5,2,0,0,0,0
419,9,19,1,1,0,0,1,0
420,9,20,3,1,1,0,0,0
421,9,21,3,1,1,0,0,0
422,9,22,3,1,1,0,0,0
423,9,23,3,1,1,0,0,1
424,9,24,4,1,1,1,-1,-1
425,9,25,1,1,0,0,0,0
426,9,26,1,1,0,0,0,1
427,9,27,2,1,0,1,1,0
428,9,28,4,1,1,1,0,-1
429,9,29,7,2,1,0,0,1
430,9,30,4,1,1,1,0,0
431,9,31,4,1,1,1,0,-1
432,9,32,7,2,1,0,0,0
433,9,33,3,1,1,0,0,0
434,9,34,3,1,1,0,0,0
435,9,35,3,1,1,0,0,1
436,9,36,8,2,1,1,0,-1
437,9,37,3,1,1,0,0,0
438,9,38,3,1,1,0,0,0
439,9,39,3,1,1,0,0,0
440,9,40,7,2,1,0,0,1
441,9,41,4,1,1,1,0,0
442,9,42,4,1,1,1,0,0
443,9,43,4,1,1,1,0,0
444,9,44,4,1,1,1,0,0
445,9,45,4,1,1,1,-1,0
446,9,46,2,1,0,1,0,0
447,9,47,2,1,0,1,0,-1
448,9,48,1,1,0,0,1,0
449,9,49,3,1,1,0,0,0
450,9,50,7,2,1,0,0,0
451,10,1,7,2,1,0,-1,0
452,10,2,1,1,0,0,0,0
453,10,3,5,2,0,0,0,0
454,10,4,5,2,0,0,1,0
455,10,5,7,2,1,0,0,0
456,10,6,7,2,1,0,0,0
457,10,7,7,2,1,0,0,0
458,10,8,7,2,1,0,0,0
459,10,9,7,2,1,0,0,0
460,10,10,3,1,1,0,0,1
461,10,11,4,1,1,1,0,0
462,10,12,8,2,1,1,0,0
463,10,13,8,2,1,1,-1,0
464,10,14,6,2,0,1,0,0
465,10,15,2,1,0,1,0,0
466,10,16,6,2,0,1,0,0
467,10,17,2,1,0,1,1,-1
468,10,18,7,2,1,0,0,0
469,10,19,7,2,1,0,0,1
470,10,20,4,1,1,1,0,-1
471,10,21,3,1,1,0,0,1
472,10,22,4,1,1,1,-1,-1
473,10,23,1,1,0,0,0,1
474,10,24,2,1,0,1,0,0
475,10,25,2,1,0,1,1,0
476,10,26,8,2,1,1,-1,-1
477,10,27,5,2,0,0,0,0
478,10,28,5,2,0,0,1,1
479,10,29,4,1,1,1,0,0
480,10,30,4,1,1,1,-1,0
481,10,31,6,2,0,1,1,0
482,10,32,8,2,1,1,0,0
483,10,33,4,1,1,1,0,0
484,10,34,4,1,1,1,0,0
485,10,35,4,1,1,1,0,0
486,10,36,4,1,1,1,-1,0
487,10,37,6,2,0,1,1,0
488,10,38,8,2,1,1,0,-1
489,10,39,3,1,1,0,0,0
490,10,40,3,1,1,0,0,0
491,10,41,3,1,1,0,0,1
492,10,42,4,1,1,1,-1,0
493,10,43,2,1,0,1,1,-1
494,10,44,3,1,1,0,0,0
495,10,45,3,1,1,0,0,0
496,10,46,3,1,1,0,0,0
497,10,47,7,2,1,0,0,0
498,10,48,7,2,1,0,0,0
499,10,49,7,2,1,0,0,1
500,10,50,4,1,1,1,-1,-1
501,11,1,6,2,0,1,0,0
502,11,2,6,2,0,1,1,-1
503,11,3,7,2,1,0,0,0
504,11,4,7,2,1,0,0,0
505,11,5,3,1,1,0,-1,1
506,11,6,2,1,0,1,0,0
507,11,7,2,1,0,1,0,0
508,11,8,2,1,0,1,0,0
509,11,9,6,2,0,1,0,0
510,11,10,6,2,0,1,1,0
511,11,11,4,1,1,1,0,0
512,11,12,4,1,1,1,0,0
513,11,13,4,1,1,1,0,0
514,11,14,4,1,1,1,0,0
515,11,15,4,1,1,1,0,0
516,11,16,4,1,1,1,0,0
517,11,17,8,2,1,1,-1,0
518,11,18,6,2,0,1,0,0
519,11,19,6,2,0,1,1,0
520,11,20,8,2,1,1,0,0
521,11,21,4,1,1,1,0,0
522,11,22,4,1,1,1,0,-1
523,11,23,3,1,1,0,0,1
524,11,24,4,1,1,1,0,0
525,11,25,8,2,1,1,-1,0
526,11,26,6,2,0,1,0,-1
527,11,27,5,2,0,0,0,0
528,11,28,5,2,0,0,0,0
529,11,29,5,2,0,0,0,0
530,11,30,5,2,0,0,1,0
531,11,31,3,1,1,0,0,1
532,11,32,4,1,1,1,0,0
533,11,33,4,1,1,1,-1,0
534,11,34,2,1,0,1,1,0
535,11,35,8,2,1,1,-1,-1
536,11,36,5,2,0,0,0,0
537,11,37,5,2,0,0,0,1
538,11,38,2,1,0,1,1,0
539,11,39,8,2,1,1,0,-1
540,11,40,3,1,1,0,0,1
541,11,41,4,1,1,1,0,0
542,11,42,4,1,1,1,0,0
543,11,43,4,1,1,1,0,0
544,11,44,4,1,1,1,0,0
545,11,45,4,1,1,1,0,0
546,11,46,4,1,1,1,-1,0
547,11,47,2,1,0,1,0,0
548,11,48,6,2,0,1,0,-1
549,11,49,1,1,0,0,0,1
550,11,50,6,2,0,1,0,0
551,12,1,1,1,0,0,0,1
552,12,2,2,1,0,1,0,0
553,12,3,6,2,0,1,1,0
554,12,4,8,2,1,1,0,-1
555,12,5,7,2,1,0,0,0
556,12,6,7,2,1,0,0,0
557,12,7,3,1,1,0,-1,0
558,12,8,5,2,0,0,0,0
559,12,9,5,2,0,0,0,0
560,12,10,5,2,0,0,0,0
561,12,11,5,2,0,0,1,0
562,12,12,7,2,1,0,0,0
563,12,13,3,1,1,0,0,0
564,12,14,3,1,1,0,-1,1
565,12,15,6,2,0,1,0,0
566,12,16,2,1,0,1,0,-1
567,12,17,5,2,0,0,0,0
568,12,18,5,2,0,0,1,0
569,12,19,7,2,1,0,0,0
570,12,20,3,1,1,0,0,0
571,12,21,7,2,1,0,0,0
572,12,22,7,2,1,0,0,0
573,12,23,3,1,1,0,0,1
574,12,24,4,1,1,1,0,0
575,12,25,4,1,1,1,0,0
576,12,26,4,1,1,1,0,0
577,12,27,4,1,1,1,0,0
578,12,28,8,2,1,1,0,0
579,12,29,4,1,1,1,0,-1
580,12,30,3,1,1,0,0,0
581,12,31,3,1,1,0,0,0
582,12,32,3,1,1,0,0,1
583,12,33,8,2,1,1,0,0
584,12,34,4,1,1,1,0,0
585,12,35,4,1,1,1,0,0
586,12,36,4,1,1,1,0,0
587,12,37,8,2,1,1,-1,-1
588,12,38,5,2,0,0,0,0
589,12,39,1,1,0,0,0,1
590,12,40,2,1,0,1,1,0
591,12,41,4,1,1,1,0,0
592,12,42,8,2,1,1,0,0
593,12,43,8,2,1,1,0,0
594,12,44,8,2,1,1,0,0
595,12,45,4,1,1,1,0,0
596,12,46,8,2,1,1,0,0
597,12,47,8,2,1,1,0,0
598,12,48,4,1,1,1,0,0
599,12,49,4,1,1,1,0,0
600,12,50,4,1,1,1,-1,0
601,13,1,7,2,1,0,0,0
602,13,2,3,1,1,0,-1,1
603,13,3,2,1,0,1,1,0
604,13,4,4,1,1,1,0,0
605,13,5,8,2,1,1,0,0
606,13,6,8,2,1,1,-1,-1
607,13,7,1,1,0,0,0,1
608,13,8,2,1,0,1,1,0
609,13,9,4,1,1,1,0,0
610,13,10,4,1,1,1,0,-1
611,13,11,3,1,1,0,0,0
612,13,12,3,1,1,0,0,0
613,13,13,3,1,1,0,0,0
614,13,14,7,2,1,0,0,0
615,13,15,3,1,1,0,0,0
616,13,16,7,2,1,0,0,0
617,13,17,3,1,1,0,0,0
618,13,18,3,1,1,0,0,1
619,13,19,4,1,1,1,0,0
620,13,20,8,2,1,1,0,0
621,13,21,4,1,1,1,-1,-1
622,13,22,5,2,0,0,0,0
623,13,23,1,1,0,0,0,0
624,13,24,5,2,0,0,1,0
625,13,25,3,1,1,0,0,1
626,13,26,8,2,1,1,-1,0
627,13,27,6,2,0,1,0,-1
628,13,28,1,1,0,0,0,0
629,13,29,1,1,0,0,0,0
630,13,30,5,2,0,0,0,0
631,13,31,1,1,0,0,0,0
632,13,32,5,2,0,0,0,0
633,13,33,5,2,0,0,0,0
634,13,34,5,2,0,0,0,0
635,13,35,5,2,0,0,1,1
636,13,36,8,2,1,1,0,-1
637,13,37,7,2,1,0,0,0
638,13,38,7,2,1,0,0,1
639,13,39,8,2,1,1,-1,0
640,13,40,2,1,0,1,1,0
641,13,41,4,1,1,1,0,0
642,13,42,4,1,1,1,-1,0
643,13,43,2,1,0,1,0,0
644,13,44,2,1,0,1,0,-1
645,13,45,1,1,0,0,0,0
646,13,46,5,2,0,0,0,1
647,13,47,6,2,0,1,0,0
648,13,48,6,2,0,1,1,0
649,13,49,4,1,1,1,0,0
650,13,50,8,2,1,1,-1,0
651,14,1,2,1,0,1,1,-1
652,14,2,7,2,1,0,0,0
653,14,3,7,2,1,0,0,0
654,14,4,7,2,1,0,-1,0
655,14,5,5,2,0,0,0,0
656,14,6,5,2,0,0,0,0
657,14,7,1,1,0,0,1,0
658,14,8,7,2,1,0,0,1
659,14,9,8,2,1,1,0,-1
660,14,10,3,1,1,0,-1,0
661,14,11,5,2,0,0,0,1
662,14,12,2,1,0,1,0,0
663,14,13,2,1,0,1,0,-1
664,14,14,5,2,0,0,0,1
665,14,15,2,1,0,1,0,0
666,14,16,6,2,0,1,1,0
667,14,17,8,2,1,1,0,0
668,14,18,8,2,1,1,0,0
669,14,19,8,2,1,1,0,0
670,14,20,8,2,1,1,0,0
671,14,21,8,2,1,1,0,0
672,14,22,8,2,1,1,0,0
673,14,23,4,1,1,1,0,0
674,14,24,4,1,1,1,0,0
675,14,25,8,2,1,1,0,0
676,14,26,8,2,1,1,-1,0
677,14,27,6,2,0,1,0,0
678,14,28,2,1,0,1,1,0
679,14,29,4,1,1,1,0,0
680,14,30,4,1,1,1,-1,0
681,14,31,2,1,0,1,1,-1
682,14,32,7,2,1,0,0,0
683,14,33,7,2,1,0,-1,1
684,14,34,2,1,0,1,1,-1
685,14,35,3,1,1,0,0,1
686,14,36,4,1,1,1,0,0
687,14,37,4,1,1,1,-1,0
688,14,38,2,1,0,1,0,0
689,14,39,2,1,0,1,1,0
690,14,40,4,1,1,1,0,0
691,14,41,4,1,1,1,0,0
692,14,42,8,2,1,1,0,0
693,14,43,8,2,1,1,0,0
694,14,44,8,2,1,1,0,0
695,14,45,4,1,1,1,0,0
696,14,46,8,2,1,1,-1,0
697,14,47,2,1,0,1,1,0
698,14,48,4,1,1,1,0,0
699,14,49,4,1,1,1,0,0
700,14,50,8,2,1,1,-1,0
701,15,1,8,2,1,1,-1,0
702,15,2,6,2,0,1,0,0
703,15,3,2,1,0,1,0,0
704,15,4,2,1,0,1,0,0
705,15,5,2,1,0,1,1,0
706,15,6,4,1,1,1,-1,0
707,15,7,2,1,0,1,0,0
708,15,8,2,1,0,1,0,0
709,15,9,2,1,0,1,0,-1
710,15,10,1,1,0,0,1,1
711,15,11,4,1,1,1,0,0
712,15,12,8,2,1,1,0,0
713,15,13,4,1,1,1,-1,0
714,15,14,2,1,0,1,1,-1
715,15,15,7,2,1,0,0,1
716,15,16,4,1,1,1,-1,-1
717,15,17,1,1,0,0,0,1
718,15,18,2,1,0,1,0,-1
719,15,19,1,1,0,0,0,0
720,15,20,1,1,0,0,0,1
721,15,21,2,1,0,1,0,-1
722,15,22,1,1,0,0,0,0
723,15,23,1,1,0,0,1,0
724,15,24,3,1,1,0,0,0
725,15,25,3,1,1,0,0,1
726,15,26,8,2,1,1,-1,0
727,15,27,6,2,0,1,0,0
728,15,28,6,2,0,1,0,0
729,15,29,2,1,0,1,0,-1
730,15,30,1,1,0,0,0,0
731,15,31,1,1,0,0,1,0
732,15,32,3,1,1,0,0,0
733,15,33,3,1,1,0,-1,1
734,15,34,6,2,0,1,0,0
735,15,35,6,2,0,1,0,0
736,15,36,6,2,0,1,0,-1
737,15,37,5,2,0,0,1,0
738,15,38,3,1,1,0,0,0
739,15,39,3,1,1,0,-1,1
740,15,40,6,2,0,1,1,0
741,15,41,8,2,1,1,0,0
742,15,42,8,2,1,1,0,0
743,15,43,4,1,1,1,0,0
744,15,44,4,1,1,1,0,0
745,15,45,4,1,1,1,0,0
746,15,46,4,1,1,1,0,0
747,15,47,8,2,1,1,0,0
748,15,48,8,2,1,1,-1,0
749,15,49,2,1,0,1,0,0
750,15,50,2,1,0,1,0,0
751,16,1,6,2,0,1,1,0
752,16,2,8,2,1,1,0,-1
753,16,3,3,1,1,0,-1,0
754,16,4,1,1,0,0,1,0
755,16,5,3,1,1,0,0,0
756,16,6,3,1,1,0,0,0
757,16,7,3,1,1,0,-1,0
758,16,8,1,1,0,0,0,0
759,16,9,1,1,0,0,1,0
760,16,10,3,1,1,0,0,0
761,16,11,3,1,1,0,0,0
762,16,12,3,1,1,0,0,1
763,16,13,4,1,1,1,-1,0
764,16,14,2,1,0,1,0,0
765,16,15,2,1,0,1,0,0
766,16,16,2,1,0,1,1,0
767,16,17,4,1,1,1,0,0
768,16,18,4,1,1,1,0,0
769,16,19,4,1,1,1,0,0
770,16,20,4,1,1,1,0,0
771,16,21,4,1,1,1,-1,0
772,16,22,2,1,0,1,0,-1
773,16,23,1,1,0,0,0,0
774,16,24,5,2,0,0,0,0
775,16,25,5,2,0,0,0,0
776,16,26,5,2,0,0,0,0
777,16,27,5,2,0,0,0,0
778,16,28,5,2,0,0,1,0
779,16,29,3,1,1,0,0,0
780,16,30,3,1,1,0,-1,0
781,16,31,5,2,0,0,0,0
782,16,32,5,2,0,0,1,0
783,16,33,3,1,1,0,0,0
784,16,34,3,1,1,0,0,0
785,16,35,3,1,1,0,-1,0
786,16,36,1,1,0,0,1,1
787,16,37,4,1,1,1,-1,-1
788,16,38,5,2,0,0,0,0
789,16,39,1,1,0,0,1,1
790,16,40,8,2,1,1,0,0
791,16,41,8,2,1,1,0,-1
792,16,42,3,1,1,0,-1,0
793,16,43,1,1,0,0,1,0
794,16,44,3,1,1,0,0,1
795,16,45,4,1,1,1,-1,0
796,16,46,2,1,0,1,1,0
797,16,47,4,1,1,1,0,-1
798,16,48,3,1,1,0,0,0
799,16,49,3,1,1,0,0,0
800,16,50,3,1,1,0,0,0
801,17,1,8,2,1,1,-1,0
802,17,2,6,2,0,1,0,-1
803,17,3,1,1,0,0,0,0
804,17,4,5,2,0,0,0,1
805,17,5,6,2,0,1,0,0
806,17,6,2,1,0,1,0,0
807,17,7,2,1,0,1,0,0
808,17,8,2,1,0,1,1,0
809,17,9,4,1,1,1,-1,0
810,17,10,6,2,0,1,0,0
811,17,11,2,1,0,1,0,0
812,17,12,6,2,0,1,1,0
813,17,13,8,2,1,1,-1,0
814,17,14,6,2,0,1,0,0
815,17,15,6,2,0,1,0,0
816,17,16,6,2,0,1,1,0
817,17,17,4,1,1,1,-1,0
818,17,18,2,1,0,1,0,-1
819,17,19,5,2,0,0,0,0
820,17,20,1,1,0,0,0,1
821,17,21,2,1,0,1,1,-1
822,17,22,7,2,1,0,0,0
823,17,23,7,2,1,0,0,1
824,17,24,8,2,1,1,-1,0
825,17,25,2,1,0,1,0,0
826,17,26,2,1,0,1,0,0
827,17,27,6,2,0,1,0,0
828,17,28,6,2,0,1,1,-1
829,17,29,3,1,1,0,0,0
830,17,30,3,1,1,0,0,0
831,17,31,7,2,1,0,-1,0
832,17,32,1,1,0,0,1,1
833,17,33,4,1,1,1,0,0
834,17,34,4,1,1,1,0,-1
835,17,35,7,2,1,0,0,0
836,17,36,3,1,1,0,0,0
837,17,37,7,2,1,0,0,1
838,17,38,8,2,1,1,-1,0
839,17,39,6,2,0,1,1,-1
840,17,40,7,2,1,0,0,0
841,17,41,7,2,1,0,0,0
842,17,42,7,2,1,0,-1,0
843,17,43,1,1,0,0,1,1
844,17,44,8,2,1,1,0,0
845,17,45,4,1,1,1,0,0
846,17,46,4,1,1,1,0,0
847,17,47,4,1,1,1,-1,0
848,17,48,6,2,0,1,0,0
849,17,49,6,2,0,1,1,0
850,17,50,8,2,1,1,0,0
851,18,1,6,2,0,1,0,0
852,18,2,6,2,0,1,1,0
853,18,3,4,1,1,1,-1,0
854,18,4,6,2,0,1,0,0
855,18,5,2,1,0,1,0,0
856,18,6,2,1,0,1,0,0
857,18,7,2,1,0,1,0,0
858,18,8,6,2,0,1,0,0
859,18,9,6,2,0,1,0,0
860,18,10,6,2,0,1,0,0
861,18,11,2,1,0,1,0,0
862,18,12,6,2,0,1,0,0
863,18,13,2,1,0,1,0,0
864,18,14,2,1,0,1,0,-1
865,18,15,1,1,0,0,1,0
866,18,16,3,1,1,0,0,1
867,18,17,4,1,1,1,0,0
868,18,18,8,2,1,1,0,0
869,18,19,8,2,1,1,0,0
870,18,20,4,1,1,1,0,0
871,18,21,4,1,1,1,0,0
872,18,22,4,1,1,1,0,0
873,18,23,4,1,1,1,0,0
874,18,24,4,1,1,1,-1,0
875,18,25,2,1,0,1,0,-1
876,18,26,1,1,0,0,1,0
877,18,27,3,1,1,0,0,0
878,18,28,3,1,1,0,-1,0
879,18,29,1,1,0,0,1,0
880,18,30,3,1,1,0,0,1
881,18,31,4,1,1,1,0,0
882,18,32,4,1,1,1,0,0
883,18,33,8,2,1,1,0,0
884,18,34,4,1,1,1,0,-1
885,18,35,3,1,1,0,0,0
886,18,36,7,2,1,0,0,0
887,18,37,7,2,1,0,0,0
888,18,38,3,1,1,0,-1,0
889,18,39,1,1,0,0,0,0
890,18,40,1,1,0,0,0,0
891,18,41,5,2,0,0,0,0
892,18,42,1,1,0,0,0,0
893,18,43,1,1,0,0,0,0
894,18,44,1,1,0,0,1,1
895,18,45,4,1,1,1,0,-1
896,18,46,3,1,1,0,0,1
897,18,47,8,2,1,1,0,0
898,18,48,8,2,1,1,0,0
899,18,49,4,1,1,1,-1,0
900,18,50,2,1,0,1,0,-1
901,19,1,8,2,1,1,0,-1
902,19,2,7,2,1,0,0,0
903,19,3,7,2,1,0,0,0
904,19,4,3,1,1,0,0,0
905,19,5,3,1,1,0,0,1
906,19,6,8,2,1,1,0,0
907,19,7,8,2,1,1,0,0
908,19,8,8,2,1,1,-1,-1
909,19,9,5,2,0,0,0,0
910,19,10,5,2,0,0,0,0
911,19,11,1,1,0,0,1,0
912,19,12,7,2,1,0,0,0
913,19,13,3,1,1,0,0,0
914,19,14,3,1,1,0,0,1
915,19,15,4,1,1,1,0,-1
916,19,16,7,2,1,0,0,0
917,19,17,7,2,1,0,0,0
918,19,18,7,2,1,0,0,0
919,19,19,3,1,1,0,0,0
920,19,20,3,1,1,0,0,0
921,19,21,3,1,1,0,0,1
922,19,22,4,1,1,1,0,0
923,19,23,4,1,1,1,0,0
924,19,24,4,1,1,1,-1,0
925,19,25,2,1,0,1,0,0
926,19,26,2,1,0,1,0,0
927,19,27,2,1,0,1,0,0
928,19,28,2,1,0,1,0,0
929,19,29,2,1,0,1,1,0
930,19,30,8,2,1,1,0,-1
931,19,31,7,2,1,0,0,0
932,19,32,7,2,1,0,0,0
933,19,33,3,1,1,0,0,1
934,19,34,4,1,1,1,0,0
935,19,35,8,2,1,1,-1,-1
936,19,36,1,1,0,0,0,1
937,19,37,2,1,0,1,0,-1
938,19,38,5,2,0,0,0,1
939,19,39,6,2,0,1,0,0
940,19,40,2,1,0,1,0,0
941,19,41,6,2,0,1,1,0
942,19,42,4,1,1,1,0,0
943,19,43,4,1,1,1,0,0
944,19,44,8,2,1,1,0,0
945,19,45,4,1,1,1,-1,0
946,19,46,2,1,0,1,1,0
947,19,47,4,1,1,1,-1,0
948,19,48,6,2,0,1,0,0
949,19,49,6,2,0,1,0,0
950,19,50,2,1,0,1,0,0
951,20,1,6,2,0,1,0,-1
952,20,2,5,2,0,0,0,0
953,20,3,5,2,0,0,0,0
954,20,4,5,2,0,0,1,0
955,20,5,3,1,1,0,0,0
956,20,6,3,1,1,0,0,0
957,20,7,3,1,1,0,0,0
958,20,8,3,1,1,0,0,0
959,20,9,7,2,1,0,-1,0
960,20,10,5,2,0,0,0,0
961,20,11,5,2,0,0,0,1
962,20,12,6,2,0,1,0,0
963,20,13,6,2,0,1,0,0
964,20,14,2,1,0,1,0,0
965,20,15,6,2,0,1,0,0
966,20,16,2,1,0,1,0,0
967,20,17,2,1,0,1,0,-1
968,20,18,1,1,0,0,0,1
969,20,19,2,1,0,1,0,0
970,20,20,6,2,0,1,0,0
971,20,21,6,2,0,1,0,-1
972,20,22,1,1,0,0,0,0
973,20,23,1,1,0,0,0,0
974,20,24,1,1,0,0,1,0
975,20,25,3,1,1,0,0,1
976,20,26,4,1,1,1,0,0
977,20,27,4,1,1,1,0,0
978,20,28,4,1,1,1,0,0
979,20,29,8,2,1,1,0,0
980,20,30,4,1,1,1,-1,0
981,20,31,2,1,0,1,0,0
982,20,32,2,1,0,1,0,0
983,20,33,2,1,0,1,1,0
984,20,34,4,1,1,1,0,-1
985,20,35,3,1,1,0,0,1
986,20,36,8,2,1,1,0,0
987,20,37,4,1,1,1,-1,0
988,20,38,6,2,0,1,0,0
989,20,39,6,2,0,1,1,-1
990,20,40,3,1,1,0,0,0
991,20,41,3,1,1,0,0,0
992,20,42,3,1,1,0,-1,1
993,20,43,2,1,0,1,1,0
994,20,44,4,1,1,1,0,-1
995,20,45,3,1,1,0,0,1
996,20,46,4,1,1,1,0,-1
997,20,47,7,2,1,0,-1,0
998,20,48,5,2,0,0,0,0
999,20,49,5,2,0,0,1,0
1000,20,50,3,1,1,0,0,1
1001,21,1,1,1,0,0,1,0
1002,21,2,3,1,1,0,0,0
1003,21,3,3,1,1,0,0,0
1004,21,4,7,2,1,0,0,0
1005,21,5,3,1,1,0,0,1
1006,21,6,4,1,1,1,0,0
1007,21,7,8,2,1,1,0,0
1008,21,8,8,2,1,1,-1,-1
1009,21,9,5,2,0,0,0,0
1010,21,10,5,2,0,0,0,0
1011,21,11,5,2,0,0,0,1
1012,21,12,2,1,0,1,0,0
1013,21,13,2,1,0,1,0,0
1014,21,14,2,1,0,1,0,0
1015,21,15,2,1,0,1,1,0
1016,21,16,4,1,1,1,0,0
1017,21,17,4,1,1,1,0,0
1018,21,18,4,1,1,1,0,0
1019,21,19,8,2,1,1,0,0
1020,21,20,4,1,1,1,0,0
1021,21,21,8,2,1,1,0,0
1022,21,22,8,2,1,1,0,0
1023,21,23,4,1,1,1,-1,0
1024,21,24,2,1,0,1,1,0
1025,21,25,4,1,1,1,0,0
1026,21,26,8,2,1,1,0,0
1027,21,27,8,2,1,1,0,0
1028,21,28,4,1,1,1,0,0
1029,21,29,8,2,1,1,0,0
1030,21,30,4,1,1,1,0,-1
1031,21,31,3,1,1,0,-1,0
1032,21,32,1,1,0,0,0,0
1033,21,33,1,1,0,0,0,0
1034,21,34,1,1,0,0,0,0
1035,21,35,1,1,0,0,0,1
1036,21,36,2,1,0,1,0,0
1037,21,37,2,1,0,1,0,0
1038,21,38,2,1,0,1,0,0
1039,21,39,2,1,0,1,0,0
1040,21,40,6,2,0,1,1,-1
1041,21,41,7,2,1,0,-1,0
1042,21,42,1,1,0,0,0,0
1043,21,43,1,1,0,0,1,0
1044,21,44,3,1,1,0,0,0
1045,21,45,3,1,1,0,0,0
1046,21,46,3,1,1,0,0,0
1047,21,47,7,2,1,0,0,0
1048,21,48,7,2,1,0,0,1
1049,21,49,4,1,1,1,0,-1
1050,21,50,3,1,1,0,-1,1
1051,22,1,3,1,1,0,0,0
1052,22,2,3,1,1,0,0,0
1053,22,3,7,2,1,0,-1,0
1054,22,4,1,1,0,0,0,1
1055,22,5,6,2,0,1,0,0
1056,22,6,6,2,0,1,0,0
1057,22,7,6,2,0,1,1,0
1058,22,8,4,1,1,1,0,0
1059,22,9,4,1,1,1,0,0
1060,22,10,4,1,1,1,0,0
1061,22,11,8,2,1,1,0,0
1062,22,12,8,2,1,1,0,-1
1063,22,13,3,1,1,0,-1,1
1064,22,14,2,1,0,1,0,0
1065,22,15,6,2,0,1,0,-1
1066,22,16,5,2,0,0,0,0
1067,22,17,5,2,0,0,1,0
1068,22,18,7,2,1,0,-1,0
1069,22,19,5,2,0,0,0,0
1070,22,20,5,2,0,0,0,1
1071,22,21,6,2,0,1,0,0
1072,22,22,2,1,0,1,1,-1
1073,22,23,3,1,1,0,0,0
1074,22,24,7,2,1,0,0,0
1075,22,25,7,2,1,0,-1,0
1076,22,26,5,2,0,0,0,0
1077,22,27,5,2,0,0,0,1
1078,22,28,6,2,0,1,0,0
1079,22,29,2,1,0,1,1,0
1080,22,30,4,1,1,1,0,0
1081,22,31,4,1,1,1,0,0
1082,22,32,4,1,1,1,0,0
1083,22,33,8,2,1,1,0,0
1084,22,34,4,1,1,1,0,0
1085,22,35,4,1,1,1,-1,0
1086,22,36,2,1,0,1,0,0
1087,22,37,6,2,0,1,0,0
1088,22,38,6,2,0,1,1,0
1089,22,39,8,2,1,1,0,0
1090,22,40,4,1,1,1,0,0
1091,22,41,4,1,1,1,0,0
1092,22,42,4,1,1,1,0,0
1093,22,43,4,1,1,1,-1,0
1094,22,44,6,2,0,1,0,0
1095,22,45,2,1,0,1,0,0
1096,22,46,2,1,0,1,0,0
1097,22,47,2,1,0,1,0,-1
1098,22,48,1,1,0,0,0,1
1099,22,49,6,2,0,1,1,0
1100,22,50,8,2,1,1,-1,0
1101,23,1,4,1,1,1,0,0
1102,23,2,8,2,1,1,0,0
1103,23,3,8,2,1,1,0,0
1104,23,4,4,1,1,1,0,0
1105,23,5,4,1,1,1,-1,0
1106,23,6,6,2,0,1,1,0
1107,23,7,4,1,1,1,0,-1
1108,23,8,3,1,1,0,0,0
1109,23,9,3,1,1,0,0,0
1110,23,10,7,2,1,0,-1,0
1111,23,11,1,1,0,0,1,0
1112,23,12,3,1,1,0,0,0
1113,23,13,7,2,1,0,0,0
1114,23,14,7,2,1,0,0,0
1115,23,15,7,2,1,0,0,0
1116,23,16,7,2,1,0,0,1
1117,23,17,4,1,1,1,-1,0
1118,23,18,6,2,0,1,0,-1
1119,23,19,5,2,0,0,0,0
1120,23,20,5,2,0,0,0,0
1121,23,21,5,2,0,0,0,0
1122,23,22,5,2,0,0,1,0
1123,23,23,3,1,1,0,0,0
1124,23,24,7,2,1,0,0,0
1125,23,25,7,2,1,0,0,0
1126,23,26,3,1,1,0,0,0
1127,23,27,7,2,1,0,0,0
1128,23,28,7,2,1,0,-1,1
1129,23,29,2,1,0,1,0,0
1130,23,30,2,1,0,1,0,0
1131,23,31,2,1,0,1,1,0
1132,23,32,4,1,1,1,0,0
1133,23,33,8,2,1,1,0,-1
1134,23,34,3,1,1,0,0,0
1135,23,35,3,1,1,0,0,0
1136,23,36,7,2,1,0,0,0
1137,23,37,3,1,1,0,0,1
1138,23,38,8,2,1,1,0,-1
1139,23,39,3,1,1,0,-1,0
1140,23,40,1,1,0,0,1,0
1141,23,41,7,2,1,0,0,0
1142,23,42,7,2,1,0,0,0
1143,23,43,7,2,1,0,0,0
1144,23,44,7,2,1,0,0,0
1145,23,45,7,2,1,0,0,0
1146,23,46,7,2,1,0,0,0
1147,23,47,3,1,1,0,0,1
1148,23,48,4,1,1,1,0,0
1149,23,49,4,1,1,1,0,0
1150,23,50,4,1,1,1,0,-1
1151,24,1,3,1,1,0,0,0
1152,24,2,7,2,1,0,0,0
1153,24,3,7,2,1,0,0,1
1154,24,4,8,2,1,1,0,0
1155,24,5,4,1,1,1,0,-1
1156,24,6,3,1,1,0,0,0
1157,24,7,3,1,1,0,0,0
1158,24,8,3,1,1,0,0,1
1159,24,9,4,1,1,1,0,0
1160,24,10,4,1,1,1,-1,-1
1161,24,11,5,2,0,0,0,0
1162,24,12,5,2,0,0,0,1
1163,24,13,6,2,0,1,0,0
1164,24,14,6,2,0,1,0,0
1165,24,15,6,2,0,1,0,0
1166,24,16,6,2,0,1,1,-1
1167,24,17,3,1,1,0,0,0
1168,24,18,3,1,1,0,0,1
1169,24,19,4,1,1,1,0,0
1170,24,20,4,1,1,1,-1,0
1171,24,21,2,1,0,1,0,0
1172,24,22,6,2,0,1,1,0
1173,24,23,8,2,1,1,0,-1
1174,24,24,7,2,1,0,0,0
1175,24,25,3,1,1,0,0,0
1176,24,26,3,1,1,0,0,0
1177,24,27,3,1,1,0,0,0
1178,24,28,3,1,1,0,0,0
1179,24,29,3,1,1,0,0,1
1180,24,30,4,1,1,1,0,0
1181,24,31,4,1,1,1,-1,-1
1182,24,32,1,1,0,0,1,0
1183,24,33,7,2,1,0,0,0
1184,24,34,7,2,1,0,0,0
1185,24,35,3,1,1,0,-1,0
1186,24,36,1,1,0,0,0,1
1187,24,37,2,1,0,1,0,0
1188,24,38,2,1,0,1,0,-1
1189,24,39,1,1,0,0,0,1
1190,24,40,6,2,0,1,1,0
1191,24,41,8,2,1,1,0,0
1192,24,42,8,2,1,1,0,0
1193,24,43,8,2,1,1,0,0
1194,24,44,8,2,1,1,0,0
1195,24,45,8,2,1,1,0,-1
1196,24,46,3,1,1,0,0,1
1197,24,47,4,1,1,1,0,0
1198,24,48,4,1,1,1,0,0
1199,24,49,4,1,1,1,0,0
1200,24,50,8,2,1,1,0,0
1201,25,1,5,2,0,0,0,1
1202,25,2,6,2,0,1,1,0
1203,25,3,8,2,1,1,0,-1
1204,25,4,7,2,1,0,-1,0
1205,25,5,5,2,0,0,1,0
1206,25,6,3,1,1,0,0,0
1207,25,7,7,2,1,0,0,0
1208,25,8,3,1,1,0,0,0
1209,25,9,3,1,1,0,0,0
1210,25,10,7,2,1,0,0,1
1211,25,11,8,2,1,1,0,0
1212,25,12,4,1,1,1,0,0
1213,25,13,8,2,1,1,-1,0
1214,25,14,6,2,0,1,1,0
1215,25,15,4,1,1,1,0,0
1216,25,16,4,1,1,1,0,-1
1217,25,17,7,2,1,0,0,0
1218,25,18,7,2,1,0,0,0
1219,25,19,3,1,1,0,0,0
1220,25,20,3,1,1,0,-1,1
1221,25,21,2,1,0,1,0,0
1222,25,22,2,1,0,1,1,-1
1223,25,23,3,1,1,0,0,0
1224,25,24,3,1,1,0,0,0
1225,25,25,3,1,1,0,0,0
1226,25,26,7,2,1,0,0,0
1227,25,27,3,1,1,0,0,0
1228,25,28,3,1,1,0,0,0
1229,25,29,7,2,1,0,-1,1
1230,25,30,2,1,0,1,1,0
1231,25,31,4,1,1,1,-1,-1
1232,25,32,1,1,0,0,1,0
1233,25,33,7,2,1,0,-1,0
1234,25,34,5,2,0,0,0,1
1235,25,35,2,1,0,1,0,-1
1236,25,36,1,1,0,0,0,0
1237,25,37,1,1,0,0,0,0
1238,25,38,1,1,0,0,1,0
1239,25,39,3,1,1,0,0,0
1240,25,40,3,1,1,0,0,0
1241,25,41,3,1,1,0,0,1
1242,25,42,4,1,1,1,-1,0
1243,25,43,2,1,0,1,0,-1
1244,25,44,5,2,0,0,1,0
1245,25,45,7,2,1,0,0,1
1246,25,46,8,2,1,1,0,0
1247,25,47,4,1,1,1,0,0
1248,25,48,4,1,1,1,0,0
1249,25,49,4,1,1,1,0,-1
1250,25,50,3,1,1,0,-1,0
1251,26,1,2,1,0,1,0,0
1252,26,2,2,1,0,1,0,0
1253,26,3,6,2,0,1,0,-1
1254,26,4,1,1,0,0,0,0
1255,26,5,1,1,0,0,0,1
1256,26,6,6,2,0,1,0,-1
1257,26,7,5,2,0,0,1,1
1258,26,8,8,2,1,1,0,-1
1259,26,9,3,1,1,0,0,0
1260,26,10,7,2,1,0,0,0
1261,26,11,3,1,1,0,0,0
1262,26,12,3,1,1,0,0,0
1263,26,13,3,1,1,0,0,1
1264,26,14,4,1,1,1,0,-1
1265,26,15,3,1,1,0,0,0
1266,26,16,3,1,1,0,-1,0
1267,26,17,1,1,0,0,0,0
1268,26,18,5,2,0,0,1,1
1269,26,19,4,1,1,1,0,0
1270,26,20,4,1,1,1,-1,-1
1271,26,21,1,1,0,0,0,0
1272,26,22,5,2,0,0,0,0
1273,26,23,1,1,0,0,0,0
1274,26,24,1,1,0,0,0,0
1275,26,25,1,1,0,0,1,0
1276,26,26,7,2,1,0,0,0
1277,26,27,7,2,1,0,0,0
1278,26,28,3,1,1,0,-1,0
1279,26,29,5,2,0,0,1,0
1280,26,30,7,2,1,0,0,0
1281,26,31,7,2,1,0,0,0
1282,26,32,7,2,1,0,0,0
1283,26,33,7,2,1,0,0,0
1284,26,34,7,2,1,0,0,0
1285,26,35,3,1,1,0,0,0
1286,26,36,3,1,1,0,0,0
1287,26,37,3,1,1,0,0,0
1288,26,38,3,1,1,0,0,0
1289,26,39,3,1,1,0,0,1
1290,26,40,4,1,1,1,-1,0
1291,26,41,2,1,0,1,0,0
1292,26,42,6,2,0,1,0,0
1293,26,43,2,1,0,1,1,0
1294,26,44,4,1,1,1,0,0
1295,26,45,4,1,1,1,0,-1
1296,26,46,3,1,1,0,0,0
1297,26,47,3,1,1,0,0,0
1298,26,48,3,1,1,0,0,0
1299,26,49,3,1,1,0,0,1
1300,26,50,4,1,1,1,0,0
1301,27,1,7,2,1,0,-1,0
1302,27,2,5,2,0,0,1,0
1303,27,3,7,2,1,0,0,1
1304,27,4,8,2,1,1,-1,0
1305,27,5,6,2,0,1,0,0
1306,27,6,2,1,0,1,0,0
1307,27,7,6,2,0,1,0,0
1308,27,8,6,2,0,1,0,-1
1309,27,9,5,2,0,0,1,1
1310,27,10,4,1,1,1,0,0
1311,27,11,4,1,1,1,0,-1
1312,27,12,3,1,1,0,0,0
1313,27,13,7,2,1,0,0,1
1314,27,14,8,2,1,1,0,0
1315,27,15,4,1,1,1,-1,0
1316,27,16,2,1,0,1,0,0
1317,27,17,2,1,0,1,0,0
1318,27,18,2,1,0,1,1,0
1319,27,19,4,1,1,1,0,0
1320,27,20,4,1,1,1,-1,0
1321,27,21,2,1,0,1,1,0
1322,27,22,4,1,1,1,0,0
1323,27,23,4,1,1,1,0,0
1324,27,24,4,1,1,1,0,-1
1325,27,25,7,2,1,0,0,0
1326,27,26,3,1,1,0,0,0
1327,27,27,3,1,1,0,0,0
1328,27,28,3,1,1,0,0,0
1329,27,29,3,1,1,0,0,0
1330,27,30,3,1,1,0,-1,0
1331,27,31,1,1,0,0,0,0
1332,27,32,5,2,0,0,0,0
1333,27,33,5,2,0,0,0,0
1334,27,34,5,2,0,0,0,0
1335,27,35,1,1,0,0,0,0
1336,27,36,1,1,0,0,0,0
1337,27,37,1,1,0,0,0,1
1338,27,38,2,1,0,1,0,0
1339,27,39,2,1,0,1,0,0
1340,27,40,2,1,0,1,0,0
1341,27,41,2,1,0,1,1,0
1342,27,42,4,1,1,1,0,-1
1343,27,43,7,2,1,0,0,0
1344,27,44,3,1,1,0,0,1
1345,27,45,4,1,1,1,0,-1
1346,27,46,3,1,1,0,0,1
1347,27,47,4,1,1,1,0,0
1348,27,48,4,1,1,1,0,0
1349,27,49,4,1,1,1,0,0
1350,27,50,4,1,1,1,0,-1
1351,28,1,1,1,0,0,1,0
1352,28,2,3,1,1,0,0,0
1353,28,3,3,1,1,0,0,1
1354,28,4,4,1,1,1,0,0
1355,28,5,4,1,1,1,0,-1
1356,28,6,7,2,1,0,-1,0
1357,28,7,5,2,0,0,1,1
1358,28,8,4,1,1,1,0,0
1359,28,9,8,2,1,1,0,-1
1360,28,10,7,2,1,0,0,0
1361,28,11,3,1,1,0,-1,0
1362,28,12,1,1,0,0,0,0
1363,28,13,1,1,0,0,0,0
1364,28,14,5,2,0,0,0,0
1365,28,15,1,1,0,0,0,0
1366,28,16,1,1,0,0,1,1
1367,28,17,4,1,1,1,0,0
1368,28,18,8,2,1,1,0,0
1369,28,19,4,1,1,1,0,0
1370,28,20,4,1,1,1,0,-1
1371,28,21,3,1,1,0,0,0
1372,28,22,3,1,1,0,0,0
1373,28,23,7,2,1,0,0,1
1374,28,24,8,2,1,1,0,-1
1375,28,25,7,2,1,0,0,0
1376,28,26,3,1,1,0,0,1
1377,28,27,8,2,1,1,0,0
1378,28,28,4,1,1,1,0,0
1379,28,29,4,1,1,1,0,0
1380,28,30,4,1,1,1,0,0
1381,28,31,4,1,1,1,-1,0
1382,28,32,2,1,0,1,1,0
1383,28,33,8,2,1,1,-1,0
1384,28,34,6,2,0,1,0,0
1385,28,35,6,2,0,1,1,0
1386,28,36,8,2,1,1,0,0
1387,28,37,4,1,1,1,0,-1
1388,28,38,3,1,1,0,0,0
1389,28,39,7,2,1,0,0,0
1390,28,40,7,2,1,0,0,0
1391,28,41,7,2,1,0,-1,1
1392,28,42,6,2,0,1,0,0
1393,28,43,6,2,0,1,1,0
1394,28,44,8,2,1,1,0,0
1395,28,45,4,1,1,1,0,0
1396,28,46,4,1,1,1,-1,0
1397,28,47,2,1,0,1,0,0
1398,28,48,6,2,0,1,0,0
1399,28,49,6,2,0,1,0,-1
1400,28,50,1,1,0,0,1,0
1401,29,1,8,2,1,1,0,0
1402,29,2,4,1,1,1,0,0
1403,29,3,8,2,1,1,0,0
1404,29,4,4,1,1,1,0,-1
1405,29,5,3,1,1,0,-1,0
1406,29,6,5,2,0,0,0,0
1407,29,7,5,2,0,0,0,1
1408,29,8,6,2,0,1,0,0
1409,29,9,6,2,0,1,0,-1
1410,29,10,1,1,0,0,1,0
1411,29,11,3,1,1,0,0,1
1412,29,12,8,2,1,1,0,-1
1413,29,13,7,2,1,0,0,0
1414,29,14,7,2,1,0,0,1
1415,29,15,8,2,1,1,0,0
1416,29,16,4,1,1,1,0,0
1417,29,17,8,2,1,1,-1,0
1418,29,18,6,2,0,1,1,0
1419,29,19,4,1,1,1,0,0
1420,29,20,4,1,1,1,0,-1
1421,29,21,3,1,1,0,0,1
1422,29,22,4,1,1,1,0,0
1423,29,23,4,1,1,1,0,0
1424,29,24,4,1,1,1,-1,0
1425,29,25,2,1,0,1,0,0
1426,29,26,2,1,0,1,0,0
1427,29,27,2,1,0,1,0,0
1428,29,28,6,2,0,1,1,0
1429,29,29,8,2,1,1,0,-1
1430,29,30,3,1,1,0,0,0
1431,29,31,3,1,1,0,-1,0
1432,29,32,1,1,0,0,0,1
1433,29,33,6,2,0,1,1,0
1434,29,34,8,2,1,1,0,-1
1435,29,35,7,2,1,0,-1,0
1436,29,36,1,1,0,0,0,1
1437,29,37,2,1,0,1,0,0
1438,29,38,2,1,0,1,0,-1
1439,29,39,5,2,0,0,1,1
1440,29,40,8,2,1,1,0,-1
1441,29,41,3,1,1,0,0,0
1442,29,42,7,2,1,0,0,0
1443,29,43,7,2,1,0,0,0
1444,29,44,3,1,1,0,0,1
1445,29,45,4,1,1,1,-1,0
1446,29,46,2,1,0,1,0,0
1447,29,47,2,1,0,1,0,0
1448,29,48,2,1,0,1,0,0
1449,29,49,2,1,0,1,0,0
1450,29,50,2,1,0,1,0,-1
1451,30,1,8,2,1,1,0,0
1452,30,2,8,2,1,1,-1,0
1453,30,3,2,1,0,1,1,0
1454,30,4,4,1,1,1,0,0
1455,30,5,4,1,1,1,0,0
1456,30,6,4,1,1,1,0,0
1457,30,7,8,2,1,1,0,0
1458,30,8,4,1,1,1,0,0
1459,30,9,4,1,1,1,0,0
1460,30,10,8,2,1,1,-1,0
1461,30,11,2,1,0,1,1,0
1462,30,12,4,1,1,1,0,0
1463,30,13,4,1,1,1,-1,0
1464,30,14,2,1,0,1,0,0
1465,30,15,2,1,0,1,0,-1
1466,30,16,5,2,0,0,1,0
1467,30,17,7,2,1,0,0,0
1468,30,18,3,1,1,0,0,1
1469,30,19,8,2,1,1,0,0
1470,30,20,8,2,1,1,0,-1
1471,30,21,7,2,1,0,0,0
1472,30,22,7,2,1,0,0,0
1473,30,23,7,2,1,0,0,0
1474,30,24,7,2,1,0,0,0
1475,30,25,7,2,1,0,0,0
1476,30,26,3,1,1,0,0,1
1477,30,27,4,1,1,1,0,0
1478,30,28,4,1,1,1,0,-1
1479,30,29,3,1,1,0,0,0
1480,30,30,3,1,1,0,-1,0
1481,30,31,1,1,0,0,0,0
1482,30,32,1,1,0,0,0,0
1483,30,33,1,1,0,0,0,0
1484,30,34,1,1,0,0,0,0
1485,30,35,5,2,0,0,0,1
1486,30,36,2,1,0,1,1,0
1487,30,37,8,2,1,1,0,0
1488,30,38,4,1,1,1,0,0
1489,30,39,8,2,1,1,0,-1
1490,30,40,3,1,1,0,0,0
1491,30,41,3,1,1,0,-1,0
1492,30,42,1,1,0,0,1,1
1493,30,43,4,1,1,1,0,-1
1494,30,44,3,1,1,0,0,0
1495,30,45,3,1,1,0,-1,0
1496,30,46,1,1,0,0,1,1
1497,30,47,4,1,1,1,0,0
1498,30,48,8,2,1,1,0,-1
1499,30,49,7,2,1,0,0,1
1500,30,50,4,1,1,1,0,0
1501,31,1,2,1,0,1,0,0
1502,31,2,2,1,0,1,0,0
1503,31,3,6,2,0,1,1,-1
1504,31,4,7,2,1,0,0,0
1505,31,5,3,1,1,0,0,0
1506,31,6,3,1,1,0,0,0
1507,31,7,3,1,1,0,0,1
1508,31,8,4,1,1,1,0,0
1509,31,9,8,2,1,1,0,0
1510,31,10,8,2,1,1,0,0
1511,31,11,8,2,1,1,-1,-1
1512,31,12,5,2,0,0,0,0
1513,31,13,5,2,0,0,0,0
1514,31,14,1,1,0,0,1,0
1515,31,15,3,1,1,0,-1,0
1516,31,16,5,2,0,0,1,0
1517,31,17,7,2,1,0,0,1
1518,31,18,4,1,1,1,0,0
1519,31,19,4,1,1,1,-1,0
1520,31,20,2,1,0,1,1,-1
1521,31,21,3,1,1,0,0,0
1522,31,22,7,2,1,0,0,1
1523,31,23,8,2,1,1,0,0
1524,31,24,4,1,1,1,0,0
1525,31,25,4,1,1,1,-1,-1
1526,31,26,1,1,0,0,0,1
1527,31,27,6,2,0,1,0,0
1528,31,28,2,1,0,1,1,0
1529,31,29,8,2,1,1,0,0
1530,31,30,4,1,1,1,0,0
1531,31,31,4,1,1,1,-1,0
1532,31,32,2,1,0,1,0,-1
1533,31,33,5,2,0,0,1,0
1534,31,34,7,2,1,0,0,0
1535,31,35,7,2,1,0,0,0
1536,31,36,7,2,1,0,0,0
1537,31,37,3,1,1,0,0,0
1538,31,38,3,1,1,0,0,0
1539,31,39,7,2,1,0,0,1
1540,31,40,4,1,1,1,-1,0
1541,31,41,2,1,0,1,1,-1
1542,31,42,3,1,1,0,0,0
1543,31,43,3,1,1,0,0,0
1544,31,44,3,1,1,0,0,0
1545,31,45,7,2,1,0,0,0
1546,31,46,3,1,1,0,0,0
1547,31,47,3,1,1,0,0,1
1548,31,48,4,1,1,1,0,0
1549,31,49,8,2,1,1,0,-1
1550,31,50,3,1,1,0,0,0
1551,32,1,1,1,0,0,0,1
1552,32,2,2,1,0,1,0,0
1553,32,3,6,2,0,1,0,0
1554,32,4,2,1,0,1,1,-1
1555,32,5,3,1,1,0,0,0
1556,32,6,3,1,1,0,0,0
1557,32,7,7,2,1,0,0,0
1558,32,8,3,1,1,0,0,0
1559,32,9,7,2,1,0,0,1
1560,32,10,8,2,1,1,0,0
1561,32,11,8,2,1,1,0,0
1562,32,12,4,1,1,1,0,0
1563,32,13,8,2,1,1,0,0
1564,32,14,8,2,1,1,0,0
1565,32,15,8,2,1,1,0,0
1566,32,16,8,2,1,1,0,0
1567,32,17,8,2,1,1,0,0
1568,32,18,8,2,1,1,0,0
1569,32,19,8,2,1,1,0,0
1570,32,20,4,1,1,1,0,0
1571,32,21,8,2,1,1,-1,-1
1572,32,22,5,2,0,0,0,0
1573,32,23,1,1,0,0,0,0
1574,32,24,5,2,0,0,0,1
1575,32,25,2,1,0,1,0,-1
1576,32,26,1,1,0,0,0,0
1577,32,27,1,1,0,0,0,1
1578,32,28,2,1,0,1,0,-1
1579,32,29,1,1,0,0,0,0
1580,32,30,1,1,0,0,0,1
1581,32,31,6,2,0,1,1,0
1582,32,32,8,2,1,1,0,-1
1583,32,33,7,2,1,0,0,0
1584,32,34,7,2,1,0,0,1
1585,32,35,8,2,1,1,0,-1
1586,32,36,7,2,1,0,0,0
1587,32,37,7,2,1,0,-1,0
1588,32,38,5,2,0,0,0,0
1589,32,39,1,1,0,0,0,0
1590,32,40,5,2,0,0,0,0
1591,32,41,1,1,0,0,0,0
1592,32,42,1,1,0,0,0,1
1593,32,43,2,1,0,1,0,-1
1594,32,44,1,1,0,0,1,0
1595,32,45,7,2,1,0,0,0
1596,32,46,3,1,1,0,0,0
1597,32,47,7,2,1,0,0,0
1598,32,48,7,2,1,0,0,1
1599,32,49,8,2,1,1,0,0
1600,32,50,8,2,1,1,-1,0
1601,33,1,3,1,1,0,0,1
1602,33,2,8,2,1,1,0,-1
1603,33,3,7,2,1,0,-1,0
1604,33,4,1,1,0,0,0,0
1605,33,5,5,2,0,0,1,0
1606,33,6,7,2,1,0,0,0
1607,33,7,7,2,1,0,0,0
1608,33,8,7,2,1,0,0,0
1609,33,9,7,2,1,0,0,0
1610,33,10,7,2,1,0,0,0
1611,33,11,3,1,1,0,0,0
1612,33,12,3,1,1,0,0,0
1613,33,13,7,2,1,0,0,1
1614,33,14,4,1,1,1,0,0
1615,33,15,4,1,1,1,0,-1
1616,33,16,3,1,1,0,0,0
1617,33,17,7,2,1,0,0,0
1618,33,18,3,1,1,0,0,0
1619,33,19,3,1,1,0,0,0
1620,33,20,3,1,1,0,0,0
1621,33,21,3,1,1,0,0,1
1622,33,22,4,1,1,1,0,-1
1623,33,23,3,1,1,0,0,0
1624,33,24,3,1,1,0,-1,0
1625,33,25,1,1,0,0,0,0
1626,33,26,1,1,0,0,0,0
1627,33,27,5,2,0,0,0,0
1628,33,28,1,1,0,0,0,1
1629,33,29,2,1,0,1,1,0
1630,33,30,4,1,1,1,-1,0
1631,33,31,2,1,0,1,1,0
1632,33,32,4,1,1,1,0,-1
1633,33,33,7,2,1,0,-1,0
1634,33,34,5,2,0,0,0,0
1635,33,35,5,2,0,0,1,1
1636,33,36,4,1,1,1,0,0
1637,33,37,4,1,1,1,-1,0
1638,33,38,6,2,0,1,0,-1
1639,33,39,5,2,0,0,0,0
1640,33,40,5,2,0,0,0,0
1641,33,41,5,2,0,0,0,0
1642,33,42,5,2,0,0,0,1
1643,33,43,2,1,0,1,0,-1
1644,33,44,1,1,0,0,0,1
1645,33,45,2,1,0,1,0,0
1646,33,46,2,1,0,1,1,0
1647,33,47,4,1,1,1,0,0
1648,33,48,4,1,1,1,0,0
1649,33,49,4,1,1,1,0,0
1650,33,50,8,2,1,1,0,-1
1651,34,1,4,1,1,1,0,0
1652,34,2,4,1,1,1,0,0
1653,34,3,8,2,1,1,0,0
1654,34,4,8,2,1,1,-1,-1
1655,34,5,5,2,0,0,0,1
1656,34,6,2,1,0,1,0,-1
1657,34,7,1,1,0,0,0,0
1658,34,8,1,1,0,0,0,1
1659,34,9,2,1,0,1,1,0
1660,34,10,8,2,1,1,0,0
1661,34,11,8,2,1,1,0,0
1662,34,12,4,1,1,1,0,0
1663,34,13,4,1,1,1,0,0
1664,34,14,8,2,1,1,-1,-1
1665,34,15,5,2,0,0,0,0
1666,34,16,5,2,0,0,1,0
1667,34,17,7,2,1,0,0,0
1668,34,18,3,1,1,0,0,1
1669,34,19,8,2,1,1,-1,0
1670,34,20,2,1,0,1,0,0
1671,34,21,2,1,0,1,0,0
1672,34,22,2,1,0,1,0,0
1673,34,23,2,1,0,1,1,0
1674,34,24,4,1,1,1,-1,0
1675,34,25,6,2,0,1,1,-1
1676,34,26,7,2,1,0,0,0
1677,34,27,3,1,1,0,0,0
1678,34,28,7,2,1,0,0,1
1679,34,29,8,2,1,1,0,0
1680,34,30,8,2,1,1,0,0
1681,34,31,4,1,1,1,0,-1
1682,34,32,3,1,1,0,0,0
1683,34,33,3,1,1,0,-1,0
1684,34,34,1,1,0,0,0,1
1685,34,35,2,1,0,1,0,-1
1686,34,36,5,2,0,0,0,1
1687,34,37,6,2,0,1,0,-1
1688,34,38,5,2,0,0,0,1
1689,34,39,6,2,0,1,0,-1
1690,34,40,5,2,0,0,0,0
1691,34,41,5,2,0,0,1,0
1692,34,42,7,2,1,0,-1,0
1693,34,43,1,1,0,0,0,1
1694,34,44,6,2,0,1,1,0
1695,34,45,8,2,1,1,-1,0
1696,34,46,2,1,0,1,1,-1
1697,34,47,7,2,1,0,0,0
1698,34,48,3,1,1,0,0,0
1699,34,49,3,1,1,0,-1,1
1700,34,50,2,1,0,1,0,0
1701,35,1,1,1,0,0,1,0
1702,35,2,3,1,1,0,0,0
1703,35,3,3,1,1,0,0,0
1704,35,4,3,1,1,0,0,1
1705,35,5,8,2,1,1,0,-1
1706,35,6,7,2,1,0,0,0
1707,35,7,7,2,1,0,-1,0
1708,35,8,5,2,0,0,0,1
1709,35,9,6,2,0,1,0,0
1710,35,10,6,2,0,1,1,0
1711,35,11,8,2,1,1,0,0
1712,35,12,4,1,1,1,0,0
1713,35,13,4,1,1,1,0,-1
1714,35,14,3,1,1,0,0,1
1715,35,15,4,1,1,1,0,-1
1716,35,16,7,2,1,0,-1,1
1717,35,17,6,2,0,1,0,0
1718,35,18,6,2,0,1,0,0
1719,35,19,2,1,0,1,0,0
1720,35,20,2,1,0,1,1,0
1721,35,21,4,1,1,1,0,0
1722,35,22,4,1,1,1,-1,0
1723,35,23,2,1,0,1,1,0
1724,35,24,4,1,1,1,-1,-1
1725,35,25,5,2,0,0,0,0
1726,35,26,5,2,0,0,0,0
1727,35,27,1,1,0,0,0,0
1728,35,28,1,1,0,0,0,0
1729,35,29,1,1,0,0,1,1
1730,35,30,4,1,1,1,0,0
1731,35,31,4,1,1,1,0,0
1732,35,32,8,2,1,1,-1,0
1733,35,33,2,1,0,1,0,-1
1734,35,34,5,2,0,0,0,0
1735,35,35,1,1,0,0,0,0
1736,35,36,1,1,0,0,0,0
1737,35,37,5,2,0,0,1,0
1738,35,38,3,1,1,0,-1,0
1739,35,39,1,1,0,0,0,1
1740,35,40,6,2,0,1,1,0
1741,35,41,8,2,1,1,0,0
1742,35,42,8,2,1,1,0,0
1743,35,43,4,1,1,1,0,-1
1744,35,44,3,1,1,0,-1,0
1745,35,45,1,1,0,0,0,0
1746,35,46,1,1,0,0,0,1
1747,35,47,2,1,0,1,1,0
1748,35,48,8,2,1,1,0,-1
1749,35,49,7,2,1,0,-1,0
1750,35,50,1,1,0,0,1,0
1751,36,1,6,2,0,1,1,0
1752,36,2,8,2,1,1,0,-1
1753,36,3,7,2,1,0,-1,0
1754,36,4,1,1,0,0,0,1
1755,36,5,2,1,0,1,0,-1
1756,36,6,1,1,0,0,1,1
1757,36,7,4,1,1,1,0,-1
1758,36,8,3,1,1,0,-1,0
1759,36,9,1,1,0,0,0,0
1760,36,10,1,1,0,0,1,0
1761,36,11,3,1,1,0,0,0
1762,36,12,3,1,1,0,-1,0
1763,36,13,5,2,0,0,0,0
1764,36,14,5,2,0,0,0,0
1765,36,15,5,2,0,0,0,0
1766,36,16,1,1,0,0,0,0
1767,36,17,1,1,0,0,0,0
1768,36,18,1,1,0,0,0,1
1769,36,19,2,1,0,1,0,0
1770,36,20,6,2,0,1,1,0
1771,36,21,8,2,1,1,0,-1
1772,36,22,7,2,1,0,-1,1
1773,36,23,6,2,0,1,1,-1
1774,36,24,3,1,1,0,0,0
1775,36,25,3,1,1,0,0,0
1776,36,26,3,1,1,0,-1,0
1777,36,27,1,1,0,0,0,0
1778,36,28,1,1,0,0,0,1
1779,36,29,2,1,0,1,0,0
1780,36,30,2,1,0,1,0,0
1781,36,31,2,1,0,1,0,0
1782,36,32,2,1,0,1,1,0
1783,36,33,8,2,1,1,0,0
1784,36,34,8,2,1,1,0,0
1785,36,35,8,2,1,1,-1,0
1786,36,36,6,2,0,1,0,-1
1787,36,37,5,2,0,0,1,0
1788,36,38,3,1,1,0,-1,0
1789,36,39,1,1,0,0,1,0
1790,36,40,7,2,1,0,-1,0
1791,36,41,1,1,0,0,0,1
1792,36,42,6,2,0,1,0,0
1793,36,43,6,2,0,1,0,0
1794,36,44,6,2,0,1,1,-1
1795,36,45,7,2,1,0,0,0
1796,36,46,3,1,1,0,0,1
1797,36,47,4,1,1,1,0,0
1798,36,48,4,1,1,1,0,-1
1799,36,49,3,1,1,0,0,1
1800,36,50,4,1,1,1,0,0
1801,37,1,2,1,0,1,1,-1
1802,37,2,3,1,1,0,-1,0
1803,37,3,1,1,0,0,0,0
1804,37,4,5,2,0,0,0,0
1805,37,5,5,2,0,0,0,0
1806,37,6,5,2,0,0,0,0
1807,37,7,1,1,0,0,0,0
1808,37,8,1,1,0,0,0,1
1809,37,9,2,1,0,1,0,-1
1810,37,10,1,1,0,0,0,1
1811,37,11,2,1,0,1,0,0
1812,37,12,2,1,0,1,0,0
1813,37,13,2,1,0,1,0,0
1814,37,14,2,1,0,1,1,0
1815,37,15,8,2,1,1,0,0
1816,37,16,4,1,1,1,-1,0
1817,37,17,2,1,0,1,0,0
1818,37,18,2,1,0,1,0,0
1819,37,19,2,1,0,1,0,0
1820,37,20,2,1,0,1,0,-1
1821,37,21,1,1,0,0,1,1
1822,37,22,4,1,1,1,0,0
1823,37,23,8,2,1,1,0,-1
1824,37,24,7,2,1,0,0,0
1825,37,25,3,1,1,0,0,0
1826,37,26,3,1,1,0,0,0
1827,37,27,3,1,1,0,0,0
1828,37,28,7,2,1,0,0,1
1829,37,29,8,2,1,1,-1,0
1830,37,30,2,1,0,1,0,-1
1831,37,31,1,1,0,0,0,0
1832,37,32,1,1,0,0,1,0
1833,37,33,3,1,1,0,0,0
1834,37,34,3,1,1,0,-1,0
1835,37,35,5,2,0,0,0,0
1836,37,36,1,1,0,0,0,1
1837,37,37,6,2,0,1,1,-1
1838,37,38,7,2,1,0,0,0
1839,37,39,7,2,1,0,-1,0
1840,37,40,5,2,0,0,1,0
1841,37,41,7,2,1,0,0,0
1842,37,42,3,1,1,0,0,0
1843,37,43,7,2,1,0,0,0
1844,37,44,7,2,1,0,0,0
1845,37,45,3,1,1,0,0,1
1846,37,46,8,2,1,1,0,0
1847,37,47,4,1,1,1,-1,0
1848,37,48,2,1,0,1,0,0
1849,37,49,2,1,0,1,0,-1
1850,37,50,1,1,0,0,0,0
1851,38,1,1,1,0,0,0,0
1852,38,2,1,1,0,0,0,0
1853,38,3,1,1,0,0,0,0
1854,38,4,5,2,0,0,0,0
1855,38,5,1,1,0,0,0,1
1856,38,6,2,1,0,1,0,0
1857,38,7,2,1,0,1,1,-1
1858,38,8,3,1,1,0,0,0
1859,38,9,3,1,1,0,-1,1
1860,38,10,2,1,0,1,0,0
1861,38,11,2,1,0,1,0,-1
1862,38,12,1,1,0,0,0,0
1863,38,13,1,1,0,0,0,0
1864,38,14,1,1,0,0,0,0
1865,38,15,1,1,0,0,0,0
1866,38,16,5,2,0,0,1,0
1867,38,17,7,2,1,0,0,0
1868,38,18,3,1,1,0,0,1
1869,38,19,4,1,1,1,0,-1
1870,38,20,3,1,1,0,-1,0
1871,38,21,1,1,0,0,0,0
1872,38,22,5,2,0,0,0,0
1873,38,23,5,2,0,0,1,0
1874,38,24,7,2,1,0,-1,0
1875,38,25,5,2,0,0,0,0
1876,38,26,1,1,0,0,1,0
1877,38,27,3,1,1,0,0,1
1878,38,28,4,1,1,1,0,0
1879,38,29,8,2,1,1,0,-1
1880,38,30,7,2,1,0,0,0
1881,38,31,3,1,1,0,0,1
1882,38,32,8,2,1,1,0,0
1883,38,33,8,2,1,1,0,0
1884,38,34,4,1,1,1,-1,-1
1885,38,35,1,1,0,0,0,1
1886,38,36,2,1,0,1,1,0
1887,38,37,8,2,1,1,0,0
1888,38,38,8,2,1,1,0,-1
1889,38,39,7,2,1,0,0,1
1890,38,40,4,1,1,1,-1,-1
1891,38,41,5,2,0,0,0,0
1892,38,42,5,2,0,0,0,0
1893,38,43,1,1,0,0,0,1
1894,38,44,2,1,0,1,1,0
1895,38,45,4,1,1,1,0,0
1896,38,46,4,1,1,1,0,0
1897,38,47,4,1,1,1,-1,0
1898,38,48,6,2,0,1,0,0
1899,38,49,2,1,0,1,0,0
1900,38,50,2,1,0,1,1,0
1901,39,1,2,1,0,1,0,0
1902,39,2,2,1,0,1,0,0
1903,39,3,2,1,0,1,0,0
1904,39,4,6,2,0,1,0,0
1905,39,5,6,2,0,1,0,0
1906,39,6,6,2,0,1,1,0
1907,39,7,8,2,1,1,-1,0
1908,39,8,6,2,0,1,0,0
1909,39,9,6,2,0,1,1,0
1910,39,10,8,2,1,1,0,0
1911,39,11,8,2,1,1,-1,-1
1912,39,12,5,2,0,0,0,0
1913,39,13,1,1,0,0,0,0
1914,39,14,1,1,0,0,0,1
1915,39,15,2,1,0,1,0,-1
1916,39,16,1,1,0,0,1,0
1917,39,17,3,1,1,0,0,0
1918,39,18,3,1,1,0,0,0
1919,39,19,7,2,1,0,-1,0
1920,39,20,5,2,0,0,0,0
1921,39,21,5,2,0,0,0,1
1922,39,22,2,1,0,1,0,0
1923,39,23,6,2,0,1,0,0
1924,39,24,6,2,0,1,0,0
1925,39,25,6,2,0,1,0,0
1926,39,26,2,1,0,1,0,-1
1927,39,27,1,1,0,0,0,0
1928,39,28,5,2,0,0,0,0
1929,39,29,5,2,0,0,0,0
1930,39,30,5,2,0,0,0,0
1931,39,31,5,2,0,0,0,0
1932,39,32,5,2,0,0,0,0
1933,39,33,5,2,0,0,1,0
1934,39,34,3,1,1,0,-1,0
1935,39,35,1,1,0,0,0,0
1936,39,36,1,1,0,0,1,0
1937,39,37,7,2,1,0,0,0
1938,39,38,7,2,1,0,0,0
1939,39,39,7,2,1,0,0,0
1940,39,40,3,1,1,0,0,0
1941,39,41,3,1,1,0,0,0
1942,39,42,3,1,1,0,0,0
1943,39,43,7,2,1,0,0,0
1944,39,44,7,2,1,0,0,0
1945,39,45,7,2,1,0,0,0
1946,39,46,3,1,1,0,0,0
1947,39,47,3,1,1,0,0,1
1948,39,48,4,1,1,1,0,0
1949,39,49,8,2,1,1,0,0
1950,39,50,8,2,1,1,0,-1
1951,40,1,3,1,1,0,0,1
1952,40,2,4,1,1,1,-1,0
1953,40,3,2,1,0,1,0,0
1954,40,4,2,1,0,1,1,0
1955,40,5,4,1,1,1,0,-1
1956,40,6,3,1,1,0,-1,0
1957,40,7,5,2,0,0,0,0
1958,40,8,5,2,0,0,0,0
1959,40,9,5,2,0,0,0,0
1960,40,10,1,1,0,0,0,0
1961,40,11,1,1,0,0,1,0
1962,40,12,7,2,1,0,0,0
1963,40,13,7,2,1,0,0,1
1964,40,14,8,2,1,1,0,0
1965,40,15,8,2,1,1,0,-1
1966,40,16,3,1,1,0,0,0
1967,40,17,3,1,1,0,0,1
1968,40,18,8,2,1,1,0,0
1969,40,19,8,2,1,1,0,-1
1970,40,20,7,2,1,0,-1,1
1971,40,21,6,2,0,1,0,0
1972,40,22,6,2,0,1,1,-1
1973,40,23,7,2,1,0,0,0
1974,40,24,3,1,1,0,0,1
1975,40,25,4,1,1,1,0,0
1976,40,26,4,1,1,1,-1,0
1977,40,27,2,1,0,1,0,0
1978,40,28,2,1,0,1,0,0
1979,40,29,2,1,0,1,0,-1
1980,40,30,5,2,0,0,0,0
1981,40,31,1,1,0,0,1,0
1982,40,32,3,1,1,0,0,1
1983,40,33,4,1,1,1,-1,0
1984,40,34,6,2,0,1,1,0
1985,40,35,4,1,1,1,-1,-1
1986,40,36,1,1,0,0,0,0
1987,40,37,5,2,0,0,1,0
1988,40,38,7,2,1,0,0,1
1989,40,39,4,1,1,1,0,0
1990,40,40,8,2,1,1,0,0
1991,40,41,8,2,1,1,-1,0
1992,40,42,6,2,0,1,0,0
1993,40,43,6,2,0,1,1,0
1994,40,44,8,2,1,1,0,-1
1995,40,45,7,2,1,0,0,0
1996,40,46,3,1,1,0,0,0
1997,40,47,3,1,1,0,0,0
1998,40,48,3,1,1,0,-1,0
1999,40,49,5,2,0,0,1,0
2000,40,50,3,1,1,0,0,0
2001,41,1,4,1,1,1,0,0
2002,41,2,4,1,1,1,0,0
2003,41,3,4,1,1,1,-1,0
2004,41,4,2,1,0,1,1,0
2005,41,5,8,2,1,1,0,0
2006,41,6,4,1,1,1,0,0
2007,41,7,8,2,1,1,0,-1
2008,41,8,3,1,1,0,-1,0
2009,41,9,1,1,0,0,0,0
2010,41,10,5,2,0,0,1,0
2011,41,11,3,1,1,0,0,1
2012,41,12,8,2,1,1,0,0
2013,41,13,4,1,1,1,-1,-1
2014,41,14,5,2,0,0,0,0
2015,41,15,5,2,0,0,0,0
2016,41,16,5,2,0,0,0,0
2017,41,17,5,2,0,0,1,1
2018,41,18,8,2,1,1,0,-1
2019,41,19,7,2,1,0,0,0
2020,41,20,3,1,1,0,-1,1
2021,41,21,2,1,0,1,0,0
2022,41,22,6,2,0,1,1,0
2023,41,23,4,1,1,1,0,-1
2024,41,24,7,2,1,0,-1,0
2025,41,25,1,1,0,0,0,0
2026,41,26,1,1,0,0,1,0
2027,41,27,3,1,1,0,0,0
2028,41,28,3,1,1,0,0,1
2029,41,29,4,1,1,1,0,0
2030,41,30,4,1,1,1,0,0
2031,41,31,4,1,1,1,0,0
2032,41,32,4,1,1,1,0,0
2033,41,33,4,1,1,1,0,0
2034,41,34,4,1,1,1,0,0
2035,41,35,4,1,1,1,0,0
2036,41,36,8,2,1,1,-1,-1
2037,41,37,1,1,0,0,0,0
2038,41,38,5,2,0,0,0,0
2039,41,39,1,1,0,0,0,0
2040,41,40,1,1,0,0,0,0
2041,41,41,5,2,0,0,1,1
2042,41,42,8,2,1,1,0,0
2043,41,43,8,2,1,1,0,0
2044,41,44,8,2,1,1,-1,0
2045,41,45,2,1,0,1,0,0
2046,41,46,2,1,0,1,0,0
2047,41,47,6,2,0,1,0,0
2048,41,48,6,2,0,1,0,0
2049,41,49,2,1,0,1,1,0
2050,41,50,8,2,1,1,0,0
2051,42,1,2,1,0,1,0,0
2052,42,2,2,1,0,1,1,0
2053,42,3,4,1,1,1,0,-1
2054,42,4,3,1,1,0,0,1
2055,42,5,4,1,1,1,0,0
2056,42,6,4,1,1,1,0,-1
2057,42,7,3,1,1,0,0,0
2058,42,8,3,1,1,0,0,0
2059,42,9,7,2,1,0,0,1
2060,42,10,8,2,1,1,0,0
2061,42,11,8,2,1,1,0,0
2062,42,12,4,1,1,1,-1,0
2063,42,13,2,1,0,1,0,0
2064,42,14,2,1,0,1,0,-1
2065,42,15,1,1,0,0,1,1
2066,42,16,8,2,1,1,-1,-1
2067,42,17,5,2,0,0,0,0
2068,42,18,5,2,0,0,0,0
2069,42,19,5,2,0,0,1,0
2070,42,20,3,1,1,0,0,1
2071,42,21,4,1,1,1,0,0
2072,42,22,4,1,1,1,0,0
2073,42,23,4,1,1,1,0,0
2074,42,24,4,1,1,1,0,0
2075,42,25,8,2,1,1,-1,-1
2076,42,26,5,2,0,0,0,1
2077,42,27,2,1,0,1,0,0
2078,42,28,6,2,0,1,0,-1
2079,42,29,5,2,0,0,1,0
2080,42,30,3,1,1,0,0,1
2081,42,31,4,1,1,1,0,0
2082,42,32,4,1,1,1,0,0
2083,42,33,8,2,1,1,0,0
2084,42,34,8,2,1,1,-1,0
2085,42,35,6,2,0,1,0,-1
2086,42,36,5,2,0,0,0,0
2087,42,37,5,2,0,0,0,1
2088,42,38,6,2,0,1,0,-1
2089,42,39,5,2,0,0,1,0
2090,42,40,3,1,1,0,0,1
2091,42,41,4,1,1,1,0,0
2092,42,42,8,2,1,1,0,0
2093,42,43,8,2,1,1,-1,-1
2094,42,44,5,2,0,0,1,0
2095,42,45,7,2,1,0,-1,0
2096,42,46,5,2,0,0,0,0
2097,42,47,5,2,0,0,1,1
2098,42,48,8,2,1,1,-1,-1
2099,42,49,5,2,0,0,0,1
2100,42,50,6,2,0,1,0,0
2101,43,1,1,1,0,0,1,0
2102,43,2,3,1,1,0,-1,0
2103,43,3,1,1,0,0,0,0
2104,43,4,5,2,0,0,0,0
2105,43,5,5,2,0,0,0,0
2106,43,6,5,2,0,0,0,0
2107,43,7,1,1,0,0,0,1
2108,43,8,2,1,0,1,0,0
2109,43,9,2,1,0,1,0,0
2110,43,10,2,1,0,1,0,0
2111,43,11,2,1,0,1,0,0
2112,43,12,2,1,0,1,0,-1
2113,43,13,1,1,0,0,1,0
2114,43,14,3,1,1,0,0,0
2115,43,15,3,1,1,0,0,0
2116,43,16,3,1,1,0,-1,0
2117,43,17,1,1,0,0,0,0
2118,43,18,5,2,0,0,0,0
2119,43,19,5,2,0,0,0,0
2120,43,20,1,1,0,0,1,0
2121,43,21,3,1,1,0,-1,1
2122,43,22,2,1,0,1,1,0
2123,43,23,4,1,1,1,0,-1
2124,43,24,3,1,1,0,-1,0
2125,43,25,1,1,0,0,0,1
2126,43,26,2,1,0,1,0,0
2127,43,27,2,1,0,1,0,0
2128,43,28,2,1,0,1,0,0
2129,43,29,6,2,0,1,1,0
2130,43,30,8,2,1,1,-1,0
2131,43,31,6,2,0,1,0,0
2132,43,32,2,1,0,1,1,0
2133,43,33,8,2,1,1,0,0
2134,43,34,8,2,1,1,0,-1
2135,43,35,7,2,1,0,-1,0
2136,43,36,5,2,0,0,0,0
2137,43,37,5,2,0,0,1,0
2138,43,38,7,2,1,0,0,0
2139,43,39,7,2,1,0,0,1
2140,43,40,4,1,1,1,0,0
2141,43,41,4,1,1,1,0,0
2142,43,42,4,1,1,1,0,0
2143,43,43,4,1,1,1,0,0
2144,43,44,4,1,1,1,0,-1
2145,43,45,3,1,1,0,-1,0
2146,43,46,1,1,0,0,0,0
2147,43,47,1,1,0,0,1,0
2148,43,48,3,1,1,0,-1,0
2149,43,49,1,1,0,0,0,0
2150,43,50,1,1,0,0,0,0
2151,44,1,2,1,0,1,0,-1
2152,44,2,5,2,0,0,1,0
2153,44,3,3,1,1,0,0,0
2154,44,4,3,1,1,0,0,0
2155,44,5,3,1,1,0,0,0
2156,44,6,7,2,1,0,0,0
2157,44,7,7,2,1,0,-1,0
2158,44,8,1,1,0,0,0,1
2159,44,9,2,1,0,1,1,0
2160,44,10,8,2,1,1,-1,0
2161,44,11,2,1,0,1,0,0
2162,44,12,2,1,0,1,1,0
2163,44,13,4,1,1,1,0,-1
2164,44,14,3,1,1,0,0,1
2165,44,15,8,2,1,1,0,0
2166,44,16,4,1,1,1,0,-1
2167,44,17,3,1,1,0,0,0
2168,44,18,3,1,1,0,0,0
2169,44,19,7,2,1,0,0,0
2170,44,20,7,2,1,0,-1,1
2171,44,21,2,1,0,1,0,0
2172,44,22,6,2,0,1,0,0
2173,44,23,2,1,0,1,0,-1
2174,44,24,5,2,0,0,1,0
2175,44,25,3,1,1,0,-1,0
2176,44,26,1,1,0,0,0,0
2177,44,27,1,1,0,0,1,0
2178,44,28,3,1,1,0,0,0
2179,44,29,3,1,1,0,0,0
2180,44,30,3,1,1,0,-1,0
2181,44,31,1,1,0,0,1,1
2182,44,32,8,2,1,1,0,0
2183,44,33,4,1,1,1,-1,0
2184,44,34,6,2,0,1,0,0
2185,44,35,6,2,0,1,0,0
2186,44,36,6,2,0,1,0,0
2187,44,37,6,2,0,1,1,0
2188,44,38,4,1,1,1,0,0
2189,44,39,4,1,1,1,0,0
2190,44,40,8,2,1,1,0,-1
2191,44,41,7,2,1,0,0,0
2192,44,42,3,1,1,0,0,0
2193,44,43,3,1,1,0,-1,1
2194,44,44,6,2,0,1,0,0
2195,44,45,6,2,0,1,1,0
2196,44,46,8,2,1,1,0,0
2197,44,47,4,1,1,1,0,0
2198,44,48,4,1,1,1,0,0
2199,44,49,8,2,1,1,0,0
2200,44,50,4,1,1,1,-1,0
2201,45,1,6,2,0,1,1,0
2202,45,2,8,2,1,1,0,0
2203,45,3,8,2,1,1,0,0
2204,45,4,4,1,1,1,0,0
2205,45,5,4,1,1,1,-1,-1
2206,45,6,5,2,0,0,0,1
2207,45,7,6,2,0,1,1,0
2208,45,8,8,2,1,1,0,-1
2209,45,9,7,2,1,0,0,0
2210,45,10,7,2,1,0,-1,0
2211,45,11,5,2,0,0,1,0
2212,45,12,3,1,1,0,0,0
2213,45,13,3,1,1,0,0,1
2214,45,14,4,1,1,1,0,0
2215,45,15,4,1,1,1,0,0
2216,45,16,4,1,1,1,0,0
2217,45,17,4,1,1,1,0,0
2218,45,18,8,2,1,1,-1,0
2219,45,19,6,2,0,1,0,0
2220,45,20,2,1,0,1,0,-1
2221,45,21,5,2,0,0,0,0
2222,45,22,5,2,0,0,1,0
2223,45,23,7,2,1,0,0,0
2224,45,24,3,1,1,0,0,0
2225,45,25,3,1,1,0,0,0
2226,45,26,3,1,1,0,0,0
2227,45,27,7,2,1,0,0,0
2228,45,28,7,2,1,0,0,0
2229,45,29,3,1,1,0,0,1
2230,45,30,4,1,1,1,0,0
2231,45,31,4,1,1,1,0,0
2232,45,32,8,2,1,1,0,0
2233,45,33,4,1,1,1,0,0
2234,45,34,4,1,1,1,0,0
2235,45,35,8,2,1,1,0,0
2236,45,36,8,2,1,1,0,0
2237,45,37,4,1,1,1,0,0
2238,45,38,4,1,1,1,-1,0
2239,45,39,2,1,0,1,0,0
2240,45,40,2,1,0,1,0,0
2241,45,41,6,2,0,1,0,0
2242,45,42,2,1,0,1,0,0
2243,45,43,2,1,0,1,0,0
2244,45,44,2,1,0,1,0,0
2245,45,45,2,1,0,1,0,-1
2246,45,46,1,1,0,0,0,0
2247,45,47,1,1,0,0,1,0
2248,45,48,3,1,1,0,0,0
2249,45,49,3,1,1,0,0,1
2250,45,50,8,2,1,1,-1,0
2251,46,1,7,2,1,0,0,0
2252,46,2,3,1,1,0,0,0
2253,46,3,7,2,1,0,-1,1
2254,46,4,6,2,0,1,0,-1
2255,46,5,5,2,0,0,0,1
2256,46,6,6,2,0,1,1,0
2257,46,7,8,2,1,1,0,0
2258,46,8,8,2,1,1,0,-1
2259,46,9,3,1,1,0,0,0
2260,46,10,7,2,1,0,0,0
2261,46,11,7,2,1,0,0,1
2262,46,12,8,2,1,1,0,0
2263,46,13,8,2,1,1,-1,0
2264,46,14,6,2,0,1,0,0
2265,46,15,6,2,0,1,0,0
2266,46,16,6,2,0,1,0,0
2267,46,17,6,2,0,1,0,0
2268,46,18,2,1,0,1,0,0
2269,46,19,2,1,0,1,0,0
2270,46,20,2,1,0,1,0,0
2271,46,21,2,1,0,1,0,0
2272,46,22,2,1,0,1,1,0
2273,46,23,4,1,1,1,-1,-1
2274,46,24,1,1,0,0,0,0
2275,46,25,1,1,0,0,1,0
2276,46,26,7,2,1,0,0,0
2277,46,27,3,1,1,0,-1,0
2278,46,28,1,1,0,0,0,1
2279,46,29,6,2,0,1,1,-1
2280,46,30,7,2,1,0,0,0
2281,46,31,3,1,1,0,0,0
2282,46,32,3,1,1,0,0,0
2283,46,33,7,2,1,0,0,0
2284,46,34,7,2,1,0,-1,0
2285,46,35,1,1,0,0,0,0
2286,46,36,5,2,0,0,0,0
2287,46,37,5,2,0,0,0,0
2288,46,38,1,1,0,0,0,0
2289,46,39,1,1,0,0,0,1
2290,46,40,6,2,0,1,1,0
2291,46,41,4,1,1,1,0,0
2292,46,42,8,2,1,1,0,0
2293,46,43,4,1,1,1,0,0
2294,46,44,4,1,1,1,0,-1
2295,46,45,3,1,1,0,-1,0
2296,46,46,5,2,0,0,1,0
2297,46,47,3,1,1,0,0,0
2298,46,48,3,1,1,0,0,1
2299,46,49,4,1,1,1,0,0
2300,46,50,4,1,1,1,-1,0
2301,47,1,5,2,0,0,0,0
2302,47,2,5,2,0,0,0,0
2303,47,3,5,2,0,0,1,0
2304,47,4,3,1,1,0,0,0
2305,47,5,7,2,1,0,-1,0
2306,47,6,5,2,0,0,1,1
2307,47,7,8,2,1,1,0,0
2308,47,8,4,1,1,1,0,0
2309,47,9,4,1,1,1,0,0
2310,47,10,4,1,1,1,0,0
2311,47,11,8,2,1,1,0,-1
2312,47,12,7,2,1,0,-1,0
2313,47,13,1,1,0,0,0,1
2314,47,14,2,1,0,1,0,-1
2315,47,15,1,1,0,0,0,0
2316,47,16,1,1,0,0,1,1
2317,47,17,8,2,1,1,0,-1
2318,47,18,3,1,1,0,-1,0
2319,47,19,5,2,0,0,0,0
2320,47,20,5,2,0,0,0,0
2321,47,21,5,2,0,0,0,0
2322,47,22,5,2,0,0,0,0
2323,47,23,5,2,0,0,0,0
2324,47,24,5,2,0,0,0,0
2325,47,25,5,2,0,0,1,0
2326,47,26,7,2,1,0,0,1
2327,47,27,8,2,1,1,-1,0
2328,47,28,6,2,0,1,0,0
2329,47,29,2,1,0,1,0,0
2330,47,30,2,1,0,1,1,0
2331,47,31,4,1,1,1,-1,0
2332,47,32,2,1,0,1,0,0
2333,47,33,6,2,0,1,0,0
2334,47,34,2,1,0,1,1,0
2335,47,35,8,2,1,1,0,0
2336,47,36,4,1,1,1,0,0
2337,47,37,4,1,1,1,0,0
2338,47,38,4,1,1,1,-1,0
2339,47,39,6,2,0,1,1,-1
2340,47,40,7,2,1,0,-1,0
2341,47,41,5,2,0,0,1,1
2342,47,42,4,1,1,1,-1,0
2343,47,43,6,2,0,1,1,0
2344,47,44,8,2,1,1,0,0
2345,47,45,8,2,1,1,0,0
2346,47,46,4,1,1,1,0,0
2347,47,47,4,1,1,1,-1,-1
2348,47,48,5,2,0,0,1,0
2349,47,49,3,1,1,0,0,0
2350,47,50,3,1,1,0,0,1
2351,48,1,7,2,1,0,0,0
2352,48,2,3,1,1,0,0,0
2353,48,3,3,1,1,0,0,0
2354,48,4,3,1,1,0,0,1
2355,48,5,4,1,1,1,0,-1
2356,48,6,7,2,1,0,0,0
2357,48,7,7,2,1,0,0,1
2358,48,8,8,2,1,1,0,0
2359,48,9,4,1,1,1,0,0
2360,48,10,4,1,1,1,0,0
2361,48,11,4,1,1,1,-1,0
2362,48,12,2,1,0,1,0,0
2363,48,13,2,1,0,1,0,-1
2364,48,14,1,1,0,0,0,0
2365,48,15,1,1,0,0,0,0
2366,48,16,1,1,0,0,1,0
2367,48,17,3,1,1,0,0,0
2368,48,18,3,1,1,0,0,0
2369,48,19,3,1,1,0,0,1
2370,48,20,4,1,1,1,0,-1
2371,48,21,7,2,1,0,0,0
2372,48,22,3,1,1,0,0,0
2373,48,23,3,1,1,0,-1,0
2374,48,24,1,1,0,0,1,1
2375,48,25,8,2,1,1,0,0
2376,48,26,8,2,1,1,0,0
2377,48,27,8,2,1,1,0,0
2378,48,28,8,2,1,1,0,0
2379,48,29,8,2,1,1,0,0
2380,48,30,8,2,1,1,-1,-1
2381,48,31,5,2,0,0,0,1
2382,48,32,2,1,0,1,0,0
2383,48,33,6,2,0,1,0,0
2384,48,34,6,2,0,1,0,0
2385,48,35,6,2,0,1,1,-1
2386,48,36,7,2,1,0,0,0
2387,48,37,7,2,1,0,0,1
2388,48,38,4,1,1,1,-1,-1
2389,48,39,1,1,0,0,0,1
2390,48,40,2,1,0,1,1,-1
2391,48,41,3,1,1,0,0,0
2392,48,42,3,1,1,0,0,0
2393,48,43,3,1,1,0,-1,0
2394,48,44,1,1,0,0,1,0
2395,48,45,7,2,1,0,0,0
2396,48,46,7,2,1,0,0,0
2397,48,47,7,2,1,0,0,0
2398,48,48,7,2,1,0,-1,1
2399,48,49,6,2,0,1,0,0
2400,48,50,6,2,0,1,0,0
2401,49,1,8,2,1,1,0,0
2402,49,2,8,2,1,1,0,0
2403,49,3,8,2,1,1,0,0
2404,49,4,8,2,1,1,0,0
2405,49,5,8,2,1,1,0,0
2406,49,6,4,1,1,1,0,-1
2407,49,7,3,1,1,0,0,0
2408,49,8,7,2,1,0,0,0
2409,49,9,3,1,1,0,0,1
2410,49,10,4,1,1,1,0,-1
2411,49,11,3,1,1,0,-1,1
2412,49,12,2,1,0,1,1,-1
2413,49,13,7,2,1,0,0,1
2414,49,14,8,2,1,1,-1,0
2415,49,15,2,1,0,1,0,0
2416,49,16,2,1,0,1,0,0
2417,49,17,2,1,0,1,1,0
2418,49,18,4,1,1,1,-1,0
2419,49,19,2,1,0,1,0,0
2420,49,20,2,1,0,1,0,0
2421,49,21,2,1,0,1,0,0
2422,49,22,2,1,0,1,0,-1
2423,49,23,1,1,0,0,0,1
2424,49,24,2,1,0,1,0,-1
2425,49,25,1,1,0,0,1,0
2426,49,26,3,1,1,0,0,0
2427,49,27,7,2,1,0,0,0
2428,49,28,3,1,1,0,0,1
2429,49,29,4,1,1,1,0,0
2430,49,30,4,1,1,1,0,0
2431,49,31,4,1,1,1,0,0
2432,49,32,4,1,1,1,0,0
2433,49,33,4,1,1,1,-1,0
2434,49,34,2,1,0,1,0,0
2435,49,35,2,1,0,1,0,0
2436,49,36,6,2,0,1,0,0
2437,49,37,6,2,0,1,1,0
2438,49,38,4,1,1,1,0,0
2439,49,39,8,2,1,1,0,0
2440,49,40,8,2,1,1,0,0
2441,49,41,4,1,1,1,0,0
2442,49,42,8,2,1,1,0,-1
2443,49,43,7,2,1,0,0,1
2444,49,44,8,2,1,1,0,0
2445,49,45,8,2,1,1,0,0
2446,49,46,8,2,1,1,-1,-1
2447,49,47,1,1,0,0,0,1
2448,49,48,2,1,0,1,1,0
2449,49,49,4,1,1,1,0,0
2450,49,50,4,1,1,1,0,-1
2451,50,1,8,2,1,1,0,0
2452,50,2,8,2,1,1,-1,-1
2453,50,3,5,2,0,0,0,0
2454,50,4,5,2,0,0,0,0
2455,50,5,5,2,0,0,0,0
2456,50,6,5,2,0,0,1,1
2457,50,7,8,2,1,1,0,0
2458,50,8,4,1,1,1,0,0
2459,50,9,8,2,1,1,0,0
2460,50,10,8,2,1,1,-1,0
2461,50,11,6,2,0,1,0,0
2462,50,12,6,2,0,1,1,0
2463,50,13,8,2,1,1,0,-1
2464,50,14,7,2,1,0,0,0
2465,50,15,7,2,1,0,0,0
2466,50,16,7,2,1,0,0,0
2467,50,17,7,2,1,0,0,1
2468,50,18,4,1,1,1,-1,-1
2469,50,19,5,2,0,0,1,1
2470,50,20,8,2,1,1,0,0
2471,50,21,4,1,1,1,0,-1
2472,50,22,3,1,1,0,0,0
2473,50,23,3,1,1,0,0,1
2474,50,24,4,1,1,1,0,-1
2475,50,25,3,1,1,0,-1,0
2476,50,26,1,1,0,0,0,0
2477,50,27,1,1,0,0,0,1
2478,50,28,2,1,0,1,1,-1
2479,50,29,3,1,1,0,0,1
2480,50,30,4,1,1,1,0,-1
2481,50,31,3,1,1,0,0,1
2482,50,32,8,2,1,1,0,0
2483,50,33,8,2,1,1,0,0
2484,50,34,8,2,1,1,-1,0
2485,50,35,6,2,0,1,0,0
2486,50,36,2,1,0,1,0,0
2487,50,37,2,1,0,1,0,-1
2488,50,38,1,1,0,0,0,1
2489,50,39,6,2,0,1,0,-1
2490,50,40,5,2,0,0,1,1
2491,50,41,8,2,1,1,0,0
2492,50,42,8,2,1,1,0,-1
2493,50,43,7,2,1,0,0,0
2494,50,44,7,2,1,0,0,0
2495,50,45,7,2,1,0,-1,0
2496,50,46,5,2,0,0,1,0
2497,50,47,7,2,1,0,0,0
2498,50,48,7,2,1,0,-1,0
2499,50,49,1,1,0,0,0,0
2500,50,50,1,1,0,0,0,1
2501,51,1,8,2,1,1,0,0
2502,51,2,4,1,1,1,-1,0
2503,51,3,2,1,0,1,1,-1
2504,51,4,3,1,1,0,0,0
2505,51,5,3,1,1,0,0,1
2506,51,6,8,2,1,1,0,0
2507,51,7,4,1,1,1,-1,0
2508,51,8,2,1,0,1,0,0
2509,51,9,2,1,0,1,0,0
2510,51,10,2,1,0,1,0,-1
2511,51,11,1,1,0,0,1,0
2512,51,12,7,2,1,0,0,0
2513,51,13,7,2,1,0,0,0
2514,51,14,7,2,1,0,0,1
2515,51,15,8,2,1,1,0,0
2516,51,16,4,1,1,1,-1,0
2517,51,17,2,1,0,1,0,0
2518,51,18,2,1,0,1,0,0
2519,51,19,2,1,0,1,0,-1
2520,51,20,1,1,0,0,0,0
2521,51,21,1,1,0,0,1,0
2522,51,22,3,1,1,0,0,1
2523,51,23,4,1,1,1,0,0
2524,51,24,4,1,1,1,-1,0
2525,51,25,6,2,0,1,0,0
2526,51,26,6,2,0,1,0,0
2527,51,27,6,2,0,1,0,0
2528,51,28,2,1,0,1,0,0
2529,51,29,2,1,0,1,0,0
2530,51,30,6,2,0,1,0,0
2531,51,31,2,1,0,1,0,0
2532,51,32,2,1,0,1,0,-1
2533,51,33,1,1,0,0,0,0
2534,51,34,1,1,0,0,0,1
2535,51,35,2,1,0,1,1,0
2536,51,36,4,1,1,1,-1,-1
2537,51,37,5,2,0,0,1,0
2538,51,38,3,1,1,0,-1,0
2539,51,39,1,1,0,0,0,0
2540,51,40,5,2,0,0,0,0
2541,51,41,5,2,0,0,0,0
2542,51,42,5,2,0,0,0,0
2543,51,43,5,2,0,0,1,0
2544,51,44,7,2,1,0,0,1
2545,51,45,4,1,1,1,0,0
2546,51,46,4,1,1,1,0,0
2547,51,47,4,1,1,1,0,-1
2548,51,48,3,1,1,0,-1,0
2549,51,49,1,1,0,0,1,0
2550,51,50,3,1,1,0,-1,1
2551,52,1,1,1,0,0,0,0
2552,52,2,1,1,0,0,1,1
2553,52,3,4,1,1,1,0,0
2554,52,4,8,2,1,1,-1,-1
2555,52,5,1,1,0,0,0,0
2556,52,6,1,1,0,0,0,0
2557,52,7,5,2,0,0,0,0
2558,52,8,5,2,0,0,0,0
2559,52,9,5,2,0,0,0,0
2560,52,10,1,1,0,0,0,1
2561,52,11,6,2,0,1,0,0
2562,52,12,2,1,0,1,1,-1
2563,52,13,7,2,1,0,0,0
2564,52,14,3,1,1,0,0,0
2565,52,15,7,2,1,0,-1,0
2566,52,16,1,1,0,0,0,0
2567,52,17,1,1,0,0,0,0
2568,52,18,1,1,0,0,0,0
2569,52,19,1,1,0,0,1,0
2570,52,20,3,1,1,0,0,0
2571,52,21,3,1,1,0,0,1
2572,52,22,4,1,1,1,0,0
2573,52,23,8,2,1,1,-1,-1
2574,52,24,5,2,0,0,0,0
2575,52,25,5,2,0,0,0,0
2576,52,26,5,2,0,0,0,0
2577,52,27,1,1,0,0,0,0
2578,52,28,5,2,0,0,0,0
2579,52,29,5,2,0,0,0,0
2580,52,30,5,2,0,0,1,0
2581,52,31,3,1,1,0,0,1
2582,52,32,4,1,1,1,0,0
2583,52,33,4,1,1,1,-1,0
2584,52,34,2,1,0,1,0,-1
2585,52,35,1,1,0,0,0,0
2586,52,36,5,2,0,0,1,0
2587,52,37,7,2,1,0,0,0
2588,52,38,7,2,1,0,0,0
2589,52,39,7,2,1,0,0,0
2590,52,40,3,1,1,0,-1,0
2591,52,41,5,2,0,0,0,0
2592,52,42,5,2,0,0,0,0
2593,52,43,5,2,0,0,0,0
2594,52,44,1,1,0,0,1,0
2595,52,45,3,1,1,0,0,0
2596,52,46,7,2,1,0,0,1
2597,52,47,8,2,1,1,0,0
2598,52,48,8,2,1,1,0,0
2599,52,49,8,2,1,1,0,0
2600,52,50,8,2,1,1,-1,0
2601,53,1,1,1,0,0,0,0
2602,53,2,1,1,0,0,0,0
2603,53,3,5,2,0,0,1,1
2604,53,4,4,1,1,1,0,0
2605,53,5,4,1,1,1,0,0
2606,53,6,4,1,1,1,0,0
2607,53,7,4,1,1,1,0,-1
2608,53,8,7,2,1,0,0,0
2609,53,9,7,2,1,0,-1,0
2610,53,10,5,2,0,0,0,0
2611,53,11,5,2,0,0,0,0
2612,53,12,5,2,0,0,0,0
2613,53,13,1,1,0,0,1,1
2614,53,14,4,1,1,1,-1,0
2615,53,15,2,1,0,1,0,0
2616,53,16,6,2,0,1,0,0
2617,53,17,2,1,0,1,0,-1
2618,53,18,5,2,0,0,0,0
2619,53,19,1,1,0,0,0,0
2620,53,20,5,2,0,0,0,0
2621,53,21,1,1,0,0,0,0
2622,53,22,5,2,0,0,1,0
2623,53,23,3,1,1,0,0,0
2624,53,24,7,2,1,0,0,0
2625,53,25,3,1,1,0,0,1
2626,53,26,4,1,1,1,-1,0
2627,53,27,6,2,0,1,1,0
2628,53,28,8,2,1,1,0,-1
2629,53,29,7,2,1,0,0,0
2630,53,30,7,2,1,0,0,0
2631,53,31,7,2,1,0,0,0
2632,53,32,7,2,1,0,0,0
2633,53,33,7,2,1,0,0,0
2634,53,34,3,1,1,0,0,0
2635,53,35,3,1,1,0,0,1
2636,53,36,8,2,1,1,0,0
2637,53,37,4,1,1,1,0,0
2638,53,38,8,2,1,1,0,0
2639,53,39,8,2,1,1,0,-1
2640,53,40,7,2,1,0,-1,1
2641,53,41,6,2,0,1,0,-1
2642,53,42,5,2,0,0,1,0
2643,53,43,3,1,1,0,0,1
2644,53,44,4,1,1,1,0,0
2645,53,45,4,1,1,1,0,0
2646,53,46,4,1,1,1,0,0
2647,53,47,8,2,1,1,0,0
2648,53,48,4,1,1,1,0,0
2649,53,49,4,1,1,1,-1,0
2650,53,50,2,1,0,1,1,0
2651,54,1,8,2,1,1,-1,0
2652,54,2,2,1,0,1,0,0
2653,54,3,6,2,0,1,1,0
2654,54,4,4,1,1,1,0,0
2655,54,5,4,1,1,1,0,0
2656,54,6,4,1,1,1,0,-1
2657,54,7,3,1,1,0,0,0
2658,54,8,3,1,1,0,0,0
2659,54,9,3,1,1,0,0,1
2660,54,10,4,1,1,1,-1,0
2661,54,11,6,2,0,1,0,0
2662,54,12,6,2,0,1,0,0
2663,54,13,6,2,0,1,0,-1
2664,54,14,5,2,0,0,0,0
2665,54,15,5,2,0,0,0,0
2666,54,16,1,1,0,0,0,0
2667,54,17,1,1,0,0,0,0
2668,54,18,5,2,0,0,1,0
2669,54,19,3,1,1,0,0,0
2670,54,20,3,1,1,0,-1,0
2671,54,21,1,1,0,0,0,0
2672,54,22,1,1,0,0,0,0
2673,54,23,1,1,0,0,0,1
2674,54,24,2,1,0,1,1,0
2675,54,25,4,1,1,1,0,0
2676,54,26,4,1,1,1,0,0
2677,54,27,8,2,1,1,0,-1
2678,54,28,7,2,1,0,0,0
2679,54,29,3,1,1,0,0,0
2680,54,30,7,2,1,0,0,0
2681,54,31,7,2,1,0,0,0
2682,54,32,7,2,1,0,0,0
2683,54,33,3,1,1,0,0,0
2684,54,34,3,1,1,0,0,1
2685,54,35,8,2,1,1,0,0
2686,54,36,8,2,1,1,0,-1
2687,54,37,7,2,1,0,0,0
2688,54,38,3,1,1,0,0,0
2689,54,39,7,2,1,0,0,0
2690,54,40,3,1,1,0,0,1
2691,54,41,4,1,1,1,0,-1
2692,54,42,3,1,1,0,0,1
2693,54,43,4,1,1,1,0,-1
2694,54,44,3,1,1,0,-1,1
2695,54,45,6,2,0,1,0,0
2696,54,46,6,2,0,1,0,0
2697,54,47,6,2,0,1,1,0
2698,54,48,8,2,1,1,0,0
2699,54,49,8,2,1,1,0,0
2700,54,50,8,2,1,1,0,0
2701,55,1,5,2,0,0,0,0
2702,55,2,1,1,0,0,1,0
2703,55,3,3,1,1,0,0,0
2704,55,4,3,1,1,0,0,0
2705,55,5,3,1,1,0,0,0
2706,55,6,3,1,1,0,0,0
2707,55,7,3,1,1,0,0,1
2708,55,8,4,1,1,1,0,-1
2709,55,9,3,1,1,0,0,0
2710,55,10,3,1,1,0,0,1
2711,55,11,4,1,1,1,-1,0
2712,55,12,2,1,0,1,0,0
2713,55,13,2,1,0,1,1,0
2714,55,14,8,2,1,1,0,0
2715,55,15,8,2,1,1,0,-1
2716,55,16,7,2,1,0,0,0
2717,55,17,7,2,1,0,0,0
2718,55,18,7,2,1,0,0,1
2719,55,19,4,1,1,1,0,0
2720,55,20,4,1,1,1,0,0
2721,55,21,4,1,1,1,0,0
2722,55,22,4,1,1,1,0,0
2723,55,23,4,1,1,1,0,0
2724,55,24,4,1,1,1,0,-1
2725,55,25,7,2,1,0,-1,0
2726,55,26,5,2,0,0,0,0
2727,55,27,1,1,0,0,0,1
2728,55,28,6,2,0,1,1,0
2729,55,29,8,2,1,1,-1,0
2730,55,30,6,2,0,1,0,0
2731,55,31,2,1,0,1,1,-1
2732,55,32,3,1,1,0,0,0
2733,55,33,3,1,1,0,-1,0
2734,55,34,5,2,0,0,0,1
2735,55,35,6,2,0,1,0,-1
2736,55,36,5,2,0,0,0,0
2737,55,37,1,1,0,0,0,0
2738,55,38,1,1,0,0,0,1
2739,55,39,2,1,0,1,0,0
2740,55,40,2,1,0,1,1,0
2741,55,41,8,2,1,1,0,0
2742,55,42,4,1,1,1,0,0
2743,55,43,4,1,1,1,0,0
2744,55,44,4,1,1,1,-1,0
2745,55,45,2,1,0,1,0,0
2746,55,46,6,2,0,1,1,0
2747,55,47,8,2,1,1,0,0
2748,55,48,8,2,1,1,0,0
2749,55,49,8,2,1,1,-1,0
2750,55,50,2,1,0,1,0,0
2751,56,1,2,1,0,1,0,0
2752,56,2,6,2,0,1,0,-1
2753,56,3,5,2,0,0,0,0
2754,56,4,5,2,0,0,1,1
2755,56,5,8,2,1,1,0,0
2756,56,6,4,1,1,1,0,0
2757,56,7,4,1,1,1,0,0
2758,56,8,8,2,1,1,0,0
2759,56,9,8,2,1,1,0,0
2760,56,10,4,1,1,1,0,0
2761,56,11,8,2,1,1,0,-1
2762,56,12,3,1,1,0,0,0
2763,56,13,3,1,1,0,0,1
2764,56,14,4,1,1,1,0,0
2765,56,15,4,1,1,1,0,0
2766,56,16,4,1,1,1,0,0
2767,56,17,4,1,1,1,0,0
2768,56,18,4,1,1,1,-1,0
2769,56,19,6,2,0,1,0,-1
2770,56,20,5,2,0,0,1,0
2771,56,21,3,1,1,0,0,0
2772,56,22,3,1,1,0,0,0
2773,56,23,3,1,1,0,-1,0
2774,56,24,1,1,0,0,1,0
2775,56,25,3,1,1,0,0,0
2776,56,26,3,1,1,0,-1,0
2777,56,27,5,2,0,0,0,1
2778,56,28,2,1,0,1,0,0
2779,56,29,2,1,0,1,0,0
2780,56,30,2,1,0,1,0,0
2781,56,31,2,1,0,1,0,0
2782,56,32,2,1,0,1,0,0
2783,56,33,2,1,0,1,0,0
2784,56,34,2,1,0,1,0,0
2785,56,35,2,1,0,1,0,-1
2786,56,36,5,2,0,0,1,1
2787,56,37,8,2,1,1,0,-1
2788,56,38,7,2,1,0,0,0
2789,56,39,3,1,1,0,0,0
2790,56,40,3,1,1,0,0,0
2791,56,41,3,1,1,0,0,0
2792,56,42,3,1,1,0,0,0
2793,56,43,7,2,1,0,-1,0
2794,56,44,1,1,0,0,0,0
2795,56,45,1,1,0,0,1,0
2796,56,46,3,1,1,0,-1,0
2797,56,47,1,1,0,0,0,0
2798,56,48,1,1,0,0,0,0
2799,56,49,1,1,0,0,0,0
2800,56,50,5,2,0,0,0,0
2801,57,1,8,2,1,1,0,0
2802,57,2,8,2,1,1,0,0
2803,57,3,8,2,1,1,0,0
2804,57,4,4,1,1,1,0,0
2805,57,5,8,2,1,1,0,0
2806,57,6,4,1,1,1,0,0
2807,57,7,4,1,1,1,0,0
2808,57,8,4,1,1,1,0,-1
2809,57,9,3,1,1,0,0,0
2810,57,10,3,1,1,0,0,0
2811,57,11,7,2,1,0,0,0
2812,57,12,7,2,1,0,0,0
2813,57,13,7,2,1,0,0,0
2814,57,14,3,1,1,0,0,0
2815,57,15,3,1,1,0,0,0
2816,57,16,3,1,1,0,0,0
2817,57,17,3,1,1,0,0,1
2818,57,18,4,1,1,1,-1,0
2819,57,19,2,1,0,1,1,0
2820,57,20,4,1,1,1,0,0
2821,57,21,4,1,1,1,0,-1
2822,57,22,3,1,1,0,0,0
2823,57,23,3,1,1,0,0,0
2824,57,24,3,1,1,0,0,0
2825,57,25,7,2,1,0,0,1
2826,57,26,8,2,1,1,0,-1
2827,57,27,7,2,1,0,0,0
2828,57,28,7,2,1,0,-1,0
2829,57,29,5,2,0,0,0,1
2830,57,30,6,2,0,1,0,-1
2831,57,31,1,1,0,0,0,1
2832,57,32,2,1,0,1,0,0
2833,57,33,2,1,0,1,0,0
2834,57,34,2,1,0,1,0,-1
2835,57,35,5,2,0,0,1,0
2836,57,36,7,2,1,0,0,1
2837,57,37,8,2,1,1,-1,0
2838,57,38,6,2,0,1,0,0
2839,57,39,6,2,0,1,0,0
2840,57,40,6,2,0,1,0,0
2841,57,41,6,2,0,1,0,0
2842,57,42,6,2,0,1,1,0
2843,57,43,4,1,1,1,0,-1
2844,57,44,7,2,1,0,-1,1
2845,57,45,6,2,0,1,0,-1
2846,57,46,5,2,0,0,0,0
2847,57,47,1,1,0,0,0,1
2848,57,48,2,1,0,1,1,0
2849,57,49,8,2,1,1,-1,-1
2850,57,50,5,2,0,0,0,1
2851,58,1,7,2,1,0,-1,0
2852,58,2,5,2,0,0,0,1
2853,58,3,6,2,0,1,0,-1
2854,58,4,1,1,0,0,0,1
2855,58,5,2,1,0,1,0,0
2856,58,6,2,1,0,1,0,0
2857,58,7,6,2,0,1,0,0
2858,58,8,6,2,0,1,1,0
2859,58,9,8,2,1,1,-1,0
2860,58,10,6,2,0,1,0,-1
2861,58,11,1,1,0,0,0,1
2862,58,12,2,1,0,1,0,0
2863,58,13,2,1,0,1,0,0
2864,58,14,2,1,0,1,1,0
2865,58,15,4,1,1,1,0,-1
2866,58,16,7,2,1,0,0,0
2867,58,17,7,2,1,0,0,0
2868,58,18,7,2,1,0,0,1
2869,58,19,4,1,1,1,0,0
2870,58,20,8,2,1,1,0,0
2871,58,21,8,2,1,1,-1,-1
2872,58,22,1,1,0,0,1,1
2873,58,23,4,1,1,1,-1,0
2874,58,24,2,1,0,1,1,-1
2875,58,25,7,2,1,0,0,1
2876,58,26,8,2,1,1,0,0
2877,58,27,8,2,1,1,0,0
2878,58,28,4,1,1,1,0,0
2879,58,29,4,1,1,1,-1,0
2880,58,30,6,2,0,1,0,-1
2881,58,31,1,1,0,0,0,0
2882,58,32,1,1,0,0,0,0
2883,58,33,1,1,0,0,1,0
2884,58,34,3,1,1,0,0,1
2885,58,35,4,1,1,1,0,0
2886,58,36,4,1,1,1,0,0
2887,58,37,4,1,1,1,0,0
2888,58,38,4,1,1,1,-1,0
2889,58,39,2,1,0,1,0,0
2890,58,40,2,1,0,1,0,0
2891,58,41,6,2,0,1,0,-1
2892,58,42,1,1,0,0,1,0
2893,58,43,3,1,1,0,0,0
2894,58,44,3,1,1,0,0,0
2895,58,45,3,1,1,0,0,1
2896,58,46,4,1,1,1,0,0
2897,58,47,8,2,1,1,0,0
2898,58,48,8,2,1,1,0,0
2899,58,49,4,1,1,1,-1,0
2900,58,50,2,1,0,1,0,-1
2901,59,1,6,2,0,1,1,-1
2902,59,2,7,2,1,0,-1,1
2903,59,3,2,1,0,1,1,0
2904,59,4,4,1,1,1,0,0
2905,59,5,4,1,1,1,0,-1
2906,59,6,3,1,1,0,0,0
2907,59,7,3,1,1,0,0,0
2908,59,8,3,1,1,0,0,0
2909,59,9,7,2,1,0,0,1
2910,59,10,8,2,1,1,-1,-1
2911,59,11,1,1,0,0,1,0
2912,59,12,3,1,1,0,0,0
2913,59,13,3,1,1,0,0,0
2914,59,14,3,1,1,0,0,0
2915,59,15,7,2,1,0,0,0
2916,59,16,3,1,1,0,0,0
2917,59,17,3,1,1,0,-1,0
2918,59,18,1,1,0,0,1,0
2919,59,19,3,1,1,0,0,0
2920,59,20,3,1,1,0,0,0
2921,59,21,3,1,1,0,0,0
2922,59,22,3,1,1,0,0,0
2923,59,23,3,1,1,0,0,0
2924,59,24,3,1,1,0,0,1
2925,59,25,4,1,1,1,0,-1
2926,59,26,3,1,1,0,-1,0
2927,59,27,1,1,0,0,0,0
2928,59,28,1,1,0,0,0,1
2929,59,29,2,1,0,1,0,-1
2930,59,30,5,2,0,0,0,0
2931,59,31,5,2,0,0,0,0
2932,59,32,5,2,0,0,0,0
2933,59,33,1,1,0,0,1,1
2934,59,34,4,1,1,1,0,0
2935,59,35,4,1,1,1,0,0
2936,59,36,4,1,1,1,0,0
2937,59,37,8,2,1,1,0,0
2938,59,38,8,2,1,1,0,0
2939,59,39,4,1,1,1,0,0
2940,59,40,4,1,1,1,-1,0
2941,59,41,2,1,0,1,1,0
2942,59,42,4,1,1,1,-1,0
2943,59,43,6,2,0,1,0,0
2944,59,44,6,2,0,1,0,-1
2945,59,45,1,1,0,0,0,0
2946,59,46,5,2,0,0,0,0
2947,59,47,1,1,0,0,0,0
2948,59,48,1,1,0,0,0,0
2949,59,49,1,1,0,0,1,1
2950,59,50,4,1,1,1,0,0
2951,60,1,8,2,1,1,0,0
2952,60,2,4,1,1,1,0,0
2953,60,3,4,1,1,1,-1,0
2954,60,4,2,1,0,1,0,0
2955,60,5,2,1,0,1,1,-1
2956,60,6,3,1,1,0,0,0
2957,60,7,7,2,1,0,0,1
2958,60,8,4,1,1,1,0,0
2959,60,9,4,1,1,1,0,0
2960,60,10,4,1,1,1,-1,0
2961,60,11,2,1,0,1,1,0
2962,60,12,4,1,1,1,0,0
2963,60,13,8,2,1,1,0,0
2964,60,14,8,2,1,1,0,0
2965,60,15,4,1,1,1,0,0
2966,60,16,8,2,1,1,0,0
2967,60,17,4,1,1,1,0,-1
2968,60,18,3,1,1,0,0,0
2969,60,19,3,1,1,0,0,0
2970,60,20,7,2,1,0,0,0
2971,60,21,7,2,1,0,0,1
2972,60,22,4,1,1,1,0,0
2973,60,23,4,1,1,1,0,-1
2974,60,24,3,1,1,0,-1,0
2975,60,25,1,1,0,0,0,0
2976,60,26,1,1,0,0,0,0
2977,60,27,1,1,0,0,1,0
2978,60,28,7,2,1,0,0,0
2979,60,29,3,1,1,0,-1,0
2980,60,30,1,1,0,0,0,0
2981,60,31,5,2,0,0,0,1
2982,60,32,6,2,0,1,0,0
2983,60,33,6,2,0,1,0,0
2984,60,34,2,1,0,1,1,0
2985,60,35,4,1,1,1,0,-1
2986,60,36,3,1,1,0,0,1
2987,60,37,8,2,1,1,0,-1
2988,60,38,3,1,1,0,0,0
2989,60,39,3,1,1,0,0,0
2990,60,40,3,1,1,0,0,0
2991,60,41,3,1,1,0,0,0
2992,60,42,3,1,1,0,0,0
2993,60,43,3,1,1,0,0,0
2994,60,44,7,2,1,0,0,1
2995,60,45,8,2,1,1,-1,0
2996,60,46,6,2,0,1,0,-1
2997,60,47,5,2,0,0,0,0
2998,60,48,1,1,0,0,1,0
2999,60,49,7,2,1,0,-1,0
3000,60,50,5,2,0,0,0,1
3001,61,1,6,2,0,1,0,-1
3002,61,2,5,2,0,0,1,1
3003,61,3,8,2,1,1,0,0
3004,61,4,8,2,1,1,0,0
3005,61,5,4,1,1,1,0,0
3006,61,6,4,1,1,1,0,0
3007,61,7,8,2,1,1,0,-1
3008,61,8,7,2,1,0,0,1
3009,61,9,8,2,1,1,-1,0
3010,61,10,2,1,0,1,0,0
3011,61,11,2,1,0,1,0,-1
3012,61,12,1,1,0,0,1,0
3013,61,13,7,2,1,0,-1,0
3014,61,14,1,1,0,0,1,1
3015,61,15,8,2,1,1,0,0
3016,61,16,8,2,1,1,0,0
3017,61,17,4,1,1,1,0,0
3018,61,18,8,2,1,1,0,0
3019,61,19,8,2,1,1,0,0
3020,61,20,8,2,1,1,0,0
3021,61,21,8,2,1,1,0,0
3022,61,22,8,2,1,1,-1,0
3023,61,23,2,1,0,1,0,0
3024,61,24,2,1,0,1,0,0
3025,61,25,2,1,0,1,1,0
3026,61,26,8,2,1,1,0,0
3027,61,27,4,1,1,1,0,0
3028,61,28,4,1,1,1,0,0
3029,61,29,4,1,1,1,0,0
3030,61,30,4,1,1,1,0,0
3031,61,31,8,2,1,1,0,0
3032,61,32,8,2,1,1,-1,0
3033,61,33,6,2,0,1,0,0
3034,61,34,6,2,0,1,0,0
3035,61,35,6,2,0,1,0,0
3036,61,36,6,2,0,1,0,-1
3037,61,37,5,2,0,0,1,1
3038,61,38,8,2,1,1,0,0
3039,61,39,4,1,1,1,0,0
3040,61,40,8,2,1,1,0,0
3041,61,41,8,2,1,1,0,-1
3042,61,42,7,2,1,0,0,1
3043,61,43,8,2,1,1,0,0
3044,61,44,8,2,1,1,0,0
3045,61,45,4,1,1,1,0,0
3046,61,46,4,1,1,1,-1,0
3047,61,47,6,2,0,1,1,0
3048,61,48,4,1,1,1,0,0
3049,61,49,4,1,1,1,0,0
3050,61,50,4,1,1,1,0,0
3051,62,1,5,2,0,0,1,1
3052,62,2,8,2,1,1,0,0
3053,62,3,8,2,1,1,-1,-1
3054,62,4,5,2,0,0,0,1
3055,62,5,6,2,0,1,1,0
3056,62,6,4,1,1,1,0,0
3057,62,7,8,2,1,1,0,0
3058,62,8,8,2,1,1,0,0
3059,62,9,8,2,1,1,0,0
3060,62,10,8,2,1,1,0,0
3061,62,11,4,1,1,1,0,-1
3062,62,12,7,2,1,0,0,1
3063,62,13,8,2,1,1,0,0
3064,62,14,4,1,1,1,0,0
3065,62,15,4,1,1,1,0,0
3066,62,16,4,1,1,1,0,0
3067,62,17,4,1,1,1,-1,0
3068,62,18,2,1,0,1,0,0
3069,62,19,6,2,0,1,1,0
3070,62,20,8,2,1,1,0,0
3071,62,21,4,1,1,1,0,0
3072,62,22,4,1,1,1,-1,0
3073,62,23,2,1,0,1,1,-1
3074,62,24,3,1,1,0,0,0
3075,62,25,7,2,1,0,0,0
3076,62,26,7,2,1,0,-1,0
3077,62,27,5,2,0,0,1,0
3078,62,28,7,2,1,0,0,0
3079,62,29,3,1,1,0,0,0
3080,62,30,3,1,1,0,0,0
3081,62,31,3,1,1,0,-1,0
3082,62,32,1,1,0,0,1,1
3083,62,33,8,2,1,1,0,0
3084,62,34,8,2,1,1,0,0
3085,62,35,4,1,1,1,0,0
3086,62,36,4,1,1,1,0,-1
3087,62,37,3,1,1,0,0,0
3088,62,38,3,1,1,0,0,0
3089,62,39,3,1,1,0,0,0
3090,62,40,3,1,1,0,0,0
3091,62,41,3,1,1,0,0,0
3092,62,42,3,1,1,0,0,0
3093,62,43,7,2,1,0,0,0
3094,62,44,7,2,1,0,0,0
3095,62,45,7,2,1,0,0,0
3096,62,46,7,2,1,0,0,1
3097,62,47,8,2,1,1,0,0
3098,62,48,8,2,1,1,0,0
3099,62,49,4,1,1,1,0,0
3100,62,50,8,2,1,1,0,0
3101,63,1,2,1,0,1,0,0
3102,63,2,6,2,0,1,0,0
3103,63,3,2,1,0,1,0,0
3104,63,4,2,1,0,1,1,0
3105,63,5,4,1,1,1,-1,0
3106,63,6,2,1,0,1,1,0
3107,63,7,8,2,1,1,0,-1
3108,63,8,7,2,1,0,-1,0
3109,63,9,1,1,0,0,0,0
3110,63,10,1,1,0,0,0,0
3111,63,11,1,1,0,0,0,0
3112,63,12,1,1,0,0,0,0
3113,63,13,1,1,0,0,0,0
3114,63,14,1,1,0,0,1,0
3115,63,15,3,1,1,0,-1,0
3116,63,16,5,2,0,0,1,0
3117,63,17,7,2,1,0,-1,0
3118,63,18,5,2,0,0,0,0
3119,63,19,1,1,0,0,0,0
3120,63,20,1,1,0,0,0,0
3121,63,21,1,1,0,0,0,0
3122,63,22,1,1,0,0,1,1
3123,63,23,8,2,1,1,0,0
3124,63,24,8,2,1,1,0,0
3125,63,25,4,1,1,1,0,0
3126,63,26,4,1,1,1,0,0
3127,63,27,8,2,1,1,0,0
3128,63,28,8,2,1,1,0,0
3129,63,29,8,2,1,1,-1,0
3130,63,30,6,2,0,1,0,-1
3131,63,31,1,1,0,0,0,1
3132,63,32,6,2,0,1,0,0
3133,63,33,2,1,0,1,1,0
3134,63,34,8,2,1,1,0,0
3135,63,35,4,1,1,1,0,0
3136,63,36,4,1,1,1,0,0
3137,63,37,8,2,1,1,-1,0
3138,63,38,6,2,0,1,0,0
3139,63,39,6,2,0,1,0,0
3140,63,40,6,2,0,1,0,0
3141,63,41,2,1,0,1,0,0
3142,63,42,2,1,0,1,0,-1
3143,63,43,1,1,0,0,1,0
3144,63,44,3,1,1,0,0,0
3145,63,45,3,1,1,0,0,0
3146,63,46,3,1,1,0,0,0
3147,63,47,7,2,1,0,0,1
3148,63,48,4,1,1,1,0,0
3149,63,49,8,2,1,1,0,-1
3150,63,50,7,2,1,0,-1,0
3151,64,1,3,1,1,0,0,0
3152,64,2,3,1,1,0,-1,0
3153,64,3,5,2,0,0,1,0
3154,64,4,7,2,1,0,0,1
3155,64,5,8,2,1,1,0,0
3156,64,6,8,2,1,1,-1,0
3157,64,7,2,1,0,1,0,-1
3158,64,8,1,1,0,0,1,0
3159,64,9,3,1,1,0,0,1
3160,64,10,4,1,1,1,0,-1
3161,64,11,3,1,1,0,0,0
3162,64,12,3,1,1,0,0,1
3163,64,13,8,2,1,1,-1,0
3164,64,14,6,2,0,1,1,0
3165,64,15,8,2,1,1,0,0
3166,64,16,4,1,1,1,0,0
3167,64,17,4,1,1,1,0,0
3168,64,18,4,1,1,1,-1,0
3169,64,19,2,1,0,1,0,0
3170,64,20,6,2,0,1,0,0
3171,64,21,2,1,0,1,0,0
3172,64,22,2,1,0,1,0,0
3173,64,23,6,2,0,1,1,0
3174,64,24,8,2,1,1,0,-1
3175,64,25,3,1,1,0,0,0
3176,64,26,7,2,1,0,0,1
3177,64,27,4,1,1,1,0,0
3178,64,28,4,1,1,1,0,-1
3179,64,29,7,2,1,0,0,0
3180,64,30,7,2,1,0,-1,0
3181,64,31,5,2,0,0,0,0
3182,64,32,5,2,0,0,0,0
3183,64,33,5,2,0,0,0,0
3184,64,34,1,1,0,0,0,0
3185,64,35,5,2,0,0,0,0
3186,64,36,5,2,0,0,0,0
3187,64,37,1,1,0,0,0,0
3188,64,38,5,2,0,0,0,0
3189,64,39,1,1,0,0,0,0
3190,64,40,1,1,0,0,0,0
3191,64,41,5,2,0,0,0,1
3192,64,42,2,1,0,1,0,0
3193,64,43,2,1,0,1,0,0
3194,64,44,2,1,0,1,1,0
3195,64,45,8,2,1,1,0,0
3196,64,46,8,2,1,1,-1,0
3197,64,47,6,2,0,1,0,-1
3198,64,48,5,2,0,0,1,0
3199,64,49,7,2,1,0,0,0
3200,64,50,3,1,1,0,0,0
3201,65,1,2,1,0,1,0,0
3202,65,2,2,1,0,1,0,-1
3203,65,3,1,1,0,0,1,0
3204,65,4,3,1,1,0,0,0
3205,65,5,3,1,1,0,0,0
3206,65,6,7,2,1,0,0,0
3207,65,7,3,1,1,0,0,0
3208,65,8,3,1,1,0,0,0
3209,65,9,7,2,1,0,0,0
3210,65,10,7,2,1,0,-1,0
3211,65,11,5,2,0,0,1,1
3212,65,12,8,2,1,1,-1,0
3213,65,13,6,2,0,1,0,-1
3214,65,14,5,2,0,0,0,0
3215,65,15,5,2,0,0,0,0
3216,65,16,1,1,0,0,0,1
3217,65,17,2,1,0,1,0,0
3218,65,18,6,2,0,1,0,-1
3219,65,19,5,2,0,0,0,1
3220,65,20,2,1,0,1,0,0
3221,65,21,2,1,0,1,1,0
3222,65,22,8,2,1,1,-1,-1
3223,65,23,5,2,0,0,0,0
3224,65,24,1,1,0,0,0,0
3225,65,25,1,1,0,0,1,0
3226,65,26,3,1,1,0,0,1
3227,65,27,8,2,1,1,0,0
3228,65,28,8,2,1,1,0,0
3229,65,29,8,2,1,1,0,-1
3230,65,30,3,1,1,0,0,0
3231,65,31,7,2,1,0,0,0
3232,65,32,7,2,1,0,0,0
3233,65,33,7,2,1,0,-1,0
3234,65,34,5,2,0,0,0,0
3235,65,35,1,1,0,0,1,1
3236,65,36,8,2,1,1,-1,0
3237,65,37,6,2,0,1,1,0
3238,65,38,4,1,1,1,-1,0
3239,65,39,2,1,0,1,0,-1
3240,65,40,1,1,0,0,0,1
3241,65,41,2,1,0,1,0,0
3242,65,42,2,1,0,1,1,0
3243,65,43,8,2,1,1,0,0
3244,65,44,4,1,1,1,0,0
3245,65,45,4,1,1,1,-1,-1
3246,65,46,1,1,0,0,0,0
3247,65,47,5,2,0,0,0,0
3248,65,48,5,2,0,0,1,0
3249,65,49,7,2,1,0,0,0
3250,65,50,7,2,1,0,0,0
3251,66,1,6,2,0,1,0,0
3252,66,2,2,1,0,1,1,0
3253,66,3,8,2,1,1,0,-1
3254,66,4,7,2,1,0,0,0
3255,66,5,7,2,1,0,0,0
3256,66,6,7,2,1,0,0,0
3257,66,7,7,2,1,0,0,0
3258,66,8,3,1,1,0,0,0
3259,66,9,7,2,1,0,0,1
3260,66,10,4,1,1,1,0,0
3261,66,11,8,2,1,1,0,0
3262,66,12,8,2,1,1,0,0
3263,66,13,8,2,1,1,0,0
3264,66,14,4,1,1,1,0,0
3265,66,15,4,1,1,1,-1,0
3266,66,16,2,1,0,1,0,0
3267,66,17,6,2,0,1,0,-1
3268,66,18,5,2,0,0,1,0
3269,66,19,3,1,1,0,0,0
3270,66,20,3,1,1,0,0,0
3271,66,21,3,1,1,0,-1,0
3272,66,22,1,1,0,0,1,0
3273,66,23,3,1,1,0,0,0
3274,66,24,7,2,1,0,-1,0
3275,66,25,5,2,0,0,0,0
3276,66,26,1,1,0,0,0,0
3277,66,27,5,2,0,0,0,0
3278,66,28,5,2,0,0,0,0
3279,66,29,5,2,0,0,1,0
3280,66,30,7,2,1,0,0,1
3281,66,31,8,2,1,1,-1,0
3282,66,32,2,1,0,1,0,-1
3283,66,33,5,2,0,0,0,1
3284,66,34,6,2,0,1,1,0
3285,66,35,8,2,1,1,0,-1
3286,66,36,3,1,1,0,-1,1
3287,66,37,2,1,0,1,0,0
3288,66,38,2,1,0,1,0,0
3289,66,39,6,2,0,1,0,-1
3290,66,40,1,1,0,0,0,0
3291,66,41,1,1,0,0,0,1
3292,66,42,2,1,0,1,0,0
3293,66,43,6,2,0,1,0,0
3294,66,44,6,2,0,1,0,0
3295,66,45,6,2,0,1,1,0
3296,66,46,8,2,1,1,0,0
3297,66,47,8,2,1,1,-1,0
3298,66,48,6,2,0,1,1,0
3299,66,49,4,1,1,1,0,0
3300,66,50,8,2,1,1,0,0
3301,67,1,1,1,0,0,0,1
3302,67,2,2,1,0,1,0,0
3303,67,3,6,2,0,1,0,0
3304,67,4,2,1,0,1,0,0
3305,67,5,2,1,0,1,0,0
3306,67,6,6,2,0,1,1,0
3307,67,7,8,2,1,1,0,-1
3308,67,8,3,1,1,0,0,0
3309,67,9,3,1,1,0,0,1
3310,67,10,4,1,1,1,0,0
3311,67,11,4,1,1,1,0,-1
3312,67,12,3,1,1,0,0,0
3313,67,13,3,1,1,0,0,1
3314,67,14,4,1,1,1,-1,-1
3315,67,15,1,1,0,0,0,1
3316,67,16,2,1,0,1,0,0
3317,67,17,6,2,0,1,0,0
3318,67,18,2,1,0,1,0,0
3319,67,19,6,2,0,1,1,0
3320,67,20,4,1,1,1,0,0
3321,67,21,4,1,1,1,-1,-1
3322,67,22,5,2,0,0,0,1
3323,67,23,6,2,0,1,0,0
3324,67,24,6,2,0,1,0,0
3325,67,25,6,2,0,1,0,-1
3326,67,26,1,1,0,0,0,0
3327,67,27,1,1,0,0,0,1
3328,67,28,2,1,0,1,1,-1
3329,67,29,3,1,1,0,0,1
3330,67,30,4,1,1,1,-1,0
3331,67,31,6,2,0,1,0,0
3332,67,32,2,1,0,1,1,0
3333,67,33,4,1,1,1,0,-1
3334,67,34,3,1,1,0,0,1
3335,67,35,4,1,1,1,-1,0
3336,67,36,2,1,0,1,0,0
3337,67,37,2,1,0,1,1,0
3338,67,38,4,1,1,1,0,0
3339,67,39,4,1,1,1,0,0
3340,67,40,4,1,1,1,0,0
3341,67,41,4,1,1,1,0,0
3342,67,42,4,1,1,1,0,0
3343,67,43,4,1,1,1,-1,0
3344,67,44,2,1,0,1,1,0
3345,67,45,4,1,1,1,0,-1
3346,67,46,3,1,1,0,0,0
3347,67,47,3,1,1,0,-1,0
3348,67,48,1,1,0,0,0,0
3349,67,49,1,1,0,0,0,0
3350,67,50,5,2,0,0,0,0
3351,68,1,7,2,1,0,0,0
3352,68,2,7,2,1,0,0,0
3353,68,3,7,2,1,0,0,0
3354,68,4,3,1,1,0,0,0
3355,68,5,3,1,1,0,0,0
3356,68,6,3,1,1,0,0,1
3357,68,7,8,2,1,1,0,0
3358,68,8,8,2,1,1,0,0
3359,68,9,8,2,1,1,-1,0
3360,68,10,6,2,0,1,1,0
3361,68,11,8,2,1,1,-1,-1
3362,68,12,5,2,0,0,1,0
3363,68,13,7,2,1,0,0,0
3364,68,14,7,2,1,0,-1,0
3365,68,15,1,1,0,0,0,1
3366,68,16,2,1,0,1,0,-1
3367,68,17,1,1,0,0,1,0
3368,68,18,7,2,1,0,0,0
3369,68,19,7,2,1,0,0,0
3370,68,20,7,2,1,0,0,1
3371,68,21,8,2,1,1,0,0
3372,68,22,8,2,1,1,0,0
3373,68,23,8,2,1,1,-1,-1
3374,68,24,1,1,0,0,0,0
3375,68,25,1,1,0,0,0,0
3376,68,26,1,1,0,0,0,1
3377,68,27,2,1,0,1,1,0
3378,68,28,4,1,1,1,-1,-1
3379,68,29,1,1,0,0,0,1
3380,68,30,6,2,0,1,0,0
3381,68,31,2,1,0,1,0,0
3382,68,32,2,1,0,1,1,0
3383,68,33,8,2,1,1,0,0
3384,68,34,8,2,1,1,0,0
3385,68,35,4,1,1,1,0,-1
3386,68,36,3,1,1,0,-1,0
3387,68,37,5,2,0,0,0,0
3388,68,38,5,2,0,0,1,1
3389,68,39,4,1,1,1,0,0
3390,68,40,4,1,1,1,0,0
3391,68,41,4,1,1,1,0,0
3392,68,42,4,1,1,1,0,0
3393,68,43,4,1,1,1,0,0
3394,68,44,4,1,1,1,0,0
3395,68,45,8,2,1,1,0,0
3396,68,46,4,1,1,1,0,0
3397,68,47,4,1,1,1,-1,0
3398,68,48,6,2,0,1,0,0
3399,68,49,2,1,0,1,1,0
3400,68,50,8,2,1,1,-1,-1
3401,69,1,4,1,1,1,0,0
3402,69,2,8,2,1,1,0,0
3403,69,3,8,2,1,1,0,-1
3404,69,4,3,1,1,0,0,0
3405,69,5,7,2,1,0,-1,0
3406,69,6,5,2,0,0,0,1
3407,69,7,2,1,0,1,0,0
3408,69,8,2,1,0,1,0,0
3409,69,9,2,1,0,1,0,0
3410,69,10,2,1,0,1,1,0
3411,69,11,4,1,1,1,0,0
3412,69,12,4,1,1,1,-1,0
3413,69,13,2,1,0,1,0,0
3414,69,14,2,1,0,1,1,0
3415,69,15,4,1,1,1,0,0
3416,69,16,8,2,1,1,-1,0
3417,69,17,2,1,0,1,0,-1
3418,69,18,1,1,0,0,0,0
3419,69,19,1,1,0,0,0,1
3420,69,20,2,1,0,1,0,0
3421,69,21,6,2,0,1,1,0
3422,69,22,8,2,1,1,0,0
3423,69,23,8,2,1,1,0,0
3424,69,24,8,2,1,1,0,0
3425,69,25,4,1,1,1,0,0
3426,69,26,4,1,1,1,0,-1
3427,69,27,3,1,1,0,0,1
3428,69,28,4,1,1,1,0,0
3429,69,29,4,1,1,1,-1,0
3430,69,30,2,1,0,1,0,0
3431,69,31,2,1,0,1,0,0
3432,69,32,2,1,0,1,0,0
3433,69,33,2,1,0,1,0,0
3434,69,34,2,1,0,1,1,0
3435,69,35,4,1,1,1,0,0
3436,69,36,4,1,1,1,0,0
3437,69,37,4,1,1,1,0,0
3438,69,38,4,1,1,1,0,0
3439,69,39,4,1,1,1,0,0
3440,69,40,4,1,1,1,0,0
3441,69,41,8,2,1,1,0,0
3442,69,42,4,1,1,1,-1,0
3443,69,43,2,1,0,1,0,0
3444,69,44,2,1,0,1,0,0
3445,69,45,6,2,0,1,0,0
3446,69,46,6,2,0,1,0,0
3447,69,47,2,1,0,1,1,0
3448,69,48,4,1,1,1,0,0
3449,69,49,8,2,1,1,0,0
3450,69,50,4,1,1,1,0,0
3451,70,1,5,2,0,0,0,0
3452,70,2,5,2,0,0,0,0
3453,70,3,1,1,0,0,0,1
3454,70,4,2,1,0,1,0,0
3455,70,5,2,1,0,1,1,0
3456,70,6,4,1,1,1,0,0
3457,70,7,4,1,1,1,0,0
3458,70,8,4,1,1,1,0,-1
3459,70,9,3,1,1,0,0,0
3460,70,10,3,1,1,0,0,0
3461,70,11,3,1,1,0,0,0
3462,70,12,7,2,1,0,0,1
3463,70,13,4,1,1,1,0,-1
3464,70,14,3,1,1,0,-1,0
3465,70,15,1,1,0,0,1,1
3466,70,16,8,2,1,1,-1,0
3467,70,17,2,1,0,1,0,0
3468,70,18,2,1,0,1,0,0
3469,70,19,2,1,0,1,0,-1
3470,70,20,5,2,0,0,0,0
3471,70,21,5,2,0,0,0,1
3472,70,22,6,2,0,1,0,0
3473,70,23,6,2,0,1,0,0
3474,70,24,2,1,0,1,0,0
3475,70,25,6,2,0,1,0,-1
3476,70,26,1,1,0,0,0,0
3477,70,27,5,2,0,0,1,0
3478,70,28,7,2,1,0,0,0
3479,70,29,3,1,1,0,0,0
3480,70,30,7,2,1,0,0,0
3481,70,31,3,1,1,0,0,1
3482,70,32,8,2,1,1,0,0
3483,70,33,8,2,1,1,-1,0
3484,70,34,2,1,0,1,0,0
3485,70,35,6,2,0,1,0,0
3486,70,36,6,2,0,1,1,0
3487,70,37,8,2,1,1,0,0
3488,70,38,8,2,1,1,0,0
3489,70,39,4,1,1,1,0,0
3490,70,40,4,1,1,1,0,-1
3491,70,41,3,1,1,0,0,0
3492,70,42,7,2,1,0,-1,1
3493,70,43,2,1,0,1,0,0
3494,70,44,2,1,0,1,0,0
3495,70,45,6,2,0,1,0,0
3496,70,46,6,2,0,1,1,0
3497,70,47,8,2,1,1,-1,0
3498,70,48,6,2,0,1,0,0
3499,70,49,2,1,0,1,1,0
3500,70,50,4,1,1,1,0,0
3501,71,1,4,1,1,1,0,-1
3502,71,2,7,2,1,0,0,0
3503,71,3,3,1,1,0,0,0
3504,71,4,3,1,1,0,0,0
3505,71,5,7,2,1,0,0,0
3506,71,6,7,2,1,0,0,0
3507,71,7,3,1,1,0,0,0
3508,71,8,7,2,1,0,0,0
3509,71,9,3,1,1,0,0,0
3510,71,10,3,1,1,0,0,0
3511,71,11,3,1,1,0,0,0
3512,71,12,3,1,1,0,0,0
3513,71,13,3,1,1,0,0,1
3514,71,14,4,1,1,1,0,0
3515,71,15,4,1,1,1,0,0
3516,71,16,8,2,1,1,0,0
3517,71,17,4,1,1,1,0,0
3518,71,18,4,1,1,1,0,0
3519,71,19,4,1,1,1,0,0
3520,71,20,8,2,1,1,-1,0
3521,71,21,6,2,0,1,0,-1
3522,71,22,1,1,0,0,1,0
3523,71,23,3,1,1,0,-1,1
3524,71,24,6,2,0,1,0,0
3525,71,25,6,2,0,1,0,0
3526,71,26,2,1,0,1,0,-1
3527,71,27,5,2,0,0,0,0
3528,71,28,5,2,0,0,0,1
3529,71,29,6,2,0,1,0,0
3530,71,30,2,1,0,1,0,0
3531,71,31,2,1,0,1,1,0
3532,71,32,4,1,1,1,0,0
3533,71,33,4,1,1,1,0,0
3534,71,34,4,1,1,1,-1,0
3535,71,35,6,2,0,1,1,-1
3536,71,36,3,1,1,0,0,0
3537,71,37,3,1,1,0,0,0
3538,71,38,3,1,1,0,0,1
3539,71,39,8,2,1,1,-1,0
3540,71,40,6,2,0,1,0,-1
3541,71,41,5,2,0,0,0,0
3542,71,42,5,2,0,0,1,1
3543,71,43,4,1,1,1,-1,0
3544,71,44,2,1,0,1,0,0
3545,71,45,2,1,0,1,0,-1
3546,71,46,1,1,0,0,0,1
3547,71,47,2,1,0,1,0,0
3548,71,48,2,1,0,1,0,-1
3549,71,49,1,1,0,0,0,0
3550,71,50,1,1,0,0,1,0
3551,72,1,4,1,1,1,0,0
3552,72,2,4,1,1,1,0,0
3553,72,3,4,1,1,1,0,0
3554,72,4,8,2,1,1,0,-1
3555,72,5,3,1,1,0,0,0
3556,72,6,7,2,1,0,0,0
3557,72,7,7,2,1,0,0,0
3558,72,8,7,2,1,0,0,0
3559,72,9,7,2,1,0,0,0
3560,72,10,3,1,1,0,0,0
3561,72,11,3,1,1,0,0,0
3562,72,12,3,1,1,0,0,1
3563,72,13,8,2,1,1,-1,0
3564,72,14,2,1,0,1,1,0
3565,72,15,4,1,1,1,0,0
3566,72,16,4,1,1,1,-1,0
3567,72,17,2,1,0,1,0,0
3568,72,18,2,1,0,1,1,0
3569,72,19,8,2,1,1,-1,0
3570,72,20,2,1,0,1,1,0
3571,72,21,8,2,1,1,0,0
3572,72,22,8,2,1,1,0,0
3573,72,23,8,2,1,1,0,0
3574,72,24,8,2,1,1,-1,0
3575,72,25,6,2,0,1,0,0
3576,72,26,2,1,0,1,0,0
3577,72,27,6,2,0,1,1,0
3578,72,28,4,1,1,1,0,0
3579,72,29,4,1,1,1,-1,0
3580,72,30,2,1,0,1,1,0
3581,72,31,8,2,1,1,-1,0
3582,72,32,6,2,0,1,1,0
3583,72,33,8,2,1,1,0,0
3584,72,34,4,1,1,1,0,0
3585,72,35,4,1,1,1,0,-1
3586,72,36,3,1,1,0,0,1
3587,72,37,4,1,1,1,0,-1
3588,72,38,3,1,1,0,0,0
3589,72,39,3,1,1,0,0,0
3590,72,40,7,2,1,0,0,1
3591,72,41,4,1,1,1,0,0
3592,72,42,4,1,1,1,0,0
3593,72,43,4,1,1,1,0,0
3594,72,44,4,1,1,1,-1,-1
3595,72,45,5,2,0,0,1,0
3596,72,46,3,1,1,0,0,0
3597,72,47,3,1,1,0,0,0
3598,72,48,7,2,1,0,0,0
3599,72,49,3,1,1,0,0,0
3600,72,50,3,1,1,0,-1,1
3601,73,1,8,2,1,1,-1,0
3602,73,2,2,1,0,1,0,0
3603,73,3,2,1,0,1,0,0
3604,73,4,2,1,0,1,1,0
3605,73,5,4,1,1,1,0,0
3606,73,6,8,2,1,1,0,0
3607,73,7,8,2,1,1,-1,0
3608,73,8,6,2,0,1,0,0
3609,73,9,6,2,0,1,0,0
3610,73,10,6,2,0,1,0,-1
3611,73,11,5,2,0,0,0,0
3612,73,12,1,1,0,0,0,0
3613,73,13,1,1,0,0,1,0
3614,73,14,7,2,1,0,0,0
3615,73,15,3,1,1,0,0,1
3616,73,16,8,2,1,1,-1,0
3617,73,17,2,1,0,1,1,0
3618,73,18,4,1,1,1,0,0
3619,73,19,4,1,1,1,-1,0
3620,73,20,2,1,0,1,0,0
3621,73,21,2,1,0,1,1,0
3622,73,22,4,1,1,1,0,0
3623,73,23,8,2,1,1,-1,0
3624,73,24,2,1,0,1,1,0
3625,73,25,8,2,1,1,0,-1
3626,73,26,3,1,1,0,0,0
3627,73,27,7,2,1,0,0,1
3628,73,28,8,2,1,1,-1,0
3629,73,29,6,2,0,1,0,0
3630,73,30,2,1,0,1,0,0
3631,73,31,2,1,0,1,0,-1
3632,73,32,1,1,0,0,1,1
3633,73,33,4,1,1,1,0,0
3634,73,34,4,1,1,1,0,0
3635,73,35,4,1,1,1,0,0
3636,73,36,4,1,1,1,0,0
3637,73,37,8,2,1,1,0,0
3638,73,38,4,1,1,1,0,0
3639,73,39,4,1,1,1,0,0
3640,73,40,4,1,1,1,0,-1
3641,73,41,3,1,1,0,0,1
3642,73,42,8,2,1,1,-1,0
3643,73,43,2,1,0,1,0,-1
3644,73,44,1,1,0,0,0,0
3645,73,45,1,1,0,0,0,1
3646,73,46,2,1,0,1,0,0
3647,73,47,2,1,0,1,0,0
3648,73,48,6,2,0,1,0,0
3649,73,49,6,2,0,1,0,0
3650,73,50,6,2,0,1,1,0
3651,74,1,6,2,0,1,0,0
3652,74,2,2,1,0,1,1,0
3653,74,3,4,1,1,1,-1,0
3654,74,4,2,1,0,1,0,0
3655,74,5,6,2,0,1,1,-1
3656,74,6,7,2,1,0,0,0
3657,74,7,7,2,1,0,0,1
3658,74,8,8,2,1,1,0,0
3659,74,9,8,2,1,1,0,0
3660,74,10,8,2,1,1,0,0
3661,74,11,4,1,1,1,-1,-1
3662,74,12,1,1,0,0,0,1
3663,74,13,6,2,0,1,0,-1
3664,74,14,5,2,0,0,0,1
3665,74,15,6,2,0,1,1,0
3666,74,16,8,2,1,1,0,0
3667,74,17,4,1,1,1,-1,0
3668,74,18,2,1,0,1,1,-1
3669,74,19,7,2,1,0,0,0
3670,74,20,7,2,1,0,0,0
3671,74,21,3,1,1,0,0,0
3672,74,22,3,1,1,0,0,1
3673,74,23,4,1,1,1,-1,0
3674,74,24,2,1,0,1,0,0
3675,74,25,2,1,0,1,0,0
3676,74,26,6,2,0,1,0,0
3677,74,27,6,2,0,1,1,-1
3678,74,28,3,1,1,0,-1,0
3679,74,29,1,1,0,0,1,1
3680,74,30,4,1,1,1,0,0
3681,74,31,4,1,1,1,0,0
3682,74,32,4,1,1,1,0,0
3683,74,33,8,2,1,1,0,0
3684,74,34,4,1,1,1,0,0
3685,74,35,4,1,1,1,0,0
3686,74,36,4,1,1,1,-1,0
3687,74,37,2,1,0,1,1,0
3688,74,38,4,1,1,1,0,0
3689,74,39,4,1,1,1,0,0
3690,74,40,8,2,1,1,0,0
3691,74,41,8,2,1,1,0,-1
3692,74,42,3,1,1,0,0,0
3693,74,43,3,1,1,0,0,0
3694,74,44,3,1,1,0,0,0
3695,74,45,3,1,1,0,0,0
3696,74,46,3,1,1,0,-1,0
3697,74,47,1,1,0,0,1,1
3698,74,48,8,2,1,1,0,0
3699,74,49,4,1,1,1,0,0
3700,74,50,8,2,1,1,0,0
3701,75,1,3,1,1,0,0,0
3702,75,2,3,1,1,0,0,0
3703,75,3,3,1,1,0,0,0
3704,75,4,7,2,1,0,-1,0
3705,75,5,5,2,0,0,0,0
3706,75,6,1,1,0,0,0,0
3707,75,7,1,1,0,0,0,0
3708,75,8,1,1,0,0,0,0
3709,75,9,5,2,0,0,1,0
3710,75,10,3,1,1,0,0,0
3711,75,11,3,1,1,0,0,1
3712,75,12,8,2,1,1,0,0
3713,75,13,8,2,1,1,0,0
3714,75,14,8,2,1,1,0,0
3715,75,15,8,2,1,1,0,-1
3716,75,16,3,1,1,0,0,0
3717,75,17,7,2,1,0,0,1
3718,75,18,4,1,1,1,-1,0
3719,75,19,6,2,0,1,1,0
3720,75,20,8,2,1,1,0,0
3721,75,21,8,2,1,1,-1,0
3722,75,22,6,2,0,1,0,0
3723,75,23,6,2,0,1,0,-1
3724,75,24,5,2,0,0,0,0
3725,75,25,5,2,0,0,0,1
3726,75,26,2,1,0,1,0,-1
3727,75,27,5,2,0,0,0,0
3728,75,28,5,2,0,0,0,0
3729,75,29,5,2,0,0,1,0
3730,75,30,7,2,1,0,-1,0
3731,75,31,5,2,0,0,0,0
3732,75,32,5,2,0,0,0,1
3733,75,33,2,1,0,1,1,0
3734,75,34,4,1,1,1,0,0
3735,75,35,8,2,1,1,-1,-1
3736,75,36,5,2,0,0,1,0
3737,75,37,7,2,1,0,0,0
3738,75,38,3,1,1,0,0,0
3739,75,39,3,1,1,0,0,0
3740,75,40,3,1,1,0,0,1
3741,75,41,4,1,1,1,0,-1
3742,75,42,3,1,1,0,0,1
3743,75,43,4,1,1,1,0,0
3744,75,44,8,2,1,1,0,0
3745,75,45,8,2,1,1,0,0
3746,75,46,8,2,1,1,0,-1
3747,75,47,3,1,1,0,0,0
3748,75,48,7,2,1,0,0,0
3749,75,49,7,2,1,0,-1,0
3750,75,50,1,1,0,0,0,0
3751,76,1,5,2,0,0,1,0
3752,76,2,7,2,1,0,-1,1
3753,76,3,2,1,0,1,0,-1
3754,76,4,1,1,0,0,0,1
3755,76,5,2,1,0,1,0,0
3756,76,6,6,2,0,1,1,0
3757,76,7,8,2,1,1,0,0
3758,76,8,8,2,1,1,0,-1
3759,76,9,7,2,1,0,0,0
3760,76,10,7,2,1,0,0,0
3761,76,11,7,2,1,0,0,0
3762,76,12,7,2,1,0,0,0
3763,76,13,3,1,1,0,0,0
3764,76,14,3,1,1,0,0,0
3765,76,15,7,2,1,0,0,1
3766,76,16,8,2,1,1,0,0
3767,76,17,8,2,1,1,0,0
3768,76,18,8,2,1,1,0,0
3769,76,19,4,1,1,1,0,0
3770,76,20,4,1,1,1,0,0
3771,76,21,4,1,1,1,0,0
3772,76,22,4,1,1,1,0,0
3773,76,23,4,1,1,1,0,0
3774,76,24,4,1,1,1,0,0
3775,76,25,8,2,1,1,0,0
3776,76,26,8,2,1,1,0,0
3777,76,27,8,2,1,1,0,0
3778,76,28,8,2,1,1,-1,0
3779,76,29,6,2,0,1,0,0
3780,76,30,6,2,0,1,1,0
3781,76,31,8,2,1,1,-1,-1
3782,76,32,5,2,0,0,0,0
3783,76,33,1,1,0,0,0,1
3784,76,34,6,2,0,1,1,0
3785,76,35,8,2,1,1,-1,0
3786,76,36,2,1,0,1,0,0
3787,76,37,2,1,0,1,0,0
3788,76,38,2,1,0,1,0,0
3789,76,39,2,1,0,1,1,0
3790,76,40,4,1,1,1,0,0
3791,76,41,4,1,1,1,-1,0
3792,76,42,6,2,0,1,0,0
3793,76,43,2,1,0,1,1,0
3794,76,44,4,1,1,1,-1,-1
3795,76,45,1,1,0,0,0,1
3796,76,46,2,1,0,1,0,0
3797,76,47,2,1,0,1,0,0
3798,76,48,2,1,0,1,0,0
3799,76,49,2,1,0,1,0,0
3800,76,50,2,1,0,1,1,-1
3801,77,1,1,1,0,0,0,0
3802,77,2,5,2,0,0,0,0
3803,77,3,5,2,0,0,0,0
3804,77,4,1,1,0,0,1,0
3805,77,5,3,1,1,0,0,0
3806,77,6,3,1,1,0,0,0
3807,77,7,3,1,1,0,0,0
3808,77,8,3,1,1,0,0,1
3809,77,9,4,1,1,1,-1,0
3810,77,10,2,1,0,1,0,0
3811,77,11,2,1,0,1,1,-1
3812,77,12,3,1,1,0,0,0
3813,77,13,3,1,1,0,0,0
3814,77,14,3,1,1,0,0,1
3815,77,15,8,2,1,1,0,0
3816,77,16,4,1,1,1,0,0
3817,77,17,4,1,1,1,0,0
3818,77,18,8,2,1,1,0,0
3819,77,19,8,2,1,1,0,-1
3820,77,20,7,2,1,0,-1,1
3821,77,21,6,2,0,1,0,0
3822,77,22,6,2,0,1,0,0
3823,77,23,6,2,0,1,1,0
3824,77,24,8,2,1,1,0,-1
3825,77,25,3,1,1,0,0,1
3826,77,26,4,1,1,1,0,0
3827,77,27,4,1,1,1,0,0
3828,77,28,4,1,1,1,0,0
3829,77,29,4,1,1,1,-1,0
3830,77,30,6,2,0,1,0,0
3831,77,31,2,1,0,1,0,0
3832,77,32,2,1,0,1,0,-1
3833,77,33,1,1,0,0,1,0
3834,77,34,3,1,1,0,-1,0
3835,77,35,5,2,0,0,0,1
3836,77,36,6,2,0,1,1,0
3837,77,37,8,2,1,1,0,0
3838,77,38,4,1,1,1,0,0
3839,77,39,4,1,1,1,-1,0
3840,77,40,2,1,0,1,0,0
3841,77,41,6,2,0,1,0,-1
3842,77,42,1,1,0,0,0,0
3843,77,43,1,1,0,0,0,0
3844,77,44,5,2,0,0,0,1
3845,77,45,6,2,0,1,0,0
3846,77,46,6,2,0,1,1,0
3847,77,47,8,2,1,1,0,0
3848,77,48,8,2,1,1,0,0
3849,77,49,8,2,1,1,0,0
3850,77,50,8,2,1,1,0,0
3851,78,1,7,2,1,0,-1,0
3852,78,2,5,2,0,0,0,0
3853,78,3,1,1,0,0,0,0
3854,78,4,1,1,0,0,0,1
3855,78,5,2,1,0,1,1,0
3856,78,6,4,1,1,1,-1,-1
3857,78,7,1,1,0,0,0,1
3858,78,8,6,2,0,1,0,0
3859,78,9,6,2,0,1,0,0
3860,78,10,6,2,0,1,0,0
3861,78,11,6,2,0,1,0,0
3862,78,12,6,2,0,1,0,0
3863,78,13,6,2,0,1,0,0
3864,78,14,6,2,0,1,0,-1
3865,78,15,5,2,0,0,0,0
3866,78,16,5,2,0,0,0,1
3867,78,17,2,1,0,1,0,0
3868,78,18,2,1,0,1,0,-1
3869,78,19,1,1,0,0,0,1
3870,78,20,2,1,0,1,1,0
3871,78,21,4,1,1,1,0,0
3872,78,22,8,2,1,1,-1,0
3873,78,23,2,1,0,1,1,0
3874,78,24,4,1,1,1,0,0
3875,78,25,4,1,1,1,-1,0
3876,78,26,2,1,0,1,0,0
3877,78,27,6,2,0,1,1,-1
3878,78,28,7,2,1,0,0,0
3879,78,29,3,1,1,0,0,1
3880,78,30,4,1,1,1,0,0
3881,78,31,4,1,1,1,0,-1
3882,78,32,7,2,1,0,-1,0
3883,78,33,5,2,0,0,0,0
3884,78,34,1,1,0,0,0,0
3885,78,35,1,1,0,0,0,0
3886,78,36,5,2,0,0,1,0
3887,78,37,7,2,1,0,0,0
3888,78,38,3,1,1,0,-1,1
3889,78,39,6,2,0,1,0,0
3890,78,40,2,1,0,1,1,0
3891,78,41,4,1,1,1,0,0
3892,78,42,4,1,1,1,0,-1
3893,78,43,3,1,1,0,0,0
3894,78,44,7,2,1,0,0,0
3895,78,45,7,2,1,0,-1,1
3896,78,46,6,2,0,1,1,0
3897,78,47,8,2,1,1,0,-1
3898,78,48,7,2,1,0,0,0
3899,78,49,7,2,1,0,0,1
3900,78,50,8,2,1,1,-1,0
3901,79,1,5,2,0,0,0,1
3902,79,2,2,1,0,1,0,0
3903,79,3,6,2,0,1,0,-1
3904,79,4,5,2,0,0,0,0
3905,79,5,5,2,0,0,0,0
3906,79,6,5,2,0,0,0,1
3907,79,7,6,2,0,1,0,0
3908,79,8,2,1,0,1,0,0
3909,79,9,6,2,0,1,1,0
3910,79,10,8,2,1,1,0,0
3911,79,11,8,2,1,1,0,-1
3912,79,12,3,1,1,0,0,0
3913,79,13,3,1,1,0,-1,0
3914,79,14,5,2,0,0,0,1
3915,79,15,6,2,0,1,0,0
3916,79,16,6,2,0,1,0,0
3917,79,17,2,1,0,1,1,0
3918,79,18,4,1,1,1,0,0
3919,79,19,4,1,1,1,0,0
3920,79,20,4,1,1,1,-1,0
3921,79,21,6,2,0,1,0,0
3922,79,22,6,2,0,1,0,-1
3923,79,23,5,2,0,0,0,0
3924,79,24,5,2,0,0,0,1
3925,79,25,2,1,0,1,0,-1
3926,79,26,1,1,0,0,1,1
3927,79,27,8,2,1,1,0,0
3928,79,28,8,2,1,1,0,0
3929,79,29,4,1,1,1,0,0
3930,79,30,8,2,1,1,0,0
3931,79,31,8,2,1,1,0,-1
3932,79,32,3,1,1,0,-1,0
3933,79,33,1,1,0,0,1,0
3934,79,34,7,2,1,0,0,1
3935,79,35,4,1,1,1,0,-1
3936,79,36,3,1,1,0,0,0
3937,79,37,3,1,1,0,-1,1
3938,79,38,6,2,0,1,0,0
3939,79,39,6,2,0,1,1,0
3940,79,40,4,1,1,1,-1,-1
3941,79,41,1,1,0,0,0,0
3942,79,42,1,1,0,0,0,0
3943,79,43,1,1,0,0,1,1
3944,79,44,4,1,1,1,0,0
3945,79,45,4,1,1,1,-1,0
3946,79,46,2,1,0,1,0,-1
3947,79,47,1,1,0,0,0,0
3948,79,48,1,1,0,0,0,0
3949,79,49,5,2,0,0,0,0
3950,79,50,5,2,0,0,1,0
3951,80,1,3,1,1,0,-1,1
3952,80,2,2,1,0,1,0,0
3953,80,3,2,1,0,1,0,0
3954,80,4,2,1,0,1,0,-1
3955,80,5,5,2,0,0,0,1
3956,80,6,2,1,0,1,1,-1
3957,80,7,7,2,1,0,0,0
3958,80,8,7,2,1,0,0,0
3959,80,9,7,2,1,0,0,0
3960,80,10,7,2,1,0,0,1
3961,80,11,4,1,1,1,0,0
3962,80,12,4,1,1,1,0,-1
3963,80,13,3,1,1,0,0,0
3964,80,14,3,1,1,0,0,1
3965,80,15,4,1,1,1,0,0
3966,80,16,8,2,1,1,-1,0
3967,80,17,6,2,0,1,0,-1
3968,80,18,5,2,0,0,0,0
3969,80,19,5,2,0,0,0,0
3970,80,20,5,2,0,0,0,1
3971,80,21,2,1,0,1,0,0
3972,80,22,2,1,0,1,0,0
3973,80,23,6,2,0,1,0,0
3974,80,24,6,2,0,1,0,-1
3975,80,25,5,2,0,0,0,0
3976,80,26,1,1,0,0,0,0
3977,80,27,1,1,0,0,1,0
3978,80,28,3,1,1,0,-1,0
3979,80,29,1,1,0,0,0,1
3980,80,30,2,1,0,1,0,0
3981,80,31,2,1,0,1,1,0
3982,80,32,8,2,1,1,-1,0
3983,80,33,2,1,0,1,1,0
3984,80,34,4,1,1,1,-1,0
3985,80,35,2,1,0,1,0,0
3986,80,36,2,1,0,1,1,0
3987,80,37,4,1,1,1,0,-1
3988,80,38,3,1,1,0,0,0
3989,80,39,7,2,1,0,0,0
3990,80,40,3,1,1,0,0,0
3991,80,41,7,2,1,0,0,0
3992,80,42,7,2,1,0,0,0
3993,80,43,3,1,1,0,0,1
3994,80,44,8,2,1,1,-1,0
3995,80,45,6,2,0,1,1,0
3996,80,46,4,1,1,1,0,0
3997,80,47,8,2,1,1,0,0
3998,80,48,8,2,1,1,0,0
3999,80,49,8,2,1,1,0,-1
4000,80,50,7,2,1,0,-1,1
4001,81,1,4,1,1,1,-1,0
4002,81,2,6,2,0,1,0,0
4003,81,3,6,2,0,1,1,0
4004,81,4,4,1,1,1,0,-1
4005,81,5,3,1,1,0,-1,1
4006,81,6,2,1,0,1,0,0
4007,81,7,2,1,0,1,0,-1
4008,81,8,5,2,0,0,0,1
4009,81,9,6,2,0,1,1,0
4010,81,10,4,1,1,1,0,-1
4011,81,11,7,2,1,0,0,0
4012,81,12,3,1,1,0,0,0
4013,81,13,3,1,1,0,0,1
4014,81,14,8,2,1,1,0,-1
4015,81,15,7,2,1,0,0,0
4016,81,16,7,2,1,0,0,0
4017,81,17,7,2,1,0,0,0
4018,81,18,7,2,1,0,-1,1
4019,81,19,6,2,0,1,0,0
4020,81,20,6,2,0,1,0,0
4021,81,21,6,2,0,1,1,0
4022,81,22,4,1,1,1,0,0
4023,81,23,4,1,1,1,0,0
4024,81,24,4,1,1,1,0,0
4025,81,25,4,1,1,1,0,0
4026,81,26,8,2,1,1,0,0
4027,81,27,8,2,1,1,0,0
4028,81,28,8,2,1,1,0,-1
4029,81,29,3,1,1,0,0,0
4030,81,30,3,1,1,0,0,0
4031,81,31,7,2,1,0,0,0
4032,81,32,3,1,1,0,0,1
4033,81,33,4,1,1,1,0,0
4034,81,34,4,1,1,1,0,0
4035,81,35,4,1,1,1,0,0
4036,81,36,4,1,1,1,0,0
4037,81,37,4,1,1,1,0,-1
4038,81,38,3,1,1,0,0,0
4039,81,39,3,1,1,0,0,0
4040,81,40,3,1,1,0,0,1
4041,81,41,8,2,1,1,0,0
4042,81,42,8,2,1,1,0,0
4043,81,43,4,1,1,1,-1,-1
4044,81,44,1,1,0,0,0,0
4045,81,45,5,2,0,0,0,0
4046,81,46,5,2,0,0,0,0
4047,81,47,1,1,0,0,0,0
4048,81,48,5,2,0,0,0,0
4049,81,49,1,1,0,0,0,0
4050,81,50,1,1,0,0,0,0
4051,82,1,7,2,1,0,0,0
4052,82,2,7,2,1,0,0,0
4053,82,3,3,1,1,0,0,1
4054,82,4,4,1,1,1,0,0
4055,82,5,4,1,1,1,0,0
4056,82,6,8,2,1,1,0,0
4057,82,7,4,1,1,1,0,0
4058,82,8,4,1,1,1,-1,-1
4059,82,9,1,1,0,0,0,1
4060,82,10,6,2,0,1,0,-1
4061,82,11,1,1,0,0,0,0
4062,82,12,5,2,0,0,0,1
4063,82,13,6,2,0,1,1,0
4064,82,14,8,2,1,1,0,-1
4065,82,15,7,2,1,0,0,0
4066,82,16,3,1,1,0,0,1
4067,82,17,4,1,1,1,0,0
4068,82,18,4,1,1,1,0,0
4069,82,19,8,2,1,1,-1,-1
4070,82,20,5,2,0,0,0,1
4071,82,21,6,2,0,1,0,0
4072,82,22,2,1,0,1,0,0
4073,82,23,2,1,0,1,0,0
4074,82,24,2,1,0,1,1,-1
4075,82,25,3,1,1,0,0,0
4076,82,26,3,1,1,0,-1,0
4077,82,27,1,1,0,0,0,0
4078,82,28,1,1,0,0,0,1
4079,82,29,6,2,0,1,1,0
4080,82,30,4,1,1,1,-1,0
4081,82,31,2,1,0,1,0,0
4082,82,32,2,1,0,1,0,0
4083,82,33,6,2,0,1,1,-1
4084,82,34,7,2,1,0,-1,0
4085,82,35,5,2,0,0,0,0
4086,82,36,1,1,0,0,0,0
4087,82,37,1,1,0,0,0,0
4088,82,38,1,1,0,0,0,1
4089,82,39,2,1,0,1,0,0
4090,82,40,2,1,0,1,0,0
4091,82,41,6,2,0,1,0,0
4092,82,42,6,2,0,1,1,0
4093,82,43,8,2,1,1,0,0
4094,82,44,8,2,1,1,0,-1
4095,82,45,3,1,1,0,0,1
4096,82,46,4,1,1,1,0,0
4097,82,47,8,2,1,1,0,0
4098,82,48,8,2,1,1,0,0
4099,82,49,8,2,1,1,0,-1
4100,82,50,3,1,1,0,0,0
4101,83,1,2,1,0,1,0,0
4102,83,2,2,1,0,1,1,0
4103,83,3,4,1,1,1,0,0
4104,83,4,4,1,1,1,-1,0
4105,83,5,2,1,0,1,0,0
4106,83,6,2,1,0,1,0,0
4107,83,7,2,1,0,1,0,0
4108,83,8,2,1,0,1,0,0
4109,83,9,2,1,0,1,1,0
4110,83,10,4,1,1,1,0,0
4111,83,11,8,2,1,1,-1,0
4112,83,12,2,1,0,1,0,0
4113,83,13,2,1,0,1,1,0
4114,83,14,4,1,1,1,0,0
4115,83,15,4,1,1,1,0,0
4116,83,16,4,1,1,1,-1,0
4117,83,17,2,1,0,1,0,0
4118,83,18,6,2,0,1,0,0
4119,83,19,2,1,0,1,0,0
4120,83,20,2,1,0,1,0,0
4121,83,21,2,1,0,1,0,0
4122,83,22,2,1,0,1,0,0
4123,83,23,6,2,0,1,1,-1
4124,83,24,3,1,1,0,-1,0
4125,83,25,5,2,0,0,0,0
4126,83,26,5,2,0,0,1,0
4127,83,27,7,2,1,0,0,0
4128,83,28,3,1,1,0,0,0
4129,83,29,3,1,1,0,-1,0
4130,83,30,5,2,0,0,0,1
4131,83,31,6,2,0,1,0,0
4132,83,32,6,2,0,1,0,0
4133,83,33,2,1,0,1,1,0
4134,83,34,4,1,1,1,0,0
4135,83,35,8,2,1,1,0,-1
4136,83,36,3,1,1,0,0,1
4137,83,37,4,1,1,1,0,0
4138,83,38,4,1,1,1,0,-1
4139,83,39,7,2,1,0,0,1
4140,83,40,4,1,1,1,0,0
4141,83,41,4,1,1,1,0,0
4142,83,42,4,1,1,1,-1,-1
4143,83,43,1,1,0,0,0,0
4144,83,44,1,1,0,0,1,0
4145,83,45,3,1,1,0,0,0
4146,83,46,7,2,1,0,0,0
4147,83,47,7,2,1,0,0,1
4148,83,48,8,2,1,1,-1,-1
4149,83,49,1,1,0,0,0,0
4150,83,50,1,1,0,0,0,0
4151,84,1,8,2,1,1,0,0
4152,84,2,4,1,1,1,0,0
4153,84,3,4,1,1,1,0,-1
4154,84,4,7,2,1,0,0,1
4155,84,5,4,1,1,1,0,0
4156,84,6,4,1,1,1,-1,0
4157,84,7,2,1,0,1,0,0
4158,84,8,2,1,0,1,0,0
4159,84,9,2,1,0,1,1,0
4160,84,10,8,2,1,1,0,0
4161,84,11,4,1,1,1,-1,-1
4162,84,12,1,1,0,0,1,1
4163,84,13,4,1,1,1,0,0
4164,84,14,4,1,1,1,0,0
4165,84,15,4,1,1,1,0,0
4166,84,16,8,2,1,1,0,0
4167,84,17,8,2,1,1,-1,-1
4168,84,18,5,2,0,0,1,1
4169,84,19,4,1,1,1,-1,-1
4170,84,20,5,2,0,0,1,0
4171,84,21,7,2,1,0,0,0
4172,84,22,3,1,1,0,0,0
4173,84,23,3,1,1,0,0,0
4174,84,24,3,1,1,0,0,1
4175,84,25,4,1,1,1,0,0
4176,84,26,8,2,1,1,-1,0
4177,84,27,6,2,0,1,0,0
4178,84,28,2,1,0,1,1,0
4179,84,29,4,1,1,1,0,0
4180,84,30,4,1,1,1,0,-1
4181,84,31,3,1,1,0,0,0
4182,84,32,3,1,1,0,0,0
4183,84,33,3,1,1,0,0,0
4184,84,34,7,2,1,0,0,0
4185,84,35,3,1,1,0,-1,0
4186,84,36,1,1,0,0,0,0
4187,84,37,1,1,0,0,1,1
4188,84,38,8,2,1,1,-1,0
4189,84,39,6,2,0,1,0,0
4190,84,40,6,2,0,1,0,0
4191,84,41,2,1,0,1,0,0
4192,84,42,2,1,0,1,0,-1
4193,84,43,1,1,0,0,0,0
4194,84,44,1,1,0,0,1,1
4195,84,45,4,1,1,1,0,0
4196,84,46,4,1,1,1,0,0
4197,84,47,4,1,1,1,-1,0
4198,84,48,2,1,0,1,0,0
4199,84,49,2,1,0,1,1,-1
4200,84,50,3,1,1,0,-1,0
4201,85,1,6,2,0,1,1,0
4202,85,2,8,2,1,1,0,0
4203,85,3,8,2,1,1,0,0
4204,85,4,8,2,1,1,0,0
4205,85,5,4,1,1,1,-1,0
4206,85,6,2,1,0,1,0,0
4207,85,7,2,1,0,1,1,0
4208,85,8,4,1,1,1,0,0
4209,85,9,8,2,1,1,0,0
4210,85,10,4,1,1,1,0,0
4211,85,11,4,1,1,1,0,0
4212,85,12,4,1,1,1,0,0
4213,85,13,4,1,1,1,0,-1
4214,85,14,3,1,1,0,0,0
4215,85,15,3,1,1,0,0,0
4216,85,16,3,1,1,0,0,0
4217,85,17,3,1,1,0,-1,1
4218,85,18,2,1,0,1,0,0
4219,85,19,2,1,0,1,0,-1
4220,85,20,1,1,0,0,1,0
4221,85,21,3,1,1,0,0,0
4222,85,22,3,1,1,0,0,1
4223,85,23,8,2,1,1,0,0
4224,85,24,8,2,1,1,0,0
4225,85,25,8,2,1,1,0,0
4226,85,26,8,2,1,1,0,0
4227,85,27,4,1,1,1,0,0
4228,85,28,4,1,1,1,0,0
4229,85,29,4,1,1,1,-1,0
4230,85,30,2,1,0,1,0,0
4231,85,31,2,1,0,1,1,0
4232,85,32,4,1,1,1,0,-1
4233,85,33,3,1,1,0,-1,1
4234,85,34,2,1,0,1,0,-1
4235,85,35,5,2,0,0,0,1
4236,85,36,2,1,0,1,0,0
4237,85,37,2,1,0,1,1,-1
4238,85,38,3,1,1,0,0,0
4239,85,39,7,2,1,0,0,0
4240,85,40,7,2,1,0,0,0
4241,85,41,7,2,1,0,0,0
4242,85,42,7,2,1,0,0,0
4243,85,43,3,1,1,0,-1,0
4244,85,44,5,2,0,0,1,0
4245,85,45,3,1,1,0,-1,1
4246,85,46,2,1,0,1,0,0
4247,85,47,2,1,0,1,1,-1
4248,85,48,3,1,1,0,0,1
4249,85,49,4,1,1,1,0,0
4250,85,50,4,1,1,1,-1,-1
4251,86,1,5,2,0,0,0,0
4252,86,2,5,2,0,0,0,0
4253,86,3,5,2,0,0,0,1
4254,86,4,2,1,0,1,1,0
4255,86,5,4,1,1,1,0,0
4256,86,6,8,2,1,1,0,0
4257,86,7,8,2,1,1,-1,0
4258,86,8,6,2,0,1,0,0
4259,86,9,6,2,0,1,1,0
4260,86,10,4,1,1,1,0,0
4261,86,11,4,1,1,1,0,0
4262,86,12,8,2,1,1,0,0
4263,86,13,8,2,1,1,0,0
4264,86,14,8,2,1,1,0,0
4265,86,15,4,1,1,1,-1,0
4266,86,16,2,1,0,1,0,0
4267,86,17,2,1,0,1,0,0
4268,86,18,2,1,0,1,0,0
4269,86,19,6,2,0,1,1,0
4270,86,20,8,2,1,1,0,0
4271,86,21,4,1,1,1,0,0
4272,86,22,4,1,1,1,0,0
4273,86,23,4,1,1,1,0,0
4274,86,24,4,1,1,1,0,0
4275,86,25,4,1,1,1,0,0
4276,86,26,4,1,1,1,-1,-1
4277,86,27,1,1,0,0,0,0
4278,86,28,1,1,0,0,1,0
4279,86,29,3,1,1,0,0,0
4280,86,30,7,2,1,0,0,0
4281,86,31,7,2,1,0,-1,0
4282,86,32,1,1,0,0,1,0
4283,86,33,3,1,1,0,0,0
4284,86,34,7,2,1,0,-1,0
4285,86,35,1,1,0,0,1,0
4286,86,36,7,2,1,0,0,0
4287,86,37,7,2,1,0,0,1
4288,86,38,8,2,1,1,0,0
4289,86,39,8,2,1,1,-1,-1
4290,86,40,5,2,0,0,0,0
4291,86,41,5,2,0,0,0,0
4292,86,42,1,1,0,0,1,0
4293,86,43,3,1,1,0,0,0
4294,86,44,3,1,1,0,0,0
4295,86,45,7,2,1,0,0,1
4296,86,46,8,2,1,1,0,0
4297,86,47,4,1,1,1,0,-1
4298,86,48,3,1,1,0,-1,0
4299,86,49,5,2,0,0,0,0
4300,86,50,5,2,0,0,0,0
4301,87,1,4,1,1,1,-1,-1
4302,87,2,5,2,0,0,0,1
4303,87,3,6,2,0,1,0,-1
4304,87,4,5,2,0,0,0,1
4305,87,5,2,1,0,1,0,0
4306,87,6,6,2,0,1,1,0
4307,87,7,8,2,1,1,0,-1
4308,87,8,7,2,1,0,-1,1
4309,87,9,6,2,0,1,0,0
4310,87,10,6,2,0,1,0,-1
4311,87,11,1,1,0,0,0,0
4312,87,12,1,1,0,0,0,1
4313,87,13,2,1,0,1,1,-1
4314,87,14,7,2,1,0,0,0
4315,87,15,3,1,1,0,0,0
4316,87,16,7,2,1,0,-1,0
4317,87,17,1,1,0,0,0,0
4318,87,18,1,1,0,0,0,0
4319,87,19,1,1,0,0,1,0
4320,87,20,3,1,1,0,0,0
4321,87,21,7,2,1,0,0,0
4322,87,22,7,2,1,0,0,1
4323,87,23,8,2,1,1,0,0
4324,87,24,4,1,1,1,-1,0
4325,87,25,6,2,0,1,0,0
4326,87,26,6,2,0,1,0,0
4327,87,27,6,2,0,1,0,-1
4328,87,28,5,2,0,0,0,0
4329,87,29,5,2,0,0,0,0
4330,87,30,5,2,0,0,0,0
4331,87,31,5,2,0,0,0,0
4332,87,32,5,2,0,0,0,0
4333,87,33,5,2,0,0,0,0
4334,87,34,5,2,0,0,1,0
4335,87,35,7,2,1,0,-1,0
4336,87,36,5,2,0,0,0,0
4337,87,37,1,1,0,0,0,0
4338,87,38,1,1,0,0,0,0
4339,87,39,1,1,0,0,0,1
4340,87,40,2,1,0,1,0,0
4341,87,41,2,1,0,1,0,-1
4342,87,42,1,1,0,0,0,0
4343,87,43,1,1,0,0,0,1
4344,87,44,2,1,0,1,0,-1
4345,87,45,1,1,0,0,0,1
4346,87,46,2,1,0,1,0,0
4347,87,47,2,1,0,1,0,-1
4348,87,48,1,1,0,0,1,0
4349,87,49,7,2,1,0,-1,0
4350,87,50,5,2,0,0,1,0
4351,88,1,4,1,1,1,0,0
4352,88,2,8,2,1,1,0,0
4353,88,3,8,2,1,1,0,0
4354,88,4,8,2,1,1,-1,-1
4355,88,5,1,1,0,0,0,0
4356,88,6,1,1,0,0,0,1
4357,88,7,2,1,0,1,0,0
4358,88,8,2,1,0,1,0,0
4359,88,9,2,1,0,1,1,0
4360,88,10,8,2,1,1,0,0
4361,88,11,8,2,1,1,0,0
4362,88,12,8,2,1,1,0,-1
4363,88,13,3,1,1,0,0,0
4364,88,14,7,2,1,0,-1,0
4365,88,15,5,2,0,0,0,0
4366,88,16,1,1,0,0,0,0
4367,88,17,1,1,0,0,0,0
4368,88,18,1,1,0,0,0,0
4369,88,19,1,1,0,0,0,1
4370,88,20,6,2,0,1,0,0
4371,88,21,6,2,0,1,0,0
4372,88,22,2,1,0,1,0,0
4373,88,23,2,1,0,1,0,-1
4374,88,24,5,2,0,0,0,0
4375,88,25,5,2,0,0,1,0
4376,88,26,3,1,1,0,0,0
4377,88,27,7,2,1,0,0,1
4378,88,28,4,1,1,1,-1,0
4379,88,29,2,1,0,1,0,0
4380,88,30,2,1,0,1,0,0
4381,88,31,2,1,0,1,0,-1
4382,88,32,1,1,0,0,0,1
4383,88,33,2,1,0,1,0,-1
4384,88,34,5,2,0,0,0,0
4385,88,35,5,2,0,0,0,1
4386,88,36,6,2,0,1,1,0
4387,88,37,8,2,1,1,0,0
4388,88,38,8,2,1,1,-1,0
4389,88,39,2,1,0,1,0,0
4390,88,40,2,1,0,1,0,0
4391,88,41,2,1,0,1,1,0
4392,88,42,4,1,1,1,0,0
4393,88,43,8,2,1,1,0,0
4394,88,44,8,2,1,1,0,0
4395,88,45,8,2,1,1,0,0
4396,88,46,8,2,1,1,0,0
4397,88,47,8,2,1,1,-1,-1
4398,88,48,1,1,0,0,0,0
4399,88,49,1,1,0,0,0,0
4400,88,50,1,1,0,0,0,0
4401,89,1,1,1,0,0,0,0
4402,89,2,5,2,0,0,1,0
4403,89,3,3,1,1,0,0,0
4404,89,4,7,2,1,0,0,0
4405,89,5,7,2,1,0,0,0
4406,89,6,7,2,1,0,0,0
4407,89,7,7,2,1,0,0,0
4408,89,8,7,2,1,0,0,1
4409,89,9,8,2,1,1,0,0
4410,89,10,8,2,1,1,0,0
4411,89,11,8,2,1,1,0,0
4412,89,12,4,1,1,1,0,0
4413,89,13,4,1,1,1,0,-1
4414,89,14,3,1,1,0,-1,0
4415,89,15,1,1,0,0,0,1
4416,89,16,2,1,0,1,0,0
4417,89,17,2,1,0,1,0,0
4418,89,18,2,1,0,1,0,0
4419,89,19,6,2,0,1,0,-1
4420,89,20,1,1,0,0,0,0
4421,89,21,1,1,0,0,1,0
4422,89,22,3,1,1,0,0,0
4423,89,23,3,1,1,0,0,0
4424,89,24,3,1,1,0,0,0
4425,89,25,3,1,1,0,0,0
4426,89,26,3,1,1,0,0,0
4427,89,27,3,1,1,0,0,0
4428,89,28,3,1,1,0,0,1
4429,89,29,4,1,1,1,0,0
4430,89,30,4,1,1,1,0,-1
4431,89,31,3,1,1,0,0,0
4432,89,32,3,1,1,0,0,1
4433,89,33,4,1,1,1,0,0
4434,89,34,4,1,1,1,-1,0
4435,89,35,2,1,0,1,1,0
4436,89,36,4,1,1,1,-1,0
4437,89,37,2,1,0,1,0,-1
4438,89,38,5,2,0,0,1,1
4439,89,39,8,2,1,1,-1,0
4440,89,40,6,2,0,1,0,0
4441,89,41,2,1,0,1,0,0
4442,89,42,2,1,0,1,0,0
4443,89,43,6,2,0,1,0,0
4444,89,44,6,2,0,1,0,0
4445,89,45,6,2,0,1,0,0
4446,89,46,6,2,0,1,0,0
4447,89,47,2,1,0,1,0,-1
4448,89,48,1,1,0,0,1,0
4449,89,49,7,2,1,0,-1,0
4450,89,50,5,2,0,0,1,0
4451,90,1,6,2,0,1,0,0
4452,90,2,2,1,0,1,1,0
4453,90,3,4,1,1,1,0,0
4454,90,4,4,1,1,1,0,0
4455,90,5,4,1,1,1,0,0
4456,90,6,4,1,1,1,0,0
4457,90,7,8,2,1,1,0,0
4458,90,8,8,2,1,1,0,0
4459,90,9,8,2,1,1,0,0
4460,90,10,4,1,1,1,0,-1
4461,90,11,3,1,1,0,0,0
4462,90,12,3,1,1,0,0,0
4463,90,13,3,1,1,0,0,0
4464,90,14,7,2,1,0,-1,1
4465,90,15,6,2,0,1,1,0
4466,90,16,4,1,1,1,0,0
4467,90,17,4,1,1,1,0,0
4468,90,18,8,2,1,1,-1,0
4469,90,19,2,1,0,1,0,0
4470,90,20,6,2,0,1,1,0
4471,90,21,8,2,1,1,-1,0
4472,90,22,2,1,0,1,0,0
4473,90,23,2,1,0,1,0,0
4474,90,24,2,1,0,1,1,0
4475,90,25,4,1,1,1,-1,0
4476,90,26,2,1,0,1,0,0
4477,90,27,2,1,0,1,1,0
4478,90,28,8,2,1,1,-1,-1
4479,90,29,1,1,0,0,1,0
4480,90,30,3,1,1,0,-1,1
4481,90,31,6,2,0,1,0,0
4482,90,32,6,2,0,1,0,-1
4483,90,33,1,1,0,0,1,1
4484,90,34,8,2,1,1,0,0
4485,90,35,8,2,1,1,0,0
4486,90,36,8,2,1,1,0,0
4487,90,37,8,2,1,1,0,0
4488,90,38,8,2,1,1,0,0
4489,90,39,8,2,1,1,-1,0
4490,90,40,2,1,0,1,0,0
4491,90,41,2,1,0,1,0,0
4492,90,42,2,1,0,1,0,0
4493,90,43,6,2,0,1,0,0
4494,90,44,2,1,0,1,0,0
4495,90,45,2,1,0,1,1,0
4496,90,46,4,1,1,1,0,-1
4497,90,47,7,2,1,0,0,0
4498,90,48,3,1,1,0,0,0
4499,90,49,3,1,1,0,0,0
4500,90,50,3,1,1,0,0,0
4501,91,1,8,2,1,1,0,-1
4502,91,2,7,2,1,0,0,0
4503,91,3,7,2,1,0,-1,0
4504,91,4,1,1,0,0,1,0
4505,91,5,7,2,1,0,0,0
4506,91,6,3,1,1,0,-1,0
4507,91,7,5,2,0,0,0,1
4508,91,8,2,1,0,1,0,0
4509,91,9,6,2,0,1,0,0
4510,91,10,2,1,0,1,1,0
4511,91,11,4,1,1,1,0,0
4512,91,12,8,2,1,1,0,0
4513,91,13,8,2,1,1,-1,0
4514,91,14,6,2,0,1,1,0
4515,91,15,4,1,1,1,0,0
4516,91,16,8,2,1,1,0,0
4517,91,17,8,2,1,1,0,0
4518,91,18,4,1,1,1,-1,0
4519,91,19,2,1,0,1,0,0
4520,91,20,2,1,0,1,0,-1
4521,91,21,5,2,0,0,0,0
4522,91,22,5,2,0,0,0,0
4523,91,23,1,1,0,0,0,1
4524,91,24,6,2,0,1,1,0
4525,91,25,8,2,1,1,-1,-1
4526,91,26,5,2,0,0,0,0
4527,91,27,5,2,0,0,1,0
4528,91,28,3,1,1,0,0,0
4529,91,29,3,1,1,0,0,0
4530,91,30,3,1,1,0,0,1
4531,91,31,4,1,1,1,0,0
4532,91,32,8,2,1,1,-1,0
4533,91,33,6,2,0,1,1,0
4534,91,34,4,1,1,1,-1,-1
4535,91,35,1,1,0,0,1,0
4536,91,36,3,1,1,0,0,0
4537,91,37,3,1,1,0,0,0
4538,91,38,3,1,1,0,0,1
4539,91,39,4,1,1,1,-1,-1
4540,91,40,5,2,0,0,0,1
4541,91,41,2,1,0,1,0,-1
4542,91,42,1,1,0,0,0,0
4543,91,43,1,1,0,0,1,1
4544,91,44,4,1,1,1,0,-1
4545,91,45,3,1,1,0,0,0
4546,91,46,3,1,1,0,0,0
4547,91,47,3,1,1,0,0,0
4548,91,48,3,1,1,0,0,0
4549,91,49,7,2,1,0,0,0
4550,91,50,3,1,1,0,0,0
4551,92,1,4,1,1,1,0,0
4552,92,2,4,1,1,1,0,-1
4553,92,3,3,1,1,0,0,0
4554,92,4,3,1,1,0,0,1
4555,92,5,8,2,1,1,0,0
4556,92,6,8,2,1,1,0,0
4557,92,7,4,1,1,1,0,-1
4558,92,8,3,1,1,0,0,1
4559,92,9,4,1,1,1,0,0
4560,92,10,4,1,1,1,0,0
4561,92,11,4,1,1,1,0,0
4562,92,12,4,1,1,1,0,0
4563,92,13,4,1,1,1,0,0
4564,92,14,8,2,1,1,-1,-1
4565,92,15,1,1,0,0,0,0
4566,92,16,5,2,0,0,0,1
4567,92,17,6,2,0,1,1,0
4568,92,18,4,1,1,1,0,-1
4569,92,19,7,2,1,0,0,0
4570,92,20,3,1,1,0,0,0
4571,92,21,3,1,1,0,0,0
4572,92,22,3,1,1,0,0,0
4573,92,23,7,2,1,0,-1,1
4574,92,24,2,1,0,1,0,0
4575,92,25,2,1,0,1,0,0
4576,92,26,6,2,0,1,0,0
4577,92,27,6,2,0,1,1,0
4578,92,28,8,2,1,1,-1,0
4579,92,29,6,2,0,1,0,0
4580,92,30,2,1,0,1,0,0
4581,92,31,6,2,0,1,1,0
4582,92,32,8,2,1,1,0,0
4583,92,33,8,2,1,1,0,0
4584,92,34,8,2,1,1,0,0
4585,92,35,8,2,1,1,-1,0
4586,92,36,6,2,0,1,0,0
4587,92,37,2,1,0,1,1,-1
4588,92,38,3,1,1,0,0,0
4589,92,39,7,2,1,0,0,0
4590,92,40,3,1,1,0,0,0
4591,92,41,3,1,1,0,0,0
4592,92,42,7,2,1,0,0,0
4593,92,43,7,2,1,0,0,0
4594,92,44,3,1,1,0,0,1
4595,92,45,4,1,1,1,0,-1
4596,92,46,3,1,1,0,0,0
4597,92,47,7,2,1,0,0,0
4598,92,48,3,1,1,0,0,0
4599,92,49,3,1,1,0,0,0
4600,92,50,7,2,1,0,0,0
4601,93,1,2,1,0,1,0,0
4602,93,2,2,1,0,1,0,0
4603,93,3,2,1,0,1,0,0
4604,93,4,2,1,0,1,0,0
4605,93,5,2,1,0,1,0,-1
4606,93,6,1,1,0,0,0,0
4607,93,7,1,1,0,0,0,0
4608,93,8,1,1,0,0,1,0
4609,93,9,7,2,1,0,0,0
4610,93,10,3,1,1,0,0,0
4611,93,11,3,1,1,0,0,1
4612,93,12,8,2,1,1,0,0
4613,93,13,8,2,1,1,-1,0
4614,93,14,6,2,0,1,0,0
4615,93,15,6,2,0,1,0,-1
4616,93,16,5,2,0,0,0,1
4617,93,17,6,2,0,1,0,0
4618,93,18,6,2,0,1,0,0
4619,93,19,6,2,0,1,1,-1
4620,93,20,7,2,1,0,0,1
4621,93,21,4,1,1,1,0,0
4622,93,22,4,1,1,1,0,-1
4623,93,23,3,1,1,0,0,0
4624,93,24,3,1,1,0,-1,0
4625,93,25,5,2,0,0,0,1
4626,93,26,6,2,0,1,0,0
4627,93,27,2,1,0,1,0,0
4628,93,28,2,1,0,1,1,0
4629,93,29,4,1,1,1,0,0
4630,93,30,4,1,1,1,0,0
4631,93,31,4,1,1,1,0,0
4632,93,32,8,2,1,1,0,-1
4633,93,33,3,1,1,0,-1,0
4634,93,34,1,1,0,0,1,1
4635,93,35,4,1,1,1,-1,0
4636,93,36,2,1,0,1,1,0
4637,93,37,4,1,1,1,0,0
4638,93,38,4,1,1,1,0,-1
4639,93,39,3,1,1,0,0,1
4640,93,40,4,1,1,1,0,-1
4641,93,41,3,1,1,0,0,0
4642,93,42,7,2,1,0,0,0
4643,93,43,7,2,1,0,0,0
4644,93,44,3,1,1,0,0,0
4645,93,45,7,2,1,0,0,0
4646,93,46,3,1,1,0,0,0
4647,93,47,3,1,1,0,0,0
4648,93,48,3,1,1,0,0,0
4649,93,49,7,2,1,0,-1,0
4650,93,50,5,2,0,0,1,0
4651,94,1,6,2,0,1,0,0
4652,94,2,2,1,0,1,0,0
4653,94,3,2,1,0,1,1,0
4654,94,4,4,1,1,1,0,-1
4655,94,5,3,1,1,0,-1,0
4656,94,6,5,2,0,0,0,1
4657,94,7,6,2,0,1,1,0
4658,94,8,8,2,1,1,-1,0
4659,94,9,2,1,0,1,1,0
4660,94,10,4,1,1,1,0,0
4661,94,11,8,2,1,1,0,-1
4662,94,12,7,2,1,0,0,0
4663,94,13,7,2,1,0,0,0
4664,94,14,3,1,1,0,0,0
4665,94,15,3,1,1,0,0,0
4666,94,16,3,1,1,0,0,0
4667,94,17,3,1,1,0,0,1
4668,94,18,4,1,1,1,0,0
4669,94,19,4,1,1,1,0,-1
4670,94,20,7,2,1,0,0,1
4671,94,21,4,1,1,1,0,0
4672,94,22,8,2,1,1,-1,-1
4673,94,23,5,2,0,0,0,1
4674,94,24,6,2,0,1,0,0
4675,94,25,2,1,0,1,0,0
4676,94,26,2,1,0,1,0,0
4677,94,27,2,1,0,1,0,0
4678,94,28,6,2,0,1,0,0
4679,94,29,6,2,0,1,0,0
4680,94,30,6,2,0,1,1,0
4681,94,31,8,2,1,1,0,-1
4682,94,32,7,2,1,0,0,0
4683,94,33,3,1,1,0,0,0
4684,94,34,3,1,1,0,0,1
4685,94,35,4,1,1,1,0,0
4686,94,36,4,1,1,1,0,0
4687,94,37,4,1,1,1,0,-1
4688,94,38,3,1,1,0,0,1
4689,94,39,4,1,1,1,0,-1
4690,94,40,3,1,1,0,0,0
4691,94,41,3,1,1,0,0,0
4692,94,42,3,1,1,0,0,0
4693,94,43,3,1,1,0,0,0
4694,94,44,7,2,1,0,0,0
4695,94,45,3,1,1,0,0,0
4696,94,46,3,1,1,0,0,0
4697,94,47,3,1,1,0,-1,0
4698,94,48,1,1,0,0,0,0
4699,94,49,5,2,0,0,0,0
4700,94,50,5,2,0,0,1,0
4701,95,1,3,1,1,0,0,0
4702,95,2,3,1,1,0,0,0
4703,95,3,3,1,1,0,-1,0
4704,95,4,1,1,0,0,0,0
4705,95,5,1,1,0,0,0,1
4706,95,6,6,2,0,1,0,0
4707,95,7,2,1,0,1,0,0
4708,95,8,2,1,0,1,0,0
4709,95,9,2,1,0,1,0,0
4710,95,10,6,2,0,1,1,0
4711,95,11,8,2,1,1,-1,0
4712,95,12,6,2,0,1,0,-1
4713,95,13,1,1,0,0,1,1
4714,95,14,4,1,1,1,0,0
4715,95,15,4,1,1,1,-1,0
4716,95,16,2,1,0,1,0,0
4717,95,17,2,1,0,1,0,-1
4718,95,18,1,1,0,0,1,1
4719,95,19,4,1,1,1,0,-1
4720,95,20,3,1,1,0,-1,1
4721,95,21,2,1,0,1,0,-1
4722,95,22,1,1,0,0,0,0
4723,95,23,1,1,0,0,1,0
4724,95,24,3,1,1,0,0,0
4725,95,25,3,1,1,0,0,0
4726,95,26,3,1,1,0,-1,1
4727,95,27,2,1,0,1,0,0
4728,95,28,2,1,0,1,0,0
4729,95,29,6,2,0,1,0,-1
4730,95,30,1,1,0,0,0,0
4731,95,31,1,1,0,0,0,0
4732,95,32,5,2,0,0,0,1
4733,95,33,2,1,0,1,0,0
4734,95,34,2,1,0,1,1,0
4735,95,35,4,1,1,1,-1,0
4736,95,36,6,2,0,1,0,-1
4737,95,37,1,1,0,0,0,0
4738,95,38,1,1,0,0,0,0
4739,95,39,1,1,0,0,0,0
4740,95,40,1,1,0,0,1,0
4741,95,41,3,1,1,0,0,1
4742,95,42,8,2,1,1,0,0
4743,95,43,4,1,1,1,0,0
4744,95,44,8,2,1,1,-1,0
4745,95,45,6,2,0,1,0,-1
4746,95,46,5,2,0,0,0,0
4747,95,47,5,2,0,0,0,1
4748,95,48,2,1,0,1,0,0
4749,95,49,2,1,0,1,0,-1
4750,95,50,1,1,0,0,1,0
4751,96,1,8,2,1,1,0,0
4752,96,2,4,1,1,1,0,0
4753,96,3,4,1,1,1,0,0
4754,96,4,4,1,1,1,0,0
4755,96,5,4,1,1,1,-1,0
4756,96,6,2,1,0,1,0,0
4757,96,7,6,2,0,1,1,0
4758,96,8,4,1,1,1,0,0
4759,96,9,8,2,1,1,0,-1
4760,96,10,7,2,1,0,0,0
4761,96,11,3,1,1,0,0,1
4762,96,12,8,2,1,1,0,0
4763,96,13,8,2,1,1,0,0
4764,96,14,8,2,1,1,0,0
4765,96,15,8,2,1,1,0,0
4766,96,16,8,2,1,1,-1,-1
4767,96,17,1,1,0,0,0,0
4768,96,18,1,1,0,0,0,0
4769,96,19,1,1,0,0,0,0
4770,96,20,1,1,0,0,0,0
4771,96,21,1,1,0,0,1,0
4772,96,22,3,1,1,0,-1,1
4773,96,23,2,1,0,1,0,-1
4774,96,24,1,1,0,0,1,0
4775,96,25,3,1,1,0,0,1
4776,96,26,4,1,1,1,0,0
4777,96,27,8,2,1,1,0,0
4778,96,28,4,1,1,1,0,0
4779,96,29,4,1,1,1,0,0
4780,96,30,4,1,1,1,0,0
4781,96,31,8,2,1,1,0,0
4782,96,32,8,2,1,1,0,0
4783,96,33,4,1,1,1,0,0
4784,96,34,8,2,1,1,-1,0
4785,96,35,6,2,0,1,0,-1
4786,96,36,5,2,0,0,0,0
4787,96,37,5,2,0,0,0,0
4788,96,38,5,2,0,0,0,0
4789,96,39,1,1,0,0,0,1
4790,96,40,2,1,0,1,1,0
4791,96,41,8,2,1,1,0,0
4792,96,42,4,1,1,1,0,-1
4793,96,43,7,2,1,0,0,0
4794,96,44,7,2,1,0,0,0
4795,96,45,3,1,1,0,0,0
4796,96,46,3,1,1,0,0,0
4797,96,47,3,1,1,0,0,1
4798,96,48,4,1,1,1,0,0
4799,96,49,4,1,1,1,0,0
4800,96,50,8,2,1,1,0,-1
4801,97,1,4,1,1,1,0,0
4802,97,2,4,1,1,1,0,0
4803,97,3,4,1,1,1,-1,0
4804,97,4,2,1,0,1,0,-1
4805,97,5,5,2,0,0,1,0
4806,97,6,3,1,1,0,-1,1
4807,97,7,2,1,0,1,0,-1
4808,97,8,5,2,0,0,1,0
4809,97,9,3,1,1,0,-1,0
4810,97,10,1,1,0,0,1,0
4811,97,11,3,1,1,0,0,0
4812,97,12,3,1,1,0,0,0
4813,97,13,3,1,1,0,0,0
4814,97,14,3,1,1,0,0,0
4815,97,15,3,1,1,0,0,0
4816,97,16,7,2,1,0,0,1
4817,97,17,4,1,1,1,0,0
4818,97,18,8,2,1,1,0,0
4819,97,19,8,2,1,1,0,-1
4820,97,20,7,2,1,0,0,1
4821,97,21,8,2,1,1,-1,-1
4822,97,22,1,1,0,0,0,1
4823,97,23,6,2,0,1,0,-1
4824,97,24,5,2,0,0,1,0
4825,97,25,3,1,1,0,-1,0
4826,97,26,5,2,0,0,1,0
4827,97,27,3,1,1,0,0,0
4828,97,28,3,1,1,0,0,0
4829,97,29,7,2,1,0,0,0
4830,97,30,7,2,1,0,0,0
4831,97,31,7,2,1,0,0,1
4832,97,32,8,2,1,1,0,0
4833,97,33,8,2,1,1,0,-1
4834,97,34,7,2,1,0,0,1
4835,97,35,8,2,1,1,0,0
4836,97,36,4,1,1,1,-1,0
4837,97,37,2,1,0,1,1,0
4838,97,38,4,1,1,1,0,-1
4839,97,39,3,1,1,0,0,0
4840,97,40,7,2,1,0,0,0
4841,97,41,7,2,1,0,0,0
4842,97,42,7,2,1,0,0,0
4843,97,43,3,1,1,0,0,0
4844,97,44,7,2,1,0,0,0
4845,97,45,7,2,1,0,-1,0
4846,97,46,1,1,0,0,1,0
4847,97,47,3,1,1,0,-1,0
4848,97,48,1,1,0,0,1,0
4849,97,49,7,2,1,0,0,1
4850,97,50,8,2,1,1,0,-1
4851,98,1,8,2,1,1,0,-1
4852,98,2,3,1,1,0,0,0
4853,98,3,3,1,1,0,0,1
4854,98,4,4,1,1,1,0,0
4855,98,5,4,1,1,1,0,0
4856,98,6,8,2,1,1,-1,0
4857,98,7,2,1,0,1,0,0
4858,98,8,2,1,0,1,1,-1
4859,98,9,7,2,1,0,0,0
4860,98,10,7,2,1,0,0,0
4861,98,11,7,2,1,0,0,0
4862,98,12,7,2,1,0,0,0
4863,98,13,7,2,1,0,0,0
4864,98,14,7,2,1,0,-1,0
4865,98,15,5,2,0,0,1,1
4866,98,16,4,1,1,1,0,0
4867,98,17,8,2,1,1,-1,0
4868,98,18,6,2,0,1,0,0
4869,98,19,2,1,0,1,0,0
4870,98,20,6,2,0,1,0,0
4871,98,21,2,1,0,1,0,0
4872,98,22,2,1,0,1,1,-1
4873,98,23,3,1,1,0,0,0
4874,98,24,3,1,1,0,0,0
4875,98,25,3,1,1,0,0,0
4876,98,26,7,2,1,0,0,0
4877,98,27,3,1,1,0,0,0
4878,98,28,7,2,1,0,-1,0
4879,98,29,1,1,0,0,1,0
4880,98,30,3,1,1,0,0,1
4881,98,31,4,1,1,1,0,0
4882,98,32,4,1,1,1,0,0
4883,98,33,4,1,1,1,0,0
4884,98,34,4,1,1,1,0,-1
4885,98,35,3,1,1,0,0,1
4886,98,36,4,1,1,1,-1,-1
4887,98,37,1,1,0,0,0,1
4888,98,38,2,1,0,1,0,0
4889,98,39,6,2,0,1,0,-1
4890,98,40,1,1,0,0,0,0
4891,98,41,1,1,0,0,1,0
4892,98,42,7,2,1,0,-1,0
4893,98,43,5,2,0,0,0,0
4894,98,44,5,2,0,0,0,0
4895,98,45,5,2,0,0,1,0
4896,98,46,3,1,1,0,-1,0
4897,98,47,5,2,0,0,0,0
4898,98,48,5,2,0,0,0,0
4899,98,49,1,1,0,0,0,0
4900,98,50,1,1,0,0,0,0
4901,99,1,6,2,0,1,1,0
4902,99,2,8,2,1,1,0,-1
4903,99,3,3,1,1,0,0,1
4904,99,4,4,1,1,1,0,0
4905,99,5,4,1,1,1,0,0
4906,99,6,4,1,1,1,0,0
4907,99,7,4,1,1,1,0,0
4908,99,8,4,1,1,1,0,-1
4909,99,9,3,1,1,0,0,0
4910,99,10,3,1,1,0,0,0
4911,99,11,7,2,1,0,-1,0
4912,99,12,5,2,0,0,1,1
4913,99,13,4,1,1,1,0,0
4914,99,14,4,1,1,1,0,-1
4915,99,15,7,2,1,0,-1,0
4916,99,16,5,2,0,0,1,0
4917,99,17,3,1,1,0,0,1
4918,99,18,4,1,1,1,0,0
4919,99,19,4,1,1,1,0,-1
4920,99,20,3,1,1,0,0,0
4921,99,21,3,1,1,0,0,0
4922,99,22,3,1,1,0,0,0
4923,99,23,7,2,1,0,-1,0
4924,99,24,5,2,0,0,0,1
4925,99,25,6,2,0,1,0,0
4926,99,26,6,2,0,1,0,0
4927,99,27,6,2,0,1,0,0
4928,99,28,2,1,0,1,0,0
4929,99,29,2,1,0,1,0,0
4930,99,30,2,1,0,1,1,0
4931,99,31,4,1,1,1,0,0
4932,99,32,4,1,1,1,0,-1
4933,99,33,3,1,1,0,0,0
4934,99,34,7,2,1,0,0,0
4935,99,35,7,2,1,0,0,0
4936,99,36,7,2,1,0,0,1
4937,99,37,8,2,1,1,0,0
4938,99,38,4,1,1,1,0,-1
4939,99,39,3,1,1,0,0,0
4940,99,40,3,1,1,0,0,1
4941,99,41,4,1,1,1,0,0
4942,99,42,4,1,1,1,0,0
4943,99,43,4,1,1,1,-1,-1
4944,99,44,1,1,0,0,1,0
4945,99,45,3,1,1,0,0,0
4946,99,46,3,1,1,0,0,0
4947,99,47,3,1,1,0,-1,0
4948,99,48,1,1,0,0,0,0
4949,99,49,1,1,0,0,0,0
4950,99,50,1,1,0,0,0,0
4951,100,1,8,2,1,1,0,0
4952,100,2,8,2,1,1,-1,-1
4953,100,3,5,2,0,0,0,0
4954,100,4,5,2,0,0,0,0
4955,100,5,5,2,0,0,0,0
4956,100,6,5,2,0,0,1,0
4957,100,7,7,2,1,0,0,0
4958,100,8,7,2,1,0,0,0
4959,100,9,3,1,1,0,0,1
4960,100,10,4,1,1,1,-1,0
4961,100,11,6,2,0,1,0,0
4962,100,12,2,1,0,1,0,0
4963,100,13,2,1,0,1,0,0
4964,100,14,2,1,0,1,0,0
4965,100,15,2,1,0,1,1,0
4966,100,16,4,1,1,1,0,0
4967,100,17,4,1,1,1,0,-1
4968,100,18,3,1,1,0,-1,0
4969,100,19,1,1,0,0,1,0
4970,100,20,3,1,1,0,0,1
4971,100,21,4,1,1,1,0,0
4972,100,22,4,1,1,1,0,0
4973,100,23,4,1,1,1,0,0
4974,100,24,4,1,1,1,0,0
4975,100,25,4,1,1,1,0,0
4976,100,26,4,1,1,1,0,0
4977,100,27,4,1,1,1,-1,0
4978,100,28,2,1,0,1,0,0
4979,100,29,2,1,0,1,0,0
4980,100,30,6,2,0,1,0,0
4981,100,31,6,2,0,1,1,0
4982,100,32,8,2,1,1,0,-1
4983,100,33,7,2,1,0,0,0
4984,100,34,7,2,1,0,-1,0
4985,100,35,1,1,0,0,0,1
4986,100,36,2,1,0,1,0,0
4987,100,37,2,1,0,1,0,0
4988,100,38,2,1,0,1,0,0
4989,100,39,2,1,0,1,0,0
4990,100,40,2,1,0,1,0,0
4991,100,41,6,2,0,1,0,0
4992,100,42,2,1,0,1,0,0
4993,100,43,2,1,0,1,0,0
4994,100,44,2,1,0,1,0,0
4995,100,45,6,2,0,1,0,0
4996,100,46,2,1,0,1,1,-1
4997,100,47,3,1,1,0,0,0
4998,100,48,3,1,1,0,0,1
4999,100,49,4,1,1,1,0,0
5000,100,50,4,1,1,1,-1,0
5001,101,1,7,2,1,0,0,0
5002,101,2,7,2,1,0,-1,0
5003,101,3,5,2,0,0,1,1
5004,101,4,8,2,1,1,0,0
5005,101,5,8,2,1,1,-1,0
5006,101,6,2,1,0,1,0,0
5007,101,7,2,1,0,1,0,0
5008,101,8,2,1,0,1,0,0
5009,101,9,2,1,0,1,0,0
5010,101,10,2,1,0,1,0,0
5011,101,11,6,2,0,1,1,0
5012,101,12,4,1,1,1,0,0
5013,101,13,8,2,1,1,-1,0
5014,101,14,6,2,0,1,1,0
5015,101,15,4,1,1,1,-1,0
5016,101,16,2,1,0,1,0,-1
5017,101,17,1,1,0,0,0,1
5018,101,18,6,2,0,1,0,-1
5019,101,19,5,2,0,0,1,0
5020,101,20,7,2,1,0,0,0
5021,101,21,7,2,1,0,0,0
5022,101,22,7,2,1,0,-1,0
5023,101,23,5,2,0,0,0,0
5024,101,24,1,1,0,0,0,1
5025,101,25,2,1,0,1,0,0
5026,101,26,2,1,0,1,0,0
5027,101,27,6,2,0,1,1,-1
5028,101,28,3,1,1,0,0,0
5029,101,29,3,1,1,0,-1,0
5030,101,30,1,1,0,0,0,1
5031,101,31,2,1,0,1,0,0
5032,101,32,2,1,0,1,0,-1
5033,101,33,1,1,0,0,0,1
5034,101,34,6,2,0,1,0,0
5035,101,35,2,1,0,1,0,0
5036,101,36,2,1,0,1,0,0
5037,101,37,6,2,0,1,1,0
5038,101,38,8,2,1,1,0,0
5039,101,39,4,1,1,1,-1,0
5040,101,40,2,1,0,1,0,-1
5041,101,41,1,1,0,0,1,0
5042,101,42,3,1,1,0,0,0
5043,101,43,3,1,1,0,0,0
5044,101,44,3,1,1,0,0,0
5045,101,45,3,1,1,0,-1,0
5046,101,46,1,1,0,0,0,0
5047,101,47,1,1,0,0,0,0
5048,101,48,1,1,0,0,0,0
5049,101,49,1,1,0,0,1,0
5050,101,50,7,2,1,0,0,0
5051,102,1,8,2,1,1,0,0
5052,102,2,8,2,1,1,0,0
5053,102,3,8,2,1,1,-1,-1
5054,102,4,1,1,0,0,0,0
5055,102,5,1,1,0,0,0,0
5056,102,6,1,1,0,0,0,0
5057,102,7,1,1,0,0,1,0
5058,102,8,7,2,1,0,0,1
5059,102,9,8,2,1,1,0,0
5060,102,10,8,2,1,1,0,0
5061,102,11,8,2,1,1,0,-1
5062,102,12,7,2,1,0,0,0
5063,102,13,7,2,1,0,0,0
5064,102,14,7,2,1,0,0,0
5065,102,15,7,2,1,0,0,0
5066,102,16,3,1,1,0,0,0
5067,102,17,3,1,1,0,0,0
5068,102,18,3,1,1,0,0,0
5069,102,19,3,1,1,0,0,1
5070,102,20,8,2,1,1,0,0
5071,102,21,4,1,1,1,0,0
5072,102,22,4,1,1,1,0,0
5073,102,23,8,2,1,1,0,0
5074,102,24,8,2,1,1,0,-1
5075,102,25,3,1,1,0,0,1
5076,102,26,8,2,1,1,0,0
5077,102,27,8,2,1,1,-1,-1
5078,102,28,5,2,0,0,0,1
5079,102,29,6,2,0,1,1,-1
5080,102,30,3,1,1,0,0,0
5081,102,31,7,2,1,0,0,0
5082,102,32,7,2,1,0,0,1
5083,102,33,4,1,1,1,0,0
5084,102,34,8,2,1,1,0,0
5085,102,35,4,1,1,1,0,0
5086,102,36,8,2,1,1,0,0
5087,102,37,8,2,1,1,0,0
5088,102,38,8,2,1,1,0,0
5089,102,39,8,2,1,1,0,0
5090,102,40,4,1,1,1,0,0
5091,102,41,8,2,1,1,0,-1
5092,102,42,3,1,1,0,0,0
5093,102,43,3,1,1,0,0,1
5094,102,44,4,1,1,1,0,0
5095,102,45,4,1,1,1,0,0
5096,102,46,4,1,1,1,0,0
5097,102,47,4,1,1,1,0,-1
5098,102,48,3,1,1,0,0,1
5099,102,49,8,2,1,1,-1,0
5100,102,50,2,1,0,1,1,-1
5101,103,1,2,1,0,1,0,0
5102,103,2,6,2,0,1,0,0
5103,103,3,6,2,0,1,0,0
5104,103,4,2,1,0,1,0,0
5105,103,5,2,1,0,1,0,0
5106,103,6,2,1,0,1,1,-1
5107,103,7,7,2,1,0,0,0
5108,103,8,7,2,1,0,0,0
5109,103,9,7,2,1,0,0,0
5110,103,10,7,2,1,0,0,0
5111,103,11,7,2,1,0,0,0
5112,103,12,7,2,1,0,0,0
5113,103,13,7,2,1,0,-1,0
5114,103,14,5,2,0,0,0,0
5115,103,15,1,1,0,0,0,0
5116,103,16,1,1,0,0,0,1
5117,103,17,2,1,0,1,0,0
5118,103,18,2,1,0,1,0,0
5119,103,19,6,2,0,1,1,0
5120,103,20,8,2,1,1,0,0
5121,103,21,4,1,1,1,0,0
5122,103,22,4,1,1,1,0,0
5123,103,23,4,1,1,1,0,0
5124,103,24,4,1,1,1,0,0
5125,103,25,8,2,1,1,0,0
5126,103,26,4,1,1,1,0,-1
5127,103,27,3,1,1,0,0,0
5128,103,28,3,1,1,0,0,1
5129,103,29,4,1,1,1,0,0
5130,103,30,4,1,1,1,0,0
5131,103,31,8,2,1,1,-1,0
5132,103,32,6,2,0,1,0,0
5133,103,33,2,1,0,1,0,-1
5134,103,34,1,1,0,0,0,1
5135,103,35,2,1,0,1,0,-1
5136,103,36,1,1,0,0,1,0
5137,103,37,3,1,1,0,0,0
5138,103,38,3,1,1,0,0,0
5139,103,39,3,1,1,0,-1,0
5140,103,40,1,1,0,0,0,0
5141,103,41,1,1,0,0,1,0
5142,103,42,3,1,1,0,-1,0
5143,103,43,1,1,0,0,1,0
5144,103,44,7,2,1,0,0,0
5145,103,45,7,2,1,0,0,0
5146,103,46,3,1,1,0,0,0
5147,103,47,7,2,1,0,0,0
5148,103,48,3,1,1,0,-1,0
5149,103,49,1,1,0,0,1,0
5150,103,50,3,1,1,0,0,0
5151,104,1,4,1,1,1,0,0
5152,104,2,4,1,1,1,0,0
5153,104,3,8,2,1,1,0,0
5154,104,4,4,1,1,1,0,0
5155,104,5,4,1,1,1,0,0
5156,104,6,4,1,1,1,0,0
5157,104,7,8,2,1,1,-1,0
5158,104,8,6,2,0,1,0,0
5159,104,9,6,2,0,1,0,0
5160,104,10,6,2,0,1,0,-1
5161,104,11,5,2,0,0,0,0
5162,104,12,5,2,0,0,0,0
5163,104,13,1,1,0,0,0,0
5164,104,14,1,1,0,0,0,0
5165,104,15,5,2,0,0,1,0
5166,104,16,3,1,1,0,0,0
5167,104,17,3,1,1,0,0,1
5168,104,18,4,1,1,1,0,-1
5169,104,19,3,1,1,0,0,0
5170,104,20,3,1,1,0,0,0
5171,104,21,7,2,1,0,0,0
5172,104,22,3,1,1,0,-1,0
5173,104,23,1,1,0,0,0,1
5174,104,24,2,1,0,1,0,0
5175,104,25,6,2,0,1,1,0
5176,104,26,8,2,1,1,0,-1
5177,104,27,7,2,1,0,0,0
5178,104,28,7,2,1,0,-1,0
5179,104,29,1,1,0,0,0,0
5180,104,30,1,1,0,0,0,1
5181,104,31,6,2,0,1,0,0
5182,104,32,6,2,0,1,0,-1
5183,104,33,5,2,0,0,0,0
5184,104,34,5,2,0,0,0,1
5185,104,35,6,2,0,1,0,0
5186,104,36,2,1,0,1,0,0
5187,104,37,2,1,0,1,0,0
5188,104,38,2,1,0,1,0,0
5189,104,39,2,1,0,1,1,0
5190,104,40,4,1,1,1,0,0
5191,104,41,8,2,1,1,0,0
5192,104,42,8,2,1,1,0,-1
5193,104,43,7,2,1,0,0,0
5194,104,44,7,2,1,0,0,1
5195,104,45,8,2,1,1,0,0
5196,104,46,8,2,1,1,0,0
5197,104,47,8,2,1,1,-1,0
5198,104,48,2,1,0,1,0,0
5199,104,49,6,2,0,1,0,0
5200,104,50,6,2,0,1,0,0
5201,105,1,5,2,0,0,0,0
5202,105,2,5,2,0,0,0,0
5203,105,3,1,1,0,0,0,0
5204,105,4,1,1,0,0,1,1
5205,105,5,8,2,1,1,-1,0
5206,105,6,6,2,0,1,1,-1
5207,105,7,3,1,1,0,0,0
5208,105,8,7,2,1,0,0,0
5209,105,9,3,1,1,0,0,0
5210,105,10,3,1,1,0,-1,0
5211,105,11,1,1,0,0,1,0
5212,105,12,3,1,1,0,0,1
5213,105,13,8,2,1,1,0,0
5214,105,14,8,2,1,1,0,-1
5215,105,15,3,1,1,0,-1,0
5216,105,16,5,2,0,0,0,0
5217,105,17,1,1,0,0,1,0
5218,105,18,7,2,1,0,0,0
5219,105,19,7,2,1,0,0,0
5220,105,20,7,2,1,0,0,0
5221,105,21,3,1,1,0,0,1
5222,105,22,8,2,1,1,0,0
5223,105,23,4,1,1,1,0,0
5224,105,24,4,1,1,1,0,0
5225,105,25,4,1,1,1,0,0
5226,105,26,8,2,1,1,0,-1
5227,105,27,7,2,1,0,-1,0
5228,105,28,1,1,0,0,1,0
5229,105,29,3,1,1,0,-1,0
5230,105,30,5,2,0,0,0,0
5231,105,31,5,2,0,0,1,0
5232,105,32,3,1,1,0,0,1
5233,105,33,4,1,1,1,-1,-1
5234,105,34,1,1,0,0,1,0
5235,105,35,7,2,1,0,0,0
5236,105,36,7,2,1,0,0,0
5237,105,37,7,2,1,0,0,0
5238,105,38,7,2,1,0,0,1
5239,105,39,8,2,1,1,0,0
5240,105,40,4,1,1,1,0,0
5241,105,41,8,2,1,1,0,-1
5242,105,42,3,1,1,0,0,0
5243,105,43,3,1,1,0,0,1
5244,105,44,4,1,1,1,-1,0
5245,105,45,2,1,0,1,0,0
5246,105,46,6,2,0,1,0,-1
5247,105,47,5,2,0,0,0,1
5248,105,48,2,1,0,1,0,0
5249,105,49,2,1,0,1,0,0
5250,105,50,6,2,0,1,1,0
5251,106,1,4,1,1,1,0,-1
5252,106,2,3,1,1,0,0,1
5253,106,3,8,2,1,1,0,0
5254,106,4,8,2,1,1,0,-1
5255,106,5,7,2,1,0,0,1
5256,106,6,8,2,1,1,0,0
5257,106,7,8,2,1,1,-1,0
5258,106,8,6,2,0,1,1,0
5259,106,9,8,2,1,1,0,0
5260,106,10,8,2,1,1,-1,-1
5261,106,11,5,2,0,0,1,1
5262,106,12,8,2,1,1,0,0
5263,106,13,4,1,1,1,0,0
5264,106,14,4,1,1,1,0,-1
5265,106,15,3,1,1,0,-1,0
5266,106,16,5,2,0,0,0,0
5267,106,17,5,2,0,0,1,0
5268,106,18,3,1,1,0,0,0
5269,106,19,7,2,1,0,-1,0
5270,106,20,1,1,0,0,1,0
5271,106,21,3,1,1,0,0,0
5272,106,22,3,1,1,0,-1,0
5273,106,23,5,2,0,0,0,0
5274,106,24,1,1,0,0,1,1
5275,106,25,4,1,1,1,0,-1
5276,106,26,3,1,1,0,0,1
5277,106,27,8,2,1,1,0,0
5278,106,28,8,2,1,1,0,0
5279,106,29,8,2,1,1,-1,-1
5280,106,30,1,1,0,0,1,0
5281,106,31,3,1,1,0,0,0
5282,106,32,3,1,1,0,0,0
5283,106,33,3,1,1,0,0,1
5284,106,34,8,2,1,1,0,0
5285,106,35,8,2,1,1,0,0
5286,106,36,8,2,1,1,0,0
5287,106,37,8,2,1,1,-1,0
5288,106,38,6,2,0,1,0,0
5289,106,39,2,1,0,1,0,0
5290,106,40,2,1,0,1,1,0
5291,106,41,8,2,1,1,0,-1
5292,106,42,7,2,1,0,0,0
5293,106,43,3,1,1,0,0,0
5294,106,44,3,1,1,0,0,0
5295,106,45,3,1,1,0,0,0
5296,106,46,3,1,1,0,0,1
5297,106,47,4,1,1,1,0,0
5298,106,48,4,1,1,1,-1,0
5299,106,49,2,1,0,1,0,0
5300,106,50,2,1,0,1,0,0
5301,107,1,7,2,1,0,0,0
5302,107,2,7,2,1,0,-1,0
5303,107,3,1,1,0,0,0,1
5304,107,4,6,2,0,1,1,0
5305,107,5,8,2,1,1,0,-1
5306,107,6,3,1,1,0,0,0
5307,107,7,3,1,1,0,0,0
5308,107,8,3,1,1,0,0,0
5309,107,9,3,1,1,0,-1,0
5310,107,10,1,1,0,0,1,0
5311,107,11,3,1,1,0,0,0
5312,107,12,3,1,1,0,0,0
5313,107,13,7,2,1,0,0,0
5314,107,14,3,1,1,0,0,1
5315,107,15,4,1,1,1,0,0
5316,107,16,4,1,1,1,0,0
5317,107,17,8,2,1,1,0,0
5318,107,18,8,2,1,1,0,0
5319,107,19,4,1,1,1,0,0
5320,107,20,8,2,1,1,0,0
5321,107,21,4,1,1,1,-1,-1
5322,107,22,1,1,0,0,0,0
5323,107,23,5,2,0,0,1,1
5324,107,24,8,2,1,1,0,0
5325,107,25,4,1,1,1,-1,0
5326,107,26,2,1,0,1,0,0
5327,107,27,6,2,0,1,0,0
5328,107,28,6,2,0,1,0,0
5329,107,29,2,1,0,1,0,0
5330,107,30,2,1,0,1,0,0
5331,107,31,2,1,0,1,0,0
5332,107,32,6,2,0,1,0,0
5333,107,33,6,2,0,1,0,0
5334,107,34,6,2,0,1,0,0
5335,107,35,2,1,0,1,0,0
5336,107,36,2,1,0,1,0,0
5337,107,37,6,2,0,1,0,0
5338,107,38,2,1,0,1,1,0
5339,107,39,8,2,1,1,0,0
5340,107,40,8,2,1,1,0,0
5341,107,41,4,1,1,1,-1,0
5342,107,42,2,1,0,1,0,-1
5343,107,43,1,1,0,0,0,1
5344,107,44,6,2,0,1,0,0
5345,107,45,6,2,0,1,1,0
5346,107,46,4,1,1,1,0,0
5347,107,47,4,1,1,1,0,-1
5348,107,48,7,2,1,0,0,1
5349,107,49,4,1,1,1,0,0
5350,107,50,4,1,1,1,-1,0
5351,108,1,7,2,1,0,0,0
5352,108,2,3,1,1,0,-1,0
5353,108,3,1,1,0,0,0,0
5354,108,4,5,2,0,0,0,1
5355,108,5,6,2,0,1,0,0
5356,108,6,2,1,0,1,0,0
5357,108,7,2,1,0,1,0,-1
5358,108,8,5,2,0,0,1,0
5359,108,9,3,1,1,0,0,0
5360,108,10,3,1,1,0,0,0
5361,108,11,3,1,1,0,0,0
5362,108,12,7,2,1,0,0,0
5363,108,13,3,1,1,0,0,0
5364,108,14,3,1,1,0,0,0
5365,108,15,3,1,1,0,0,1
5366,108,16,8,2,1,1,0,0
5367,108,17,8,2,1,1,0,0
5368,108,18,8,2,1,1,0,0
5369,108,19,8,2,1,1,0,0
5370,108,20,8,2,1,1,0,0
5371,108,21,8,2,1,1,0,0
5372,108,22,8,2,1,1,0,0
5373,108,23,8,2,1,1,0,0
5374,108,24,4,1,1,1,0,0
5375,108,25,4,1,1,1,0,-1
5376,108,26,3,1,1,0,0,1
5377,108,27,4,1,1,1,0,-1
5378,108,28,7,2,1,0,0,0
5379,108,29,3,1,1,0,0,0
5380,108,30,3,1,1,0,0,0
5381,108,31,3,1,1,0,-1,0
5382,108,32,1,1,0,0,1,0
5383,108,33,3,1,1,0,0,0
5384,108,34,3,1,1,0,0,1
5385,108,35,4,1,1,1,0,0
5386,108,36,4,1,1,1,0,0
5387,108,37,8,2,1,1,0,-1
5388,108,38,3,1,1,0,0,0
5389,108,39,3,1,1,0,-1,1
5390,108,40,2,1,0,1,1,0
5391,108,41,8,2,1,1,-1,-1
5392,108,42,5,2,0,0,0,1
5393,108,43,6,2,0,1,0,-1
5394,108,44,1,1,0,0,1,0
5395,108,45,3,1,1,0,0,0
5396,108,46,7,2,1,0,0,1
5397,108,47,4,1,1,1,0,-1
5398,108,48,3,1,1,0,0,1
5399,108,49,4,1,1,1,-1,0
5400,108,50,2,1,0,1,0,0
5401,109,1,6,2,0,1,0,0
5402,109,2,6,2,0,1,1,0
5403,109,3,4,1,1,1,-1,0
5404,109,4,2,1,0,1,0,0
5405,109,5,2,1,0,1,1,0
5406,109,6,8,2,1,1,0,0
5407,109,7,8,2,1,1,0,0
5408,109,8,4,1,1,1,0,0
5409,109,9,4,1,1,1,-1,0
5410,109,10,2,1,0,1,0,0
5411,109,11,2,1,0,1,0,0
5412,109,12,2,1,0,1,0,0
5413,109,13,2,1,0,1,0,0
5414,109,14,2,1,0,1,0,-1
5415,109,15,1,1,0,0,0,0
5416,109,16,1,1,0,0,0,1
5417,109,17,2,1,0,1,0,0
5418,109,18,6,2,0,1,0,0
5419,109,19,2,1,0,1,0,0
5420,109,20,6,2,0,1,0,0
5421,109,21,6,2,0,1,1,0
5422,109,22,8,2,1,1,0,0
5423,109,23,8,2,1,1,0,0
5424,109,24,4,1,1,1,0,-1
5425,109,25,3,1,1,0,0,0
5426,109,26,7,2,1,0,0,0
5427,109,27,7,2,1,0,0,1
5428,109,28,8,2,1,1,0,0
5429,109,29,4,1,1,1,0,0
5430,109,30,8,2,1,1,0,0
5431,109,31,4,1,1,1,0,0
5432,109,32,4,1,1,1,-1,-1
5433,109,33,1,1,0,0,0,0
5434,109,34,1,1,0,0,1,1
5435,109,35,4,1,1,1,0,0
5436,109,36,4,1,1,1,0,0
5437,109,37,8,2,1,1,0,0
5438,109,38,4,1,1,1,0,0
5439,109,39,4,1,1,1,0,0
5440,109,40,8,2,1,1,0,0
5441,109,41,8,2,1,1,0,0
5442,109,42,4,1,1,1,0,0
5443,109,43,8,2,1,1,0,0
5444,109,44,4,1,1,1,-1,0
5445,109,45,2,1,0,1,0,0
5446,109,46,2,1,0,1,0,-1
5447,109,47,5,2,0,0,0,0
5448,109,48,1,1,0,0,1,0
5449,109,49,3,1,1,0,0,0
5450,109,50,3,1,1,0,-1,1
5451,110,1,7,2,1,0,0,0
5452,110,2,3,1,1,0,0,0
5453,110,3,3,1,1,0,-1,0
5454,110,4,1,1,0,0,1,1
5455,110,5,8,2,1,1,0,-1
5456,110,6,7,2,1,0,-1,0
5457,110,7,5,2,0,0,1,0
5458,110,8,7,2,1,0,0,1
5459,110,9,8,2,1,1,0,0
5460,110,10,8,2,1,1,0,0
5461,110,11,8,2,1,1,0,0
5462,110,12,8,2,1,1,0,0
5463,110,13,4,1,1,1,0,0
5464,110,14,8,2,1,1,-1,0
5465,110,15,2,1,0,1,0,0
5466,110,16,2,1,0,1,0,-1
5467,110,17,1,1,0,0,0,0
5468,110,18,5,2,0,0,0,0
5469,110,19,1,1,0,0,0,0
5470,110,20,5,2,0,0,0,0
5471,110,21,5,2,0,0,1,0
5472,110,22,7,2,1,0,0,1
5473,110,23,8,2,1,1,0,0
5474,110,24,4,1,1,1,0,0
5475,110,25,4,1,1,1,0,0
5476,110,26,4,1,1,1,0,0
5477,110,27,8,2,1,1,-1,-1
5478,110,28,5,2,0,0,1,0
5479,110,29,3,1,1,0,0,0
5480,110,30,3,1,1,0,-1,0
5481,110,31,1,1,0,0,1,0
5482,110,32,7,2,1,0,0,0
5483,110,33,3,1,1,0,-1,0
5484,110,34,5,2,0,0,0,0
5485,110,35,5,2,0,0,0,0
5486,110,36,5,2,0,0,1,1
5487,110,37,8,2,1,1,0,-1
5488,110,38,7,2,1,0,0,0
5489,110,39,3,1,1,0,-1,0
5490,110,40,1,1,0,0,0,0
5491,110,41,1,1,0,0,1,0
5492,110,42,3,1,1,0,0,0
5493,110,43,7,2,1,0,0,0
5494,110,44,3,1,1,0,0,0
5495,110,45,3,1,1,0,0,0
5496,110,46,7,2,1,0,-1,1
5497,110,47,6,2,0,1,0,0
5498,110,48,6,2,0,1,0,0
5499,110,49,6,2,0,1,0,0
5500,110,50,6,2,0,1,1,0
5501,111,1,6,2,0,1,0,0
5502,111,2,2,1,0,1,0,0
5503,111,3,2,1,0,1,0,0
5504,111,4,6,2,0,1,1,0
5505,111,5,4,1,1,1,-1,0
5506,111,6,2,1,0,1,0,0
5507,111,7,2,1,0,1,0,0
5508,111,8,2,1,0,1,0,0
5509,111,9,2,1,0,1,1,0
5510,111,10,8,2,1,1,-1,0
5511,111,11,2,1,0,1,1,0
5512,111,12,8,2,1,1,0,0
5513,111,13,8,2,1,1,0,0
5514,111,14,4,1,1,1,-1,-1
5515,111,15,5,2,0,0,0,1
5516,111,16,2,1,0,1,1,-1
5517,111,17,3,1,1,0,0,0
5518,111,18,3,1,1,0,0,0
5519,111,19,7,2,1,0,0,0
5520,111,20,7,2,1,0,0,1
5521,111,21,8,2,1,1,0,0
5522,111,22,8,2,1,1,0,0
5523,111,23,8,2,1,1,0,-1
5524,111,24,3,1,1,0,0,0
5525,111,25,7,2,1,0,0,0
5526,111,26,7,2,1,0,-1,0
5527,111,27,1,1,0,0,0,0
5528,111,28,1,1,0,0,0,1
5529,111,29,2,1,0,1,0,0
5530,111,30,6,2,0,1,0,0
5531,111,31,6,2,0,1,0,0
5532,111,32,6,2,0,1,0,-1
5533,111,33,5,2,0,0,0,0
5534,111,34,5,2,0,0,0,0
5535,111,35,1,1,0,0,0,1
5536,111,36,2,1,0,1,1,0
5537,111,37,4,1,1,1,-1,-1
5538,111,38,1,1,0,0,0,0
5539,111,39,1,1,0,0,0,0
5540,111,40,1,1,0,0,0,0
5541,111,41,5,2,0,0,0,0
5542,111,42,5,2,0,0,1,1
5543,111,43,8,2,1,1,0,-1
5544,111,44,7,2,1,0,-1,0
5545,111,45,1,1,0,0,0,0
5546,111,46,1,1,0,0,0,0
5547,111,47,1,1,0,0,0,0
5548,111,48,5,2,0,0,0,1
5549,111,49,6,2,0,1,0,0
5550,111,50,6,2,0,1,1,-1
5551,112,1,8,2,1,1,0,0
5552,112,2,8,2,1,1,0,0
5553,112,3,8,2,1,1,0,0
5554,112,4,4,1,1,1,0,0
5555,112,5,8,2,1,1,-1,-1
5556,112,6,5,2,0,0,1,0
5557,112,7,7,2,1,0,0,1
5558,112,8,8,2,1,1,-1,0
5559,112,9,2,1,0,1,0,-1
5560,112,10,1,1,0,0,0,0
5561,112,11,1,1,0,0,0,1
5562,112,12,2,1,0,1,0,0
5563,112,13,2,1,0,1,0,0
5564,112,14,2,1,0,1,0,0
5565,112,15,2,1,0,1,1,0
5566,112,16,4,1,1,1,0,0
5567,112,17,4,1,1,1,0,0
5568,112,18,4,1,1,1,-1,0
5569,112,19,6,2,0,1,1,0
5570,112,20,4,1,1,1,0,0
5571,112,21,4,1,1,1,0,0
5572,112,22,8,2,1,1,0,0
5573,112,23,4,1,1,1,0,0
5574,112,24,4,1,1,1,0,0
5575,112,25,4,1,1,1,0,-1
5576,112,26,3,1,1,0,0,1
5577,112,27,4,1,1,1,0,0
5578,112,28,4,1,1,1,0,0
5579,112,29,4,1,1,1,-1,0
5580,112,30,2,1,0,1,0,0
5581,112,31,2,1,0,1,0,0
5582,112,32,2,1,0,1,0,0
5583,112,33,6,2,0,1,0,0
5584,112,34,6,2,0,1,0,0
5585,112,35,6,2,0,1,1,0
5586,112,36,8,2,1,1,0,-1
5587,112,37,3,1,1,0,0,0
5588,112,38,3,1,1,0,0,0
5589,112,39,3,1,1,0,0,1
5590,112,40,8,2,1,1,0,-1
5591,112,41,3,1,1,0,0,1
5592,112,42,4,1,1,1,0,-1
5593,112,43,7,2,1,0,0,1
5594,112,44,8,2,1,1,0,-1
5595,112,45,3,1,1,0,0,0
5596,112,46,3,1,1,0,0,0
5597,112,47,3,1,1,0,0,0
5598,112,48,3,1,1,0,0,0
5599,112,49,7,2,1,0,0,0
5600,112,50,3,1,1,0,0,0
5601,113,1,2,1,0,1,0,0
5602,113,2,2,1,0,1,0,0
5603,113,3,2,1,0,1,0,0
5604,113,4,2,1,0,1,1,0
5605,113,5,4,1,1,1,0,0
5606,113,6,8,2,1,1,0,0
5607,113,7,8,2,1,1,0,0
5608,113,8,8,2,1,1,0,0
5609,113,9,8,2,1,1,0,0
5610,113,10,8,2,1,1,0,0
5611,113,11,4,1,1,1,0,-1
5612,113,12,3,1,1,0,0,0
5613,113,13,3,1,1,0,-1,1
5614,113,14,2,1,0,1,1,0
5615,113,15,4,1,1,1,0,-1
5616,113,16,3,1,1,0,0,0
5617,113,17,3,1,1,0,0,0
5618,113,18,7,2,1,0,0,0
5619,113,19,3,1,1,0,0,0
5620,113,20,7,2,1,0,0,0
5621,113,21,3,1,1,0,0,0
5622,113,22,3,1,1,0,0,0
5623,113,23,3,1,1,0,0,0
5624,113,24,3,1,1,0,-1,0
5625,113,25,5,2,0,0,0,0
5626,113,26,1,1,0,0,0,1
5627,113,27,2,1,0,1,1,0
5628,113,28,8,2,1,1,0,0
5629,113,29,4,1,1,1,-1,0
5630,113,30,2,1,0,1,1,0
5631,113,31,4,1,1,1,0,0
5632,113,32,4,1,1,1,0,-1
5633,113,33,3,1,1,0,0,0
5634,113,34,3,1,1,0,0,0
5635,113,35,7,2,1,0,0,0
5636,113,36,3,1,1,0,0,0
5637,113,37,3,1,1,0,0,0
5638,113,38,3,1,1,0,0,0
5639,113,39,7,2,1,0,0,0
5640,113,40,7,2,1,0,0,0
5641,113,41,7,2,1,0,0,1
5642,113,42,8,2,1,1,0,0
5643,113,43,8,2,1,1,0,0
5644,113,44,4,1,1,1,0,0
5645,113,45,4,1,1,1,-1,0
5646,113,46,2,1,0,1,1,-1
5647,113,47,3,1,1,0,-1,0
5648,113,48,1,1,0,0,0,1
5649,113,49,6,2,0,1,0,0
5650,113,50,6,2,0,1,0,-1
5651,114,1,5,2,0,0,1,0
5652,114,2,7,2,1,0,0,0
5653,114,3,7,2,1,0,0,0
5654,114,4,7,2,1,0,0,1
5655,114,5,4,1,1,1,0,0
5656,114,6,4,1,1,1,0,0
5657,114,7,4,1,1,1,0,0
5658,114,8,8,2,1,1,0,0
5659,114,9,4,1,1,1,0,0
5660,114,10,8,2,1,1,0,-1
5661,114,11,3,1,1,0,0,1
5662,114,12,8,2,1,1,0,-1
5663,114,13,7,2,1,0,0,0
5664,114,14,7,2,1,0,0,0
5665,114,15,3,1,1,0,0,0
5666,114,16,3,1,1,0,0,0
5667,114,17,3,1,1,0,0,1
5668,114,18,4,1,1,1,0,0
5669,114,19,4,1,1,1,0,-1
5670,114,20,3,1,1,0,0,0
5671,114,21,7,2,1,0,-1,1
5672,114,22,6,2,0,1,1,0
5673,114,23,8,2,1,1,-1,0
5674,114,24,2,1,0,1,0,0
5675,114,25,2,1,0,1,1,-1
5676,114,26,7,2,1,0,0,0
5677,114,27,7,2,1,0,-1,0
5678,114,28,5,2,0,0,0,0
5679,114,29,1,1,0,0,1,0
5680,114,30,3,1,1,0,0,0
5681,114,31,3,1,1,0,0,0
5682,114,32,7,2,1,0,0,1
5683,114,33,8,2,1,1,0,0
5684,114,34,4,1,1,1,-1,0
5685,114,35,2,1,0,1,0,0
5686,114,36,6,2,0,1,1,0
5687,114,37,8,2,1,1,0,0
5688,114,38,4,1,1,1,0,-1
5689,114,39,7,2,1,0,0,0
5690,114,40,3,1,1,0,0,1
5691,114,41,4,1,1,1,0,0
5692,114,42,8,2,1,1,0,-1
5693,114,43,3,1,1,0,0,1
5694,114,44,8,2,1,1,0,0
5695,114,45,8,2,1,1,-1,0
5696,114,46,2,1,0,1,1,0
5697,114,47,8,2,1,1,0,-1
5698,114,48,3,1,1,0,0,0
5699,114,49,3,1,1,0,0,1
5700,114,50,4,1,1,1,0,0
5701,115,1,1,1,0,0,0,0
5702,115,2,5,2,0,0,0,0
5703,115,3,5,2,0,0,1,0
5704,115,4,3,1,1,0,0,0
5705,115,5,3,1,1,0,0,0
5706,115,6,7,2,1,0,-1,0
5707,115,7,1,1,0,0,0,0
5708,115,8,5,2,0,0,0,0
5709,115,9,1,1,0,0,1,0
5710,115,10,3,1,1,0,0,0
5711,115,11,3,1,1,0,0,0
5712,115,12,7,2,1,0,0,0
5713,115,13,7,2,1,0,0,0
5714,115,14,7,2,1,0,0,0
5715,115,15,7,2,1,0,0,0
5716,115,16,3,1,1,0,0,0
5717,115,17,7,2,1,0,0,1
5718,115,18,4,1,1,1,0,0
5719,115,19,4,1,1,1,-1,-1
5720,115,20,1,1,0,0,0,1
5721,115,21,2,1,0,1,0,0
5722,115,22,6,2,0,1,0,0
5723,115,23,6,2,0,1,1,0
5724,115,24,8,2,1,1,0,0
5725,115,25,4,1,1,1,0,0
5726,115,26,4,1,1,1,-1,-1
5727,115,27,1,1,0,0,1,0
5728,115,28,7,2,1,0,0,0
5729,115,29,7,2,1,0,0,0
5730,115,30,3,1,1,0,-1,0
5731,115,31,1,1,0,0,1,1
5732,115,32,8,2,1,1,0,0
5733,115,33,8,2,1,1,-1,-1
5734,115,34,1,1,0,0,1,0
5735,115,35,3,1,1,0,0,0
5736,115,36,7,2,1,0,0,0
5737,115,37,3,1,1,0,0,0
5738,115,38,3,1,1,0,0,1
5739,115,39,4,1,1,1,0,0
5740,115,40,8,2,1,1,0,-1
5741,115,41,7,2,1,0,-1,1
5742,115,42,6,2,0,1,0,0
5743,115,43,2,1,0,1,0,0
5744,115,44,2,1,0,1,0,0
5745,115,45,2,1,0,1,0,0
5746,115,46,6,2,0,1,0,0
5747,115,47,2,1,0,1,0,0
5748,115,48,2,1,0,1,0,0
5749,115,49,6,2,0,1,1,-1
5750,115,50,3,1,1,0,0,0
5751,116,1,6,2,0,1,0,-1
5752,116,2,5,2,0,0,0,0
5753,116,3,5,2,0,0,0,0
5754,116,4,1,1,0,0,0,0
5755,116,5,5,2,0,0,1,0
5756,116,6,3,1,1,0,0,0
5757,116,7,7,2,1,0,0,0
5758,116,8,7,2,1,0,-1,0
5759,116,9,1,1,0,0,0,1
5760,116,10,6,2,0,1,0,-1
5761,116,11,5,2,0,0,0,1
5762,116,12,6,2,0,1,1,0
5763,116,13,8,2,1,1,0,0
5764,116,14,8,2,1,1,0,0
5765,116,15,4,1,1,1,0,0
5766,116,16,4,1,1,1,-1,0
5767,116,17,2,1,0,1,0,-1
5768,116,18,1,1,0,0,0,0
5769,116,19,1,1,0,0,1,0
5770,116,20,3,1,1,0,0,1
5771,116,21,8,2,1,1,0,0
5772,116,22,4,1,1,1,-1,0
5773,116,23,2,1,0,1,1,0
5774,116,24,8,2,1,1,-1,-1
5775,116,25,5,2,0,0,0,1
5776,116,26,2,1,0,1,0,0
5777,116,27,2,1,0,1,1,0
5778,116,28,4,1,1,1,0,0
5779,116,29,4,1,1,1,0,-1
5780,116,30,7,2,1,0,0,1
5781,116,31,8,2,1,1,0,0
5782,116,32,4,1,1,1,0,0
5783,116,33,8,2,1,1,-1,0
5784,116,34,6,2,0,1,1,-1
5785,116,35,3,1,1,0,0,0
5786,116,36,7,2,1,0,0,0
5787,116,37,3,1,1,0,0,1
5788,116,38,4,1,1,1,0,-1
5789,116,39,3,1,1,0,0,0
5790,116,40,3,1,1,0,0,0
5791,116,41,7,2,1,0,0,1
5792,116,42,4,1,1,1,0,-1
5793,116,43,7,2,1,0,0,1
5794,116,44,8,2,1,1,0,-1
5795,116,45,7,2,1,0,-1,0
5796,116,46,1,1,0,0,1,0
5797,116,47,3,1,1,0,0,0
5798,116,48,3,1,1,0,0,0
5799,116,49,7,2,1,0,-1,0
5800,116,50,5,2,0,0,0,0
5801,117,1,3,1,1,0,0,0
5802,117,2,7,2,1,0,-1,0
5803,117,3,5,2,0,0,1,0
5804,117,4,7,2,1,0,0,0
5805,117,5,7,2,1,0,0,0
5806,117,6,3,1,1,0,0,1
5807,117,7,8,2,1,1,0,-1
5808,117,8,3,1,1,0,0,0
5809,117,9,3,1,1,0,0,0
5810,117,10,3,1,1,0,-1,0
5811,117,11,1,1,0,0,0,0
5812,117,12,5,2,0,0,0,0
5813,117,13,1,1,0,0,0,0
5814,117,14,5,2,0,0,1,0
5815,117,15,7,2,1,0,0,0
5816,117,16,7,2,1,0,-1,0
5817,117,17,5,2,0,0,0,0
5818,117,18,1,1,0,0,0,0
5819,117,19,1,1,0,0,0,0
5820,117,20,1,1,0,0,0,0
5821,117,21,1,1,0,0,1,0
5822,117,22,7,2,1,0,0,0
5823,117,23,3,1,1,0,0,1
5824,117,24,4,1,1,1,-1,0
5825,117,25,6,2,0,1,0,0
5826,117,26,2,1,0,1,1,0
5827,117,27,4,1,1,1,0,0
5828,117,28,4,1,1,1,0,0
5829,117,29,4,1,1,1,0,-1
5830,117,30,3,1,1,0,-1,1
5831,117,31,2,1,0,1,0,0
5832,117,32,6,2,0,1,0,-1
5833,117,33,5,2,0,0,0,0
5834,117,34,1,1,0,0,0,1
5835,117,35,6,2,0,1,0,0
5836,117,36,6,2,0,1,0,0
5837,117,37,6,2,0,1,1,0
5838,117,38,8,2,1,1,0,-1
5839,117,39,7,2,1,0,0,0
5840,117,40,3,1,1,0,0,0
5841,117,41,7,2,1,0,0,1
5842,117,42,8,2,1,1,-1,0
5843,117,43,6,2,0,1,0,-1
5844,117,44,5,2,0,0,0,0
5845,117,45,5,2,0,0,0,0
5846,117,46,1,1,0,0,1,0
5847,117,47,3,1,1,0,0,0
5848,117,48,3,1,1,0,-1,0
5849,117,49,1,1,0,0,0,0
5850,117,50,1,1,0,0,1,0
5851,118,1,6,2,0,1,1,0
5852,118,2,8,2,1,1,-1,0
5853,118,3,6,2,0,1,0,0
5854,118,4,6,2,0,1,1,0
5855,118,5,8,2,1,1,0,-1
5856,118,6,3,1,1,0,0,0
5857,118,7,7,2,1,0,0,0
5858,118,8,3,1,1,0,-1,0
5859,118,9,1,1,0,0,0,1
5860,118,10,2,1,0,1,0,0
5861,118,11,2,1,0,1,0,-1
5862,118,12,1,1,0,0,0,1
5863,118,13,2,1,0,1,0,0
5864,118,14,2,1,0,1,1,0
5865,118,15,4,1,1,1,0,0
5866,118,16,4,1,1,1,0,-1
5867,118,17,3,1,1,0,0,0
5868,118,18,3,1,1,0,0,0
5869,118,19,3,1,1,0,0,1
5870,118,20,4,1,1,1,0,0
5871,118,21,8,2,1,1,0,0
5872,118,22,4,1,1,1,0,0
5873,118,23,4,1,1,1,-1,0
5874,118,24,2,1,0,1,0,0
5875,118,25,2,1,0,1,1,0
5876,118,26,4,1,1,1,0,0
5877,118,27,4,1,1,1,-1,-1
5878,118,28,1,1,0,0,0,0
5879,118,29,1,1,0,0,0,0
5880,118,30,1,1,0,0,0,1
5881,118,31,2,1,0,1,1,0
5882,118,32,8,2,1,1,0,-1
5883,118,33,3,1,1,0,0,0
5884,118,34,7,2,1,0,0,1
5885,118,35,8,2,1,1,0,-1
5886,118,36,7,2,1,0,0,0
5887,118,37,7,2,1,0,0,0
5888,118,38,7,2,1,0,0,0
5889,118,39,7,2,1,0,-1,0
5890,118,40,1,1,0,0,0,0
5891,118,41,5,2,0,0,0,0
5892,118,42,1,1,0,0,0,1
5893,118,43,6,2,0,1,0,0
5894,118,44,6,2,0,1,0,0
5895,118,45,2,1,0,1,0,-1
5896,118,46,1,1,0,0,0,1
5897,118,47,2,1,0,1,1,0
5898,118,48,4,1,1,1,0,0
5899,118,49,4,1,1,1,-1,0
5900,118,50,2,1,0,1,0,0
5901,119,1,6,2,0,1,0,-1
5902,119,2,5,2,0,0,0,0
5903,119,3,5,2,0,0,0,0
5904,119,4,5,2,0,0,0,0
5905,119,5,1,1,0,0,0,0
5906,119,6,5,2,0,0,1,0
5907,119,7,3,1,1,0,0,0
5908,119,8,3,1,1,0,0,1
5909,119,9,4,1,1,1,0,0
5910,119,10,8,2,1,1,0,-1
5911,119,11,7,2,1,0,-1,0
5912,119,12,1,1,0,0,0,0
5913,119,13,1,1,0,0,0,0
5914,119,14,5,2,0,0,0,1
5915,119,15,6,2,0,1,1,0
5916,119,16,4,1,1,1,0,0
5917,119,17,4,1,1,1,0,0
5918,119,18,4,1,1,1,0,0
5919,119,19,8,2,1,1,0,0
5920,119,20,8,2,1,1,0,0
5921,119,21,4,1,1,1,0,0
5922,119,22,4,1,1,1,0,0
5923,119,23,8,2,1,1,0,0
5924,119,24,8,2,1,1,-1,0
5925,119,25,6,2,0,1,0,0
5926,119,26,6,2,0,1,0,0
5927,119,27,6,2,0,1,0,0
5928,119,28,6,2,0,1,0,0
5929,119,29,6,2,0,1,1,0
5930,119,30,4,1,1,1,0,0
5931,119,31,8,2,1,1,0,0
5932,119,32,8,2,1,1,0,-1
5933,119,33,7,2,1,0,0,1
5934,119,34,4,1,1,1,0,0
5935,119,35,4,1,1,1,0,0
5936,119,36,4,1,1,1,0,0
5937,119,37,4,1,1,1,0,0
5938,119,38,8,2,1,1,0,0
5939,119,39,4,1,1,1,0,0
5940,119,40,4,1,1,1,0,0
5941,119,41,8,2,1,1,-1,0
5942,119,42,6,2,0,1,1,0
5943,119,43,8,2,1,1,0,0
5944,119,44,8,2,1,1,0,0
5945,119,45,8,2,1,1,0,0
5946,119,46,4,1,1,1,0,0
5947,119,47,4,1,1,1,-1,0
5948,119,48,2,1,0,1,1,0
5949,119,49,4,1,1,1,0,0
5950,119,50,8,2,1,1,0,-1
5951,120,1,8,2,1,1,0,0
5952,120,2,4,1,1,1,-1,0
5953,120,3,2,1,0,1,0,-1
5954,120,4,5,2,0,0,0,0
5955,120,5,1,1,0,0,1,1
5956,120,6,4,1,1,1,0,-1
5957,120,7,3,1,1,0,0,0
5958,120,8,7,2,1,0,0,0
5959,120,9,7,2,1,0,0,0
5960,120,10,7,2,1,0,0,1
5961,120,11,4,1,1,1,0,0
5962,120,12,4,1,1,1,0,0
5963,120,13,8,2,1,1,0,0
5964,120,14,4,1,1,1,0,0
5965,120,15,4,1,1,1,0,0
5966,120,16,4,1,1,1,0,0
5967,120,17,4,1,1,1,-1,0
5968,120,18,2,1,0,1,0,0
5969,120,19,2,1,0,1,0,-1
5970,120,20,5,2,0,0,0,0
5971,120,21,5,2,0,0,0,1
5972,120,22,6,2,0,1,0,-1
5973,120,23,5,2,0,0,0,0
5974,120,24,1,1,0,0,0,0
5975,120,25,5,2,0,0,1,0
5976,120,26,3,1,1,0,0,0
5977,120,27,3,1,1,0,0,0
5978,120,28,7,2,1,0,0,0
5979,120,29,3,1,1,0,-1,0
5980,120,30,5,2,0,0,0,0
5981,120,31,1,1,0,0,1,0
5982,120,32,3,1,1,0,-1,0
5983,120,33,5,2,0,0,1,0
5984,120,34,7,2,1,0,0,1
5985,120,35,4,1,1,1,0,0
5986,120,36,4,1,1,1,0,0
5987,120,37,4,1,1,1,0,-1
5988,120,38,3,1,1,0,0,1
5989,120,39,4,1,1,1,0,-1
5990,120,40,7,2,1,0,-1,1
5991,120,41,2,1,0,1,1,0
5992,120,42,8,2,1,1,0,0
5993,120,43,8,2,1,1,-1,0
5994,120,44,6,2,0,1,1,0
5995,120,45,8,2,1,1,0,0
5996,120,46,4,1,1,1,-1,-1
5997,120,47,1,1,0,0,0,0
5998,120,48,1,1,0,0,0,0
5999,120,49,1,1,0,0,1,1
6000,120,50,4,1,1,1,-1,-1
6001,121,1,3,1,1,0,0,0
6002,121,2,3,1,1,0,0,0
6003,121,3,3,1,1,0,-1,0
6004,121,4,5,2,0,0,0,0
6005,121,5,5,2,0,0,1,0
6006,121,6,7,2,1,0,0,1
6007,121,7,4,1,1,1,0,0
6008,121,8,4,1,1,1,0,0
6009,121,9,4,1,1,1,0,-1
6010,121,10,3,1,1,0,0,0
6011,121,11,3,1,1,0,0,0
6012,121,12,7,2,1,0,0,0
6013,121,13,7,2,1,0,0,0
6014,121,14,7,2,1,0,0,0
6015,121,15,3,1,1,0,-1,0
6016,121,16,1,1,0,0,0,0
6017,121,17,1,1,0,0,0,0
6018,121,18,5,2,0,0,0,1
6019,121,19,2,1,0,1,0,0
6020,121,20,6,2,0,1,0,-1
6021,121,21,1,1,0,0,0,0
6022,121,22,1,1,0,0,1,0
6023,121,23,3,1,1,0,0,1
6024,121,24,8,2,1,1,0,-1
6025,121,25,3,1,1,0,0,0
6026,121,26,3,1,1,0,0,0
6027,121,27,3,1,1,0,0,0
6028,121,28,3,1,1,0,0,0
6029,121,29,3,1,1,0,0,0
6030,121,30,3,1,1,0,0,1
6031,121,31,4,1,1,1,0,0
6032,121,32,8,2,1,1,0,0
6033,121,33,8,2,1,1,-1,0
6034,121,34,6,2,0,1,1,0
6035,121,35,8,2,1,1,0,0
6036,121,36,8,2,1,1,0,0
6037,121,37,4,1,1,1,-1,0
6038,121,38,2,1,0,1,0,0
6039,121,39,2,1,0,1,1,0
6040,121,40,4,1,1,1,-1,0
6041,121,41,2,1,0,1,1,0
6042,121,42,4,1,1,1,-1,0
6043,121,43,6,2,0,1,0,-1
6044,121,44,5,2,0,0,0,1
6045,121,45,6,2,0,1,0,0
6046,121,46,2,1,0,1,1,0
6047,121,47,8,2,1,1,0,0
6048,121,48,4,1,1,1,-1,0
6049,121,49,6,2,0,1,0,0
6050,121,50,6,2,0,1,1,0
6051,122,1,2,1,0,1,1,-1
6052,122,2,7,2,1,0,0,0
6053,122,3,7,2,1,0,0,1
6054,122,4,4,1,1,1,0,0
6055,122,5,8,2,1,1,0,0
6056,122,6,4,1,1,1,0,0
6057,122,7,4,1,1,1,0,0
6058,122,8,4,1,1,1,0,0
6059,122,9,4,1,1,1,0,0
6060,122,10,4,1,1,1,0,0
6061,122,11,4,1,1,1,0,0
6062,122,12,8,2,1,1,0,0
6063,122,13,8,2,1,1,-1,0
6064,122,14,6,2,0,1,0,-1
6065,122,15,5,2,0,0,1,0
6066,122,16,3,1,1,0,0,0
6067,122,17,3,1,1,0,0,1
6068,122,18,4,1,1,1,-1,0
6069,122,19,6,2,0,1,0,0
6070,122,20,6,2,0,1,0,0
6071,122,21,6,2,0,1,0,0
6072,122,22,6,2,0,1,0,0
6073,122,23,2,1,0,1,1,0
6074,122,24,8,2,1,1,0,0
6075,122,25,8,2,1,1,0,0
6076,122,26,4,1,1,1,0,0
6077,122,27,8,2,1,1,-1,0
6078,122,28,6,2,0,1,0,-1
6079,122,29,5,2,0,0,0,0
6080,122,30,5,2,0,0,0,1
6081,122,31,2,1,0,1,0,0
6082,122,32,6,2,0,1,0,0
6083,122,33,2,1,0,1,0,0
6084,122,34,6,2,0,1,0,0
6085,122,35,6,2,0,1,1,-1
6086,122,36,7,2,1,0,0,1
6087,122,37,8,2,1,1,0,-1
6088,122,38,3,1,1,0,0,1
6089,122,39,4,1,1,1,0,0
6090,122,40,8,2,1,1,0,-1
6091,122,41,7,2,1,0,-1,0
6092,122,42,5,2,0,0,0,1
6093,122,43,6,2,0,1,0,0
6094,122,44,2,1,0,1,0,-1
6095,122,45,1,1,0,0,1,0
6096,122,46,3,1,1,0,0,0
6097,122,47,3,1,1,0,0,0
6098,122,48,3,1,1,0,0,1
6099,122,49,4,1,1,1,0,0
6100,122,50,8,2,1,1,0,0
6101,123,1,3,1,1,0,0,1
6102,123,2,4,1,1,1,0,-1
6103,123,3,3,1,1,0,0,0
6104,123,4,3,1,1,0,0,0
6105,123,5,7,2,1,0,0,0
6106,123,6,3,1,1,0,0,1
6107,123,7,4,1,1,1,0,0
6108,123,8,8,2,1,1,0,-1
6109,123,9,7,2,1,0,0,0
6110,123,10,3,1,1,0,0,0
6111,123,11,3,1,1,0,0,1
6112,123,12,8,2,1,1,0,0
6113,123,13,8,2,1,1,0,0
6114,123,14,8,2,1,1,0,0
6115,123,15,4,1,1,1,0,0
6116,123,16,8,2,1,1,0,0
6117,123,17,4,1,1,1,0,0
6118,123,18,4,1,1,1,0,-1
6119,123,19,3,1,1,0,0,0
6120,123,20,3,1,1,0,0,0
6121,123,21,3,1,1,0,0,0
6122,123,22,7,2,1,0,-1,1
6123,123,23,2,1,0,1,0,0
6124,123,24,2,1,0,1,0,0
6125,123,25,6,2,0,1,0,-1
6126,123,26,5,2,0,0,1,0
6127,123,27,7,2,1,0,0,0
6128,123,28,7,2,1,0,0,0
6129,123,29,7,2,1,0,0,0
6130,123,30,7,2,1,0,0,0
6131,123,31,3,1,1,0,0,0
6132,123,32,3,1,1,0,0,1
6133,123,33,8,2,1,1,0,-1
6134,123,34,7,2,1,0,0,0
6135,123,35,3,1,1,0,0,1
6136,123,36,8,2,1,1,-1,0
6137,123,37,6,2,0,1,0,0
6138,123,38,2,1,0,1,0,0
6139,123,39,2,1,0,1,0,0
6140,123,40,2,1,0,1,0,0
6141,123,41,2,1,0,1,1,-1
6142,123,42,3,1,1,0,0,1
6143,123,43,8,2,1,1,0,0
6144,123,44,8,2,1,1,0,0
6145,123,45,8,2,1,1,0,-1
6146,123,46,7,2,1,0,0,1
6147,123,47,4,1,1,1,0,0
6148,123,48,8,2,1,1,0,0
6149,123,49,8,2,1,1,0,-1
6150,123,50,3,1,1,0,0,0
6151,124,1,3,1,1,0,0,1
6152,124,2,8,2,1,1,0,-1
6153,124,3,7,2,1,0,0,0
6154,124,4,3,1,1,0,0,0
6155,124,5,7,2,1,0,0,0
6156,124,6,3,1,1,0,0,0
6157,124,7,3,1,1,0,0,1
6158,124,8,8,2,1,1,0,-1
6159,124,9,3,1,1,0,0,0
6160,124,10,3,1,1,0,-1,0
6161,124,11,5,2,0,0,0,1
6162,124,12,6,2,0,1,0,0
6163,124,13,2,1,0,1,0,0
6164,124,14,2,1,0,1,1,-1
6165,124,15,3,1,1,0,0,1
6166,124,16,8,2,1,1,-1,0
6167,124,17,2,1,0,1,0,-1
6168,124,18,5,2,0,0,1,0
6169,124,19,7,2,1,0,0,0
6170,124,20,3,1,1,0,0,0
6171,124,21,3,1,1,0,-1,0
6172,124,22,1,1,0,0,0,1
6173,124,23,6,2,0,1,0,0
6174,124,24,6,2,0,1,0,0
6175,124,25,2,1,0,1,0,-1
6176,124,26,1,1,0,0,0,1
6177,124,27,2,1,0,1,0,0
6178,124,28,6,2,0,1,1,0
6179,124,29,4,1,1,1,0,-1
6180,124,30,7,2,1,0,0,0
6181,124,31,7,2,1,0,0,0
6182,124,32,3,1,1,0,0,1
6183,124,33,4,1,1,1,0,-1
6184,124,34,3,1,1,0,0,1
6185,124,35,4,1,1,1,0,0
6186,124,36,4,1,1,1,0,-1
6187,124,37,3,1,1,0,0,0
6188,124,38,3,1,1,0,0,0
6189,124,39,7,2,1,0,0,0
6190,124,40,3,1,1,0,0,0
6191,124,41,7,2,1,0,0,0
6192,124,42,3,1,1,0,0,0
6193,124,43,3,1,1,0,0,1
6194,124,44,8,2,1,1,0,0
6195,124,45,8,2,1,1,0,0
6196,124,46,8,2,1,1,0,0
6197,124,47,4,1,1,1,-1,0
6198,124,48,6,2,0,1,0,0
6199,124,49,6,2,0,1,0,0
6200,124,50,2,1,0,1,0,0
6201,125,1,1,1,0,0,0,1
6202,125,2,2,1,0,1,0,-1
6203,125,3,1,1,0,0,0,1
6204,125,4,2,1,0,1,1,0
6205,125,5,8,2,1,1,0,0
6206,125,6,8,2,1,1,0,-1
6207,125,7,7,2,1,0,0,1
6208,125,8,8,2,1,1,0,-1
6209,125,9,7,2,1,0,0,1
6210,125,10,4,1,1,1,0,0
6211,125,11,4,1,1,1,0,0
6212,125,12,8,2,1,1,0,0
6213,125,13,4,1,1,1,0,0
6214,125,14,4,1,1,1,0,0
6215,125,15,4,1,1,1,0,0
6216,125,16,4,1,1,1,0,-1
6217,125,17,7,2,1,0,0,1
6218,125,18,8,2,1,1,0,0
6219,125,19,8,2,1,1,0,0
6220,125,20,8,2,1,1,0,0
6221,125,21,8,2,1,1,0,-1
6222,125,22,7,2,1,0,0,1
6223,125,23,8,2,1,1,0,0
6224,125,24,8,2,1,1,-1,0
6225,125,25,6,2,0,1,0,-1
6226,125,26,1,1,0,0,0,1
6227,125,27,2,1,0,1,0,0
6228,125,28,2,1,0,1,0,0
6229,125,29,2,1,0,1,0,0
6230,125,30,2,1,0,1,1,0
6231,125,31,8,2,1,1,0,0
6232,125,32,4,1,1,1,0,0
6233,125,33,4,1,1,1,0,0
6234,125,34,4,1,1,1,0,0
6235,125,35,8,2,1,1,0,0
6236,125,36,4,1,1,1,-1,0
6237,125,37,2,1,0,1,0,0
6238,125,38,2,1,0,1,0,0
6239,125,39,2,1,0,1,1,0
6240,125,40,4,1,1,1,0,0
6241,125,41,4,1,1,1,0,-1
6242,125,42,3,1,1,0,0,0
6243,125,43,3,1,1,0,0,0
6244,125,44,3,1,1,0,0,1
6245,125,45,4,1,1,1,-1,0
6246,125,46,2,1,0,1,0,-1
6247,125,47,1,1,0,0,0,0
6248,125,48,1,1,0,0,1,0
6249,125,49,7,2,1,0,0,0
6250,125,50,7,2,1,0,0,0
6251,126,1,5,2,0,0,1,0
6252,126,2,7,2,1,0,-1,0
6253,126,3,5,2,0,0,1,1
6254,126,4,8,2,1,1,0,-1
6255,126,5,7,2,1,0,0,0
6256,126,6,3,1,1,0,0,0
6257,126,7,3,1,1,0,0,1
6258,126,8,4,1,1,1,0,0
6259,126,9,4,1,1,1,0,-1
6260,126,10,3,1,1,0,0,0
6261,126,11,3,1,1,0,0,0
6262,126,12,7,2,1,0,0,0
6263,126,13,7,2,1,0,0,1
6264,126,14,8,2,1,1,0,-1
6265,126,15,7,2,1,0,0,0
6266,126,16,7,2,1,0,0,0
6267,126,17,3,1,1,0,0,0
6268,126,18,3,1,1,0,0,0
6269,126,19,3,1,1,0,-1,0
6270,126,20,5,2,0,0,0,0
6271,126,21,5,2,0,0,0,1
6272,126,22,2,1,0,1,0,-1
6273,126,23,1,1,0,0,1,0
6274,126,24,7,2,1,0,-1,1
6275,126,25,6,2,0,1,0,0
6276,126,26,2,1,0,1,0,0
6277,126,27,2,1,0,1,0,-1
6278,126,28,1,1,0,0,0,1
6279,126,29,2,1,0,1,0,-1
6280,126,30,5,2,0,0,0,0
6281,126,31,5,2,0,0,1,0
6282,126,32,7,2,1,0,-1,0
6283,126,33,5,2,0,0,0,0
6284,126,34,5,2,0,0,1,0
6285,126,35,7,2,1,0,0,0
6286,126,36,3,1,1,0,0,0
6287,126,37,3,1,1,0,0,0
6288,126,38,3,1,1,0,0,0
6289,126,39,7,2,1,0,0,0
6290,126,40,7,2,1,0,0,0
6291,126,41,3,1,1,0,0,1
6292,126,42,8,2,1,1,0,-1
6293,126,43,7,2,1,0,-1,0
6294,126,44,1,1,0,0,0,0
6295,126,45,1,1,0,0,0,0
6296,126,46,5,2,0,0,0,1
6297,126,47,6,2,0,1,1,0
6298,126,48,8,2,1,1,0,0
6299,126,49,8,2,1,1,0,0
6300,126,50,4,1,1,1,0,0
6301,127,1,5,2,0,0,0,0
6302,127,2,1,1,0,0,0,0
6303,127,3,1,1,0,0,0,1
6304,127,4,2,1,0,1,0,0
6305,127,5,2,1,0,1,0,0
6306,127,6,2,1,0,1,0,-1
6307,127,7,1,1,0,0,0,0
6308,127,8,1,1,0,0,1,0
6309,127,9,7,2,1,0,-1,0
6310,127,10,1,1,0,0,1,0
6311,127,11,3,1,1,0,0,1
6312,127,12,4,1,1,1,0,-1
6313,127,13,7,2,1,0,-1,0
6314,127,14,1,1,0,0,0,0
6315,127,15,5,2,0,0,0,0
6316,127,16,5,2,0,0,0,0
6317,127,17,1,1,0,0,0,0
6318,127,18,1,1,0,0,1,0
6319,127,19,7,2,1,0,0,1
6320,127,20,8,2,1,1,0,-1
6321,127,21,7,2,1,0,0,0
6322,127,22,3,1,1,0,0,1
6323,127,23,8,2,1,1,0,0
6324,127,24,8,2,1,1,0,-1
6325,127,25,7,2,1,0,0,0
6326,127,26,3,1,1,0,0,1
6327,127,27,4,1,1,1,-1,0
6328,127,28,2,1,0,1,1,0
6329,127,29,4,1,1,1,0,0
6330,127,30,4,1,1,1,0,0
6331,127,31,4,1,1,1,0,-1
6332,127,32,7,2,1,0,0,0
6333,127,33,7,2,1,0,0,1
6334,127,34,4,1,1,1,-1,0
6335,127,35,6,2,0,1,0,0
6336,127,36,6,2,0,1,1,0
6337,127,37,8,2,1,1,-1,-1
6338,127,38,5,2,0,0,0,1
6339,127,39,2,1,0,1,0,0
6340,127,40,2,1,0,1,0,0
6341,127,41,2,1,0,1,0,0
6342,127,42,2,1,0,1,0,-1
6343,127,43,1,1,0,0,0,0
6344,127,44,5,2,0,0,0,0
6345,127,45,1,1,0,0,0,1
6346,127,46,2,1,0,1,0,0
6347,127,47,2,1,0,1,0,0
6348,127,48,6,2,0,1,0,0
6349,127,49,2,1,0,1,1,-1
6350,127,50,3,1,1,0,0,1
6351,128,1,3,1,1,0,0,0
6352,128,2,7,2,1,0,0,1
6353,128,3,4,1,1,1,0,0
6354,128,4,4,1,1,1,0,0
6355,128,5,4,1,1,1,0,0
6356,128,6,8,2,1,1,-1,-1
6357,128,7,5,2,0,0,1,0
6358,128,8,3,1,1,0,-1,0
6359,128,9,1,1,0,0,0,0
6360,128,10,5,2,0,0,0,0
6361,128,11,5,2,0,0,0,0
6362,128,12,5,2,0,0,0,0
6363,128,13,5,2,0,0,0,0
6364,128,14,5,2,0,0,1,1
6365,128,15,8,2,1,1,-1,0
6366,128,16,2,1,0,1,1,0
6367,128,17,4,1,1,1,0,-1
6368,128,18,3,1,1,0,0,1
6369,128,19,8,2,1,1,0,0
6370,128,20,4,1,1,1,-1,0
6371,128,21,2,1,0,1,0,-1
6372,128,22,1,1,0,0,0,0
6373,128,23,5,2,0,0,0,0
6374,128,24,5,2,0,0,0,0
6375,128,25,5,2,0,0,1,0
6376,128,26,7,2,1,0,0,0
6377,128,27,7,2,1,0,0,0
6378,128,28,7,2,1,0,-1,0
6379,128,29,5,2,0,0,0,0
6380,128,30,5,2,0,0,0,0
6381,128,31,1,1,0,0,0,0
6382,128,32,1,1,0,0,0,0
6383,128,33,1,1,0,0,0,1
6384,128,34,2,1,0,1,0,0
6385,128,35,6,2,0,1,0,0
6386,128,36,6,2,0,1,0,-1
6387,128,37,1,1,0,0,1,1
6388,128,38,4,1,1,1,0,0
6389,128,39,4,1,1,1,0,0
6390,128,40,4,1,1,1,0,0
6391,128,41,4,1,1,1,0,0
6392,128,42,8,2,1,1,-1,0
6393,128,43,6,2,0,1,0,0
6394,128,44,6,2,0,1,0,0
6395,128,45,6,2,0,1,0,0
6396,128,46,2,1,0,1,1,0
6397,128,47,4,1,1,1,0,0
6398,128,48,8,2,1,1,0,0
6399,128,49,8,2,1,1,0,0
6400,128,50,4,1,1,1,-1,0
6401,129,1,7,2,1,0,0,1
6402,129,2,4,1,1,1,0,-1
6403,129,3,7,2,1,0,0,0
6404,129,4,7,2,1,0,-1,0
6405,129,5,5,2,0,0,0,0
6406,129,6,5,2,0,0,0,1
6407,129,7,2,1,0,1,1,-1
6408,129,8,3,1,1,0,0,0
6409,129,9,3,1,1,0,0,0
6410,129,10,7,2,1,0,0,0
6411,129,11,7,2,1,0,0,0
6412,129,12,3,1,1,0,0,0
6413,129,13,7,2,1,0,0,0
6414,129,14,7,2,1,0,0,0
6415,129,15,7,2,1,0,0,1
6416,129,16,8,2,1,1,0,-1
6417,129,17,3,1,1,0,0,0
6418,129,18,3,1,1,0,0,0
6419,129,19,3,1,1,0,0,0
6420,129,20,3,1,1,0,0,0
6421,129,21,7,2,1,0,0,1
6422,129,22,8,2,1,1,-1,0
6423,129,23,2,1,0,1,1,0
6424,129,24,4,1,1,1,0,0
6425,129,25,4,1,1,1,0,-1
6426,129,26,3,1,1,0,0,0
6427,129,27,7,2,1,0,-1,0
6428,129,28,1,1,0,0,0,0
6429,129,29,5,2,0,0,0,0
6430,129,30,1,1,0,0,1,0
6431,129,31,7,2,1,0,0,0
6432,129,32,3,1,1,0,0,0
6433,129,33,3,1,1,0,0,0
6434,129,34,3,1,1,0,0,0
6435,129,35,3,1,1,0,0,0
6436,129,36,3,1,1,0,-1,0
6437,129,37,5,2,0,0,0,1
6438,129,38,6,2,0,1,0,0
6439,129,39,6,2,0,1,0,-1
6440,129,40,5,2,0,0,1,0
6441,129,41,7,2,1,0,0,0
6442,129,42,3,1,1,0,0,0
6443,129,43,7,2,1,0,0,0
6444,129,44,3,1,1,0,0,1
6445,129,45,4,1,1,1,-1,0
6446,129,46,6,2,0,1,0,-1
6447,129,47,5,2,0,0,0,0
6448,129,48,5,2,0,0,0,0
6449,129,49,1,1,0,0,0,1
6450,129,50,6,2,0,1,0,0
6451,130,1,8,2,1,1,0,0
6452,130,2,4,1,1,1,-1,0
6453,130,3,2,1,0,1,0,-1
6454,130,4,5,2,0,0,0,1
6455,130,5,6,2,0,1,0,0
6456,130,6,2,1,0,1,0,0
6457,130,7,2,1,0,1,0,0
6458,130,8,2,1,0,1,1,0
6459,130,9,4,1,1,1,0,0
6460,130,10,8,2,1,1,-1,-1
6461,130,11,1,1,0,0,1,0
6462,130,12,3,1,1,0,0,0
6463,130,13,3,1,1,0,0,0
6464,130,14,3,1,1,0,0,1
6465,130,15,4,1,1,1,0,-1
6466,130,16,3,1,1,0,0,0
6467,130,17,3,1,1,0,0,0
6468,130,18,3,1,1,0,-1,0
6469,130,19,1,1,0,0,0,0
6470,130,20,1,1,0,0,0,0
6471,130,21,1,1,0,0,1,0
6472,130,22,7,2,1,0,0,0
6473,130,23,7,2,1,0,0,0
6474,130,24,7,2,1,0,0,0
6475,130,25,3,1,1,0,0,1
6476,130,26,4,1,1,1,0,-1
6477,130,27,7,2,1,0,0,1
6478,130,28,8,2,1,1,-1,0
6479,130,29,6,2,0,1,0,0
6480,130,30,6,2,0,1,1,0
6481,130,31,8,2,1,1,0,0
6482,130,32,8,2,1,1,0,0
6483,130,33,4,1,1,1,0,0
6484,130,34,4,1,1,1,0,0
6485,130,35,8,2,1,1,-1,0
6486,130,36,6,2,0,1,1,0
6487,130,37,8,2,1,1,-1,0
6488,130,38,6,2,0,1,1,0
6489,130,39,8,2,1,1,0,0
6490,130,40,8,2,1,1,0,0
6491,130,41,4,1,1,1,0,0
6492,130,42,4,1,1,1,0,0
6493,130,43,4,1,1,1,0,0
6494,130,44,4,1,1,1,0,0
6495,130,45,4,1,1,1,0,0
6496,130,46,8,2,1,1,0,0
6497,130,47,8,2,1,1,0,0
6498,130,48,8,2,1,1,0,0
6499,130,49,8,2,1,1,-1,0
6500,130,50,6,2,0,1,0,-1
6501,131,1,7,2,1,0,0,1
6502,131,2,8,2,1,1,0,0
6503,131,3,8,2,1,1,-1,0
6504,131,4,2,1,0,1,0,-1
6505,131,5,1,1,0,0,1,1
6506,131,6,4,1,1,1,0,-1
6507,131,7,3,1,1,0,0,0
6508,131,8,3,1,1,0,0,1
6509,131,9,8,2,1,1,0,0
6510,131,10,4,1,1,1,0,0
6511,131,11,4,1,1,1,0,-1
6512,131,12,7,2,1,0,0,0
6513,131,13,3,1,1,0,0,0
6514,131,14,3,1,1,0,0,0
6515,131,15,3,1,1,0,0,1
6516,131,16,4,1,1,1,-1,0
6517,131,17,2,1,0,1,0,0
6518,131,18,2,1,0,1,0,0
6519,131,19,6,2,0,1,0,0
6520,131,20,6,2,0,1,0,0
6521,131,21,6,2,0,1,1,0
6522,131,22,4,1,1,1,0,0
6523,131,23,4,1,1,1,0,0
6524,131,24,8,2,1,1,0,0
6525,131,25,8,2,1,1,0,0
6526,131,26,8,2,1,1,0,0
6527,131,27,8,2,1,1,0,0
6528,131,28,8,2,1,1,0,0
6529,131,29,8,2,1,1,0,-1
6530,131,30,7,2,1,0,0,1
6531,131,31,4,1,1,1,0,0
6532,131,32,4,1,1,1,0,-1
6533,131,33,3,1,1,0,0,0
6534,131,34,3,1,1,0,0,0
6535,131,35,3,1,1,0,0,1
6536,131,36,4,1,1,1,0,-1
6537,131,37,3,1,1,0,-1,0
6538,131,38,1,1,0,0,0,0
6539,131,39,1,1,0,0,0,0
6540,131,40,5,2,0,0,0,0
6541,131,41,1,1,0,0,0,0
6542,131,42,1,1,0,0,1,0
6543,131,43,3,1,1,0,0,0
6544,131,44,3,1,1,0,0,0
6545,131,45,7,2,1,0,0,0
6546,131,46,7,2,1,0,-1,0
6547,131,47,1,1,0,0,0,0
6548,131,48,1,1,0,0,0,1
6549,131,49,2,1,0,1,1,-1
6550,131,50,3,1,1,0,0,0
6551,132,1,5,2,0,0,0,0
6552,132,2,5,2,0,0,0,0
6553,132,3,5,2,0,0,0,0
6554,132,4,5,2,0,0,0,0
6555,132,5,1,1,0,0,0,0
6556,132,6,5,2,0,0,0,0
6557,132,7,5,2,0,0,0,1
6558,132,8,2,1,0,1,1,0
6559,132,9,4,1,1,1,0,0
6560,132,10,4,1,1,1,0,0
6561,132,11,4,1,1,1,0,0
6562,132,12,4,1,1,1,0,0
6563,132,13,4,1,1,1,-1,-1
6564,132,14,1,1,0,0,0,1
6565,132,15,2,1,0,1,0,0
6566,132,16,6,2,0,1,0,0
6567,132,17,2,1,0,1,1,0
6568,132,18,8,2,1,1,0,0
6569,132,19,4,1,1,1,0,0
6570,132,20,4,1,1,1,0,-1
6571,132,21,3,1,1,0,-1,1
6572,132,22,2,1,0,1,0,0
6573,132,23,2,1,0,1,1,0
6574,132,24,8,2,1,1,0,0
6575,132,25,8,2,1,1,0,0
6576,132,26,4,1,1,1,0,0
6577,132,27,4,1,1,1,0,0
6578,132,28,4,1,1,1,0,0
6579,132,29,8,2,1,1,0,0
6580,132,30,8,2,1,1,0,0
6581,132,31,8,2,1,1,0,0
6582,132,32,8,2,1,1,0,0
6583,132,33,8,2,1,1,0,0
6584,132,34,8,2,1,1,0,-1
6585,132,35,7,2,1,0,0,0
6586,132,36,7,2,1,0,0,1
6587,132,37,4,1,1,1,0,0
6588,132,38,4,1,1,1,0,0
6589,132,39,8,2,1,1,0,-1
6590,132,40,3,1,1,0,0,1
6591,132,41,8,2,1,1,0,0
6592,132,42,8,2,1,1,0,0
6593,132,43,8,2,1,1,0,0
6594,132,44,8,2,1,1,0,0
6595,132,45,4,1,1,1,0,0
6596,132,46,8,2,1,1,-1,0
6597,132,47,2,1,0,1,0,0
6598,132,48,2,1,0,1,0,-1
6599,132,49,5,2,0,0,0,1
6600,132,50,6,2,0,1,0,0
6601,133,1,1,1,0,0,0,1
6602,133,2,6,2,0,1,0,0
6603,133,3,2,1,0,1,1,0
6604,133,4,8,2,1,1,0,-1
6605,133,5,3,1,1,0,0,1
6606,133,6,4,1,1,1,0,-1
6607,133,7,3,1,1,0,0,0
6608,133,8,3,1,1,0,0,1
6609,133,9,8,2,1,1,0,0
6610,133,10,8,2,1,1,-1,0
6611,133,11,6,2,0,1,0,0
6612,133,12,6,2,0,1,0,0
6613,133,13,2,1,0,1,0,0
6614,133,14,2,1,0,1,1,0
6615,133,15,8,2,1,1,0,-1
6616,133,16,3,1,1,0,0,0
6617,133,17,3,1,1,0,0,0
6618,133,18,3,1,1,0,0,1
6619,133,19,4,1,1,1,0,0
6620,133,20,4,1,1,1,0,0
6621,133,21,4,1,1,1,0,0
6622,133,22,4,1,1,1,0,0
6623,133,23,4,1,1,1,0,0
6624,133,24,4,1,1,1,0,0
6625,133,25,4,1,1,1,0,0
6626,133,26,4,1,1,1,0,-1
6627,133,27,3,1,1,0,-1,0
6628,133,28,1,1,0,0,0,0
6629,133,29,5,2,0,0,0,0
6630,133,30,1,1,0,0,1,0
6631,133,31,3,1,1,0,0,0
6632,133,32,3,1,1,0,0,0
6633,133,33,7,2,1,0,0,0
6634,133,34,3,1,1,0,0,1
6635,133,35,4,1,1,1,0,0
6636,133,36,4,1,1,1,0,0
6637,133,37,8,2,1,1,-1,0
6638,133,38,6,2,0,1,0,0
6639,133,39,6,2,0,1,0,0
6640,133,40,2,1,0,1,0,0
6641,133,41,6,2,0,1,0,-1
6642,133,42,5,2,0,0,1,0
6643,133,43,7,2,1,0,0,0
6644,133,44,7,2,1,0,-1,1
6645,133,45,6,2,0,1,0,0
6646,133,46,6,2,0,1,1,0
6647,133,47,8,2,1,1,0,-1
6648,133,48,7,2,1,0,0,0
6649,133,49,7,2,1,0,-1,0
6650,133,50,5,2,0,0,0,0
6651,134,1,5,2,0,0,0,1
6652,134,2,2,1,0,1,1,0
6653,134,3,4,1,1,1,-1,0
6654,134,4,2,1,0,1,0,0
6655,134,5,2,1,0,1,0,0
6656,134,6,2,1,0,1,1,0
6657,134,7,4,1,1,1,-1,0
6658,134,8,6,2,0,1,0,-1
6659,134,9,1,1,0,0,0,0
6660,134,10,5,2,0,0,0,0
6661,134,11,5,2,0,0,1,1
6662,134,12,8,2,1,1,0,0
6663,134,13,4,1,1,1,0,0
6664,134,14,4,1,1,1,-1,0
6665,134,15,2,1,0,1,0,-1
6666,134,16,1,1,0,0,0,1
6667,134,17,2,1,0,1,0,-1
6668,134,18,5,2,0,0,0,1
6669,134,19,6,2,0,1,0,-1
6670,134,20,5,2,0,0,0,1
6671,134,21,6,2,0,1,1,0
6672,134,22,8,2,1,1,0,0
6673,134,23,8,2,1,1,0,0
6674,134,24,8,2,1,1,-1,0
6675,134,25,6,2,0,1,0,0
6676,134,26,2,1,0,1,1,0
6677,134,27,4,1,1,1,0,0
6678,134,28,4,1,1,1,-1,0
6679,134,29,2,1,0,1,0,0
6680,134,30,6,2,0,1,0,-1
6681,134,31,1,1,0,0,0,0
6682,134,32,1,1,0,0,1,0
6683,134,33,3,1,1,0,0,0
6684,134,34,3,1,1,0,0,1
6685,134,35,8,2,1,1,0,0
6686,134,36,4,1,1,1,0,0
6687,134,37,4,1,1,1,0,-1
6688,134,38,7,2,1,0,0,0
6689,134,39,7,2,1,0,0,0
6690,134,40,7,2,1,0,0,1
6691,134,41,4,1,1,1,0,-1
6692,134,42,3,1,1,0,0,0
6693,134,43,3,1,1,0,0,0
6694,134,44,3,1,1,0,-1,0
6695,134,45,5,2,0,0,0,1
6696,134,46,2,1,0,1,0,0
6697,134,47,2,1,0,1,0,-1
6698,134,48,1,1,0,0,1,0
6699,134,49,3,1,1,0,-1,0
6700,134,50,1,1,0,0,0,0
6701,135,1,2,1,0,1,1,0
6702,135,2,4,1,1,1,-1,0
6703,135,3,2,1,0,1,0,-1
6704,135,4,1,1,0,0,0,1
6705,135,5,2,1,0,1,1,0
6706,135,6,4,1,1,1,0,-1
6707,135,7,3,1,1,0,0,0
6708,135,8,7,2,1,0,-1,0
6709,135,9,5,2,0,0,0,0
6710,135,10,5,2,0,0,0,0
6711,135,11,5,2,0,0,0,1
6712,135,12,2,1,0,1,0,0
6713,135,13,2,1,0,1,0,0
6714,135,14,2,1,0,1,0,0
6715,135,15,6,2,0,1,0,0
6716,135,16,2,1,0,1,1,-1
6717,135,17,7,2,1,0,-1,0
6718,135,18,1,1,0,0,1,0
6719,135,19,7,2,1,0,0,0
6720,135,20,3,1,1,0,-1,1
6721,135,21,2,1,0,1,0,-1
6722,135,22,5,2,0,0,1,1
6723,135,23,4,1,1,1,-1,0
6724,135,24,2,1,0,1,0,0
6725,135,25,2,1,0,1,0,-1
6726,135,26,1,1,0,0,0,1
6727,135,27,2,1,0,1,0,0
6728,135,28,6,2,0,1,0,-1
6729,135,29,5,2,0,0,1,1
6730,135,30,8,2,1,1,0,0
6731,135,31,8,2,1,1,0,0
6732,135,32,8,2,1,1,0,-1
6733,135,33,3,1,1,0,-1,1
6734,135,34,6,2,0,1,1,0
6735,135,35,4,1,1,1,0,-1
6736,135,36,3,1,1,0,0,1
6737,135,37,4,1,1,1,0,-1
6738,135,38,3,1,1,0,0,0
6739,135,39,7,2,1,0,0,0
6740,135,40,3,1,1,0,0,0
6741,135,41,7,2,1,0,0,0
6742,135,42,7,2,1,0,0,0
6743,135,43,7,2,1,0,0,0
6744,135,44,7,2,1,0,0,0
6745,135,45,7,2,1,0,0,0
6746,135,46,7,2,1,0,0,0
6747,135,47,7,2,1,0,0,0
6748,135,48,7,2,1,0,0,0
6749,135,49,7,2,1,0,0,0
6750,135,50,7,2,1,0,0,1
6751,136,1,8,2,1,1,0,0
6752,136,2,8,2,1,1,0,-1
6753,136,3,3,1,1,0,-1,1
6754,136,4,6,2,0,1,0,-1
6755,136,5,1,1,0,0,0,0
6756,136,6,1,1,0,0,1,1
6757,136,7,8,2,1,1,-1,-1
6758,136,8,1,1,0,0,0,0
6759,136,9,1,1,0,0,0,0
6760,136,10,1,1,0,0,1,0
6761,136,11,3,1,1,0,0,0
6762,136,12,7,2,1,0,0,1
6763,136,13,8,2,1,1,0,0
6764,136,14,4,1,1,1,-1,0
6765,136,15,2,1,0,1,1,0
6766,136,16,4,1,1,1,0,0
6767,136,17,4,1,1,1,0,0
6768,136,18,4,1,1,1,0,0
6769,136,19,4,1,1,1,0,-1
6770,136,20,3,1,1,0,0,1
6771,136,21,4,1,1,1,0,0
6772,136,22,4,1,1,1,0,0
6773,136,23,4,1,1,1,0,0
6774,136,24,8,2,1,1,0,-1
6775,136,25,7,2,1,0,0,0
6776,136,26,7,2,1,0,0,0
6777,136,27,7,2,1,0,-1,0
6778,136,28,5,2,0,0,1,0
6779,136,29,7,2,1,0,0,0
6780,136,30,7,2,1,0,0,1
6781,136,31,8,2,1,1,0,-1
6782,136,32,7,2,1,0,-1,0
6783,136,33,5,2,0,0,1,0
6784,136,34,7,2,1,0,0,0
6785,136,35,7,2,1,0,0,0
6786,136,36,3,1,1,0,-1,1
6787,136,37,6,2,0,1,0,0
6788,136,38,6,2,0,1,0,0
6789,136,39,6,2,0,1,1,0
6790,136,40,8,2,1,1,-1,0
6791,136,41,2,1,0,1,0,0
6792,136,42,2,1,0,1,1,0
6793,136,43,4,1,1,1,0,0
6794,136,44,4,1,1,1,0,0
6795,136,45,4,1,1,1,0,0
6796,136,46,8,2,1,1,0,-1
6797,136,47,7,2,1,0,-1,0
6798,136,48,5,2,0,0,0,0
6799,136,49,5,2,0,0,0,0
6800,136,50,5,2,0,0,0,0
6801,137,1,4,1,1,1,-1,-1
6802,137,2,5,2,0,0,0,1
6803,137,3,6,2,0,1,0,-1
6804,137,4,1,1,0,0,0,0
6805,137,5,1,1,0,0,0,0
6806,137,6,1,1,0,0,0,0
6807,137,7,1,1,0,0,1,0
6808,137,8,3,1,1,0,0,1
6809,137,9,4,1,1,1,0,0
6810,137,10,8,2,1,1,0,0
6811,137,11,8,2,1,1,-1,-1
6812,137,12,5,2,0,0,0,0
6813,137,13,5,2,0,0,0,0
6814,137,14,5,2,0,0,0,0
6815,137,15,5,2,0,0,0,1
6816,137,16,2,1,0,1,0,-1
6817,137,17,1,1,0,0,1,0
6818,137,18,3,1,1,0,0,0
6819,137,19,3,1,1,0,0,0
6820,137,20,3,1,1,0,-1,0
6821,137,21,1,1,0,0,0,1
6822,137,22,2,1,0,1,0,0
6823,137,23,2,1,0,1,0,0
6824,137,24,2,1,0,1,0,0
6825,137,25,2,1,0,1,0,-1
6826,137,26,5,2,0,0,0,1
6827,137,27,6,2,0,1,0,0
6828,137,28,6,2,0,1,0,-1
6829,137,29,5,2,0,0,1,0
6830,137,30,7,2,1,0,0,0
6831,137,31,3,1,1,0,0,1
6832,137,32,4,1,1,1,0,-1
6833,137,33,3,1,1,0,-1,0
6834,137,34,1,1,0,0,1,1
6835,137,35,4,1,1,1,0,0
6836,137,36,4,1,1,1,0,0
6837,137,37,4,1,1,1,0,-1
6838,137,38,3,1,1,0,0,1
6839,137,39,4,1,1,1,-1,0
6840,137,40,2,1,0,1,0,-1
6841,137,41,5,2,0,0,0,0
6842,137,42,5,2,0,0,0,0
6843,137,43,5,2,0,0,0,0
6844,137,44,1,1,0,0,0,0
6845,137,45,1,1,0,0,1,0
6846,137,46,7,2,1,0,0,0
6847,137,47,3,1,1,0,0,0
6848,137,48,7,2,1,0,0,0
6849,137,49,7,2,1,0,0,0
6850,137,50,3,1,1,0,0,1
6851,138,1,5,2,0,0,1,0
6852,138,2,7,2,1,0,-1,0
6853,138,3,5,2,0,0,0,0
6854,138,4,5,2,0,0,0,1
6855,138,5,6,2,0,1,1,0
6856,138,6,8,2,1,1,0,-1
6857,138,7,7,2,1,0,-1,1
6858,138,8,6,2,0,1,0,0
6859,138,9,2,1,0,1,0,0
6860,138,10,2,1,0,1,0,-1
6861,138,11,1,1,0,0,0,1
6862,138,12,2,1,0,1,0,0
6863,138,13,6,2,0,1,1,0
6864,138,14,4,1,1,1,0,0
6865,138,15,4,1,1,1,-1,0
6866,138,16,6,2,0,1,0,-1
6867,138,17,5,2,0,0,0,0
6868,138,18,5,2,0,0,1,0
6869,138,19,7,2,1,0,-1,0
6870,138,20,1,1,0,0,1,0
6871,138,21,3,1,1,0,-1,0
6872,138,22,5,2,0,0,1,0
6873,138,23,7,2,1,0,0,0
6874,138,24,7,2,1,0,-1,0
6875,138,25,5,2,0,0,0,0
6876,138,26,5,2,0,0,1,0
6877,138,27,7,2,1,0,0,0
6878,138,28,7,2,1,0,0,1
6879,138,29,4,1,1,1,0,-1
6880,138,30,7,2,1,0,0,0
6881,138,31,7,2,1,0,0,0
6882,138,32,7,2,1,0,0,0
6883,138,33,3,1,1,0,-1,1
6884,138,34,6,2,0,1,0,0
6885,138,35,6,2,0,1,0,0
6886,138,36,6,2,0,1,0,0
6887,138,37,2,1,0,1,0,-1
6888,138,38,5,2,0,0,0,0
6889,138,39,5,2,0,0,0,0
6890,138,40,5,2,0,0,0,0
6891,138,41,5,2,0,0,0,0
6892,138,42,1,1,0,0,1,1
6893,138,43,4,1,1,1,0,0
6894,138,44,4,1,1,1,0,0
6895,138,45,8,2,1,1,0,0
6896,138,46,8,2,1,1,0,0
6897,138,47,4,1,1,1,0,0
6898,138,48,8,2,1,1,0,0
6899,138,49,4,1,1,1,0,-1
6900,138,50,7,2,1,0,0,1
6901,139,1,8,2,1,1,0,0
6902,139,2,8,2,1,1,0,0
6903,139,3,8,2,1,1,0,0
6904,139,4,4,1,1,1,0,-1
6905,139,5,7,2,1,0,-1,0
6906,139,6,1,1,0,0,0,0
6907,139,7,1,1,0,0,1,1
6908,139,8,8,2,1,1,0,0
6909,139,9,8,2,1,1,-1,0
6910,139,10,6,2,0,1,0,0
6911,139,11,6,2,0,1,0,0
6912,139,12,2,1,0,1,1,0
6913,139,13,4,1,1,1,0,0
6914,139,14,4,1,1,1,0,0
6915,139,15,8,2,1,1,0,0
6916,139,16,8,2,1,1,0,0
6917,139,17,4,1,1,1,0,0
6918,139,18,8,2,1,1,0,-1
6919,139,19,3,1,1,0,0,1
6920,139,20,4,1,1,1,-1,0
6921,139,21,2,1,0,1,0,-1
6922,139,22,1,1,0,0,1,0
6923,139,23,3,1,1,0,0,0
6924,139,24,7,2,1,0,-1,0
6925,139,25,5,2,0,0,0,0
6926,139,26,5,2,0,0,1,0
6927,139,27,7,2,1,0,0,0
6928,139,28,3,1,1,0,0,0
6929,139,29,3,1,1,0,0,0
6930,139,30,7,2,1,0,0,0
6931,139,31,7,2,1,0,0,0
6932,139,32,3,1,1,0,0,1
6933,139,33,8,2,1,1,0,0
6934,139,34,8,2,1,1,0,0
6935,139,35,4,1,1,1,-1,0
6936,139,36,2,1,0,1,0,0
6937,139,37,6,2,0,1,0,0
6938,139,38,6,2,0,1,0,0
6939,139,39,6,2,0,1,0,0
6940,139,40,2,1,0,1,1,0
6941,139,41,4,1,1,1,0,0
6942,139,42,4,1,1,1,0,0
6943,139,43,4,1,1,1,0,0
6944,139,44,4,1,1,1,-1,0
6945,139,45,2,1,0,1,1,0
6946,139,46,4,1,1,1,0,0
6947,139,47,4,1,1,1,0,-1
6948,139,48,3,1,1,0,-1,0
6949,139,49,1,1,0,0,0,0
6950,139,50,1,1,0,0,0,1
6951,140,1,7,2,1,0,-1,0
6952,140,2,5,2,0,0,1,0
6953,140,3,7,2,1,0,0,0
6954,140,4,3,1,1,0,0,0
6955,140,5,7,2,1,0,0,0
6956,140,6,7,2,1,0,0,0
6957,140,7,7,2,1,0,-1,0
6958,140,8,5,2,0,0,0,0
6959,140,9,1,1,0,0,1,0
6960,140,10,7,2,1,0,0,0
6961,140,11,3,1,1,0,0,0
6962,140,12,7,2,1,0,0,0
6963,140,13,7,2,1,0,0,1
6964,140,14,8,2,1,1,0,-1
6965,140,15,7,2,1,0,0,0
6966,140,16,3,1,1,0,0,1
6967,140,17,8,2,1,1,-1,-1
6968,140,18,5,2,0,0,1,0
6969,140,19,7,2,1,0,-1,1
6970,140,20,6,2,0,1,0,0
6971,140,21,6,2,0,1,1,0
6972,140,22,8,2,1,1,0,0
6973,140,23,8,2,1,1,0,0
6974,140,24,8,2,1,1,0,0
6975,140,25,4,1,1,1,0,0
6976,140,26,4,1,1,1,-1,0
6977,140,27,2,1,0,1,0,-1
6978,140,28,5,2,0,0,0,0
6979,140,29,1,1,0,0,0,0
6980,140,30,1,1,0,0,1,1
6981,140,31,4,1,1,1,0,0
6982,140,32,8,2,1,1,0,0
6983,140,33,4,1,1,1,-1,0
6984,140,34,2,1,0,1,0,0
6985,140,35,2,1,0,1,0,0
6986,140,36,2,1,0,1,0,0
6987,140,37,2,1,0,1,0,0
6988,140,38,6,2,0,1,0,0
6989,140,39,6,2,0,1,0,0
6990,140,40,2,1,0,1,0,0
6991,140,41,2,1,0,1,1,0
6992,140,42,4,1,1,1,-1,0
6993,140,43,2,1,0,1,0,0
6994,140,44,2,1,0,1,0,-1
6995,140,45,1,1,0,0,0,1
6996,140,46,6,2,0,1,1,0
6997,140,47,4,1,1,1,-1,-1
6998,140,48,5,2,0,0,0,0
6999,140,49,5,2,0,0,0,0
7000,140,50,5,2,0,0,0,0
7001,141,1,1,1,0,0,0,0
7002,141,2,1,1,0,0,0,1
7003,141,3,6,2,0,1,1,-1
7004,141,4,3,1,1,0,0,0
7005,141,5,3,1,1,0,0,0
7006,141,6,7,2,1,0,0,0
7007,141,7,7,2,1,0,-1,0
7008,141,8,1,1,0,0,0,0
7009,141,9,1,1,0,0,0,0
7010,141,10,1,1,0,0,0,0
7011,141,11,1,1,0,0,0,0
7012,141,12,1,1,0,0,1,0
7013,141,13,3,1,1,0,0,1
7014,141,14,4,1,1,1,0,0
7015,141,15,4,1,1,1,0,0
7016,141,16,4,1,1,1,-1,0
7017,141,17,2,1,0,1,0,-1
7018,141,18,5,2,0,0,1,0
7019,141,19,7,2,1,0,0,0
7020,141,20,7,2,1,0,0,0
7021,141,21,7,2,1,0,0,0
7022,141,22,3,1,1,0,0,0
7023,141,23,3,1,1,0,0,0
7024,141,24,3,1,1,0,-1,0
7025,141,25,1,1,0,0,1,1
7026,141,26,8,2,1,1,0,0
7027,141,27,4,1,1,1,0,0
7028,141,28,4,1,1,1,0,-1
7029,141,29,3,1,1,0,0,0
7030,141,30,3,1,1,0,0,0
7031,141,31,3,1,1,0,0,0
7032,141,32,3,1,1,0,-1,1
7033,141,33,6,2,0,1,1,0
7034,141,34,4,1,1,1,0,-1
7035,141,35,3,1,1,0,0,0
7036,141,36,7,2,1,0,0,0
7037,141,37,7,2,1,0,-1,0
7038,141,38,1,1,0,0,1,1
7039,141,39,8,2,1,1,0,0
7040,141,40,8,2,1,1,0,0
7041,141,41,4,1,1,1,0,0
7042,141,42,4,1,1,1,0,0
7043,141,43,4,1,1,1,0,0
7044,141,44,4,1,1,1,0,0
7045,141,45,4,1,1,1,-1,0
7046,141,46,2,1,0,1,1,0
7047,141,47,8,2,1,1,0,0
7048,141,48,8,2,1,1,-1,-1
7049,141,49,5,2,0,0,0,0
7050,141,50,5,2,0,0,0,0
7051,142,1,8,2,1,1,0,0
7052,142,2,4,1,1,1,0,0
7053,142,3,8,2,1,1,0,0
7054,142,4,4,1,1,1,0,0
7055,142,5,4,1,1,1,0,-1
7056,142,6,7,2,1,0,0,1
7057,142,7,8,2,1,1,0,-1
7058,142,8,3,1,1,0,0,0
7059,142,9,3,1,1,0,0,0
7060,142,10,7,2,1,0,0,1
7061,142,11,4,1,1,1,0,-1
7062,142,12,3,1,1,0,0,0
7063,142,13,7,2,1,0,0,0
7064,142,14,7,2,1,0,0,0
7065,142,15,7,2,1,0,0,1
7066,142,16,4,1,1,1,-1,0
7067,142,17,2,1,0,1,1,0
7068,142,18,4,1,1,1,0,0
7069,142,19,4,1,1,1,0,0
7070,142,20,8,2,1,1,0,0
7071,142,21,4,1,1,1,0,0
7072,142,22,4,1,1,1,0,0
7073,142,23,4,1,1,1,-1,-1
7074,142,24,5,2,0,0,1,1
7075,142,25,8,2,1,1,-1,0
7076,142,26,6,2,0,1,0,-1
7077,142,27,1,1,0,0,0,0
7078,142,28,1,1,0,0,0,0
7079,142,29,1,1,0,0,0,0
7080,142,30,1,1,0,0,1,0
7081,142,31,7,2,1,0,0,1
7082,142,32,8,2,1,1,0,-1
7083,142,33,7,2,1,0,0,0
7084,142,34,3,1,1,0,-1,0
7085,142,35,5,2,0,0,0,0
7086,142,36,5,2,0,0,1,1
7087,142,37,4,1,1,1,0,0
7088,142,38,4,1,1,1,-1,-1
7089,142,39,1,1,0,0,1,1
7090,142,40,4,1,1,1,0,0
7091,142,41,4,1,1,1,0,0
7092,142,42,4,1,1,1,0,-1
7093,142,43,3,1,1,0,0,0
7094,142,44,3,1,1,0,-1,0
7095,142,45,5,2,0,0,0,0
7096,142,46,5,2,0,0,1,0
7097,142,47,3,1,1,0,-1,0
7098,142,48,1,1,0,0,0,1
7099,142,49,2,1,0,1,0,0
7100,142,50,6,2,0,1,0,-1
7101,143,1,5,2,0,0,0,0
7102,143,2,1,1,0,0,0,0
7103,143,3,1,1,0,0,1,0
7104,143,4,3,1,1,0,0,0
7105,143,5,3,1,1,0,0,0
7106,143,6,7,2,1,0,-1,0
7107,143,7,5,2,0,0,0,0
7108,143,8,1,1,0,0,1,1
7109,143,9,4,1,1,1,0,0
7110,143,10,8,2,1,1,0,0
7111,143,11,8,2,1,1,-1,0
7112,143,12,2,1,0,1,0,0
7113,143,13,2,1,0,1,0,0
7114,143,14,6,2,0,1,1,-1
7115,143,15,7,2,1,0,0,0
7116,143,16,7,2,1,0,-1,0
7117,143,17,5,2,0,0,0,1
7118,143,18,2,1,0,1,0,-1
7119,143,19,1,1,0,0,0,0
7120,143,20,1,1,0,0,0,0
7121,143,21,1,1,0,0,1,0
7122,143,22,3,1,1,0,0,1
7123,143,23,4,1,1,1,-1,0
7124,143,24,2,1,0,1,1,0
7125,143,25,4,1,1,1,0,0
7126,143,26,8,2,1,1,-1,0
7127,143,27,6,2,0,1,0,0
7128,143,28,6,2,0,1,1,0
7129,143,29,8,2,1,1,0,0
7130,143,30,8,2,1,1,0,0
7131,143,31,4,1,1,1,0,0
7132,143,32,4,1,1,1,-1,0
7133,143,33,2,1,0,1,0,0
7134,143,34,2,1,0,1,0,0
7135,143,35,2,1,0,1,0,-1
7136,143,36,1,1,0,0,0,0
7137,143,37,5,2,0,0,0,0
7138,143,38,1,1,0,0,1,0
7139,143,39,7,2,1,0,0,1
7140,143,40,8,2,1,1,0,0
7141,143,41,4,1,1,1,0,0
7142,143,42,8,2,1,1,0,-1
7143,143,43,3,1,1,0,0,0
7144,143,44,7,2,1,0,0,0
7145,143,45,7,2,1,0,0,0
7146,143,46,7,2,1,0,0,0
7147,143,47,7,2,1,0,-1,0
7148,143,48,1,1,0,0,0,0
7149,143,49,1,1,0,0,0,0
7150,143,50,1,1,0,0,0,0
7151,144,1,7,2,1,0,0,1
7152,144,2,8,2,1,1,0,0
7153,144,3,4,1,1,1,0,0
7154,144,4,8,2,1,1,0,0
7155,144,5,8,2,1,1,0,0
7156,144,6,4,1,1,1,0,0
7157,144,7,8,2,1,1,-1,-1
7158,144,8,1,1,0,0,0,0
7159,144,9,1,1,0,0,0,1
7160,144,10,2,1,0,1,0,0
7161,144,11,2,1,0,1,0,0
7162,144,12,6,2,0,1,0,0
7163,144,13,6,2,0,1,0,0
7164,144,14,2,1,0,1,0,0
7165,144,15,2,1,0,1,0,0
7166,144,16,2,1,0,1,1,0
7167,144,17,4,1,1,1,-1,0
7168,144,18,2,1,0,1,0,0
7169,144,19,6,2,0,1,0,0
7170,144,20,2,1,0,1,0,0
7171,144,21,6,2,0,1,0,0
7172,144,22,2,1,0,1,0,0
7173,144,23,2,1,0,1,0,0
7174,144,24,6,2,0,1,0,0
7175,144,25,6,2,0,1,0,0
7176,144,26,6,2,0,1,0,0
7177,144,27,6,2,0,1,0,0
7178,144,28,2,1,0,1,0,0
7179,144,29,2,1,0,1,0,0
7180,144,30,2,1,0,1,0,0
7181,144,31,6,2,0,1,0,-1
7182,144,32,5,2,0,0,0,1
7183,144,33,2,1,0,1,0,0
7184,144,34,2,1,0,1,0,0
7185,144,35,2,1,0,1,0,-1
7186,144,36,5,2,0,0,0,1
7187,144,37,6,2,0,1,0,-1
7188,144,38,5,2,0,0,0,0
7189,144,39,5,2,0,0,0,0
7190,144,40,5,2,0,0,0,1
7191,144,41,2,1,0,1,0,0
7192,144,42,6,2,0,1,0,-1
7193,144,43,5,2,0,0,0,0
7194,144,44,1,1,0,0,0,1
7195,144,45,2,1,0,1,1,0
7196,144,46,4,1,1,1,0,-1
7197,144,47,3,1,1,0,0,0
7198,144,48,3,1,1,0,0,1
7199,144,49,4,1,1,1,-1,0
7200,144,50,2,1,0,1,0,0
7201,145,1,3,1,1,0,0,1
7202,145,2,4,1,1,1,0,-1
7203,145,3,3,1,1,0,0,0
7204,145,4,7,2,1,0,0,0
7205,145,5,3,1,1,0,0,0
7206,145,6,7,2,1,0,0,0
7207,145,7,3,1,1,0,0,0
7208,145,8,3,1,1,0,0,1
7209,145,9,4,1,1,1,0,0
7210,145,10,8,2,1,1,0,0
7211,145,11,8,2,1,1,-1,0
7212,145,12,6,2,0,1,0,-1
7213,145,13,5,2,0,0,1,1
7214,145,14,8,2,1,1,0,0
7215,145,15,8,2,1,1,-1,-1
7216,145,16,1,1,0,0,1,0
7217,145,17,3,1,1,0,0,1
7218,145,18,4,1,1,1,0,0
7219,145,19,4,1,1,1,0,-1
7220,145,20,3,1,1,0,-1,0
7221,145,21,1,1,0,0,0,0
7222,145,22,5,2,0,0,0,0
7223,145,23,5,2,0,0,0,0
7224,145,24,5,2,0,0,0,1
7225,145,25,2,1,0,1,0,0
7226,145,26,2,1,0,1,0,-1
7227,145,27,1,1,0,0,1,0
7228,145,28,7,2,1,0,0,0
7229,145,29,7,2,1,0,0,1
7230,145,30,4,1,1,1,0,0
7231,145,31,8,2,1,1,0,0
7232,145,32,8,2,1,1,0,-1
7233,145,33,7,2,1,0,0,1
7234,145,34,8,2,1,1,-1,0
7235,145,35,6,2,0,1,1,0
7236,145,36,8,2,1,1,0,0
7237,145,37,8,2,1,1,-1,0
7238,145,38,6,2,0,1,0,0
7239,145,39,6,2,0,1,0,0
7240,145,40,6,2,0,1,0,0
7241,145,41,2,1,0,1,0,0
7242,145,42,6,2,0,1,1,0
7243,145,43,4,1,1,1,-1,0
7244,145,44,2,1,0,1,0,0
7245,145,45,6,2,0,1,0,0
7246,145,46,6,2,0,1,1,0
7247,145,47,8,2,1,1,0,0
7248,145,48,4,1,1,1,0,-1
7249,145,49,3,1,1,0,0,0
7250,145,50,3,1,1,0,0,0
7251,146,1,7,2,1,0,0,1
7252,146,2,4,1,1,1,0,-1
7253,146,3,3,1,1,0,0,0
7254,146,4,3,1,1,0,0,0
7255,146,5,3,1,1,0,-1,0
7256,146,6,1,1,0,0,0,0
7257,146,7,1,1,0,0,0,0
7258,146,8,1,1,0,0,0,1
7259,146,9,6,2,0,1,0,0
7260,146,10,2,1,0,1,1,0
7261,146,11,4,1,1,1,-1,0
7262,146,12,6,2,0,1,0,0
7263,146,13,6,2,0,1,0,-1
7264,146,14,5,2,0,0,1,0
7265,146,15,3,1,1,0,-1,0
7266,146,16,1,1,0,0,0,0
7267,146,17,1,1,0,0,0,0
7268,146,18,1,1,0,0,0,1
7269,146,19,2,1,0,1,0,0
7270,146,20,2,1,0,1,0,0
7271,146,21,6,2,0,1,0,0
7272,146,22,6,2,0,1,0,0
7273,146,23,2,1,0,1,0,-1
7274,146,24,5,2,0,0,0,0
7275,146,25,5,2,0,0,1,0
7276,146,26,7,2,1,0,-1,0
7277,146,27,1,1,0,0,0,1
7278,146,28,2,1,0,1,0,0
7279,146,29,6,2,0,1,0,0
7280,146,30,6,2,0,1,0,0
7281,146,31,6,2,0,1,0,0
7282,146,32,6,2,0,1,0,0
7283,146,33,2,1,0,1,1,0
7284,146,34,8,2,1,1,0,0
7285,146,35,8,2,1,1,0,0
7286,146,36,4,1,1,1,0,0
7287,146,37,4,1,1,1,-1,0
7288,146,38,6,2,0,1,0,0
7289,146,39,6,2,0,1,0,-1
7290,146,40,5,2,0,0,1,1
7291,146,41,8,2,1,1,-1,-1
7292,146,42,1,1,0,0,1,0
7293,146,43,3,1,1,0,0,0
7294,146,44,3,1,1,0,0,1
7295,146,45,4,1,1,1,0,0
7296,146,46,4,1,1,1,0,0
7297,146,47,8,2,1,1,0,-1
7298,146,48,3,1,1,0,-1,0
7299,146,49,1,1,0,0,1,0
7300,146,50,7,2,1,0,-1,1
7301,147,1,8,2,1,1,0,0
7302,147,2,8,2,1,1,0,0
7303,147,3,4,1,1,1,0,0
7304,147,4,4,1,1,1,-1,0
7305,147,5,2,1,0,1,0,0
7306,147,6,2,1,0,1,0,0
7307,147,7,2,1,0,1,0,0
7308,147,8,2,1,0,1,1,-1
7309,147,9,3,1,1,0,-1,0
7310,147,10,5,2,0,0,0,0
7311,147,11,5,2,0,0,1,0
7312,147,12,3,1,1,0,-1,1
7313,147,13,2,1,0,1,0,0
7314,147,14,2,1,0,1,0,0
7315,147,15,2,1,0,1,0,0
7316,147,16,2,1,0,1,1,0
7317,147,17,4,1,1,1,0,0
7318,147,18,8,2,1,1,0,0
7319,147,19,4,1,1,1,0,-1
7320,147,20,3,1,1,0,0,0
7321,147,21,3,1,1,0,0,0
7322,147,22,3,1,1,0,0,0
7323,147,23,3,1,1,0,-1,0
7324,147,24,1,1,0,0,0,0
7325,147,25,5,2,0,0,0,1
7326,147,26,6,2,0,1,0,0
7327,147,27,2,1,0,1,0,-1
7328,147,28,5,2,0,0,0,0
7329,147,29,5,2,0,0,0,0
7330,147,30,1,1,0,0,1,1
7331,147,31,4,1,1,1,0,0
7332,147,32,8,2,1,1,0,0
7333,147,33,4,1,1,1,0,-1
7334,147,34,3,1,1,0,0,1
7335,147,35,4,1,1,1,0,0
7336,147,36,4,1,1,1,0,0
7337,147,37,8,2,1,1,0,-1
7338,147,38,7,2,1,0,-1,0
7339,147,39,1,1,0,0,0,0
7340,147,40,1,1,0,0,0,0
7341,147,41,1,1,0,0,0,0
7342,147,42,5,2,0,0,0,0
7343,147,43,1,1,0,0,0,1
7344,147,44,2,1,0,1,0,0
7345,147,45,2,1,0,1,0,0
7346,147,46,2,1,0,1,1,0
7347,147,47,4,1,1,1,0,0
7348,147,48,8,2,1,1,0,0
7349,147,49,4,1,1,1,0,0
7350,147,50,4,1,1,1,-1,-1
7351,148,1,5,2,0,0,1,1
7352,148,2,4,1,1,1,0,0
7353,148,3,4,1,1,1,0,-1
7354,148,4,3,1,1,0,0,0
7355,148,5,3,1,1,0,-1,0
7356,148,6,1,1,0,0,1,1
7357,148,7,8,2,1,1,0,0
7358,148,8,8,2,1,1,0,-1
7359,148,9,7,2,1,0,0,1
7360,148,10,8,2,1,1,-1,-1
7361,148,11,1,1,0,0,0,0
7362,148,12,1,1,0,0,1,0
7363,148,13,3,1,1,0,-1,0
7364,148,14,1,1,0,0,0,0
7365,148,15,1,1,0,0,1,0
7366,148,16,7,2,1,0,0,0
7367,148,17,7,2,1,0,0,0
7368,148,18,3,1,1,0,0,0
7369,148,19,7,2,1,0,0,0
7370,148,20,3,1,1,0,0,0
7371,148,21,3,1,1,0,0,1
7372,148,22,4,1,1,1,0,0
7373,148,23,4,1,1,1,0,0
7374,148,24,8,2,1,1,0,0
7375,148,25,8,2,1,1,0,-1
7376,148,26,3,1,1,0,0,0
7377,148,27,3,1,1,0,-1,0
7378,148,28,1,1,0,0,0,0
7379,148,29,1,1,0,0,0,0
7380,148,30,1,1,0,0,0,1
7381,148,31,6,2,0,1,1,0
7382,148,32,8,2,1,1,0,0
7383,148,33,8,2,1,1,-1,-1
7384,148,34,5,2,0,0,0,0
7385,148,35,5,2,0,0,1,0
7386,148,36,7,2,1,0,0,1
7387,148,37,4,1,1,1,0,0
7388,148,38,4,1,1,1,0,0
7389,148,39,4,1,1,1,-1,0
7390,148,40,2,1,0,1,0,0
7391,148,41,6,2,0,1,0,0
7392,148,42,6,2,0,1,1,0
7393,148,43,8,2,1,1,0,-1
7394,148,44,7,2,1,0,0,0
7395,148,45,3,1,1,0,0,0
7396,148,46,3,1,1,0,0,0
7397,148,47,3,1,1,0,0,0
7398,148,48,7,2,1,0,0,1
7399,148,49,8,2,1,1,0,-1
7400,148,50,7,2,1,0,0,0
7401,149,1,1,1,0,0,0,0
7402,149,2,1,1,0,0,0,0
7403,149,3,5,2,0,0,0,1
7404,149,4,6,2,0,1,0,0
7405,149,5,2,1,0,1,0,0
7406,149,6,2,1,0,1,0,0
7407,149,7,2,1,0,1,0,0
7408,149,8,2,1,0,1,0,0
7409,149,9,2,1,0,1,0,0
7410,149,10,2,1,0,1,0,-1
7411,149,11,5,2,0,0,0,0
7412,149,12,1,1,0,0,0,0
7413,149,13,5,2,0,0,0,1
7414,149,14,6,2,0,1,0,0
7415,149,15,6,2,0,1,0,0
7416,149,16,6,2,0,1,0,-1
7417,149,17,1,1,0,0,1,1
7418,149,18,4,1,1,1,-1,0
7419,149,19,6,2,0,1,0,0
7420,149,20,2,1,0,1,0,0
7421,149,21,2,1,0,1,0,0
7422,149,22,2,1,0,1,0,0
7423,149,23,2,1,0,1,0,0
7424,149,24,6,2,0,1,1,-1
7425,149,25,7,2,1,0,0,0
7426,149,26,7,2,1,0,0,0
7427,149,27,7,2,1,0,0,1
7428,149,28,8,2,1,1,0,-1
7429,149,29,3,1,1,0,0,0
7430,149,30,3,1,1,0,0,1
7431,149,31,8,2,1,1,-1,0
7432,149,32,2,1,0,1,0,0
7433,149,33,2,1,0,1,0,0
7434,149,34,2,1,0,1,1,0
7435,149,35,4,1,1,1,0,0
7436,149,36,8,2,1,1,0,0
7437,149,37,8,2,1,1,0,-1
7438,149,38,3,1,1,0,0,0
7439,149,39,3,1,1,0,0,0
7440,149,40,3,1,1,0,0,1
7441,149,41,4,1,1,1,0,0
7442,149,42,4,1,1,1,-1,-1
7443,149,43,1,1,0,0,0,0
7444,149,44,5,2,0,0,0,1
7445,149,45,2,1,0,1,0,0
7446,149,46,2,1,0,1,0,0
7447,149,47,6,2,0,1,0,-1
7448,149,48,5,2,0,0,0,0
7449,149,49,1,1,0,0,1,0
7450,149,50,3,1,1,0,0,0
7451,150,1,6,2,0,1,1,0
7452,150,2,8,2,1,1,0,-1
7453,150,3,7,2,1,0,0,0
7454,150,4,3,1,1,0,0,0
7455,150,5,7,2,1,0,0,1
7456,150,6,8,2,1,1,-1,0
7457,150,7,6,2,0,1,0,0
7458,150,8,6,2,0,1,0,0
7459,150,9,6,2,0,1,0,0
7460,150,10,2,1,0,1,0,0
7461,150,11,2,1,0,1,0,0
7462,150,12,2,1,0,1,0,0
7463,150,13,2,1,0,1,1,0
7464,150,14,8,2,1,1,0,-1
7465,150,15,7,2,1,0,0,1
7466,150,16,8,2,1,1,-1,-1
7467,150,17,5,2,0,0,0,0
7468,150,18,5,2,0,0,1,0
7469,150,19,3,1,1,0,0,1
7470,150,20,4,1,1,1,0,0
7471,150,21,4,1,1,1,0,0
7472,150,22,4,1,1,1,0,-1
7473,150,23,7,2,1,0,0,0
7474,150,24,7,2,1,0,0,0
7475,150,25,7,2,1,0,0,0
7476,150,26,3,1,1,0,0,0
7477,150,27,3,1,1,0,0,0
7478,150,28,3,1,1,0,0,0
7479,150,29,3,1,1,0,-1,0
7480,150,30,1,1,0,0,0,0
7481,150,31,1,1,0,0,1,0
7482,150,32,3,1,1,0,0,0
7483,150,33,3,1,1,0,-1,0
7484,150,34,1,1,0,0,0,0
7485,150,35,1,1,0,0,1,0
7486,150,36,7,2,1,0,0,0
7487,150,37,7,2,1,0,0,0
7488,150,38,3,1,1,0,0,1
7489,150,39,4,1,1,1,0,0
7490,150,40,4,1,1,1,0,0
7491,150,41,8,2,1,1,-1,-1
7492,150,42,1,1,0,0,1,1
7493,150,43,4,1,1,1,0,-1
7494,150,44,3,1,1,0,0,0
7495,150,45,7,2,1,0,0,1
7496,150,46,8,2,1,1,0,0
7497,150,47,4,1,1,1,0,0
7498,150,48,4,1,1,1,0,0
7499,150,49,8,2,1,1,-1,0
7500,150,50,2,1,0,1,1,0
7501,151,1,7,2,1,0,0,0
7502,151,2,7,2,1,0,0,1
7503,151,3,8,2,1,1,0,-1
7504,151,4,7,2,1,0,0,1
7505,151,5,8,2,1,1,0,-1
7506,151,6,7,2,1,0,-1,1
7507,151,7,2,1,0,1,0,0
7508,151,8,6,2,0,1,0,0
7509,151,9,6,2,0,1,0,0
7510,151,10,6,2,0,1,0,0
7511,151,11,2,1,0,1,0,0
7512,151,12,6,2,0,1,0,0
7513,151,13,2,1,0,1,0,-1
7514,151,14,1,1,0,0,0,1
7515,151,15,2,1,0,1,0,0
7516,151,16,2,1,0,1,0,0
7517,151,17,2,1,0,1,0,0
7518,151,18,2,1,0,1,0,0
7519,151,19,2,1,0,1,0,0
7520,151,20,2,1,0,1,0,0
7521,151,21,6,2,0,1,1,0
7522,151,22,8,2,1,1,0,0
7523,151,23,4,1,1,1,0,-1
7524,151,24,3,1,1,0,0,0
7525,151,25,3,1,1,0,-1,0
7526,151,26,1,1,0,0,0,1
7527,151,27,2,1,0,1,0,0
7528,151,28,6,2,0,1,0,0
7529,151,29,2,1,0,1,0,-1
7530,151,30,1,1,0,0,1,1
7531,151,31,4,1,1,1,0,0
7532,151,32,8,2,1,1,0,0
7533,151,33,8,2,1,1,0,0
7534,151,34,4,1,1,1,-1,0
7535,151,35,2,1,0,1,0,0
7536,151,36,2,1,0,1,0,-1
7537,151,37,1,1,0,0,0,0
7538,151,38,5,2,0,0,0,0
7539,151,39,5,2,0,0,1,1
7540,151,40,8,2,1,1,0,0
7541,151,41,4,1,1,1,0,-1
7542,151,42,3,1,1,0,0,0
7543,151,43,7,2,1,0,0,0
7544,151,44,3,1,1,0,0,0
7545,151,45,3,1,1,0,0,0
7546,151,46,3,1,1,0,0,0
7547,151,47,7,2,1,0,-1,1
7548,151,48,6,2,0,1,1,0
7549,151,49,8,2,1,1,0,-1
7550,151,50,7,2,1,0,0,0
7551,152,1,8,2,1,1,0,0
7552,152,2,4,1,1,1,0,0
7553,152,3,8,2,1,1,-1,0
7554,152,4,6,2,0,1,0,0
7555,152,5,6,2,0,1,0,0
7556,152,6,6,2,0,1,1,0
7557,152,7,8,2,1,1,0,0
7558,152,8,4,1,1,1,0,0
7559,152,9,8,2,1,1,0,-1
7560,152,10,7,2,1,0,0,0
7561,152,11,7,2,1,0,0,0
7562,152,12,3,1,1,0,-1,1
7563,152,13,2,1,0,1,0,0
7564,152,14,2,1,0,1,1,0
7565,152,15,8,2,1,1,0,0
7566,152,16,8,2,1,1,-1,0
7567,152,17,6,2,0,1,0,0
7568,152,18,6,2,0,1,1,0
7569,152,19,4,1,1,1,-1,0
7570,152,20,2,1,0,1,1,-1
7571,152,21,3,1,1,0,0,0
7572,152,22,3,1,1,0,0,0
7573,152,23,3,1,1,0,0,0
7574,152,24,7,2,1,0,0,0
7575,152,25,3,1,1,0,0,1
7576,152,26,4,1,1,1,-1,-1
7577,152,27,1,1,0,0,0,1
7578,152,28,2,1,0,1,1,0
7579,152,29,4,1,1,1,0,0
7580,152,30,8,2,1,1,0,0
7581,152,31,8,2,1,1,0,0
7582,152,32,8,2,1,1,0,0
7583,152,33,8,2,1,1,0,-1
7584,152,34,7,2,1,0,-1,0
7585,152,35,1,1,0,0,0,0
7586,152,36,5,2,0,0,0,0
7587,152,37,5,2,0,0,1,0
7588,152,38,7,2,1,0,-1,0
7589,152,39,5,2,0,0,0,1
7590,152,40,6,2,0,1,0,0
7591,152,41,6,2,0,1,0,0
7592,152,42,6,2,0,1,0,0
7593,152,43,2,1,0,1,1,0
7594,152,44,4,1,1,1,0,0
7595,152,45,4,1,1,1,0,0
7596,152,46,4,1,1,1,0,0
7597,152,47,4,1,1,1,0,0
7598,152,48,4,1,1,1,-1,-1
7599,152,49,1,1,0,0,0,0
7600,152,50,1,1,0,0,0,0
7601,153,1,8,2,1,1,0,-1
7602,153,2,7,2,1,0,0,0
7603,153,3,3,1,1,0,0,0
7604,153,4,7,2,1,0,0,0
7605,153,5,7,2,1,0,0,0
7606,153,6,3,1,1,0,-1,0
7607,153,7,1,1,0,0,1,0
7608,153,8,3,1,1,0,0,0
7609,153,9,3,1,1,0,0,1
7610,153,10,4,1,1,1,0,0
7611,153,11,8,2,1,1,0,-1
7612,153,12,7,2,1,0,0,0
7613,153,13,3,1,1,0,0,0
7614,153,14,3,1,1,0,0,0
7615,153,15,7,2,1,0,0,0
7616,153,16,7,2,1,0,0,0
7617,153,17,7,2,1,0,0,0
7618,153,18,7,2,1,0,0,0
7619,153,19,3,1,1,0,0,0
7620,153,20,7,2,1,0,0,0
7621,153,21,3,1,1,0,0,1
7622,153,22,4,1,1,1,0,0
7623,153,23,4,1,1,1,0,-1
7624,153,24,3,1,1,0,0,0
7625,153,25,3,1,1,0,-1,0
7626,153,26,1,1,0,0,0,0
7627,153,27,1,1,0,0,0,1
7628,153,28,6,2,0,1,0,0
7629,153,29,2,1,0,1,1,0
7630,153,30,4,1,1,1,-1,-1
7631,153,31,1,1,0,0,1,0
7632,153,32,3,1,1,0,0,1
7633,153,33,8,2,1,1,0,0
7634,153,34,8,2,1,1,-1,0
7635,153,35,2,1,0,1,1,0
7636,153,36,8,2,1,1,0,0
7637,153,37,4,1,1,1,0,0
7638,153,38,4,1,1,1,-1,0
7639,153,39,2,1,0,1,1,0
7640,153,40,4,1,1,1,0,0
7641,153,41,4,1,1,1,0,0
7642,153,42,4,1,1,1,0,-1
7643,153,43,7,2,1,0,0,0
7644,153,44,7,2,1,0,-1,0
7645,153,45,5,2,0,0,1,0
7646,153,46,7,2,1,0,0,1
7647,153,47,8,2,1,1,0,0
7648,153,48,8,2,1,1,0,0
7649,153,49,8,2,1,1,-1,0
7650,153,50,2,1,0,1,0,0
7651,154,1,1,1,0,0,1,0
7652,154,2,7,2,1,0,0,1
7653,154,3,8,2,1,1,0,0
7654,154,4,4,1,1,1,0,0
7655,154,5,4,1,1,1,0,0
7656,154,6,4,1,1,1,-1,0
7657,154,7,6,2,0,1,0,0
7658,154,8,6,2,0,1,0,-1
7659,154,9,5,2,0,0,1,0
7660,154,10,7,2,1,0,0,0
7661,154,11,7,2,1,0,0,0
7662,154,12,7,2,1,0,-1,1
7663,154,13,6,2,0,1,0,0
7664,154,14,6,2,0,1,1,0
7665,154,15,8,2,1,1,0,0
7666,154,16,4,1,1,1,-1,0
7667,154,17,6,2,0,1,0,0
7668,154,18,2,1,0,1,1,0
7669,154,19,8,2,1,1,0,0
7670,154,20,8,2,1,1,0,-1
7671,154,21,3,1,1,0,0,0
7672,154,22,3,1,1,0,0,0
7673,154,23,3,1,1,0,0,1
7674,154,24,4,1,1,1,0,0
7675,154,25,4,1,1,1,-1,0
7676,154,26,2,1,0,1,0,0
7677,154,27,2,1,0,1,0,0
7678,154,28,2,1,0,1,0,0
7679,154,29,2,1,0,1,0,0
7680,154,30,2,1,0,1,0,0
7681,154,31,2,1,0,1,0,0
7682,154,32,2,1,0,1,1,-1
7683,154,33,3,1,1,0,0,0
7684,154,34,7,2,1,0,-1,0
7685,154,35,5,2,0,0,0,0
7686,154,36,1,1,0,0,1,0
7687,154,37,3,1,1,0,0,1
7688,154,38,8,2,1,1,0,0
7689,154,39,8,2,1,1,0,0
7690,154,40,4,1,1,1,0,0
7691,154,41,4,1,1,1,0,0
7692,154,42,4,1,1,1,0,0
7693,154,43,4,1,1,1,0,-1
7694,154,44,3,1,1,0,-1,1
7695,154,45,2,1,0,1,0,0
7696,154,46,2,1,0,1,0,0
7697,154,47,2,1,0,1,1,0
7698,154,48,4,1,1,1,0,0
7699,154,49,4,1,1,1,0,0
7700,154,50,8,2,1,1,0,0
7701,155,1,3,1,1,0,-1,0
7702,155,2,1,1,0,0,0,0
7703,155,3,1,1,0,0,0,0
7704,155,4,1,1,0,0,0,0
7705,155,5,1,1,0,0,0,0
7706,155,6,1,1,0,0,0,0
7707,155,7,1,1,0,0,0,1
7708,155,8,6,2,0,1,0,0
7709,155,9,2,1,0,1,0,0
7710,155,10,2,1,0,1,0,0
7711,155,11,2,1,0,1,0,-1
7712,155,12,1,1,0,0,0,0
7713,155,13,1,1,0,0,0,0
7714,155,14,1,1,0,0,0,0
7715,155,15,1,1,0,0,0,1
7716,155,16,6,2,0,1,0,0
7717,155,17,6,2,0,1,0,0
7718,155,18,6,2,0,1,0,0
7719,155,19,6,2,0,1,0,-1
7720,155,20,5,2,0,0,0,1
7721,155,21,6,2,0,1,0,-1
7722,155,22,5,2,0,0,1,0
7723,155,23,3,1,1,0,0,0
7724,155,24,7,2,1,0,0,0
7725,155,25,7,2,1,0,-1,0
7726,155,26,1,1,0,0,0,0
7727,155,27,1,1,0,0,1,1
7728,155,28,4,1,1,1,-1,0
7729,155,29,6,2,0,1,0,0
7730,155,30,2,1,0,1,0,0
7731,155,31,2,1,0,1,1,0
7732,155,32,4,1,1,1,0,0
7733,155,33,4,1,1,1,0,0
7734,155,34,4,1,1,1,0,0
7735,155,35,4,1,1,1,0,0
7736,155,36,4,1,1,1,-1,0
7737,155,37,6,2,0,1,1,0
7738,155,38,4,1,1,1,0,0
7739,155,39,4,1,1,1,0,0
7740,155,40,8,2,1,1,0,0
7741,155,41,8,2,1,1,0,0
7742,155,42,8,2,1,1,0,0
7743,155,43,4,1,1,1,0,0
7744,155,44,8,2,1,1,0,0
7745,155,45,8,2,1,1,0,0
7746,155,46,4,1,1,1,0,0
7747,155,47,4,1,1,1,0,0
7748,155,48,4,1,1,1,0,0
7749,155,49,8,2,1,1,0,0
7750,155,50,8,2,1,1,0,-1
7751,156,1,1,1,0,0,0,0
7752,156,2,1,1,0,0,1,0
7753,156,3,3,1,1,0,0,0
7754,156,4,7,2,1,0,0,0
7755,156,5,7,2,1,0,0,1
7756,156,6,8,2,1,1,0,-1
7757,156,7,7,2,1,0,0,0
7758,156,8,3,1,1,0,-1,1
7759,156,9,2,1,0,1,0,0
7760,156,10,2,1,0,1,0,0
7761,156,11,6,2,0,1,0,0
7762,156,12,6,2,0,1,1,0
7763,156,13,8,2,1,1,0,0
7764,156,14,8,2,1,1,0,0
7765,156,15,8,2,1,1,0,0
7766,156,16,8,2,1,1,0,0
7767,156,17,8,2,1,1,0,0
7768,156,18,8,2,1,1,0,0
7769,156,19,8,2,1,1,-1,0
7770,156,20,2,1,0,1,0,0
7771,156,21,2,1,0,1,0,0
7772,156,22,2,1,0,1,1,0
7773,156,23,8,2,1,1,0,0
7774,156,24,8,2,1,1,-1,0
7775,156,25,2,1,0,1,1,0
7776,156,26,4,1,1,1,-1,-1
7777,156,27,5,2,0,0,0,0
7778,156,28,5,2,0,0,1,1
7779,156,29,8,2,1,1,0,0
7780,156,30,8,2,1,1,0,-1
7781,156,31,7,2,1,0,0,0
7782,156,32,7,2,1,0,0,0
7783,156,33,7,2,1,0,0,0
7784,156,34,3,1,1,0,0,0
7785,156,35,7,2,1,0,-1,0
7786,156,36,1,1,0,0,1,1
7787,156,37,4,1,1,1,-1,0
7788,156,38,6,2,0,1,1,0
7789,156,39,8,2,1,1,0,0
7790,156,40,8,2,1,1,0,0
7791,156,41,8,2,1,1,0,-1
7792,156,42,7,2,1,0,0,0
7793,156,43,3,1,1,0,0,0
7794,156,44,3,1,1,0,-1,0
7795,156,45,5,2,0,0,1,0
7796,156,46,7,2,1,0,0,1
7797,156,47,8,2,1,1,0,0
7798,156,48,4,1,1,1,0,-1
7799,156,49,3,1,1,0,-1,0
7800,156,50,1,1,0,0,0,0
7801,157,1,8,2,1,1,-1,0
7802,157,2,6,2,0,1,0,0
7803,157,3,2,1,0,1,0,0
7804,157,4,2,1,0,1,1,0
7805,157,5,4,1,1,1,0,-1
7806,157,6,3,1,1,0,0,0
7807,157,7,7,2,1,0,0,0
7808,157,8,7,2,1,0,0,0
7809,157,9,7,2,1,0,0,0
7810,157,10,7,2,1,0,0,0
7811,157,11,7,2,1,0,0,0
7812,157,12,7,2,1,0,0,0
7813,157,13,7,2,1,0,0,0
7814,157,14,7,2,1,0,0,0
7815,157,15,7,2,1,0,0,0
7816,157,16,3,1,1,0,0,1
7817,157,17,4,1,1,1,0,0
7818,157,18,4,1,1,1,0,0
7819,157,19,4,1,1,1,0,0
7820,157,20,4,1,1,1,0,-1
7821,157,21,7,2,1,0,-1,0
7822,157,22,1,1,0,0,0,1
7823,157,23,2,1,0,1,0,0
7824,157,24,6,2,0,1,1,-1
7825,157,25,7,2,1,0,0,0
7826,157,26,7,2,1,0,0,0
7827,157,27,3,1,1,0,0,0
7828,157,28,3,1,1,0,0,0
7829,157,29,7,2,1,0,0,0
7830,157,30,7,2,1,0,0,0
7831,157,31,7,2,1,0,0,0
7832,157,32,7,2,1,0,0,0
7833,157,33,7,2,1,0,0,0
7834,157,34,3,1,1,0,0,0
7835,157,35,3,1,1,0,0,1
7836,157,36,8,2,1,1,-1,-1
7837,157,37,5,2,0,0,1,0
7838,157,38,3,1,1,0,0,0
7839,157,39,7,2,1,0,0,0
7840,157,40,7,2,1,0,0,1
7841,157,41,4,1,1,1,-1,0
7842,157,42,2,1,0,1,0,0
7843,157,43,2,1,0,1,1,0
7844,157,44,4,1,1,1,-1,-1
7845,157,45,1,1,0,0,0,1
7846,157,46,2,1,0,1,0,-1
7847,157,47,1,1,0,0,0,0
7848,157,48,1,1,0,0,0,1
7849,157,49,6,2,0,1,0,0
7850,157,50,6,2,0,1,0,0
7851,158,1,8,2,1,1,-1,0
7852,158,2,6,2,0,1,0,0
7853,158,3,6,2,0,1,0,0
7854,158,4,2,1,0,1,1,0
7855,158,5,4,1,1,1,-1,0
7856,158,6,2,1,0,1,0,0
7857,158,7,2,1,0,1,0,0
7858,158,8,2,1,0,1,1,-1
7859,158,9,3,1,1,0,-1,0
7860,158,10,5,2,0,0,1,0
7861,158,11,3,1,1,0,-1,0
7862,158,12,1,1,0,0,0,1
7863,158,13,2,1,0,1,0,0
7864,158,14,2,1,0,1,0,0
7865,158,15,2,1,0,1,0,0
7866,158,16,2,1,0,1,0,-1
7867,158,17,1,1,0,0,1,1
7868,158,18,4,1,1,1,0,0
7869,158,19,4,1,1,1,0,0
7870,158,20,4,1,1,1,-1,0
7871,158,21,2,1,0,1,0,0
7872,158,22,6,2,0,1,0,0
7873,158,23,6,2,0,1,0,0
7874,158,24,6,2,0,1,1,-1
7875,158,25,3,1,1,0,0,0
7876,158,26,3,1,1,0,0,0
7877,158,27,7,2,1,0,-1,0
7878,158,28,5,2,0,0,0,0
7879,158,29,5,2,0,0,0,1
7880,158,30,6,2,0,1,0,0
7881,158,31,2,1,0,1,0,-1
7882,158,32,5,2,0,0,0,0
7883,158,33,1,1,0,0,0,0
7884,158,34,1,1,0,0,0,0
7885,158,35,1,1,0,0,0,0
7886,158,36,5,2,0,0,0,0
7887,158,37,5,2,0,0,0,0
7888,158,38,5,2,0,0,0,0
7889,158,39,5,2,0,0,0,1
7890,158,40,2,1,0,1,0,0
7891,158,41,2,1,0,1,0,0
7892,158,42,2,1,0,1,0,0
7893,158,43,2,1,0,1,0,0
7894,158,44,2,1,0,1,1,0
7895,158,45,4,1,1,1,0,0
7896,158,46,8,2,1,1,0,0
7897,158,47,4,1,1,1,0,0
7898,158,48,8,2,1,1,0,0
7899,158,49,4,1,1,1,-1,0
7900,158,50,2,1,0,1,0,-1
7901,159,1,8,2,1,1,0,0
7902,159,2,8,2,1,1,0,-1
7903,159,3,7,2,1,0,0,0
7904,159,4,7,2,1,0,0,0
7905,159,5,7,2,1,0,0,0
7906,159,6,7,2,1,0,-1,0
7907,159,7,5,2,0,0,0,1
7908,159,8,2,1,0,1,1,0
7909,159,9,4,1,1,1,0,0
7910,159,10,4,1,1,1,0,0
7911,159,11,4,1,1,1,0,0
7912,159,12,4,1,1,1,0,0
7913,159,13,4,1,1,1,0,0
7914,159,14,8,2,1,1,0,0
7915,159,15,4,1,1,1,0,0
7916,159,16,8,2,1,1,0,0
7917,159,17,8,2,1,1,0,0
7918,159,18,8,2,1,1,0,-1
7919,159,19,7,2,1,0,0,1
7920,159,20,8,2,1,1,0,0
7921,159,21,8,2,1,1,0,-1
7922,159,22,7,2,1,0,0,0
7923,159,23,3,1,1,0,0,1
7924,159,24,4,1,1,1,0,0
7925,159,25,8,2,1,1,0,0
7926,159,26,8,2,1,1,0,0
7927,159,27,8,2,1,1,0,-1
7928,159,28,7,2,1,0,0,0
7929,159,29,3,1,1,0,-1,0
7930,159,30,1,1,0,0,1,0
7931,159,31,3,1,1,0,0,0
7932,159,32,3,1,1,0,0,1
7933,159,33,8,2,1,1,0,0
7934,159,34,4,1,1,1,-1,0
7935,159,35,2,1,0,1,0,0
7936,159,36,2,1,0,1,0,0
7937,159,37,6,2,0,1,1,0
7938,159,38,8,2,1,1,0,0
7939,159,39,8,2,1,1,0,0
7940,159,40,4,1,1,1,-1,0
7941,159,41,6,2,0,1,1,-1
7942,159,42,7,2,1,0,0,1
7943,159,43,4,1,1,1,0,0
7944,159,44,4,1,1,1,0,0
7945,159,45,4,1,1,1,0,0
7946,159,46,4,1,1,1,-1,-1
7947,159,47,1,1,0,0,1,1
7948,159,48,4,1,1,1,0,0
7949,159,49,4,1,1,1,-1,0
7950,159,50,2,1,0,1,0,0
7951,160,1,8,2,1,1,-1,-1
7952,160,2,1,1,0,0,1,0
7953,160,3,3,1,1,0,0,0
7954,160,4,3,1,1,0,0,0
7955,160,5,3,1,1,0,0,0
7956,160,6,3,1,1,0,0,1
7957,160,7,4,1,1,1,0,0
7958,160,8,4,1,1,1,0,-1
7959,160,9,7,2,1,0,0,1
7960,160,10,8,2,1,1,0,0
7961,160,11,4,1,1,1,0,0
7962,160,12,8,2,1,1,0,0
7963,160,13,8,2,1,1,0,-1
7964,160,14,3,1,1,0,0,1
7965,160,15,4,1,1,1,0,0
7966,160,16,4,1,1,1,0,0
7967,160,17,4,1,1,1,0,-1
7968,160,18,7,2,1,0,-1,0
7969,160,19,1,1,0,0,1,0
7970,160,20,3,1,1,0,0,0
7971,160,21,3,1,1,0,0,0
7972,160,22,3,1,1,0,0,1
7973,160,23,8,2,1,1,0,-1
7974,160,24,7,2,1,0,0,1
7975,160,25,4,1,1,1,0,0
7976,160,26,4,1,1,1,0,0
7977,160,27,4,1,1,1,0,-1
7978,160,28,3,1,1,0,0,0
7979,160,29,3,1,1,0,0,0
7980,160,30,3,1,1,0,-1,1
7981,160,31,2,1,0,1,0,-1
7982,160,32,5,2,0,0,0,0
7983,160,33,5,2,0,0,0,0
7984,160,34,5,2,0,0,1,0
7985,160,35,7,2,1,0,0,0
7986,160,36,7,2,1,0,0,0
7987,160,37,7,2,1,0,0,1
7988,160,38,8,2,1,1,-1,0
7989,160,39,6,2,0,1,0,-1
7990,160,40,5,2,0,0,1,0
7991,160,41,7,2,1,0,0,1
7992,160,42,8,2,1,1,0,0
7993,160,43,4,1,1,1,0,0
7994,160,44,4,1,1,1,0,0
7995,160,45,8,2,1,1,0,-1
7996,160,46,3,1,1,0,0,0
7997,160,47,3,1,1,0,0,0
7998,160,48,3,1,1,0,0,1
7999,160,49,8,2,1,1,-1,0
8000,160,50,6,2,0,1,0,-1
8001,161,1,2,1,0,1,1,-1
8002,161,2,3,1,1,0,0,0
8003,161,3,7,2,1,0,0,0
8004,161,4,7,2,1,0,0,0
8005,161,5,3,1,1,0,-1,1
8006,161,6,2,1,0,1,0,0
8007,161,7,2,1,0,1,0,0
8008,161,8,2,1,0,1,0,0
8009,161,9,2,1,0,1,0,0
8010,161,10,6,2,0,1,0,0
8011,161,11,6,2,0,1,0,0
8012,161,12,2,1,0,1,0,0
8013,161,13,6,2,0,1,1,0
8014,161,14,4,1,1,1,0,0
8015,161,15,4,1,1,1,0,-1
8016,161,16,3,1,1,0,0,1
8017,161,17,4,1,1,1,-1,-1
8018,161,18,1,1,0,0,0,0
8019,161,19,5,2,0,0,1,0
8020,161,20,3,1,1,0,-1,0
8021,161,21,5,2,0,0,0,1
8022,161,22,2,1,0,1,1,-1
8023,161,23,3,1,1,0,0,1
8024,161,24,8,2,1,1,0,-1
8025,161,25,7,2,1,0,0,0
8026,161,26,3,1,1,0,0,1
8027,161,27,4,1,1,1,0,0
8028,161,28,8,2,1,1,0,-1
8029,161,29,7,2,1,0,0,0
8030,161,30,7,2,1,0,0,0
8031,161,31,7,2,1,0,0,1
8032,161,32,8,2,1,1,-1,-1
8033,161,33,5,2,0,0,0,0
8034,161,34,5,2,0,0,1,0
8035,161,35,7,2,1,0,0,1
8036,161,36,4,1,1,1,0,-1
8037,161,37,3,1,1,0,0,0
8038,161,38,3,1,1,0,0,0
8039,161,39,3,1,1,0,0,0
8040,161,40,7,2,1,0,0,1
8041,161,41,8,2,1,1,0,-1
8042,161,42,7,2,1,0,0,0
8043,161,43,3,1,1,0,0,0
8044,161,44,7,2,1,0,0,0
8045,161,45,3,1,1,0,0,0
8046,161,46,3,1,1,0,-1,1
8047,161,47,6,2,0,1,1,0
8048,161,48,4,1,1,1,0,-1
8049,161,49,3,1,1,0,0,1
8050,161,50,8,2,1,1,0,0
8051,162,1,1,1,0,0,0,1
8052,162,2,2,1,0,1,0,0
8053,162,3,2,1,0,1,0,-1
8054,162,4,1,1,0,0,0,0
8055,162,5,1,1,0,0,0,0
8056,162,6,5,2,0,0,1,0
8057,162,7,7,2,1,0,0,0
8058,162,8,7,2,1,0,0,0
8059,162,9,3,1,1,0,0,0
8060,162,10,7,2,1,0,0,0
8061,162,11,3,1,1,0,-1,0
8062,162,12,1,1,0,0,0,1
8063,162,13,2,1,0,1,0,0
8064,162,14,2,1,0,1,0,0
8065,162,15,2,1,0,1,1,0
8066,162,16,4,1,1,1,0,0
8067,162,17,4,1,1,1,0,0
8068,162,18,4,1,1,1,-1,0
8069,162,19,6,2,0,1,1,-1
8070,162,20,3,1,1,0,0,1
8071,162,21,4,1,1,1,0,0
8072,162,22,4,1,1,1,0,-1
8073,162,23,3,1,1,0,0,0
8074,162,24,7,2,1,0,0,0
8075,162,25,3,1,1,0,0,0
8076,162,26,7,2,1,0,0,1
8077,162,27,8,2,1,1,0,0
8078,162,28,4,1,1,1,0,0
8079,162,29,4,1,1,1,0,0
8080,162,30,8,2,1,1,0,0
8081,162,31,4,1,1,1,0,-1
8082,162,32,3,1,1,0,0,0
8083,162,33,7,2,1,0,0,0
8084,162,34,7,2,1,0,0,0
8085,162,35,7,2,1,0,0,0
8086,162,36,3,1,1,0,0,0
8087,162,37,3,1,1,0,0,0
8088,162,38,3,1,1,0,0,0
8089,162,39,3,1,1,0,0,0
8090,162,40,7,2,1,0,0,0
8091,162,41,7,2,1,0,0,0
8092,162,42,3,1,1,0,0,0
8093,162,43,3,1,1,0,0,1
8094,162,44,4,1,1,1,-1,-1
8095,162,45,1,1,0,0,1,0
8096,162,46,3,1,1,0,0,0
8097,162,47,3,1,1,0,0,1
8098,162,48,8,2,1,1,0,0
8099,162,49,8,2,1,1,0,0
8100,162,50,8,2,1,1,0,-1
8101,163,1,2,1,0,1,0,0
8102,163,2,2,1,0,1,0,0
8103,163,3,2,1,0,1,1,-1
8104,163,4,7,2,1,0,0,1
8105,163,5,8,2,1,1,-1,0
8106,163,6,6,2,0,1,0,0
8107,163,7,6,2,0,1,0,0
8108,163,8,6,2,0,1,0,-1
8109,163,9,5,2,0,0,0,0
8110,163,10,5,2,0,0,0,0
8111,163,11,5,2,0,0,0,0
8112,163,12,5,2,0,0,0,0
8113,163,13,5,2,0,0,0,0
8114,163,14,5,2,0,0,1,0
8115,163,15,7,2,1,0,0,0
8116,163,16,7,2,1,0,0,0
8117,163,17,3,1,1,0,0,0
8118,163,18,3,1,1,0,0,0
8119,163,19,3,1,1,0,0,1
8120,163,20,8,2,1,1,0,0
8121,163,21,8,2,1,1,0,0
8122,163,22,8,2,1,1,0,0
8123,163,23,8,2,1,1,0,-1
8124,163,24,7,2,1,0,0,0
8125,163,25,7,2,1,0,0,0
8126,163,26,7,2,1,0,0,0
8127,163,27,7,2,1,0,0,0
8128,163,28,3,1,1,0,0,1
8129,163,29,8,2,1,1,0,0
8130,163,30,8,2,1,1,0,-1
8131,163,31,7,2,1,0,0,0
8132,163,32,7,2,1,0,0,0
8133,163,33,3,1,1,0,0,0
8134,163,34,7,2,1,0,0,0
8135,163,35,3,1,1,0,0,0
8136,163,36,3,1,1,0,0,0
8137,163,37,7,2,1,0,0,0
8138,163,38,3,1,1,0,-1,0
8139,163,39,5,2,0,0,0,0
8140,163,40,5,2,0,0,0,0
8141,163,41,5,2,0,0,0,1
8142,163,42,6,2,0,1,0,-1
8143,163,43,5,2,0,0,0,1
8144,163,44,6,2,0,1,1,-1
8145,163,45,7,2,1,0,0,0
8146,163,46,7,2,1,0,0,0
8147,163,47,3,1,1,0,0,0
8148,163,48,3,1,1,0,-1,0
8149,163,49,1,1,0,0,1,0
8150,163,50,3,1,1,0,-1,1
8151,164,1,5,2,0,0,0,0
8152,164,2,5,2,0,0,0,0
8153,164,3,5,2,0,0,1,1
8154,164,4,8,2,1,1,0,0
8155,164,5,4,1,1,1,0,-1
8156,164,6,3,1,1,0,0,0
8157,164,7,7,2,1,0,0,0
8158,164,8,3,1,1,0,-1,0
8159,164,9,5,2,0,0,0,0
8160,164,10,5,2,0,0,0,0
8161,164,11,5,2,0,0,0,0
8162,164,12,1,1,0,0,0,0
8163,164,13,1,1,0,0,0,0
8164,164,14,1,1,0,0,1,0
8165,164,15,7,2,1,0,0,0
8166,164,16,7,2,1,0,0,0
8167,164,17,3,1,1,0,-1,0
8168,164,18,1,1,0,0,0,1
8169,164,19,2,1,0,1,1,0
8170,164,20,4,1,1,1,-1,0
8171,164,21,2,1,0,1,0,0
8172,164,22,2,1,0,1,1,-1
8173,164,23,3,1,1,0,0,1
8174,164,24,8,2,1,1,0,0
8175,164,25,8,2,1,1,0,0
8176,164,26,8,2,1,1,0,0
8177,164,27,4,1,1,1,0,0
8178,164,28,8,2,1,1,-1,0
8179,164,29,2,1,0,1,0,-1
8180,164,30,1,1,0,0,0,0
8181,164,31,1,1,0,0,1,0
8182,164,32,3,1,1,0,0,0
8183,164,33,7,2,1,0,0,0
8184,164,34,3,1,1,0,0,1
8185,164,35,4,1,1,1,0,0
8186,164,36,8,2,1,1,0,-1
8187,164,37,7,2,1,0,0,0
8188,164,38,3,1,1,0,0,0
8189,164,39,3,1,1,0,0,0
8190,164,40,3,1,1,0,0,0
8191,164,41,3,1,1,0,0,0
8192,164,42,3,1,1,0,0,0
8193,164,43,3,1,1,0,0,0
8194,164,44,7,2,1,0,0,0
8195,164,45,7,2,1,0,0,0
8196,164,46,7,2,1,0,0,0
8197,164,47,7,2,1,0,0,0
8198,164,48,7,2,1,0,-1,0
8199,164,49,5,2,0,0,0,0
8200,164,50,5,2,0,0,1,0
8201,165,1,4,1,1,1,0,0
8202,165,2,4,1,1,1,0,0
8203,165,3,8,2,1,1,0,-1
8204,165,4,7,2,1,0,-1,0
8205,165,5,1,1,0,0,0,0
8206,165,6,1,1,0,0,0,0
8207,165,7,1,1,0,0,0,0
8208,165,8,1,1,0,0,0,0
8209,165,9,1,1,0,0,0,0
8210,165,10,1,1,0,0,1,1
8211,165,11,8,2,1,1,0,0
8212,165,12,8,2,1,1,-1,0
8213,165,13,2,1,0,1,0,0
8214,165,14,2,1,0,1,0,0
8215,165,15,2,1,0,1,0,0
8216,165,16,2,1,0,1,0,0
8217,165,17,2,1,0,1,1,0
8218,165,18,8,2,1,1,-1,0
8219,165,19,2,1,0,1,0,0
8220,165,20,2,1,0,1,0,0
8221,165,21,6,2,0,1,0,0
8222,165,22,6,2,0,1,0,-1
8223,165,23,5,2,0,0,0,0
8224,165,24,5,2,0,0,1,0
8225,165,25,7,2,1,0,0,0
8226,165,26,7,2,1,0,-1,0
8227,165,27,1,1,0,0,1,0
8228,165,28,3,1,1,0,0,0
8229,165,29,3,1,1,0,-1,1
8230,165,30,2,1,0,1,0,0
8231,165,31,2,1,0,1,0,0
8232,165,32,2,1,0,1,0,-1
8233,165,33,1,1,0,0,0,0
8234,165,34,1,1,0,0,0,0
8235,165,35,1,1,0,0,1,0
8236,165,36,7,2,1,0,-1,1
8237,165,37,6,2,0,1,1,0
8238,165,38,8,2,1,1,0,0
8239,165,39,4,1,1,1,0,-1
8240,165,40,7,2,1,0,0,1
8241,165,41,4,1,1,1,0,0
8242,165,42,4,1,1,1,-1,0
8243,165,43,2,1,0,1,0,-1
8244,165,44,5,2,0,0,0,1
8245,165,45,2,1,0,1,0,0
8246,165,46,2,1,0,1,0,-1
8247,165,47,1,1,0,0,0,0
8248,165,48,1,1,0,0,0,0
8249,165,49,1,1,0,0,0,0
8250,165,50,1,1,0,0,0,1
8251,166,1,3,1,1,0,0,0
8252,166,2,7,2,1,0,-1,1
8253,166,3,2,1,0,1,1,0
8254,166,4,4,1,1,1,-1,0
8255,166,5,2,1,0,1,0,0
8256,166,6,6,2,0,1,0,0
8257,166,7,2,1,0,1,0,-1
8258,166,8,5,2,0,0,0,0
8259,166,9,1,1,0,0,0,0
8260,166,10,5,2,0,0,1,0
8261,166,11,3,1,1,0,0,0
8262,166,12,7,2,1,0,-1,0
8263,166,13,1,1,0,0,0,0
8264,166,14,1,1,0,0,0,0
8265,166,15,1,1,0,0,0,1
8266,166,16,2,1,0,1,0,0
8267,166,17,2,1,0,1,1,0
8268,166,18,4,1,1,1,0,0
8269,166,19,4,1,1,1,0,-1
8270,166,20,3,1,1,0,0,0
8271,166,21,7,2,1,0,-1,1
8272,166,22,6,2,0,1,1,-1
8273,166,23,7,2,1,0,0,0
8274,166,24,7,2,1,0,0,0
8275,166,25,3,1,1,0,0,0
8276,166,26,3,1,1,0,0,0
8277,166,27,3,1,1,0,-1,1
8278,166,28,2,1,0,1,1,0
8279,166,29,4,1,1,1,0,0
8280,166,30,4,1,1,1,0,0
8281,166,31,4,1,1,1,0,0
8282,166,32,8,2,1,1,0,-1
8283,166,33,3,1,1,0,0,0
8284,166,34,3,1,1,0,0,0
8285,166,35,3,1,1,0,0,0
8286,166,36,3,1,1,0,0,0
8287,166,37,3,1,1,0,0,0
8288,166,38,3,1,1,0,-1,0
8289,166,39,1,1,0,0,0,1
8290,166,40,2,1,0,1,1,-1
8291,166,41,7,2,1,0,0,0
8292,166,42,7,2,1,0,0,0
8293,166,43,7,2,1,0,0,1
8294,166,44,4,1,1,1,0,0
8295,166,45,4,1,1,1,0,0
8296,166,46,8,2,1,1,0,0
8297,166,47,8,2,1,1,0,-1
8298,166,48,7,2,1,0,0,0
8299,166,49,7,2,1,0,0,0
8300,166,50,7,2,1,0,0,0
8301,167,1,3,1,1,0,0,1
8302,167,2,4,1,1,1,0,0
8303,167,3,4,1,1,1,0,0
8304,167,4,8,2,1,1,-1,0
8305,167,5,6,2,0,1,0,-1
8306,167,6,5,2,0,0,0,0
8307,167,7,5,2,0,0,0,0
8308,167,8,5,2,0,0,0,0
8309,167,9,5,2,0,0,0,0
8310,167,10,1,1,0,0,0,1
8311,167,11,2,1,0,1,0,-1
8312,167,12,1,1,0,0,0,0
8313,167,13,5,2,0,0,0,0
8314,167,14,5,2,0,0,0,0
8315,167,15,5,2,0,0,0,0
8316,167,16,1,1,0,0,1,0
8317,167,17,3,1,1,0,0,0
8318,167,18,3,1,1,0,0,1
8319,167,19,4,1,1,1,0,0
8320,167,20,4,1,1,1,0,0
8321,167,21,4,1,1,1,0,0
8322,167,22,8,2,1,1,0,-1
8323,167,23,3,1,1,0,0,0
8324,167,24,3,1,1,0,0,0
8325,167,25,3,1,1,0,0,1
8326,167,26,4,1,1,1,0,0
8327,167,27,4,1,1,1,0,0
8328,167,28,4,1,1,1,0,0
8329,167,29,4,1,1,1,0,0
8330,167,30,4,1,1,1,0,0
8331,167,31,4,1,1,1,-1,0
8332,167,32,2,1,0,1,0,0
8333,167,33,2,1,0,1,0,-1
8334,167,34,1,1,0,0,1,0
8335,167,35,7,2,1,0,0,1
8336,167,36,4,1,1,1,0,0
8337,167,37,4,1,1,1,0,0
8338,167,38,8,2,1,1,0,0
8339,167,39,4,1,1,1,0,0
8340,167,40,4,1,1,1,-1,0
8341,167,41,2,1,0,1,0,-1
8342,167,42,1,1,0,0,0,0
8343,167,43,1,1,0,0,0,1
8344,167,44,2,1,0,1,1,0
8345,167,45,4,1,1,1,0,0
8346,167,46,4,1,1,1,0,0
8347,167,47,8,2,1,1,-1,-1
8348,167,48,1,1,0,0,0,0
8349,167,49,1,1,0,0,1,0
8350,167,50,3,1,1,0,0,1
8351,168,1,1,1,0,0,1,0
8352,168,2,3,1,1,0,-1,0
8353,168,3,1,1,0,0,0,1
8354,168,4,2,1,0,1,0,0
8355,168,5,2,1,0,1,0,-1
8356,168,6,1,1,0,0,0,0
8357,168,7,5,2,0,0,0,0
8358,168,8,5,2,0,0,0,1
8359,168,9,6,2,0,1,0,0
8360,168,10,6,2,0,1,1,0
8361,168,11,8,2,1,1,0,0
8362,168,12,8,2,1,1,0,0
8363,168,13,8,2,1,1,-1,0
8364,168,14,6,2,0,1,0,0
8365,168,15,2,1,0,1,1,0
8366,168,16,4,1,1,1,0,0
8367,168,17,4,1,1,1,0,-1
8368,168,18,3,1,1,0,0,0
8369,168,19,3,1,1,0,0,1
8370,168,20,4,1,1,1,0,-1
8371,168,21,7,2,1,0,0,0
8372,168,22,7,2,1,0,0,0
8373,168,23,7,2,1,0,0,0
8374,168,24,7,2,1,0,0,0
8375,168,25,7,2,1,0,0,0
8376,168,26,7,2,1,0,-1,0
8377,168,27,5,2,0,0,1,1
8378,168,28,4,1,1,1,-1,0
8379,168,29,6,2,0,1,0,0
8380,168,30,6,2,0,1,0,0
8381,168,31,2,1,0,1,1,-1
8382,168,32,7,2,1,0,0,0
8383,168,33,7,2,1,0,0,1
8384,168,34,4,1,1,1,0,0
8385,168,35,4,1,1,1,0,0
8386,168,36,4,1,1,1,0,-1
8387,168,37,3,1,1,0,0,0
8388,168,38,3,1,1,0,-1,0
8389,168,39,1,1,0,0,1,0
8390,168,40,3,1,1,0,0,0
8391,168,41,3,1,1,0,0,0
8392,168,42,3,1,1,0,0,1
8393,168,43,4,1,1,1,0,0
8394,168,44,4,1,1,1,-1,0
8395,168,45,6,2,0,1,0,0
8396,168,46,2,1,0,1,0,0
8397,168,47,6,2,0,1,0,0
8398,168,48,2,1,0,1,0,-1
8399,168,49,1,1,0,0,1,0
8400,168,50,3,1,1,0,0,0
8401,169,1,1,1,0,0,0,0
8402,169,2,5,2,0,0,0,1
8403,169,3,6,2,0,1,1,0
8404,169,4,4,1,1,1,0,0
8405,169,5,4,1,1,1,0,0
8406,169,6,8,2,1,1,0,0
8407,169,7,4,1,1,1,-1,0
8408,169,8,2,1,0,1,1,-1
8409,169,9,3,1,1,0,0,0
8410,169,10,3,1,1,0,-1,0
8411,169,11,1,1,0,0,0,0
8412,169,12,1,1,0,0,1,0
8413,169,13,7,2,1,0,0,1
8414,169,14,8,2,1,1,0,0
8415,169,15,8,2,1,1,0,0
8416,169,16,4,1,1,1,0,0
8417,169,17,4,1,1,1,0,-1
8418,169,18,7,2,1,0,0,0
8419,169,19,3,1,1,0,0,0
8420,169,20,3,1,1,0,0,1
8421,169,21,8,2,1,1,0,0
8422,169,22,4,1,1,1,0,-1
8423,169,23,7,2,1,0,0,0
8424,169,24,7,2,1,0,0,0
8425,169,25,7,2,1,0,0,0
8426,169,26,7,2,1,0,0,1
8427,169,27,4,1,1,1,0,-1
8428,169,28,3,1,1,0,-1,0
8429,169,29,1,1,0,0,1,0
8430,169,30,7,2,1,0,0,0
8431,169,31,7,2,1,0,0,1
8432,169,32,4,1,1,1,0,0
8433,169,33,4,1,1,1,-1,0
8434,169,34,2,1,0,1,1,0
8435,169,35,4,1,1,1,0,0
8436,169,36,4,1,1,1,0,0
8437,169,37,8,2,1,1,0,0
8438,169,38,4,1,1,1,0,0
8439,169,39,4,1,1,1,-1,0
8440,169,40,6,2,0,1,0,0
8441,169,41,6,2,0,1,1,0
8442,169,42,8,2,1,1,0,0
8443,169,43,8,2,1,1,-1,-1
8444,169,44,5,2,0,0,1,0
8445,169,45,3,1,1,0,0,0
8446,169,46,3,1,1,0,0,0
8447,169,47,3,1,1,0,0,0
8448,169,48,7,2,1,0,0,0
8449,169,49,7,2,1,0,0,0
8450,169,50,7,2,1,0,0,0
8451,170,1,7,2,1,0,0,1
8452,170,2,8,2,1,1,0,0
8453,170,3,4,1,1,1,0,0
8454,170,4,8,2,1,1,0,0
8455,170,5,8,2,1,1,0,0
8456,170,6,4,1,1,1,0,-1
8457,170,7,7,2,1,0,-1,0
8458,170,8,1,1,0,0,0,0
8459,170,9,1,1,0,0,1,0
8460,170,10,3,1,1,0,0,1
8461,170,11,4,1,1,1,-1,-1
8462,170,12,5,2,0,0,1,0
8463,170,13,7,2,1,0,-1,0
8464,170,14,1,1,0,0,0,0
8465,170,15,1,1,0,0,0,1
8466,170,16,2,1,0,1,1,0
8467,170,17,8,2,1,1,-1,0
8468,170,18,2,1,0,1,0,0
8469,170,19,2,1,0,1,0,-1
8470,170,20,5,2,0,0,0,0
8471,170,21,1,1,0,0,0,1
8472,170,22,6,2,0,1,0,0
8473,170,23,6,2,0,1,0,0
8474,170,24,6,2,0,1,0,0
8475,170,25,2,1,0,1,1,0
8476,170,26,4,1,1,1,0,0
8477,170,27,8,2,1,1,0,0
8478,170,28,4,1,1,1,0,0
8479,170,29,4,1,1,1,-1,0
8480,170,30,2,1,0,1,0,0
8481,170,31,2,1,0,1,1,0
8482,170,32,4,1,1,1,0,0
8483,170,33,8,2,1,1,0,0
8484,170,34,8,2,1,1,-1,0
8485,170,35,6,2,0,1,0,-1
8486,170,36,5,2,0,0,1,0
8487,170,37,3,1,1,0,0,0
8488,170,38,3,1,1,0,0,0
8489,170,39,3,1,1,0,0,0
8490,170,40,3,1,1,0,0,0
8491,170,41,3,1,1,0,0,0
8492,170,42,7,2,1,0,0,0
8493,170,43,7,2,1,0,-1,0
8494,170,44,5,2,0,0,0,0
8495,170,45,1,1,0,0,0,0
8496,170,46,1,1,0,0,0,0
8497,170,47,1,1,0,0,1,0
8498,170,48,3,1,1,0,0,0
8499,170,49,7,2,1,0,-1,1
8500,170,50,2,1,0,1,0,0
8501,171,1,7,2,1,0,0,0
8502,171,2,3,1,1,0,0,0
8503,171,3,3,1,1,0,0,0
8504,171,4,3,1,1,0,0,0
8505,171,5,3,1,1,0,0,1
8506,171,6,4,1,1,1,0,0
8507,171,7,8,2,1,1,0,-1
8508,171,8,7,2,1,0,0,0
8509,171,9,3,1,1,0,0,0
8510,171,10,7,2,1,0,-1,1
8511,171,11,2,1,0,1,0,0
8512,171,12,2,1,0,1,1,0
8513,171,13,4,1,1,1,0,0
8514,171,14,4,1,1,1,0,0
8515,171,15,4,1,1,1,0,0
8516,171,16,8,2,1,1,-1,0
8517,171,17,6,2,0,1,1,0
8518,171,18,4,1,1,1,-1,0
8519,171,19,2,1,0,1,1,0
8520,171,20,4,1,1,1,0,-1
8521,171,21,3,1,1,0,0,0
8522,171,22,3,1,1,0,0,0
8523,171,23,3,1,1,0,0,1
8524,171,24,4,1,1,1,0,0
8525,171,25,4,1,1,1,0,0
8526,171,26,8,2,1,1,-1,0
8527,171,27,2,1,0,1,1,0
8528,171,28,8,2,1,1,0,0
8529,171,29,4,1,1,1,0,0
8530,171,30,4,1,1,1,0,0
8531,171,31,8,2,1,1,0,0
8532,171,32,4,1,1,1,0,0
8533,171,33,4,1,1,1,-1,0
8534,171,34,2,1,0,1,0,0
8535,171,35,6,2,0,1,1,0
8536,171,36,4,1,1,1,0,0
8537,171,37,8,2,1,1,0,-1
8538,171,38,7,2,1,0,0,0
8539,171,39,3,1,1,0,0,0
8540,171,40,3,1,1,0,0,0
8541,171,41,7,2,1,0,0,0
8542,171,42,7,2,1,0,0,0
8543,171,43,7,2,1,0,0,0
8544,171,44,3,1,1,0,0,0
8545,171,45,3,1,1,0,-1,1
8546,171,46,6,2,0,1,1,0
8547,171,47,8,2,1,1,-1,0
8548,171,48,6,2,0,1,0,-1
8549,171,49,5,2,0,0,0,0
8550,171,50,1,1,0,0,1,0
8551,172,1,7,2,1,0,-1,1
8552,172,2,6,2,0,1,1,-1
8553,172,3,7,2,1,0,0,1
8554,172,4,4,1,1,1,0,0
8555,172,5,8,2,1,1,-1,-1
8556,172,6,5,2,0,0,1,0
8557,172,7,7,2,1,0,0,0
8558,172,8,3,1,1,0,0,1
8559,172,9,4,1,1,1,0,0
8560,172,10,4,1,1,1,0,0
8561,172,11,8,2,1,1,0,0
8562,172,12,4,1,1,1,0,-1
8563,172,13,3,1,1,0,-1,0
8564,172,14,5,2,0,0,1,0
8565,172,15,7,2,1,0,0,0
8566,172,16,3,1,1,0,0,0
8567,172,17,3,1,1,0,0,0
8568,172,18,7,2,1,0,0,0
8569,172,19,7,2,1,0,-1,0
8570,172,20,5,2,0,0,0,1
8571,172,21,6,2,0,1,0,0
8572,172,22,6,2,0,1,0,-1
8573,172,23,1,1,0,0,0,1
8574,172,24,2,1,0,1,1,0
8575,172,25,8,2,1,1,-1,0
8576,172,26,2,1,0,1,1,0
8577,172,27,4,1,1,1,0,0
8578,172,28,8,2,1,1,0,-1
8579,172,29,3,1,1,0,-1,0
8580,172,30,1,1,0,0,1,0
8581,172,31,7,2,1,0,0,0
8582,172,32,7,2,1,0,-1,0
8583,172,33,5,2,0,0,0,0
8584,172,34,5,2,0,0,1,0
8585,172,35,7,2,1,0,0,1
8586,172,36,8,2,1,1,0,0
8587,172,37,8,2,1,1,0,-1
8588,172,38,3,1,1,0,-1,1
8589,172,39,6,2,0,1,0,0
8590,172,40,6,2,0,1,1,0
8591,172,41,8,2,1,1,0,-1
8592,172,42,3,1,1,0,0,1
8593,172,43,8,2,1,1,-1,0
8594,172,44,2,1,0,1,0,0
8595,172,45,2,1,0,1,1,0
8596,172,46,8,2,1,1,0,-1
8597,172,47,3,1,1,0,0,0
8598,172,48,3,1,1,0,0,0
8599,172,49,3,1,1,0,0,0
8600,172,50,3,1,1,0,0,1
8601,173,1,6,2,0,1,1,-1
8602,173,2,7,2,1,0,0,0
8603,173,3,7,2,1,0,0,0
8604,173,4,7,2,1,0,0,0
8605,173,5,7,2,1,0,0,0
8606,173,6,7,2,1,0,0,0
8607,173,7,3,1,1,0,0,1
8608,173,8,4,1,1,1,0,0
8609,173,9,4,1,1,1,0,0
8610,173,10,8,2,1,1,0,0
8611,173,11,8,2,1,1,0,0
8612,173,12,4,1,1,1,0,-1
8613,173,13,3,1,1,0,0,0
8614,173,14,3,1,1,0,0,1
8615,173,15,4,1,1,1,0,0
8616,173,16,8,2,1,1,0,-1
8617,173,17,7,2,1,0,0,0
8618,173,18,7,2,1,0,0,1
8619,173,19,8,2,1,1,0,0
8620,173,20,4,1,1,1,0,0
8621,173,21,8,2,1,1,-1,0
8622,173,22,6,2,0,1,0,0
8623,173,23,2,1,0,1,0,0
8624,173,24,2,1,0,1,1,0
8625,173,25,4,1,1,1,0,-1
8626,173,26,3,1,1,0,0,1
8627,173,27,4,1,1,1,0,-1
8628,173,28,3,1,1,0,0,0
8629,173,29,3,1,1,0,0,0
8630,173,30,3,1,1,0,0,0
8631,173,31,7,2,1,0,0,0
8632,173,32,3,1,1,0,0,0
8633,173,33,7,2,1,0,0,0
8634,173,34,7,2,1,0,-1,0
8635,173,35,5,2,0,0,0,0
8636,173,36,5,2,0,0,1,0
8637,173,37,7,2,1,0,-1,0
8638,173,38,1,1,0,0,0,0
8639,173,39,5,2,0,0,0,0
8640,173,40,5,2,0,0,0,1
8641,173,41,2,1,0,1,0,0
8642,173,42,2,1,0,1,0,0
8643,173,43,6,2,0,1,0,0
8644,173,44,2,1,0,1,1,0
8645,173,45,4,1,1,1,0,0
8646,173,46,8,2,1,1,0,0
8647,173,47,4,1,1,1,0,-1
8648,173,48,3,1,1,0,0,0
8649,173,49,3,1,1,0,0,0
8650,173,50,7,2,1,0,-1,0
8651,174,1,6,2,0,1,0,-1
8652,174,2,1,1,0,0,0,0
8653,174,3,5,2,0,0,1,0
8654,174,4,3,1,1,0,0,0
8655,174,5,3,1,1,0,0,1
8656,174,6,4,1,1,1,0,-1
8657,174,7,3,1,1,0,-1,0
8658,174,8,1,1,0,0,0,0
8659,174,9,1,1,0,0,0,0
8660,174,10,5,2,0,0,0,0
8661,174,11,5,2,0,0,1,0
8662,174,12,3,1,1,0,0,0
8663,174,13,3,1,1,0,0,0
8664,174,14,3,1,1,0,0,1
8665,174,15,4,1,1,1,0,0
8666,174,16,4,1,1,1,-1,0
8667,174,17,2,1,0,1,0,0
8668,174,18,2,1,0,1,0,0
8669,174,19,6,2,0,1,1,0
8670,174,20,8,2,1,1,0,-1
8671,174,21,7,2,1,0,0,0
8672,174,22,3,1,1,0,0,0
8673,174,23,3,1,1,0,-1,0
8674,174,24,5,2,0,0,1,1
8675,174,25,8,2,1,1,0,0
8676,174,26,8,2,1,1,0,0
8677,174,27,4,1,1,1,0,0
8678,174,28,4,1,1,1,0,0
8679,174,29,4,1,1,1,0,0
8680,174,30,4,1,1,1,0,0
8681,174,31,4,1,1,1,0,0
8682,174,32,8,2,1,1,0,0
8683,174,33,8,2,1,1,0,-1
8684,174,34,3,1,1,0,0,1
8685,174,35,4,1,1,1,-1,0
8686,174,36,2,1,0,1,0,0
8687,174,37,2,1,0,1,0,0
8688,174,38,6,2,0,1,0,0
8689,174,39,6,2,0,1,0,0
8690,174,40,6,2,0,1,1,-1
8691,174,41,3,1,1,0,0,1
8692,174,42,4,1,1,1,-1,0
8693,174,43,2,1,0,1,1,0
8694,174,44,8,2,1,1,-1,0
8695,174,45,6,2,0,1,0,0
8696,174,46,6,2,0,1,1,-1
8697,174,47,7,2,1,0,0,1
8698,174,48,8,2,1,1,0,0
8699,174,49,8,2,1,1,0,-1
8700,174,50,7,2,1,0,-1,0
8701,175,1,6,2,0,1,0,0
8702,175,2,6,2,0,1,0,0
8703,175,3,6,2,0,1,0,0
8704,175,4,6,2,0,1,0,0
8705,175,5,6,2,0,1,0,0
8706,175,6,6,2,0,1,0,-1
8707,175,7,5,2,0,0,1,0
8708,175,8,3,1,1,0,0,0
8709,175,9,3,1,1,0,0,1
8710,175,10,8,2,1,1,0,0
8711,175,11,4,1,1,1,-1,0
8712,175,12,2,1,0,1,1,0
8713,175,13,4,1,1,1,0,0
8714,175,14,4,1,1,1,0,0
8715,175,15,8,2,1,1,0,-1
8716,175,16,7,2,1,0,0,0
8717,175,17,3,1,1,0,0,0
8718,175,18,3,1,1,0,0,0
8719,175,19,7,2,1,0,0,0
8720,175,20,7,2,1,0,0,0
8721,175,21,7,2,1,0,0,1
8722,175,22,4,1,1,1,0,0
8723,175,23,4,1,1,1,0,-1
8724,175,24,3,1,1,0,0,1
8725,175,25,4,1,1,1,0,-1
8726,175,26,3,1,1,0,0,0
8727,175,27,3,1,1,0,0,1
8728,175,28,4,1,1,1,0,0
8729,175,29,4,1,1,1,0,0
8730,175,30,4,1,1,1,0,0
8731,175,31,4,1,1,1,0,0
8732,175,32,8,2,1,1,0,0
8733,175,33,8,2,1,1,0,-1
8734,175,34,7,2,1,0,0,0
8735,175,35,3,1,1,0,0,1
8736,175,36,4,1,1,1,0,0
8737,175,37,8,2,1,1,-1,0
8738,175,38,6,2,0,1,0,0
8739,175,39,6,2,0,1,0,0
8740,175,40,6,2,0,1,0,-1
8741,175,41,5,2,0,0,1,0
8742,175,42,3,1,1,0,0,1
8743,175,43,4,1,1,1,0,0
8744,175,44,4,1,1,1,0,0
8745,175,45,8,2,1,1,0,-1
8746,175,46,3,1,1,0,0,0
8747,175,47,3,1,1,0,-1,0
8748,175,48,1,1,0,0,0,0
8749,175,49,5,2,0,0,0,1
8750,175,50,6,2,0,1,1,0
8751,176,1,4,1,1,1,0,0
8752,176,2,4,1,1,1,0,0
8753,176,3,4,1,1,1,0,0
8754,176,4,4,1,1,1,0,0
8755,176,5,4,1,1,1,0,-1
8756,176,6,3,1,1,0,0,0
8757,176,7,3,1,1,0,0,0
8758,176,8,3,1,1,0,0,0
8759,176,9,3,1,1,0,0,0
8760,176,10,3,1,1,0,0,0
8761,176,11,3,1,1,0,0,1
8762,176,12,4,1,1,1,0,0
8763,176,13,4,1,1,1,0,0
8764,176,14,4,1,1,1,0,0
8765,176,15,8,2,1,1,0,0
8766,176,16,8,2,1,1,0,0
8767,176,17,8,2,1,1,0,0
8768,176,18,4,1,1,1,0,0
8769,176,19,8,2,1,1,0,0
8770,176,20,4,1,1,1,0,0
8771,176,21,4,1,1,1,0,-1
8772,176,22,3,1,1,0,0,0
8773,176,23,7,2,1,0,-1,0
8774,176,24,5,2,0,0,0,1
8775,176,25,6,2,0,1,1,0
8776,176,26,4,1,1,1,0,0
8777,176,27,4,1,1,1,-1,0
8778,176,28,6,2,0,1,1,0
8779,176,29,8,2,1,1,-1,-1
8780,176,30,5,2,0,0,1,1
8781,176,31,8,2,1,1,-1,0
8782,176,32,6,2,0,1,1,-1
8783,176,33,3,1,1,0,-1,0
8784,176,34,5,2,0,0,0,1
8785,176,35,2,1,0,1,0,0
8786,176,36,2,1,0,1,1,0
8787,176,37,4,1,1,1,-1,0
8788,176,38,6,2,0,1,1,0
8789,176,39,8,2,1,1,0,0
8790,176,40,4,1,1,1,0,0
8791,176,41,4,1,1,1,0,0
8792,176,42,4,1,1,1,0,0
8793,176,43,4,1,1,1,0,0
8794,176,44,8,2,1,1,0,0
8795,176,45,8,2,1,1,0,-1
8796,176,46,7,2,1,0,-1,1
8797,176,47,6,2,0,1,1,-1
8798,176,48,3,1,1,0,0,0
8799,176,49,3,1,1,0,0,0
8800,176,50,3,1,1,0,0,0
8801,177,1,3,1,1,0,0,1
8802,177,2,8,2,1,1,-1,0
8803,177,3,2,1,0,1,0,-1
8804,177,4,5,2,0,0,0,0
8805,177,5,5,2,0,0,0,1
8806,177,6,6,2,0,1,0,0
8807,177,7,6,2,0,1,0,-1
8808,177,8,1,1,0,0,1,1
8809,177,9,4,1,1,1,0,-1
8810,177,10,7,2,1,0,-1,0
8811,177,11,5,2,0,0,0,1
8812,177,12,2,1,0,1,1,0
8813,177,13,8,2,1,1,0,0
8814,177,14,8,2,1,1,-1,0
8815,177,15,2,1,0,1,0,0
8816,177,16,2,1,0,1,0,0
8817,177,17,2,1,0,1,0,0
8818,177,18,6,2,0,1,0,0
8819,177,19,6,2,0,1,0,0
8820,177,20,6,2,0,1,0,0
8821,177,21,6,2,0,1,1,0
8822,177,22,8,2,1,1,0,0
8823,177,23,8,2,1,1,-1,0
8824,177,24,6,2,0,1,1,-1
8825,177,25,7,2,1,0,-1,0
8826,177,26,5,2,0,0,0,0
8827,177,27,1,1,0,0,0,0
8828,177,28,5,2,0,0,1,0
8829,177,29,3,1,1,0,0,0
8830,177,30,3,1,1,0,0,0
8831,177,31,3,1,1,0,0,0
8832,177,32,3,1,1,0,0,0
8833,177,33,3,1,1,0,0,0
8834,177,34,3,1,1,0,0,0
8835,177,35,3,1,1,0,0,0
8836,177,36,3,1,1,0,0,1
8837,177,37,8,2,1,1,-1,0
8838,177,38,6,2,0,1,1,0
8839,177,39,4,1,1,1,0,0
8840,177,40,4,1,1,1,0,0
8841,177,41,4,1,1,1,0,-1
8842,177,42,7,2,1,0,0,1
8843,177,43,8,2,1,1,-1,0
8844,177,44,6,2,0,1,0,0
8845,177,45,6,2,0,1,0,0
8846,177,46,6,2,0,1,0,-1
8847,177,47,5,2,0,0,0,1
8848,177,48,6,2,0,1,0,0
8849,177,49,6,2,0,1,1,0
8850,177,50,4,1,1,1,0,0
8851,178,1,8,2,1,1,-1,0
8852,178,2,6,2,0,1,0,-1
8853,178,3,5,2,0,0,0,0
8854,178,4,1,1,0,0,0,0
8855,178,5,1,1,0,0,1,0
8856,178,6,3,1,1,0,0,0
8857,178,7,3,1,1,0,0,0
8858,178,8,3,1,1,0,0,1
8859,178,9,4,1,1,1,0,0
8860,178,10,4,1,1,1,-1,0
8861,178,11,2,1,0,1,0,0
8862,178,12,6,2,0,1,0,0
8863,178,13,6,2,0,1,0,0
8864,178,14,2,1,0,1,0,-1
8865,178,15,1,1,0,0,0,0
8866,178,16,1,1,0,0,0,0
8867,178,17,1,1,0,0,1,0
8868,178,18,7,2,1,0,0,0
8869,178,19,7,2,1,0,0,0
8870,178,20,7,2,1,0,-1,0
8871,178,21,1,1,0,0,1,1
8872,178,22,4,1,1,1,-1,-1
8873,178,23,1,1,0,0,0,0
8874,178,24,5,2,0,0,0,1
8875,178,25,6,2,0,1,0,0
8876,178,26,2,1,0,1,0,0
8877,178,27,2,1,0,1,0,0
8878,178,28,6,2,0,1,0,0
8879,178,29,6,2,0,1,0,0
8880,178,30,2,1,0,1,0,0
8881,178,31,2,1,0,1,0,0
8882,178,32,6,2,0,1,0,-1
8883,178,33,1,1,0,0,0,0
8884,178,34,1,1,0,0,0,0
8885,178,35,1,1,0,0,0,0
8886,178,36,1,1,0,0,1,1
8887,178,37,4,1,1,1,0,0
8888,178,38,4,1,1,1,0,-1
8889,178,39,7,2,1,0,0,0
8890,178,40,7,2,1,0,0,1
8891,178,41,4,1,1,1,0,-1
8892,178,42,3,1,1,0,0,0
8893,178,43,7,2,1,0,-1,0
8894,178,44,1,1,0,0,0,0
8895,178,45,5,2,0,0,1,0
8896,178,46,3,1,1,0,0,1
8897,178,47,4,1,1,1,0,0
8898,178,48,4,1,1,1,0,-1
8899,178,49,3,1,1,0,0,0
8900,178,50,3,1,1,0,0,1
8901,179,1,5,2,0,0,1,0
8902,179,2,7,2,1,0,-1,0
8903,179,3,1,1,0,0,1,0
8904,179,4,7,2,1,0,-1,0
8905,179,5,5,2,0,0,0,0
8906,179,6,5,2,0,0,0,0
8907,179,7,5,2,0,0,1,1
8908,179,8,4,1,1,1,0,-1
8909,179,9,3,1,1,0,0,0
8910,179,10,3,1,1,0,-1,0
8911,179,11,1,1,0,0,0,0
8912,179,12,5,2,0,0,0,1
8913,179,13,2,1,0,1,1,-1
8914,179,14,3,1,1,0,0,0
8915,179,15,3,1,1,0,0,0
8916,179,16,3,1,1,0,-1,0
8917,179,17,5,2,0,0,0,0
8918,179,18,5,2,0,0,0,0
8919,179,19,5,2,0,0,1,1
8920,179,20,4,1,1,1,0,0
8921,179,21,4,1,1,1,0,0
8922,179,22,4,1,1,1,0,0
8923,179,23,4,1,1,1,0,0
8924,179,24,8,2,1,1,-1,0
8925,179,25,6,2,0,1,1,0
8926,179,26,8,2,1,1,-1,0
8927,179,27,2,1,0,1,1,0
8928,179,28,4,1,1,1,0,0
8929,179,29,4,1,1,1,0,-1
8930,179,30,3,1,1,0,0,0
8931,179,31,3,1,1,0,0,0
8932,179,32,3,1,1,0,0,0
8933,179,33,7,2,1,0,0,0
8934,179,34,3,1,1,0,0,1
8935,179,35,4,1,1,1,0,-1
8936,179,36,7,2,1,0,0,0
8937,179,37,7,2,1,0,0,0
8938,179,38,7,2,1,0,0,0
8939,179,39,7,2,1,0,0,0
8940,179,40,7,2,1,0,-1,0
8941,179,41,5,2,0,0,1,0
8942,179,42,3,1,1,0,0,0
8943,179,43,7,2,1,0,0,1
8944,179,44,4,1,1,1,0,0
8945,179,45,4,1,1,1,-1,-1
8946,179,46,1,1,0,0,1,0
8947,179,47,7,2,1,0,-1,0
8948,179,48,5,2,0,0,1,1
8949,179,49,4,1,1,1,0,0
8950,179,50,4,1,1,1,-1,0
8951,180,1,4,1,1,1,0,0
8952,180,2,4,1,1,1,0,0
8953,180,3,4,1,1,1,0,0
8954,180,4,4,1,1,1,0,0
8955,180,5,8,2,1,1,0,-1
8956,180,6,7,2,1,0,0,0
8957,180,7,3,1,1,0,-1,0
8958,180,8,1,1,0,0,1,0
8959,180,9,7,2,1,0,-1,0
8960,180,10,1,1,0,0,0,0
8961,180,11,5,2,0,0,0,0
8962,180,12,1,1,0,0,1,1
8963,180,13,4,1,1,1,-1,-1
8964,180,14,1,1,0,0,0,0
8965,180,15,1,1,0,0,1,0
8966,180,16,7,2,1,0,0,0
8967,180,17,3,1,1,0,0,0
8968,180,18,3,1,1,0,-1,0
8969,180,19,1,1,0,0,0,0
8970,180,20,1,1,0,0,0,0
8971,180,21,5,2,0,0,1,0
8972,180,22,7,2,1,0,0,1
8973,180,23,8,2,1,1,-1,0
8974,180,24,2,1,0,1,0,0
8975,180,25,2,1,0,1,0,0
8976,180,26,2,1,0,1,0,0
8977,180,27,6,2,0,1,0,0
8978,180,28,2,1,0,1,0,0
8979,180,29,6,2,0,1,0,0
8980,180,30,6,2,0,1,1,-1
8981,180,31,7,2,1,0,0,0
8982,180,32,3,1,1,0,0,1
8983,180,33,8,2,1,1,0,0
8984,180,34,8,2,1,1,0,0
8985,180,35,8,2,1,1,0,0
8986,180,36,4,1,1,1,0,0
8987,180,37,4,1,1,1,0,0
8988,180,38,8,2,1,1,0,0
8989,180,39,8,2,1,1,0,0
8990,180,40,4,1,1,1,-1,0
8991,180,41,2,1,0,1,0,0
8992,180,42,2,1,0,1,0,0
8993,180,43,6,2,0,1,0,0
8994,180,44,6,2,0,1,1,0
8995,180,45,4,1,1,1,0,0
8996,180,46,4,1,1,1,-1,0
8997,180,47,6,2,0,1,0,0
8998,180,48,2,1,0,1,1,0
8999,180,49,8,2,1,1,-1,0
9000,180,50,6,2,0,1,1,0
9001,181,1,5,2,0,0,0,0
9002,181,2,5,2,0,0,0,1
9003,181,3,6,2,0,1,0,0
9004,181,4,6,2,0,1,1,0
9005,181,5,8,2,1,1,0,0
9006,181,6,8,2,1,1,0,-1
9007,181,7,7,2,1,0,0,0
9008,181,8,7,2,1,0,0,0
9009,181,9,7,2,1,0,0,0
9010,181,10,7,2,1,0,0,0
9011,181,11,3,1,1,0,0,0
9012,181,12,3,1,1,0,0,0
9013,181,13,3,1,1,0,0,0
9014,181,14,7,2,1,0,0,0
9015,181,15,3,1,1,0,0,0
9016,181,16,7,2,1,0,0,0
9017,181,17,7,2,1,0,0,1
9018,181,18,8,2,1,1,0,-1
9019,181,19,7,2,1,0,0,0
9020,181,20,7,2,1,0,0,0
9021,181,21,3,1,1,0,0,1
9022,181,22,4,1,1,1,0,0
9023,181,23,4,1,1,1,0,0
9024,181,24,8,2,1,1,0,0
9025,181,25,8,2,1,1,0,0
9026,181,26,4,1,1,1,0,0
9027,181,27,4,1,1,1,-1,0
9028,181,28,2,1,0,1,0,0
9029,181,29,6,2,0,1,0,0
9030,181,30,2,1,0,1,0,0
9031,181,31,2,1,0,1,0,0
9032,181,32,6,2,0,1,0,0
9033,181,33,2,1,0,1,0,0
9034,181,34,2,1,0,1,0,-1
9035,181,35,5,2,0,0,0,0
9036,181,36,5,2,0,0,1,1
9037,181,37,8,2,1,1,0,-1
9038,181,38,7,2,1,0,0,0
9039,181,39,7,2,1,0,0,1
9040,181,40,8,2,1,1,0,0
9041,181,41,4,1,1,1,0,0
9042,181,42,4,1,1,1,0,0
9043,181,43,8,2,1,1,0,0
9044,181,44,8,2,1,1,0,-1
9045,181,45,7,2,1,0,0,1
9046,181,46,4,1,1,1,0,-1
9047,181,47,3,1,1,0,0,0
9048,181,48,3,1,1,0,0,0
9049,181,49,3,1,1,0,-1,0
9050,181,50,1,1,0,0,0,0
9051,182,1,7,2,1,0,0,0
9052,182,2,7,2,1,0,0,0
9053,182,3,3,1,1,0,0,0
9054,182,4,7,2,1,0,0,0
9055,182,5,7,2,1,0,0,0
9056,182,6,7,2,1,0,0,1
9057,182,7,4,1,1,1,0,0
9058,182,8,4,1,1,1,0,0
9059,182,9,4,1,1,1,0,0
9060,182,10,8,2,1,1,0,0
9061,182,11,4,1,1,1,0,0
9062,182,12,4,1,1,1,0,0
9063,182,13,4,1,1,1,0,0
9064,182,14,4,1,1,1,0,0
9065,182,15,4,1,1,1,0,-1
9066,182,16,3,1,1,0,0,0
9067,182,17,3,1,1,0,0,0
9068,182,18,3,1,1,0,0,0
9069,182,19,3,1,1,0,-1,1
9070,182,20,2,1,0,1,1,0
9071,182,21,4,1,1,1,-1,0
9072,182,22,2,1,0,1,0,0
9073,182,23,2,1,0,1,0,-1
9074,182,24,5,2,0,0,0,1
9075,182,25,6,2,0,1,1,0
9076,182,26,4,1,1,1,0,0
9077,182,27,4,1,1,1,0,0
9078,182,28,4,1,1,1,0,0
9079,182,29,8,2,1,1,-1,0
9080,182,30,6,2,0,1,0,0
9081,182,31,6,2,0,1,0,0
9082,182,32,6,2,0,1,0,0
9083,182,33,6,2,0,1,0,-1
9084,182,34,5,2,0,0,0,0
9085,182,35,1,1,0,0,0,1
9086,182,36,2,1,0,1,0,0
9087,182,37,2,1,0,1,1,0
9088,182,38,4,1,1,1,0,0
9089,182,39,8,2,1,1,0,-1
9090,182,40,7,2,1,0,0,0
9091,182,41,7,2,1,0,0,0
9092,182,42,7,2,1,0,0,0
9093,182,43,7,2,1,0,0,0
9094,182,44,3,1,1,0,0,1
9095,182,45,8,2,1,1,0,0
9096,182,46,4,1,1,1,0,-1
9097,182,47,3,1,1,0,-1,1
9098,182,48,6,2,0,1,1,0
9099,182,49,8,2,1,1,0,0
9100,182,50,4,1,1,1,-1,0
9101,183,1,5,2,0,0,0,1
9102,183,2,2,1,0,1,0,-1
9103,183,3,1,1,0,0,0,0
9104,183,4,5,2,0,0,0,0
9105,183,5,1,1,0,0,1,0
9106,183,6,7,2,1,0,0,1
9107,183,7,8,2,1,1,0,0
9108,183,8,4,1,1,1,0,0
9109,183,9,4,1,1,1,0,-1
9110,183,10,3,1,1,0,0,0
9111,183,11,3,1,1,0,0,0
9112,183,12,3,1,1,0,0,0
9113,183,13,3,1,1,0,-1,0
9114,183,14,1,1,0,0,0,0
9115,183,15,1,1,0,0,0,0
9116,183,16,1,1,0,0,0,1
9117,183,17,6,2,0,1,0,0
9118,183,18,6,2,0,1,0,0
9119,183,19,6,2,0,1,0,0
9120,183,20,2,1,0,1,0,0
9121,183,21,6,2,0,1,0,0
9122,183,22,6,2,0,1,0,0
9123,183,23,2,1,0,1,0,0
9124,183,24,2,1,0,1,1,-1
9125,183,25,7,2,1,0,0,0
9126,183,26,3,1,1,0,0,0
9127,183,27,3,1,1,0,0,0
9128,183,28,3,1,1,0,0,0
9129,183,29,7,2,1,0,-1,0
9130,183,30,5,2,0,0,0,0
9131,183,31,5,2,0,0,1,0
9132,183,32,7,2,1,0,-1,0
9133,183,33,1,1,0,0,1,0
9134,183,34,3,1,1,0,0,0
9135,183,35,3,1,1,0,0,1
9136,183,36,4,1,1,1,-1,0
9137,183,37,2,1,0,1,1,0
9138,183,38,4,1,1,1,0,0
9139,183,39,4,1,1,1,0,0
9140,183,40,4,1,1,1,-1,0
9141,183,41,6,2,0,1,0,0
9142,183,42,2,1,0,1,1,0
9143,183,43,4,1,1,1,0,-1
9144,183,44,3,1,1,0,0,1
9145,183,45,8,2,1,1,0,0
9146,183,46,4,1,1,1,0,0
9147,183,47,8,2,1,1,0,-1
9148,183,48,3,1,1,0,0,0
9149,183,49,7,2,1,0,-1,0
9150,183,50,5,2,0,0,0,0
9151,184,1,7,2,1,0,0,0
9152,184,2,7,2,1,0,0,0
9153,184,3,3,1,1,0,0,1
9154,184,4,8,2,1,1,0,0
9155,184,5,8,2,1,1,-1,-1
9156,184,6,1,1,0,0,0,0
9157,184,7,1,1,0,0,0,0
9158,184,8,1,1,0,0,1,0
9159,184,9,3,1,1,0,0,1
9160,184,10,4,1,1,1,0,0
9161,184,11,4,1,1,1,0,0
9162,184,12,8,2,1,1,0,0
9163,184,13,4,1,1,1,0,0
9164,184,14,4,1,1,1,0,0
9165,184,15,4,1,1,1,0,-1
9166,184,16,3,1,1,0,0,0
9167,184,17,3,1,1,0,0,1
9168,184,18,4,1,1,1,0,0
9169,184,19,4,1,1,1,-1,0
9170,184,20,6,2,0,1,1,0
9171,184,21,8,2,1,1,0,0
9172,184,22,8,2,1,1,-1,0
9173,184,23,6,2,0,1,0,0
9174,184,24,2,1,0,1,1,-1
9175,184,25,3,1,1,0,0,0
9176,184,26,7,2,1,0,-1,0
9177,184,27,1,1,0,0,0,1
9178,184,28,2,1,0,1,0,0
9179,184,29,2,1,0,1,0,0
9180,184,30,6,2,0,1,0,0
9181,184,31,2,1,0,1,1,0
9182,184,32,8,2,1,1,0,0
9183,184,33,8,2,1,1,0,0
9184,184,34,8,2,1,1,0,0
9185,184,35,8,2,1,1,0,0
9186,184,36,8,2,1,1,0,0
9187,184,37,8,2,1,1,0,0
9188,184,38,8,2,1,1,0,0
9189,184,39,8,2,1,1,0,0
9190,184,40,8,2,1,1,0,-1
9191,184,41,3,1,1,0,0,0
9192,184,42,3,1,1,0,0,1
9193,184,43,8,2,1,1,0,0
9194,184,44,8,2,1,1,0,-1
9195,184,45,7,2,1,0,-1,1
9196,184,46,6,2,0,1,0,-1
9197,184,47,1,1,0,0,0,0
9198,184,48,5,2,0,0,0,0
9199,184,49,5,2,0,0,0,0
9200,184,50,5,2,0,0,0,0
9201,185,1,5,2,0,0,0,0
9202,185,2,5,2,0,0,1,0
9203,185,3,3,1,1,0,0,0
9204,185,4,3,1,1,0,0,0
9205,185,5,3,1,1,0,0,0
9206,185,6,3,1,1,0,0,1
9207,185,7,4,1,1,1,0,-1
9208,185,8,3,1,1,0,0,1
9209,185,9,4,1,1,1,0,0
9210,185,10,4,1,1,1,0,-1
9211,185,11,3,1,1,0,0,0
9212,185,12,3,1,1,0,-1,1
9213,185,13,2,1,0,1,0,0
9214,185,14,2,1,0,1,1,0
9215,185,15,4,1,1,1,0,0
9216,185,16,8,2,1,1,0,-1
9217,185,17,7,2,1,0,0,1
9218,185,18,8,2,1,1,0,0
9219,185,19,8,2,1,1,-1,0
9220,185,20,6,2,0,1,1,0
9221,185,21,4,1,1,1,0,-1
9222,185,22,3,1,1,0,0,0
9223,185,23,3,1,1,0,0,0
9224,185,24,3,1,1,0,-1,1
9225,185,25,2,1,0,1,1,0
9226,185,26,4,1,1,1,0,0
9227,185,27,4,1,1,1,0,0
9228,185,28,4,1,1,1,0,0
9229,185,29,4,1,1,1,0,0
9230,185,30,4,1,1,1,0,0
9231,185,31,4,1,1,1,0,-1
9232,185,32,7,2,1,0,0,0
9233,185,33,3,1,1,0,0,0
9234,185,34,3,1,1,0,0,1
9235,185,35,4,1,1,1,0,0
9236,185,36,4,1,1,1,0,0
9237,185,37,8,2,1,1,-1,0
9238,185,38,2,1,0,1,0,-1
9239,185,39,1,1,0,0,1,1
9240,185,40,4,1,1,1,0,0
9241,185,41,4,1,1,1,0,0
9242,185,42,4,1,1,1,0,-1
9243,185,43,3,1,1,0,-1,0
9244,185,44,5,2,0,0,0,0
9245,185,45,1,1,0,0,1,0
9246,185,46,3,1,1,0,0,0
9247,185,47,3,1,1,0,-1,0
9248,185,48,1,1,0,0,1,0
9249,185,49,3,1,1,0,0,0
9250,185,50,7,2,1,0,-1,0
9251,186,1,2,1,0,1,0,0
9252,186,2,2,1,0,1,1,0
9253,186,3,4,1,1,1,-1,-1
9254,186,4,1,1,0,0,0,1
9255,186,5,2,1,0,1,0,0
9256,186,6,6,2,0,1,0,0
9257,186,7,6,2,0,1,0,0
9258,186,8,2,1,0,1,1,0
9259,186,9,4,1,1,1,0,-1
9260,186,10,3,1,1,0,0,1
9261,186,11,4,1,1,1,0,0
9262,186,12,4,1,1,1,0,0
9263,186,13,8,2,1,1,0,-1
9264,186,14,7,2,1,0,0,0
9265,186,15,7,2,1,0,0,0
9266,186,16,7,2,1,0,0,1
9267,186,17,4,1,1,1,0,0
9268,186,18,4,1,1,1,0,0
9269,186,19,4,1,1,1,0,0
9270,186,20,8,2,1,1,0,0
9271,186,21,8,2,1,1,0,-1
9272,186,22,7,2,1,0,0,0
9273,186,23,3,1,1,0,0,0
9274,186,24,7,2,1,0,0,0
9275,186,25,3,1,1,0,-1,0
9276,186,26,1,1,0,0,1,0
9277,186,27,3,1,1,0,0,0
9278,186,28,7,2,1,0,0,0
9279,186,29,7,2,1,0,0,0
9280,186,30,7,2,1,0,0,0
9281,186,31,7,2,1,0,0,1
9282,186,32,8,2,1,1,0,-1
9283,186,33,7,2,1,0,0,1
9284,186,34,8,2,1,1,0,-1
9285,186,35,7,2,1,0,0,0
9286,186,36,3,1,1,0,0,0
9287,186,37,3,1,1,0,0,0
9288,186,38,3,1,1,0,0,0
9289,186,39,3,1,1,0,-1,0
9290,186,40,1,1,0,0,0,0
9291,186,41,1,1,0,0,1,0
9292,186,42,3,1,1,0,-1,0
9293,186,43,1,1,0,0,0,0
9294,186,44,1,1,0,0,0,0
9295,186,45,1,1,0,0,1,0
9296,186,46,7,2,1,0,0,0
9297,186,47,7,2,1,0,0,0
9298,186,48,7,2,1,0,0,0
9299,186,49,3,1,1,0,0,0
9300,186,50,7,2,1,0,0,0
9301,187,1,7,2,1,0,0,1
9302,187,2,4,1,1,1,0,0
9303,187,3,8,2,1,1,0,-1
9304,187,4,7,2,1,0,0,1
9305,187,5,8,2,1,1,-1,0
9306,187,6,6,2,0,1,0,0
9307,187,7,2,1,0,1,0,0
9308,187,8,2,1,0,1,0,0
9309,187,9,2,1,0,1,0,0
9310,187,10,2,1,0,1,1,0
9311,187,11,4,1,1,1,0,0
9312,187,12,4,1,1,1,0,0
9313,187,13,4,1,1,1,0,0
9314,187,14,8,2,1,1,0,-1
9315,187,15,7,2,1,0,0,0
9316,187,16,7,2,1,0,-1,1
9317,187,17,6,2,0,1,0,0
9318,187,18,2,1,0,1,0,0
9319,187,19,6,2,0,1,0,-1
9320,187,20,5,2,0,0,0,1
9321,187,21,2,1,0,1,0,0
9322,187,22,6,2,0,1,0,0
9323,187,23,6,2,0,1,0,-1
9324,187,24,1,1,0,0,0,0
9325,187,25,1,1,0,0,1,0
9326,187,26,3,1,1,0,0,0
9327,187,27,3,1,1,0,0,0
9328,187,28,3,1,1,0,0,1
9329,187,29,4,1,1,1,-1,0
9330,187,30,6,2,0,1,1,0
9331,187,31,4,1,1,1,0,-1
9332,187,32,3,1,1,0,0,0
9333,187,33,7,2,1,0,0,0
9334,187,34,3,1,1,0,0,1
9335,187,35,4,1,1,1,0,0
9336,187,36,4,1,1,1,0,-1
9337,187,37,7,2,1,0,0,0
9338,187,38,7,2,1,0,-1,0
9339,187,39,5,2,0,0,0,0
9340,187,40,1,1,0,0,0,1
9341,187,41,2,1,0,1,0,0
9342,187,42,2,1,0,1,1,0
9343,187,43,4,1,1,1,0,0
9344,187,44,4,1,1,1,-1,0
9345,187,45,2,1,0,1,0,0
9346,187,46,6,2,0,1,1,0
9347,187,47,8,2,1,1,-1,0
9348,187,48,6,2,0,1,0,0
9349,187,49,2,1,0,1,0,-1
9350,187,50,1,1,0,0,0,0
9351,188,1,8,2,1,1,0,0
9352,188,2,8,2,1,1,0,0
9353,188,3,4,1,1,1,0,0
9354,188,4,4,1,1,1,0,-1
9355,188,5,3,1,1,0,0,0
9356,188,6,3,1,1,0,-1,1
9357,188,7,2,1,0,1,1,0
9358,188,8,4,1,1,1,0,0
9359,188,9,4,1,1,1,-1,0
9360,188,10,2,1,0,1,0,0
9361,188,11,2,1,0,1,0,0
9362,188,12,2,1,0,1,1,0
9363,188,13,4,1,1,1,0,0
9364,188,14,8,2,1,1,0,0
9365,188,15,8,2,1,1,0,0
9366,188,16,8,2,1,1,0,-1
9367,188,17,7,2,1,0,0,0
9368,188,18,7,2,1,0,0,0
9369,188,19,7,2,1,0,0,0
9370,188,20,3,1,1,0,0,0
9371,188,21,3,1,1,0,0,0
9372,188,22,3,1,1,0,0,0
9373,188,23,3,1,1,0,0,1
9374,188,24,4,1,1,1,0,0
9375,188,25,4,1,1,1,0,0
9376,188,26,4,1,1,1,0,0
9377,188,27,4,1,1,1,0,-1
9378,188,28,3,1,1,0,0,0
9379,188,29,3,1,1,0,0,1
9380,188,30,8,2,1,1,0,-1
9381,188,31,3,1,1,0,0,0
9382,188,32,7,2,1,0,0,0
9383,188,33,3,1,1,0,0,1
9384,188,34,4,1,1,1,0,0
9385,188,35,8,2,1,1,-1,0
9386,188,36,2,1,0,1,0,-1
9387,188,37,1,1,0,0,1,1
9388,188,38,4,1,1,1,0,0
9389,188,39,4,1,1,1,0,0
9390,188,40,8,2,1,1,0,0
9391,188,41,8,2,1,1,-1,-1
9392,188,42,5,2,0,0,0,0
9393,188,43,1,1,0,0,0,1
9394,188,44,2,1,0,1,0,-1
9395,188,45,1,1,0,0,0,0
9396,188,46,1,1,0,0,0,1
9397,188,47,6,2,0,1,0,-1
9398,188,48,5,2,0,0,0,0
9399,188,49,1,1,0,0,0,0
9400,188,50,1,1,0,0,1,0
9401,189,1,6,2,0,1,0,0
9402,189,2,6,2,0,1,0,0
9403,189,3,6,2,0,1,1,-1
9404,189,4,7,2,1,0,-1,1
9405,189,5,2,1,0,1,1,0
9406,189,6,4,1,1,1,0,0
9407,189,7,8,2,1,1,0,0
9408,189,8,8,2,1,1,0,-1
9409,189,9,3,1,1,0,0,0
9410,189,10,3,1,1,0,0,1
9411,189,11,8,2,1,1,0,0
9412,189,12,4,1,1,1,0,0
9413,189,13,4,1,1,1,-1,0
9414,189,14,2,1,0,1,0,0
9415,189,15,6,2,0,1,1,-1
9416,189,16,7,2,1,0,0,0
9417,189,17,3,1,1,0,0,0
9418,189,18,7,2,1,0,-1,0
9419,189,19,1,1,0,0,0,0
9420,189,20,5,2,0,0,1,0
9421,189,21,3,1,1,0,-1,1
9422,189,22,2,1,0,1,0,0
9423,189,23,2,1,0,1,0,0
9424,189,24,6,2,0,1,0,0
9425,189,25,6,2,0,1,0,-1
9426,189,26,1,1,0,0,1,1
9427,189,27,4,1,1,1,0,0
9428,189,28,4,1,1,1,0,-1
9429,189,29,3,1,1,0,0,0
9430,189,30,3,1,1,0,0,0
9431,189,31,3,1,1,0,0,0
9432,189,32,7,2,1,0,0,0
9433,189,33,3,1,1,0,-1,1
9434,189,34,2,1,0,1,0,0
9435,189,35,2,1,0,1,0,0
9436,189,36,2,1,0,1,0,0
9437,189,37,6,2,0,1,0,-1
9438,189,38,5,2,0,0,0,0
9439,189,39,5,2,0,0,1,0
9440,189,40,3,1,1,0,0,0
9441,189,41,3,1,1,0,0,0
9442,189,42,7,2,1,0,0,0
9443,189,43,3,1,1,0,0,0
9444,189,44,3,1,1,0,0,1
9445,189,45,4,1,1,1,-1,0
9446,189,46,2,1,0,1,0,0
9447,189,47,2,1,0,1,0,0
9448,189,48,6,2,0,1,0,-1
9449,189,49,1,1,0,0,1,0
9450,189,50,3,1,1,0,-1,0
9451,190,1,5,2,0,0,0,0
9452,190,2,1,1,0,0,1,0
9453,190,3,7,2,1,0,0,0
9454,190,4,3,1,1,0,0,0
9455,190,5,7,2,1,0,0,0
9456,190,6,7,2,1,0,-1,0
9457,190,7,5,2,0,0,0,1
9458,190,8,2,1,0,1,0,-1
9459,190,9,5,2,0,0,0,0
9460,190,10,5,2,0,0,0,0
9461,190,11,5,2,0,0,0,0
9462,190,12,1,1,0,0,1,0
9463,190,13,3,1,1,0,0,0
9464,190,14,3,1,1,0,0,1
9465,190,15,4,1,1,1,0,0
9466,190,16,4,1,1,1,-1,0
9467,190,17,2,1,0,1,1,0
9468,190,18,4,1,1,1,-1,0
9469,190,19,2,1,0,1,0,0
9470,190,20,2,1,0,1,0,0
9471,190,21,6,2,0,1,0,0
9472,190,22,6,2,0,1,0,0
9473,190,23,6,2,0,1,0,-1
9474,190,24,5,2,0,0,1,0
9475,190,25,3,1,1,0,0,0
9476,190,26,3,1,1,0,0,1
9477,190,27,4,1,1,1,0,0
9478,190,28,4,1,1,1,0,-1
9479,190,29,7,2,1,0,0,0
9480,190,30,7,2,1,0,0,1
9481,190,31,8,2,1,1,0,-1
9482,190,32,7,2,1,0,0,0
9483,190,33,3,1,1,0,0,0
9484,190,34,3,1,1,0,0,0
9485,190,35,3,1,1,0,-1,0
9486,190,36,1,1,0,0,0,0
9487,190,37,1,1,0,0,0,0
9488,190,38,5,2,0,0,1,0
9489,190,39,3,1,1,0,0,0
9490,190,40,3,1,1,0,0,0
9491,190,41,3,1,1,0,0,0
9492,190,42,3,1,1,0,-1,0
9493,190,43,1,1,0,0,1,0
9494,190,44,3,1,1,0,0,0
9495,190,45,3,1,1,0,0,0
9496,190,46,7,2,1,0,0,0
9497,190,47,7,2,1,0,0,0
9498,190,48,7,2,1,0,0,0
9499,190,49,3,1,1,0,0,0
9500,190,50,7,2,1,0,0,1
9501,191,1,4,1,1,1,0,0
9502,191,2,4,1,1,1,0,0
9503,191,3,8,2,1,1,0,0
9504,191,4,8,2,1,1,-1,-1
9505,191,5,1,1,0,0,0,0
9506,191,6,1,1,0,0,0,0
9507,191,7,1,1,0,0,0,0
9508,191,8,5,2,0,0,0,0
9509,191,9,5,2,0,0,0,0
9510,191,10,1,1,0,0,0,0
9511,191,11,1,1,0,0,1,0
9512,191,12,7,2,1,0,-1,0
9513,191,13,5,2,0,0,0,0
9514,191,14,5,2,0,0,0,0
9515,191,15,5,2,0,0,0,1
9516,191,16,6,2,0,1,0,-1
9517,191,17,1,1,0,0,1,0
9518,191,18,3,1,1,0,0,0
9519,191,19,3,1,1,0,0,0
9520,191,20,3,1,1,0,0,0
9521,191,21,3,1,1,0,0,0
9522,191,22,3,1,1,0,0,0
9523,191,23,3,1,1,0,0,0
9524,191,24,3,1,1,0,0,0
9525,191,25,7,2,1,0,0,0
9526,191,26,3,1,1,0,0,0
9527,191,27,7,2,1,0,-1,0
9528,191,28,1,1,0,0,0,0
9529,191,29,1,1,0,0,1,0
9530,191,30,7,2,1,0,0,1
9531,191,31,8,2,1,1,0,0
9532,191,32,8,2,1,1,0,0
9533,191,33,4,1,1,1,0,0
9534,191,34,4,1,1,1,0,0
9535,191,35,4,1,1,1,0,0
9536,191,36,4,1,1,1,0,0
9537,191,37,4,1,1,1,0,0
9538,191,38,4,1,1,1,0,0
9539,191,39,8,2,1,1,-1,0
9540,191,40,6,2,0,1,0,-1
9541,191,41,1,1,0,0,0,0
9542,191,42,5,2,0,0,1,1
9543,191,43,8,2,1,1,0,-1
9544,191,44,7,2,1,0,0,0
9545,191,45,7,2,1,0,0,0
9546,191,46,3,1,1,0,-1,0
9547,191,47,1,1,0,0,0,0
9548,191,48,5,2,0,0,0,1
9549,191,49,2,1,0,1,0,0
9550,191,50,6,2,0,1,1,0
9551,192,1,2,1,0,1,1,-1
9552,192,2,7,2,1,0,0,0
9553,192,3,3,1,1,0,0,0
9554,192,4,3,1,1,0,0,1
9555,192,5,4,1,1,1,0,0
9556,192,6,4,1,1,1,0,0
9557,192,7,4,1,1,1,0,0
9558,192,8,8,2,1,1,0,-1
9559,192,9,7,2,1,0,0,1
9560,192,10,8,2,1,1,0,0
9561,192,11,8,2,1,1,-1,-1
9562,192,12,1,1,0,0,1,1
9563,192,13,4,1,1,1,0,0
9564,192,14,4,1,1,1,0,0
9565,192,15,4,1,1,1,-1,0
9566,192,16,2,1,0,1,1,0
9567,192,17,8,2,1,1,-1,0
9568,192,18,6,2,0,1,0,0
9569,192,19,6,2,0,1,0,0
9570,192,20,2,1,0,1,0,0
9571,192,21,2,1,0,1,0,0
9572,192,22,2,1,0,1,0,0
9573,192,23,2,1,0,1,1,-1
9574,192,24,3,1,1,0,0,0
9575,192,25,7,2,1,0,0,0
9576,192,26,3,1,1,0,0,0
9577,192,27,3,1,1,0,0,1
9578,192,28,8,2,1,1,0,-1
9579,192,29,3,1,1,0,0,1
9580,192,30,8,2,1,1,0,0
9581,192,31,4,1,1,1,0,0
9582,192,32,8,2,1,1,0,0
9583,192,33,4,1,1,1,0,0
9584,192,34,4,1,1,1,0,0
9585,192,35,4,1,1,1,0,0
9586,192,36,4,1,1,1,-1,0
9587,192,37,2,1,0,1,0,0
9588,192,38,2,1,0,1,0,0
9589,192,39,2,1,0,1,0,0
9590,192,40,2,1,0,1,0,-1
9591,192,41,1,1,0,0,0,0
9592,192,42,5,2,0,0,1,1
9593,192,43,8,2,1,1,-1,0
9594,192,44,6,2,0,1,0,0
9595,192,45,2,1,0,1,0,0
9596,192,46,6,2,0,1,1,-1
9597,192,47,7,2,1,0,0,0
9598,192,48,7,2,1,0,0,0
9599,192,49,3,1,1,0,0,0
9600,192,50,3,1,1,0,0,0
9601,193,1,3,1,1,0,0,0
9602,193,2,7,2,1,0,0,0
9603,193,3,3,1,1,0,0,0
9604,193,4,3,1,1,0,-1,0
9605,193,5,1,1,0,0,1,0
9606,193,6,3,1,1,0,-1,0
9607,193,7,1,1,0,0,0,1
9608,193,8,2,1,0,1,1,0
9609,193,9,8,2,1,1,0,0
9610,193,10,4,1,1,1,0,0
9611,193,11,4,1,1,1,-1,0
9612,193,12,6,2,0,1,1,0
9613,193,13,8,2,1,1,-1,-1
9614,193,14,1,1,0,0,0,0
9615,193,15,1,1,0,0,0,0
9616,193,16,1,1,0,0,0,0
9617,193,17,1,1,0,0,0,1
9618,193,18,2,1,0,1,0,-1
9619,193,19,1,1,0,0,1,0
9620,193,20,3,1,1,0,0,0
9621,193,21,3,1,1,0,0,1
9622,193,22,8,2,1,1,-1,-1
9623,193,23,1,1,0,0,0,1
9624,193,24,2,1,0,1,0,0
9625,193,25,2,1,0,1,1,0
9626,193,26,4,1,1,1,0,0
9627,193,27,4,1,1,1,0,0
9628,193,28,8,2,1,1,0,0
9629,193,29,4,1,1,1,0,-1
9630,193,30,7,2,1,0,0,0
9631,193,31,7,2,1,0,0,1
9632,193,32,8,2,1,1,0,0
9633,193,33,4,1,1,1,0,-1
9634,193,34,7,2,1,0,0,1
9635,193,35,8,2,1,1,0,-1
9636,193,36,3,1,1,0,0,1
9637,193,37,8,2,1,1,-1,0
9638,193,38,6,2,0,1,0,0
9639,193,39,6,2,0,1,1,0
9640,193,40,8,2,1,1,0,0
9641,193,41,8,2,1,1,0,0
9642,193,42,8,2,1,1,0,0
9643,193,43,8,2,1,1,0,0
9644,193,44,8,2,1,1,-1,0
9645,193,45,6,2,0,1,0,0
9646,193,46,2,1,0,1,1,0
9647,193,47,8,2,1,1,0,0
9648,193,48,4,1,1,1,0,0
9649,193,49,4,1,1,1,0,0
9650,193,50,4,1,1,1,0,-1
9651,194,1,4,1,1,1,0,0
9652,194,2,8,2,1,1,0,0
9653,194,3,8,2,1,1,0,-1
9654,194,4,7,2,1,0,0,0
9655,194,5,7,2,1,0,0,0
9656,194,6,7,2,1,0,0,0
9657,194,7,7,2,1,0,-1,0
9658,194,8,5,2,0,0,1,1
9659,194,9,8,2,1,1,0,-1
9660,194,10,3,1,1,0,-1,1
9661,194,11,2,1,0,1,0,0
9662,194,12,6,2,0,1,0,0
9663,194,13,2,1,0,1,0,0
9664,194,14,2,1,0,1,0,0
9665,194,15,2,1,0,1,0,0
9666,194,16,2,1,0,1,0,0
9667,194,17,6,2,0,1,1,-1
9668,194,18,7,2,1,0,0,1
9669,194,19,4,1,1,1,0,0
9670,194,20,4,1,1,1,0,-1
9671,194,21,7,2,1,0,0,0
9672,194,22,7,2,1,0,0,1
9673,194,23,4,1,1,1,0,0
9674,194,24,8,2,1,1,0,0
9675,194,25,8,2,1,1,-1,-1
9676,194,26,5,2,0,0,0,0
9677,194,27,1,1,0,0,0,0
9678,194,28,1,1,0,0,0,0
9679,194,29,1,1,0,0,0,0
9680,194,30,1,1,0,0,0,0
9681,194,31,5,2,0,0,0,0
9682,194,32,5,2,0,0,0,0
9683,194,33,1,1,0,0,1,0
9684,194,34,3,1,1,0,-1,0
9685,194,35,5,2,0,0,0,0
9686,194,36,5,2,0,0,0,0
9687,194,37,1,1,0,0,1,0
9688,194,38,3,1,1,0,0,0
9689,194,39,3,1,1,0,0,1
9690,194,40,4,1,1,1,0,0
9691,194,41,4,1,1,1,-1,0
9692,194,42,2,1,0,1,1,0
9693,194,43,4,1,1,1,0,0
9694,194,44,4,1,1,1,0,0
9695,194,45,4,1,1,1,0,0
9696,194,46,8,2,1,1,0,0
9697,194,47,4,1,1,1,0,0
9698,194,48,4,1,1,1,-1,0
9699,194,49,6,2,0,1,0,0
9700,194,50,6,2,0,1,0,0
9701,195,1,2,1,0,1,0,-1
9702,195,2,1,1,0,0,1,0
9703,195,3,3,1,1,0,0,0
9704,195,4,3,1,1,0,0,0
9705,195,5,3,1,1,0,0,0
9706,195,6,7,2,1,0,0,1
9707,195,7,8,2,1,1,0,0
9708,195,8,4,1,1,1,0,0
9709,195,9,4,1,1,1,0,0
9710,195,10,4,1,1,1,0,0
9711,195,11,8,2,1,1,0,0
9712,195,12,8,2,1,1,0,0
9713,195,13,4,1,1,1,0,0
9714,195,14,8,2,1,1,-1,0
9715,195,15,2,1,0,1,0,0
9716,195,16,2,1,0,1,1,-1
9717,195,17,3,1,1,0,-1,1
9718,195,18,6,2,0,1,0,-1
9719,195,19,5,2,0,0,1,0
9720,195,20,3,1,1,0,-1,1
9721,195,21,2,1,0,1,0,0
9722,195,22,6,2,0,1,1,0
9723,195,23,8,2,1,1,-1,0
9724,195,24,2,1,0,1,0,-1
9725,195,25,1,1,0,0,1,1
9726,195,26,8,2,1,1,0,-1
9727,195,27,3,1,1,0,0,0
9728,195,28,3,1,1,0,0,1
9729,195,29,4,1,1,1,-1,0
9730,195,30,2,1,0,1,0,0
9731,195,31,2,1,0,1,0,0
9732,195,32,6,2,0,1,1,0
9733,195,33,8,2,1,1,0,-1
9734,195,34,7,2,1,0,0,0
9735,195,35,7,2,1,0,0,0
9736,195,36,7,2,1,0,0,1
9737,195,37,8,2,1,1,0,0
9738,195,38,4,1,1,1,-1,0
9739,195,39,2,1,0,1,0,-1
9740,195,40,1,1,0,0,0,0
9741,195,41,5,2,0,0,0,0
9742,195,42,1,1,0,0,1,0
9743,195,43,3,1,1,0,0,0
9744,195,44,7,2,1,0,0,0
9745,195,45,7,2,1,0,0,0
9746,195,46,3,1,1,0,0,0
9747,195,47,7,2,1,0,0,0
9748,195,48,7,2,1,0,0,0
9749,195,49,7,2,1,0,-1,1
9750,195,50,6,2,0,1,1,0
9751,196,1,3,1,1,0,0,0
9752,196,2,7,2,1,0,-1,0
9753,196,3,5,2,0,0,0,1
9754,196,4,2,1,0,1,1,0
9755,196,5,8,2,1,1,-1,0
9756,196,6,6,2,0,1,0,0
9757,196,7,6,2,0,1,0,0
9758,196,8,6,2,0,1,1,0
9759,196,9,4,1,1,1,0,0
9760,196,10,4,1,1,1,-1,-1
9761,196,11,1,1,0,0,1,0
9762,196,12,3,1,1,0,0,1
9763,196,13,8,2,1,1,0,0
9764,196,14,8,2,1,1,0,-1
9765,196,15,3,1,1,0,0,0
9766,196,16,3,1,1,0,0,0
9767,196,17,3,1,1,0,0,1
9768,196,18,8,2,1,1,0,0
9769,196,19,8,2,1,1,0,0
9770,196,20,8,2,1,1,0,-1
9771,196,21,7,2,1,0,0,1
9772,196,22,8,2,1,1,-1,-1
9773,196,23,5,2,0,0,0,1
9774,196,24,6,2,0,1,0,0
9775,196,25,2,1,0,1,0,0
9776,196,26,2,1,0,1,0,-1
9777,196,27,1,1,0,0,0,0
9778,196,28,1,1,0,0,0,0
9779,196,29,5,2,0,0,0,0
9780,196,30,5,2,0,0,0,0
9781,196,31,1,1,0,0,1,1
9782,196,32,4,1,1,1,0,-1
9783,196,33,3,1,1,0,0,0
9784,196,34,3,1,1,0,0,0
9785,196,35,3,1,1,0,0,0
9786,196,36,3,1,1,0,0,1
9787,196,37,4,1,1,1,0,0
9788,196,38,4,1,1,1,0,0
9789,196,39,8,2,1,1,-1,0
9790,196,40,6,2,0,1,1,-1
9791,196,41,7,2,1,0,0,0
9792,196,42,7,2,1,0,-1,0
9793,196,43,1,1,0,0,0,0
9794,196,44,1,1,0,0,1,0
9795,196,45,7,2,1,0,-1,0
9796,196,46,1,1,0,0,0,0
9797,196,47,1,1,0,0,1,1
9798,196,48,4,1,1,1,0,0
9799,196,49,4,1,1,1,0,0
9800,196,50,4,1,1,1,0,0
9801,197,1,2,1,0,1,1,0
9802,197,2,4,1,1,1,0,0
9803,197,3,4,1,1,1,-1,-1
9804,197,4,1,1,0,0,0,1
9805,197,5,2,1,0,1,1,-1
9806,197,6,3,1,1,0,0,1
9807,197,7,4,1,1,1,0,-1
9808,197,8,7,2,1,0,0,0
9809,197,9,7,2,1,0,0,0
9810,197,10,3,1,1,0,0,1
9811,197,11,8,2,1,1,0,-1
9812,197,12,3,1,1,0,-1,0
9813,197,13,1,1,0,0,0,0
9814,197,14,1,1,0,0,0,0
9815,197,15,5,2,0,0,1,0
9816,197,16,7,2,1,0,0,0
9817,197,17,7,2,1,0,0,0
9818,197,18,3,1,1,0,-1,0
9819,197,19,1,1,0,0,0,0
9820,197,20,1,1,0,0,0,0
9821,197,21,1,1,0,0,0,1
9822,197,22,2,1,0,1,0,-1
9823,197,23,1,1,0,0,1,0
9824,197,24,3,1,1,0,0,0
9825,197,25,7,2,1,0,0,0
9826,197,26,7,2,1,0,0,0
9827,197,27,7,2,1,0,0,0
9828,197,28,7,2,1,0,0,0
9829,197,29,7,2,1,0,0,0
9830,197,30,3,1,1,0,0,0
9831,197,31,3,1,1,0,0,0
9832,197,32,3,1,1,0,-1,1
9833,197,33,2,1,0,1,1,0
9834,197,34,4,1,1,1,0,0
9835,197,35,8,2,1,1,0,-1
9836,197,36,7,2,1,0,-1,0
9837,197,37,5,2,0,0,0,0
9838,197,38,1,1,0,0,0,1
9839,197,39,6,2,0,1,1,0
9840,197,40,8,2,1,1,-1,-1
9841,197,41,1,1,0,0,1,1
9842,197,42,4,1,1,1,0,-1
9843,197,43,3,1,1,0,-1,1
9844,197,44,2,1,0,1,0,0
9845,197,45,2,1,0,1,0,-1
9846,197,46,1,1,0,0,0,0
9847,197,47,1,1,0,0,0,1
9848,197,48,2,1,0,1,1,0
9849,197,49,8,2,1,1,0,0
9850,197,50,8,2,1,1,0,0
9851,198,1,3,1,1,0,0,1
9852,198,2,4,1,1,1,0,-1
9853,198,3,3,1,1,0,0,0
9854,198,4,3,1,1,0,0,1
9855,198,5,8,2,1,1,0,-1
9856,198,6,7,2,1,0,0,0
9857,198,7,7,2,1,0,0,0
9858,198,8,7,2,1,0,0,0
9859,198,9,7,2,1,0,-1,1
9860,198,10,2,1,0,1,0,0
9861,198,11,2,1,0,1,1,0
9862,198,12,4,1,1,1,-1,0
9863,198,13,6,2,0,1,0,-1
9864,198,14,1,1,0,0,0,1
9865,198,15,6,2,0,1,0,0
9866,198,16,2,1,0,1,0,-1
9867,198,17,1,1,0,0,1,1
9868,198,18,4,1,1,1,0,0
9869,198,19,8,2,1,1,-1,0
9870,198,20,2,1,0,1,0,0
9871,198,21,6,2,0,1,0,0
9872,198,22,2,1,0,1,1,0
9873,198,23,4,1,1,1,-1,0
9874,198,24,6,2,0,1,0,0
9875,198,25,2,1,0,1,0,0
9876,198,26,2,1,0,1,0,0
9877,198,27,2,1,0,1,0,0
9878,198,28,2,1,0,1,0,-1
9879,198,29,1,1,0,0,0,0
9880,198,30,1,1,0,0,0,0
9881,198,31,1,1,0,0,1,0
9882,198,32,3,1,1,0,0,0
9883,198,33,3,1,1,0,-1,0
9884,198,34,1,1,0,0,0,1
9885,198,35,2,1,0,1,0,0
9886,198,36,2,1,0,1,1,0
9887,198,37,4,1,1,1,-1,-1
9888,198,38,1,1,0,0,0,0
9889,198,39,5,2,0,0,0,1
9890,198,40,6,2,0,1,0,-1
9891,198,41,5,2,0,0,0,0
9892,198,42,5,2,0,0,0,1
9893,198,43,2,1,0,1,0,0
9894,198,44,2,1,0,1,0,0
9895,198,45,6,2,0,1,0,0
9896,198,46,6,2,0,1,0,0
9897,198,47,6,2,0,1,0,0
9898,198,48,2,1,0,1,1,-1
9899,198,49,3,1,1,0,0,0
9900,198,50,3,1,1,0,0,1
9901,199,1,6,2,0,1,0,0
9902,199,2,6,2,0,1,0,0
9903,199,3,2,1,0,1,1,0
9904,199,4,4,1,1,1,-1,0
9905,199,5,2,1,0,1,0,0
9906,199,6,6,2,0,1,0,-1
9907,199,7,5,2,0,0,1,0
9908,199,8,7,2,1,0,0,0
9909,199,9,3,1,1,0,0,0
9910,199,10,7,2,1,0,0,1
9911,199,11,4,1,1,1,0,0
9912,199,12,8,2,1,1,0,-1
9913,199,13,7,2,1,0,-1,0
9914,199,14,5,2,0,0,0,0
9915,199,15,5,2,0,0,0,0
9916,199,16,1,1,0,0,0,0
9917,199,17,1,1,0,0,0,1
9918,199,18,6,2,0,1,0,0
9919,199,19,6,2,0,1,0,0
9920,199,20,6,2,0,1,1,0
9921,199,21,4,1,1,1,0,0
9922,199,22,4,1,1,1,0,0
9923,199,23,4,1,1,1,-1,0
9924,199,24,2,1,0,1,1,0
9925,199,25,4,1,1,1,0,-1
9926,199,26,3,1,1,0,0,0
9927,199,27,7,2,1,0,0,0
9928,199,28,7,2,1,0,0,0
9929,199,29,3,1,1,0,0,0
9930,199,30,7,2,1,0,0,0
9931,199,31,3,1,1,0,0,0
9932,199,32,3,1,1,0,0,0
9933,199,33,3,1,1,0,0,0
9934,199,34,3,1,1,0,0,0
9935,199,35,7,2,1,0,0,0
9936,199,36,3,1,1,0,-1,0
9937,199,37,1,1,0,0,1,1
9938,199,38,8,2,1,1,0,0
9939,199,39,8,2,1,1,0,0
9940,199,40,8,2,1,1,0,0
9941,199,41,4,1,1,1,-1,0
9942,199,42,2,1,0,1,0,0
9943,199,43,6,2,0,1,0,-1
9944,199,44,1,1,0,0,1,1
9945,199,45,4,1,1,1,0,0
9946,199,46,4,1,1,1,0,0
9947,199,47,4,1,1,1,0,0
9948,199,48,4,1,1,1,-1,0
9949,199,49,2,1,0,1,0,0
9950,199,50,2,1,0,1,0,0
9951,200,1,7,2,1,0,0,0
9952,200,2,7,2,1,0,-1,0
9953,200,3,5,2,0,0,1,0
9954,200,4,3,1,1,0,0,0
9955,200,5,3,1,1,0,0,1
9956,200,6,4,1,1,1,0,0
9957,200,7,8,2,1,1,0,-1
9958,200,8,7,2,1,0,-1,0
9959,200,9,5,2,0,0,1,1
9960,200,10,8,2,1,1,0,-1
9961,200,11,3,1,1,0,0,0
9962,200,12,3,1,1,0,0,0
9963,200,13,3,1,1,0,0,0
9964,200,14,3,1,1,0,-1,0
9965,200,15,1,1,0,0,0,0
9966,200,16,1,1,0,0,1,0
9967,200,17,3,1,1,0,0,1
9968,200,18,8,2,1,1,-1,0
9969,200,19,2,1,0,1,0,0
9970,200,20,2,1,0,1,1,0
9971,200,21,4,1,1,1,-1,0
9972,200,22,2,1,0,1,0,0
9973,200,23,2,1,0,1,0,-1
9974,200,24,1,1,0,0,1,0
9975,200,25,7,2,1,0,0,0
9976,200,26,3,1,1,0,0,0
9977,200,27,3,1,1,0,-1,0
9978,200,28,1,1,0,0,0,0
9979,200,29,1,1,0,0,0,0
9980,200,30,1,1,0,0,0,1
9981,200,31,2,1,0,1,0,-1
9982,200,32,1,1,0,0,1,0
9983,200,33,3,1,1,0,0,0
9984,200,34,3,1,1,0,0,1
9985,200,35,4,1,1,1,0,0
9986,200,36,4,1,1,1,0,0
9987,200,37,4,1,1,1,0,-1
9988,200,38,3,1,1,0,0,0
9989,200,39,7,2,1,0,0,0
9990,200,40,3,1,1,0,0,0
9991,200,41,7,2,1,0,0,0
9992,200,42,3,1,1,0,0,1
9993,200,43,4,1,1,1,0,0
9994,200,44,4,1,1,1,0,0
9995,200,45,4,1,1,1,0,0
9996,200,46,4,1,1,1,-1,-1
9997,200,47,1,1,0,0,0,1
9998,200,48,6,2,0,1,0,-1
9999,200,49,1,1,0,0,1,1
10000,200,50,8,2,1,1,0,0
10001,201,1,8,2,1,1,0,0
10002,201,2,4,1,1,1,0,0
10003,201,3,8,2,1,1,0,0
10004,201,4,8,2,1,1,-1,0
10005,201,5,6,2,0,1,1,-1
10006,201,6,3,1,1,0,-1,0
10007,201,7,1,1,0,0,0,0
10008,201,8,1,1,0,0,1,0
10009,201,9,7,2,1,0,0,0
10010,201,10,3,1,1,0,0,1
10011,201,11,4,1,1,1,-1,0
10012,201,12,2,1,0,1,0,-1
10013,201,13,5,2,0,0,0,0
10014,201,14,1,1,0,0,1,1
10015,201,15,4,1,1,1,0,-1
10016,201,16,3,1,1,0,0,1
10017,201,17,4,1,1,1,0,-1
10018,201,18,3,1,1,0,0,0
10019,201,19,7,2,1,0,0,0
10020,201,20,3,1,1,0,0,0
10021,201,21,3,1,1,0,-1,1
10022,201,22,6,2,0,1,0,0
10023,201,23,2,1,0,1,0,-1
10024,201,24,1,1,0,0,0,1
10025,201,25,2,1,0,1,1,0
10026,201,26,8,2,1,1,0,0
10027,201,27,4,1,1,1,0,0
10028,201,28,4,1,1,1,0,0
10029,201,29,4,1,1,1,-1,0
10030,201,30,2,1,0,1,0,0
10031,201,31,6,2,0,1,0,0
10032,201,32,6,2,0,1,0,0
10033,201,33,6,2,0,1,1,0
10034,201,34,8,2,1,1,-1,0
10035,201,35,6,2,0,1,0,0
10036,201,36,6,2,0,1,1,0
10037,201,37,8,2,1,1,0,0
10038,201,38,8,2,1,1,0,0
10039,201,39,8,2,1,1,0,0
10040,201,40,8,2,1,1,0,0
10041,201,41,8,2,1,1,0,0
10042,201,42,8,2,1,1,0,0
10043,201,43,8,2,1,1,-1,0
10044,201,44,6,2,0,1,1,0
10045,201,45,8,2,1,1,0,0
10046,201,46,8,2,1,1,0,0
10047,201,47,8,2,1,1,0,0
10048,201,48,4,1,1,1,-1,0
10049,201,49,2,1,0,1,0,0
10050,201,50,2,1,0,1,0,0
10051,202,1,3,1,1,0,0,0
10052,202,2,3,1,1,0,0,1
10053,202,3,8,2,1,1,0,0
10054,202,4,8,2,1,1,-1,0
10055,202,5,6,2,0,1,0,0
10056,202,6,6,2,0,1,0,-1
10057,202,7,1,1,0,0,0,1
10058,202,8,2,1,0,1,0,0
10059,202,9,2,1,0,1,1,0
10060,202,10,4,1,1,1,-1,0
10061,202,11,6,2,0,1,0,-1
10062,202,12,5,2,0,0,1,0
10063,202,13,3,1,1,0,0,0
10064,202,14,7,2,1,0,0,0
10065,202,15,7,2,1,0,-1,0
10066,202,16,5,2,0,0,0,0
10067,202,17,5,2,0,0,1,0
10068,202,18,3,1,1,0,0,0
10069,202,19,7,2,1,0,0,0
10070,202,20,7,2,1,0,0,0
10071,202,21,7,2,1,0,0,0
10072,202,22,3,1,1,0,0,0
10073,202,23,3,1,1,0,0,0
10074,202,24,7,2,1,0,0,0
10075,202,25,3,1,1,0,-1,0
10076,202,26,1,1,0,0,1,0
10077,202,27,3,1,1,0,0,0
10078,202,28,7,2,1,0,0,0
10079,202,29,3,1,1,0,0,0
10080,202,30,3,1,1,0,0,1
10081,202,31,4,1,1,1,0,0
10082,202,32,4,1,1,1,0,-1
10083,202,33,3,1,1,0,0,0
10084,202,34,7,2,1,0,0,1
10085,202,35,8,2,1,1,0,-1
10086,202,36,7,2,1,0,0,0
10087,202,37,7,2,1,0,0,0
10088,202,38,3,1,1,0,0,0
10089,202,39,7,2,1,0,0,0
10090,202,40,7,2,1,0,-1,0
10091,202,41,1,1,0,0,1,0
10092,202,42,3,1,1,0,0,0
10093,202,43,3,1,1,0,0,1
10094,202,44,4,1,1,1,0,0
10095,202,45,4,1,1,1,-1,0
10096,202,46,2,1,0,1,1,0
10097,202,47,4,1,1,1,0,0
10098,202,48,8,2,1,1,0,0
10099,202,49,8,2,1,1,0,-1
10100,202,50,7,2,1,0,0,0
10101,203,1,6,2,0,1,1,0
10102,203,2,8,2,1,1,-1,0
10103,203,3,2,1,0,1,1,0
10104,203,4,8,2,1,1,0,0
10105,203,5,8,2,1,1,-1,0
10106,203,6,6,2,0,1,1,-1
10107,203,7,7,2,1,0,-1,0
10108,203,8,1,1,0,0,0,1
10109,203,9,6,2,0,1,0,0
10110,203,10,6,2,0,1,0,0
10111,203,11,2,1,0,1,0,-1
10112,203,12,1,1,0,0,1,1
10113,203,13,8,2,1,1,0,-1
10114,203,14,7,2,1,0,0,1
10115,203,15,8,2,1,1,0,0
10116,203,16,4,1,1,1,-1,0
10117,203,17,2,1,0,1,0,0
10118,203,18,6,2,0,1,0,-1
10119,203,19,5,2,0,0,1,1
10120,203,20,8,2,1,1,0,0
10121,203,21,8,2,1,1,-1,0
10122,203,22,2,1,0,1,1,-1
10123,203,23,7,2,1,0,0,0
10124,203,24,7,2,1,0,0,0
10125,203,25,3,1,1,0,0,1
10126,203,26,8,2,1,1,0,-1
10127,203,27,3,1,1,0,0,0
10128,203,28,3,1,1,0,0,0
10129,203,29,7,2,1,0,-1,1
10130,203,30,6,2,0,1,1,0
10131,203,31,8,2,1,1,0,0
10132,203,32,8,2,1,1,0,0
10133,203,33,4,1,1,1,0,0
10134,203,34,4,1,1,1,0,0
10135,203,35,8,2,1,1,0,0
10136,203,36,8,2,1,1,0,0
10137,203,37,4,1,1,1,0,0
10138,203,38,4,1,1,1,0,0
10139,203,39,8,2,1,1,-1,0
10140,203,40,6,2,0,1,1,0
10141,203,41,8,2,1,1,-1,-1
10142,203,42,1,1,0,0,0,0
10143,203,43,1,1,0,0,0,1
10144,203,44,2,1,0,1,1,0
10145,203,45,4,1,1,1,0,0
10146,203,46,8,2,1,1,0,0
10147,203,47,8,2,1,1,0,0
10148,203,48,4,1,1,1,0,0
10149,203,49,8,2,1,1,0,0
10150,203,50,8,2,1,1,-1,0
10151,204,1,6,2,0,1,0,-1
10152,204,2,1,1,0,0,1,1
10153,204,3,4,1,1,1,-1,0
10154,204,4,2,1,0,1,0,0
10155,204,5,2,1,0,1,1,0
10156,204,6,4,1,1,1,0,0
10157,204,7,4,1,1,1,0,0
10158,204,8,8,2,1,1,-1,-1
10159,204,9,5,2,0,0,0,1
10160,204,10,6,2,0,1,0,0
10161,204,11,6,2,0,1,0,0
10162,204,12,2,1,0,1,1,0
10163,204,13,4,1,1,1,0,0
10164,204,14,4,1,1,1,0,0
10165,204,15,4,1,1,1,-1,-1
10166,204,16,1,1,0,0,0,1
10167,204,17,6,2,0,1,0,0
10168,204,18,6,2,0,1,1,0
10169,204,19,4,1,1,1,-1,0
10170,204,20,6,2,0,1,0,0
10171,204,21,2,1,0,1,0,0
10172,204,22,2,1,0,1,0,0
10173,204,23,2,1,0,1,0,0
10174,204,24,6,2,0,1,0,0
10175,204,25,2,1,0,1,1,0
10176,204,26,4,1,1,1,0,-1
10177,204,27,7,2,1,0,-1,0
10178,204,28,5,2,0,0,0,0
10179,204,29,1,1,0,0,0,0
10180,204,30,1,1,0,0,0,0
10181,204,31,5,2,0,0,0,0
10182,204,32,1,1,0,0,0,0
10183,204,33,1,1,0,0,1,0
10184,204,34,7,2,1,0,0,0
10185,204,35,7,2,1,0,0,0
10186,204,36,7,2,1,0,0,1
10187,204,37,4,1,1,1,0,0
10188,204,38,4,1,1,1,0,0
10189,204,39,4,1,1,1,-1,0
10190,204,40,2,1,0,1,0,-1
10191,204,41,1,1,0,0,1,1
10192,204,42,4,1,1,1,0,0
10193,204,43,8,2,1,1,0,0
10194,204,44,8,2,1,1,0,0
10195,204,45,4,1,1,1,0,-1
10196,204,46,3,1,1,0,0,0
10197,204,47,3,1,1,0,0,0
10198,204,48,3,1,1,0,0,0
10199,204,49,3,1,1,0,0,0
10200,204,50,7,2,1,0,0,0
10201,205,1,6,2,0,1,0,0
10202,205,2,6,2,0,1,0,0
10203,205,3,2,1,0,1,1,0
10204,205,4,4,1,1,1,0,-1
10205,205,5,3,1,1,0,0,0
10206,205,6,3,1,1,0,0,0
10207,205,7,3,1,1,0,0,0
10208,205,8,7,2,1,0,0,1
10209,205,9,8,2,1,1,0,-1
10210,205,10,7,2,1,0,0,1
10211,205,11,4,1,1,1,0,0
10212,205,12,4,1,1,1,0,0
10213,205,13,4,1,1,1,0,0
10214,205,14,4,1,1,1,0,0
10215,205,15,4,1,1,1,-1,0
10216,205,16,2,1,0,1,1,-1
10217,205,17,7,2,1,0,0,0
10218,205,18,7,2,1,0,0,0
10219,205,19,3,1,1,0,0,0
10220,205,20,3,1,1,0,-1,0
10221,205,21,1,1,0,0,0,0
10222,205,22,5,2,0,0,0,1
10223,205,23,2,1,0,1,0,0
10224,205,24,2,1,0,1,0,0
10225,205,25,2,1,0,1,0,0
10226,205,26,2,1,0,1,1,-1
10227,205,27,3,1,1,0,0,0
10228,205,28,3,1,1,0,0,0
10229,205,29,3,1,1,0,0,0
10230,205,30,3,1,1,0,0,0
10231,205,31,7,2,1,0,0,0
10232,205,32,7,2,1,0,0,0
10233,205,33,3,1,1,0,0,0
10234,205,34,7,2,1,0,0,0
10235,205,35,3,1,1,0,0,0
10236,205,36,3,1,1,0,0,1
10237,205,37,8,2,1,1,0,-1
10238,205,38,7,2,1,0,0,0
10239,205,39,7,2,1,0,0,1
10240,205,40,4,1,1,1,-1,-1
10241,205,41,5,2,0,0,0,0
10242,205,42,5,2,0,0,0,0
10243,205,43,5,2,0,0,1,0
10244,205,44,7,2,1,0,0,0
10245,205,45,3,1,1,0,0,1
10246,205,46,4,1,1,1,0,-1
10247,205,47,3,1,1,0,0,0
10248,205,48,3,1,1,0,0,1
10249,205,49,4,1,1,1,0,0
10250,205,50,4,1,1,1,0,0
10251,206,1,3,1,1,0,0,0
10252,206,2,3,1,1,0,0,1
10253,206,3,4,1,1,1,0,0
10254,206,4,4,1,1,1,-1,0
10255,206,5,2,1,0,1,0,0
10256,206,6,6,2,0,1,1,0
10257,206,7,8,2,1,1,0,0
10258,206,8,8,2,1,1,0,0
10259,206,9,4,1,1,1,0,0
10260,206,10,4,1,1,1,-1,0
10261,206,11,2,1,0,1,0,0
10262,206,12,2,1,0,1,1,-1
10263,206,13,7,2,1,0,0,0
10264,206,14,3,1,1,0,0,0
10265,206,15,3,1,1,0,0,0
10266,206,16,7,2,1,0,0,0
10267,206,17,7,2,1,0,0,0
10268,206,18,3,1,1,0,0,0
10269,206,19,3,1,1,0,0,1
10270,206,20,8,2,1,1,-1,0
10271,206,21,2,1,0,1,0,0
10272,206,22,6,2,0,1,0,0
10273,206,23,6,2,0,1,1,-1
10274,206,24,3,1,1,0,-1,0
10275,206,25,5,2,0,0,0,0
10276,206,26,5,2,0,0,0,0
10277,206,27,5,2,0,0,1,0
10278,206,28,7,2,1,0,0,0
10279,206,29,7,2,1,0,0,0
10280,206,30,7,2,1,0,0,0
10281,206,31,3,1,1,0,0,0
10282,206,32,3,1,1,0,0,1
10283,206,33,4,1,1,1,0,0
10284,206,34,8,2,1,1,-1,0
10285,206,35,6,2,0,1,1,-1
10286,206,36,3,1,1,0,0,0
10287,206,37,3,1,1,0,-1,1
10288,206,38,2,1,0,1,0,0
10289,206,39,2,1,0,1,1,-1
10290,206,40,7,2,1,0,0,0
10291,206,41,7,2,1,0,-1,0
10292,206,42,1,1,0,0,1,1
10293,206,43,4,1,1,1,-1,0
10294,206,44,2,1,0,1,0,0
10295,206,45,2,1,0,1,0,0
10296,206,46,6,2,0,1,0,0
10297,206,47,2,1,0,1,0,0
10298,206,48,2,1,0,1,1,0
10299,206,49,4,1,1,1,0,0
10300,206,50,8,2,1,1,0,0
10301,207,1,5,2,0,0,0,0
10302,207,2,5,2,0,0,0,0
10303,207,3,1,1,0,0,1,1
10304,207,4,4,1,1,1,0,0
10305,207,5,4,1,1,1,0,0
10306,207,6,4,1,1,1,0,0
10307,207,7,4,1,1,1,0,0
10308,207,8,4,1,1,1,0,-1
10309,207,9,7,2,1,0,0,0
10310,207,10,7,2,1,0,0,0
10311,207,11,7,2,1,0,-1,0
10312,207,12,1,1,0,0,1,0
10313,207,13,3,1,1,0,0,0
10314,207,14,7,2,1,0,0,1
10315,207,15,8,2,1,1,0,0
10316,207,16,8,2,1,1,0,0
10317,207,17,8,2,1,1,0,0
10318,207,18,8,2,1,1,0,0
10319,207,19,8,2,1,1,0,0
10320,207,20,8,2,1,1,0,-1
10321,207,21,7,2,1,0,-1,1
10322,207,22,6,2,0,1,0,0
10323,207,23,6,2,0,1,0,-1
10324,207,24,1,1,0,0,0,1
10325,207,25,2,1,0,1,0,-1
10326,207,26,1,1,0,0,1,0
10327,207,27,3,1,1,0,0,0
10328,207,28,7,2,1,0,0,1
10329,207,29,8,2,1,1,0,-1
10330,207,30,7,2,1,0,0,1
10331,207,31,8,2,1,1,-1,0
10332,207,32,2,1,0,1,1,0
10333,207,33,4,1,1,1,0,-1
10334,207,34,3,1,1,0,0,0
10335,207,35,7,2,1,0,0,0
10336,207,36,3,1,1,0,-1,0
10337,207,37,1,1,0,0,0,0
10338,207,38,1,1,0,0,0,0
10339,207,39,1,1,0,0,0,0
10340,207,40,1,1,0,0,0,0
10341,207,41,1,1,0,0,0,1
10342,207,42,6,2,0,1,0,0
10343,207,43,2,1,0,1,0,0
10344,207,44,2,1,0,1,0,0
10345,207,45,2,1,0,1,0,0
10346,207,46,2,1,0,1,0,0
10347,207,47,2,1,0,1,0,0
10348,207,48,2,1,0,1,1,0
10349,207,49,4,1,1,1,0,0
10350,207,50,4,1,1,1,0,0
10351,208,1,1,1,0,0,1,0
10352,208,2,3,1,1,0,0,0
10353,208,3,7,2,1,0,0,0
10354,208,4,7,2,1,0,0,1
10355,208,5,8,2,1,1,-1,0
10356,208,6,2,1,0,1,0,0
10357,208,7,6,2,0,1,0,0
10358,208,8,6,2,0,1,0,0
10359,208,9,2,1,0,1,0,-1
10360,208,10,1,1,0,0,0,0
10361,208,11,1,1,0,0,1,0
10362,208,12,3,1,1,0,0,0
10363,208,13,3,1,1,0,-1,0
10364,208,14,5,2,0,0,0,0
10365,208,15,5,2,0,0,1,0
10366,208,16,7,2,1,0,0,1
10367,208,17,8,2,1,1,0,0
10368,208,18,8,2,1,1,0,0
10369,208,19,8,2,1,1,-1,-1
10370,208,20,5,2,0,0,1,0
10371,208,21,7,2,1,0,0,0
10372,208,22,3,1,1,0,0,0
10373,208,23,7,2,1,0,0,0
10374,208,24,7,2,1,0,0,1
10375,208,25,4,1,1,1,-1,0
10376,208,26,2,1,0,1,0,0
10377,208,27,2,1,0,1,0,0
10378,208,28,2,1,0,1,0,0
10379,208,29,2,1,0,1,0,0
10380,208,30,2,1,0,1,0,0
10381,208,31,2,1,0,1,0,0
10382,208,32,2,1,0,1,0,0
10383,208,33,2,1,0,1,1,0
10384,208,34,4,1,1,1,0,-1
10385,208,35,3,1,1,0,-1,0
10386,208,36,1,1,0,0,0,1
10387,208,37,2,1,0,1,1,-1
10388,208,38,3,1,1,0,-1,1
10389,208,39,2,1,0,1,0,0
10390,208,40,2,1,0,1,0,-1
10391,208,41,5,2,0,0,0,0
10392,208,42,5,2,0,0,1,0
10393,208,43,7,2,1,0,0,0
10394,208,44,7,2,1,0,0,0
10395,208,45,7,2,1,0,0,1
10396,208,46,8,2,1,1,0,0
10397,208,47,8,2,1,1,0,-1
10398,208,48,7,2,1,0,0,0
10399,208,49,3,1,1,0,0,1
10400,208,50,8,2,1,1,0,-1
10401,209,1,7,2,1,0,0,0
10402,209,2,3,1,1,0,0,0
10403,209,3,3,1,1,0,0,1
10404,209,4,4,1,1,1,0,-1
10405,209,5,7,2,1,0,0,0
10406,209,6,7,2,1,0,-1,0
10407,209,7,1,1,0,0,1,0
10408,209,8,7,2,1,0,0,1
10409,209,9,8,2,1,1,0,0
10410,209,10,4,1,1,1,0,0
10411,209,11,4,1,1,1,0,0
10412,209,12,4,1,1,1,0,-1
10413,209,13,3,1,1,0,0,0
10414,209,14,7,2,1,0,0,1
10415,209,15,8,2,1,1,0,-1
10416,209,16,3,1,1,0,0,1
10417,209,17,4,1,1,1,0,0
10418,209,18,4,1,1,1,0,0
10419,209,19,4,1,1,1,-1,0
10420,209,20,2,1,0,1,0,-1
10421,209,21,5,2,0,0,1,0
10422,209,22,3,1,1,0,0,0
10423,209,23,3,1,1,0,-1,1
10424,209,24,6,2,0,1,0,0
10425,209,25,6,2,0,1,1,-1
10426,209,26,3,1,1,0,0,0
10427,209,27,3,1,1,0,0,0
10428,209,28,7,2,1,0,0,0
10429,209,29,7,2,1,0,0,1
10430,209,30,8,2,1,1,0,0
10431,209,31,8,2,1,1,0,-1
10432,209,32,7,2,1,0,0,0
10433,209,33,7,2,1,0,0,0
10434,209,34,7,2,1,0,0,1
10435,209,35,8,2,1,1,0,0
10436,209,36,8,2,1,1,0,0
10437,209,37,8,2,1,1,0,-1
10438,209,38,7,2,1,0,0,1
10439,209,39,8,2,1,1,0,-1
10440,209,40,7,2,1,0,0,0
10441,209,41,7,2,1,0,0,1
10442,209,42,8,2,1,1,0,0
10443,209,43,8,2,1,1,0,-1
10444,209,44,7,2,1,0,0,0
10445,209,45,3,1,1,0,0,0
10446,209,46,3,1,1,0,0,1
10447,209,47,4,1,1,1,-1,0
10448,209,48,6,2,0,1,0,0
10449,209,49,2,1,0,1,1,-1
10450,209,50,7,2,1,0,0,0
10451,210,1,4,1,1,1,0,0
10452,210,2,4,1,1,1,0,0
10453,210,3,8,2,1,1,0,-1
10454,210,4,3,1,1,0,0,0
10455,210,5,3,1,1,0,0,0
10456,210,6,3,1,1,0,-1,0
10457,210,7,1,1,0,0,0,0
10458,210,8,1,1,0,0,0,0
10459,210,9,1,1,0,0,1,0
10460,210,10,3,1,1,0,0,0
10461,210,11,3,1,1,0,-1,0
10462,210,12,1,1,0,0,1,0
10463,210,13,3,1,1,0,0,1
10464,210,14,4,1,1,1,0,0
10465,210,15,8,2,1,1,0,-1
10466,210,16,7,2,1,0,0,1
10467,210,17,4,1,1,1,0,0
10468,210,18,4,1,1,1,0,-1
10469,210,19,7,2,1,0,0,0
10470,210,20,7,2,1,0,-1,0
10471,210,21,1,1,0,0,0,0
10472,210,22,5,2,0,0,0,0
10473,210,23,1,1,0,0,0,1
10474,210,24,6,2,0,1,0,0
10475,210,25,2,1,0,1,0,0
10476,210,26,2,1,0,1,0,0
10477,210,27,6,2,0,1,0,0
10478,210,28,2,1,0,1,0,0
10479,210,29,6,2,0,1,0,0
10480,210,30,6,2,0,1,1,0
10481,210,31,8,2,1,1,0,0
10482,210,32,4,1,1,1,0,-1
10483,210,33,7,2,1,0,0,0
10484,210,34,3,1,1,0,0,1
10485,210,35,4,1,1,1,0,0
10486,210,36,4,1,1,1,0,0
10487,210,37,4,1,1,1,-1,0
10488,210,38,6,2,0,1,0,0
10489,210,39,6,2,0,1,0,0
10490,210,40,6,2,0,1,0,-1
10491,210,41,5,2,0,0,0,1
10492,210,42,2,1,0,1,0,-1
10493,210,43,1,1,0,0,0,0
10494,210,44,1,1,0,0,1,0
10495,210,45,3,1,1,0,0,0
10496,210,46,3,1,1,0,0,1
10497,210,47,4,1,1,1,0,0
10498,210,48,4,1,1,1,-1,0
10499,210,49,2,1,0,1,1,0
10500,210,50,4,1,1,1,0,0
10501,211,1,8,2,1,1,0,0
10502,211,2,4,1,1,1,-1,0
10503,211,3,2,1,0,1,0,0
10504,211,4,2,1,0,1,1,0
10505,211,5,4,1,1,1,0,-1
10506,211,6,3,1,1,0,0,1
10507,211,7,4,1,1,1,0,-1
10508,211,8,3,1,1,0,0,1
10509,211,9,4,1,1,1,-1,0
10510,211,10,2,1,0,1,0,0
10511,211,11,6,2,0,1,0,-1
10512,211,12,5,2,0,0,0,1
10513,211,13,6,2,0,1,0,0
10514,211,14,2,1,0,1,0,0
10515,211,15,2,1,0,1,0,-1
10516,211,16,1,1,0,0,0,0
10517,211,17,1,1,0,0,0,0
10518,211,18,1,1,0,0,0,0
10519,211,19,1,1,0,0,0,0
10520,211,20,5,2,0,0,1,0
10521,211,21,3,1,1,0,0,1
10522,211,22,8,2,1,1,0,0
10523,211,23,8,2,1,1,-1,0
10524,211,24,2,1,0,1,0,-1
10525,211,25,1,1,0,0,0,0
10526,211,26,1,1,0,0,0,1
10527,211,27,2,1,0,1,0,-1
10528,211,28,1,1,0,0,1,1
10529,211,29,8,2,1,1,0,-1
10530,211,30,3,1,1,0,0,0
10531,211,31,3,1,1,0,-1,0
10532,211,32,1,1,0,0,0,0
10533,211,33,1,1,0,0,1,0
10534,211,34,3,1,1,0,0,0
10535,211,35,3,1,1,0,0,1
10536,211,36,4,1,1,1,0,-1
10537,211,37,7,2,1,0,0,0
10538,211,38,3,1,1,0,0,0
10539,211,39,3,1,1,0,0,0
10540,211,40,3,1,1,0,0,0
10541,211,41,3,1,1,0,-1,0
10542,211,42,5,2,0,0,0,0
10543,211,43,1,1,0,0,0,0
10544,211,44,5,2,0,0,0,0
10545,211,45,1,1,0,0,0,0
10546,211,46,1,1,0,0,0,0
10547,211,47,1,1,0,0,0,0
10548,211,48,1,1,0,0,0,0
10549,211,49,5,2,0,0,0,0
10550,211,50,5,2,0,0,1,0
10551,212,1,3,1,1,0,0,0
10552,212,2,3,1,1,0,0,0
10553,212,3,3,1,1,0,0,1
10554,212,4,4,1,1,1,0,-1
10555,212,5,3,1,1,0,0,0
10556,212,6,3,1,1,0,-1,0
10557,212,7,5,2,0,0,0,1
10558,212,8,2,1,0,1,0,0
10559,212,9,6,2,0,1,0,0
10560,212,10,6,2,0,1,0,0
10561,212,11,6,2,0,1,0,-1
10562,212,12,5,2,0,0,0,0
10563,212,13,1,1,0,0,1,0
10564,212,14,7,2,1,0,0,1
10565,212,15,4,1,1,1,0,-1
10566,212,16,7,2,1,0,0,0
10567,212,17,7,2,1,0,0,1
10568,212,18,8,2,1,1,0,0
10569,212,19,4,1,1,1,0,0
10570,212,20,4,1,1,1,-1,0
10571,212,21,2,1,0,1,1,-1
10572,212,22,3,1,1,0,0,0
10573,212,23,7,2,1,0,-1,1
10574,212,24,6,2,0,1,0,-1
10575,212,25,5,2,0,0,0,0
10576,212,26,1,1,0,0,0,0
10577,212,27,1,1,0,0,0,1
10578,212,28,6,2,0,1,1,0
10579,212,29,8,2,1,1,0,0
10580,212,30,8,2,1,1,-1,0
10581,212,31,6,2,0,1,0,0
10582,212,32,6,2,0,1,0,0
10583,212,33,6,2,0,1,0,-1
10584,212,34,1,1,0,0,0,0
10585,212,35,5,2,0,0,0,1
10586,212,36,2,1,0,1,0,0
10587,212,37,2,1,0,1,0,0
10588,212,38,2,1,0,1,0,0
10589,212,39,2,1,0,1,1,0
10590,212,40,8,2,1,1,0,-1
10591,212,41,3,1,1,0,0,0
10592,212,42,7,2,1,0,0,1
10593,212,43,4,1,1,1,-1,0
10594,212,44,2,1,0,1,1,0
10595,212,45,4,1,1,1,0,-1
10596,212,46,3,1,1,0,0,0
10597,212,47,3,1,1,0,0,0
10598,212,48,3,1,1,0,0,0
10599,212,49,3,1,1,0,0,0
10600,212,50,3,1,1,0,0,0
10601,213,1,6,2,0,1,1,-1
10602,213,2,3,1,1,0,0,0
10603,213,3,3,1,1,0,0,1
10604,213,4,4,1,1,1,0,-1
10605,213,5,7,2,1,0,0,1
10606,213,6,4,1,1,1,0,0
10607,213,7,8,2,1,1,0,-1
10608,213,8,3,1,1,0,0,0
10609,213,9,7,2,1,0,0,1
10610,213,10,8,2,1,1,-1,0
10611,213,11,6,2,0,1,0,0
10612,213,12,6,2,0,1,0,0
10613,213,13,6,2,0,1,0,-1
10614,213,14,5,2,0,0,0,0
10615,213,15,5,2,0,0,1,0
10616,213,16,3,1,1,0,0,0
10617,213,17,3,1,1,0,0,0
10618,213,18,3,1,1,0,-1,0
10619,213,19,5,2,0,0,0,0
10620,213,20,5,2,0,0,1,0
10621,213,21,7,2,1,0,0,0
10622,213,22,7,2,1,0,0,0
10623,213,23,3,1,1,0,-1,0
10624,213,24,1,1,0,0,0,0
10625,213,25,1,1,0,0,1,0
10626,213,26,7,2,1,0,0,0
10627,213,27,3,1,1,0,0,1
10628,213,28,4,1,1,1,-1,0
10629,213,29,2,1,0,1,0,0
10630,213,30,2,1,0,1,0,0
10631,213,31,2,1,0,1,0,0
10632,213,32,2,1,0,1,1,0
10633,213,33,4,1,1,1,0,0
10634,213,34,4,1,1,1,0,0
10635,213,35,8,2,1,1,0,0
10636,213,36,4,1,1,1,0,-1
10637,213,37,7,2,1,0,0,0
10638,213,38,7,2,1,0,0,1
10639,213,39,4,1,1,1,0,0
10640,213,40,8,2,1,1,0,-1
10641,213,41,7,2,1,0,0,0
10642,213,42,3,1,1,0,0,1
10643,213,43,4,1,1,1,-1,0
10644,213,44,6,2,0,1,0,0
10645,213,45,2,1,0,1,0,0
10646,213,46,2,1,0,1,1,0
10647,213,47,4,1,1,1,0,-1
10648,213,48,3,1,1,0,0,1
10649,213,49,8,2,1,1,-1,0
10650,213,50,2,1,0,1,0,0
10651,214,1,7,2,1,0,0,0
10652,214,2,7,2,1,0,0,0
10653,214,3,3,1,1,0,0,0
10654,214,4,3,1,1,0,0,1
10655,214,5,4,1,1,1,0,0
10656,214,6,4,1,1,1,-1,0
10657,214,7,6,2,0,1,0,0
10658,214,8,2,1,0,1,1,0
10659,214,9,4,1,1,1,0,0
10660,214,10,4,1,1,1,0,0
10661,214,11,4,1,1,1,0,0
10662,214,12,8,2,1,1,0,0
10663,214,13,8,2,1,1,0,0
10664,214,14,8,2,1,1,0,0
10665,214,15,8,2,1,1,0,0
10666,214,16,4,1,1,1,0,0
10667,214,17,8,2,1,1,0,0
10668,214,18,4,1,1,1,0,0
10669,214,19,8,2,1,1,0,0
10670,214,20,4,1,1,1,-1,0
10671,214,21,2,1,0,1,0,0
10672,214,22,2,1,0,1,0,-1
10673,214,23,1,1,0,0,0,0
10674,214,24,1,1,0,0,0,0
10675,214,25,1,1,0,0,0,0
10676,214,26,1,1,0,0,0,0
10677,214,27,1,1,0,0,1,0
10678,214,28,7,2,1,0,0,0
10679,214,29,3,1,1,0,0,1
10680,214,30,8,2,1,1,0,0
10681,214,31,8,2,1,1,-1,0
10682,214,32,2,1,0,1,0,-1
10683,214,33,1,1,0,0,1,0
10684,214,34,3,1,1,0,0,1
10685,214,35,4,1,1,1,-1,0
10686,214,36,2,1,0,1,0,0
10687,214,37,6,2,0,1,1,-1
10688,214,38,3,1,1,0,-1,0
10689,214,39,1,1,0,0,1,1
10690,214,40,4,1,1,1,0,-1
10691,214,41,3,1,1,0,0,1
10692,214,42,4,1,1,1,-1,0
10693,214,43,6,2,0,1,0,0
10694,214,44,2,1,0,1,0,0
10695,214,45,6,2,0,1,1,0
10696,214,46,4,1,1,1,-1,-1
10697,214,47,1,1,0,0,1,0
10698,214,48,3,1,1,0,0,1
10699,214,49,4,1,1,1,0,0
10700,214,50,4,1,1,1,0,0
10701,215,1,6,2,0,1,1,-1
10702,215,2,3,1,1,0,0,0
10703,215,3,3,1,1,0,0,1
10704,215,4,8,2,1,1,0,0
10705,215,5,4,1,1,1,-1,-1
10706,215,6,5,2,0,0,0,0
10707,215,7,1,1,0,0,0,1
10708,215,8,2,1,0,1,0,0
10709,215,9,2,1,0,1,0,0
10710,215,10,2,1,0,1,0,-1
10711,215,11,1,1,0,0,0,0
10712,215,12,1,1,0,0,0,1
10713,215,13,6,2,0,1,0,-1
10714,215,14,5,2,0,0,0,0
10715,215,15,5,2,0,0,0,0
10716,215,16,1,1,0,0,1,0
10717,215,17,3,1,1,0,0,1
10718,215,18,4,1,1,1,0,0
10719,215,19,8,2,1,1,0,-1
10720,215,20,3,1,1,0,-1,0
10721,215,21,1,1,0,0,1,1
10722,215,22,4,1,1,1,0,0
10723,215,23,4,1,1,1,-1,0
10724,215,24,2,1,0,1,0,-1
10725,215,25,1,1,0,0,0,1
10726,215,26,2,1,0,1,0,0
10727,215,27,2,1,0,1,0,-1
10728,215,28,1,1,0,0,0,1
10729,215,29,2,1,0,1,1,0
10730,215,30,4,1,1,1,0,0
10731,215,31,4,1,1,1,0,0
10732,215,32,4,1,1,1,-1,0
10733,215,33,2,1,0,1,0,0
10734,215,34,2,1,0,1,0,0
10735,215,35,6,2,0,1,0,0
10736,215,36,6,2,0,1,1,0
10737,215,37,8,2,1,1,-1,0
10738,215,38,2,1,0,1,0,-1
10739,215,39,1,1,0,0,1,0
10740,215,40,7,2,1,0,0,0
10741,215,41,3,1,1,0,0,0
10742,215,42,7,2,1,0,0,0
10743,215,43,7,2,1,0,0,1
10744,215,44,4,1,1,1,0,0
10745,215,45,4,1,1,1,0,0
10746,215,46,8,2,1,1,0,0
10747,215,47,4,1,1,1,0,-1
10748,215,48,3,1,1,0,0,0
10749,215,49,3,1,1,0,0,0
10750,215,50,7,2,1,0,0,0
10751,216,1,4,1,1,1,0,0
10752,216,2,4,1,1,1,0,-1
10753,216,3,7,2,1,0,0,0
10754,216,4,7,2,1,0,-1,0
10755,216,5,5,2,0,0,0,0
10756,216,6,5,2,0,0,0,0
10757,216,7,5,2,0,0,1,1
10758,216,8,4,1,1,1,0,0
10759,216,9,4,1,1,1,-1,0
10760,216,10,2,1,0,1,1,-1
10761,216,11,3,1,1,0,0,0
10762,216,12,3,1,1,0,0,1
10763,216,13,4,1,1,1,-1,0
10764,216,14,2,1,0,1,0,0
10765,216,15,2,1,0,1,1,0
10766,216,16,4,1,1,1,-1,-1
10767,216,17,1,1,0,0,1,1
10768,216,18,8,2,1,1,0,0
10769,216,19,8,2,1,1,-1,-1
10770,216,20,5,2,0,0,1,0
10771,216,21,7,2,1,0,0,0
10772,216,22,7,2,1,0,-1,0
10773,216,23,5,2,0,0,1,1
10774,216,24,4,1,1,1,0,0
10775,216,25,8,2,1,1,0,0
10776,216,26,8,2,1,1,0,0
10777,216,27,8,2,1,1,0,0
10778,216,28,8,2,1,1,0,-1
10779,216,29,7,2,1,0,-1,1
10780,216,30,6,2,0,1,0,0
10781,216,31,6,2,0,1,0,0
10782,216,32,2,1,0,1,0,0
10783,216,33,6,2,0,1,0,-1
10784,216,34,5,2,0,0,0,0
10785,216,35,5,2,0,0,0,1
10786,216,36,6,2,0,1,1,0
10787,216,37,4,1,1,1,0,0
10788,216,38,4,1,1,1,0,0
10789,216,39,8,2,1,1,0,0
10790,216,40,8,2,1,1,0,0
10791,216,41,8,2,1,1,-1,0
10792,216,42,6,2,0,1,0,0
10793,216,43,2,1,0,1,0,0
10794,216,44,2,1,0,1,0,0
10795,216,45,2,1,0,1,1,0
10796,216,46,4,1,1,1,0,0
10797,216,47,4,1,1,1,0,0
10798,216,48,4,1,1,1,0,0
10799,216,49,4,1,1,1,0,0
10800,216,50,4,1,1,1,0,-1
10801,217,1,4,1,1,1,0,0
10802,217,2,4,1,1,1,0,-1
10803,217,3,7,2,1,0,0,0
10804,217,4,7,2,1,0,0,0
10805,217,5,3,1,1,0,0,0
10806,217,6,7,2,1,0,0,0
10807,217,7,7,2,1,0,0,0
10808,217,8,3,1,1,0,0,0
10809,217,9,3,1,1,0,0,0
10810,217,10,3,1,1,0,0,0
10811,217,11,7,2,1,0,-1,0
10812,217,12,5,2,0,0,0,1
10813,217,13,6,2,0,1,0,0
10814,217,14,2,1,0,1,0,0
10815,217,15,2,1,0,1,1,0
10816,217,16,4,1,1,1,-1,0
10817,217,17,2,1,0,1,0,0
10818,217,18,2,1,0,1,1,-1
10819,217,19,7,2,1,0,-1,0
10820,217,20,5,2,0,0,1,0
10821,217,21,7,2,1,0,0,0
10822,217,22,3,1,1,0,0,0
10823,217,23,7,2,1,0,0,0
10824,217,24,7,2,1,0,0,0
10825,217,25,3,1,1,0,0,1
10826,217,26,8,2,1,1,0,0
10827,217,27,8,2,1,1,0,0
10828,217,28,8,2,1,1,-1,0
10829,217,29,6,2,0,1,0,0
10830,217,30,2,1,0,1,0,-1
10831,217,31,1,1,0,0,0,1
10832,217,32,2,1,0,1,1,0
10833,217,33,8,2,1,1,0,-1
10834,217,34,3,1,1,0,0,0
10835,217,35,3,1,1,0,-1,0
10836,217,36,5,2,0,0,1,0
10837,217,37,7,2,1,0,-1,0
10838,217,38,5,2,0,0,0,1
10839,217,39,6,2,0,1,1,0
10840,217,40,8,2,1,1,0,-1
10841,217,41,7,2,1,0,0,0
10842,217,42,7,2,1,0,-1,0
10843,217,43,5,2,0,0,0,0
10844,217,44,1,1,0,0,0,1
10845,217,45,2,1,0,1,0,0
10846,217,46,2,1,0,1,0,0
10847,217,47,6,2,0,1,0,0
10848,217,48,2,1,0,1,0,-1
10849,217,49,5,2,0,0,0,1
10850,217,50,6,2,0,1,0,0
10851,218,1,4,1,1,1,0,0
10852,218,2,4,1,1,1,0,0
10853,218,3,4,1,1,1,0,-1
10854,218,4,3,1,1,0,-1,0
10855,218,5,5,2,0,0,0,0
10856,218,6,1,1,0,0,0,0
10857,218,7,1,1,0,0,0,0
10858,218,8,5,2,0,0,1,0
10859,218,9,7,2,1,0,-1,0
10860,218,10,1,1,0,0,0,1
10861,218,11,2,1,0,1,0,0
10862,218,12,2,1,0,1,1,0
10863,218,13,4,1,1,1,0,0
10864,218,14,8,2,1,1,0,0
10865,218,15,4,1,1,1,0,-1
10866,218,16,7,2,1,0,-1,0
10867,218,17,5,2,0,0,0,1
10868,218,18,2,1,0,1,0,0
10869,218,19,2,1,0,1,1,0
10870,218,20,4,1,1,1,0,0
10871,218,21,4,1,1,1,-1,0
10872,218,22,6,2,0,1,0,-1
10873,218,23,1,1,0,0,0,0
10874,218,24,5,2,0,0,1,0
10875,218,25,7,2,1,0,0,0
10876,218,26,7,2,1,0,0,0
10877,218,27,3,1,1,0,0,0
10878,218,28,3,1,1,0,0,0
10879,218,29,7,2,1,0,0,1
10880,218,30,8,2,1,1,0,0
10881,218,31,8,2,1,1,-1,0
10882,218,32,6,2,0,1,1,0
10883,218,33,8,2,1,1,0,0
10884,218,34,8,2,1,1,0,0
10885,218,35,8,2,1,1,-1,0
10886,218,36,6,2,0,1,0,0
10887,218,37,6,2,0,1,0,0
10888,218,38,2,1,0,1,0,0
10889,218,39,2,1,0,1,0,0
10890,218,40,2,1,0,1,0,0
10891,218,41,6,2,0,1,0,0
10892,218,42,2,1,0,1,1,0
10893,218,43,8,2,1,1,0,-1
10894,218,44,3,1,1,0,0,0
10895,218,45,7,2,1,0,0,0
10896,218,46,7,2,1,0,0,0
10897,218,47,7,2,1,0,-1,0
10898,218,48,5,2,0,0,0,0
10899,218,49,5,2,0,0,0,1
10900,218,50,2,1,0,1,1,0
10901,219,1,6,2,0,1,0,0
10902,219,2,2,1,0,1,0,0
10903,219,3,2,1,0,1,1,0
10904,219,4,4,1,1,1,0,0
10905,219,5,4,1,1,1,0,0
10906,219,6,8,2,1,1,0,0
10907,219,7,8,2,1,1,-1,0
10908,219,8,2,1,0,1,0,0
10909,219,9,2,1,0,1,0,0
10910,219,10,2,1,0,1,0,0
10911,219,11,6,2,0,1,0,0
10912,219,12,6,2,0,1,1,0
10913,219,13,4,1,1,1,0,0
10914,219,14,8,2,1,1,0,-1
10915,219,15,3,1,1,0,0,0
10916,219,16,3,1,1,0,-1,0
10917,219,17,1,1,0,0,1,0
10918,219,18,7,2,1,0,0,0
10919,219,19,3,1,1,0,0,1
10920,219,20,4,1,1,1,0,0
10921,219,21,8,2,1,1,0,0
10922,219,22,4,1,1,1,0,0
10923,219,23,4,1,1,1,-1,0
10924,219,24,6,2,0,1,1,0
10925,219,25,4,1,1,1,0,0
10926,219,26,8,2,1,1,0,0
10927,219,27,8,2,1,1,0,-1
10928,219,28,7,2,1,0,0,0
10929,219,29,7,2,1,0,0,0
10930,219,30,3,1,1,0,0,0
10931,219,31,7,2,1,0,-1,1
10932,219,32,6,2,0,1,0,0
10933,219,33,6,2,0,1,1,0
10934,219,34,8,2,1,1,0,-1
10935,219,35,3,1,1,0,0,0
10936,219,36,7,2,1,0,0,1
10937,219,37,4,1,1,1,0,0
10938,219,38,8,2,1,1,0,0
10939,219,39,8,2,1,1,0,-1
10940,219,40,7,2,1,0,-1,0
10941,219,41,1,1,0,0,0,1
10942,219,42,2,1,0,1,0,-1
10943,219,43,1,1,0,0,0,1
10944,219,44,2,1,0,1,0,0
10945,219,45,6,2,0,1,0,0
10946,219,46,2,1,0,1,0,0
10947,219,47,2,1,0,1,0,0
10948,219,48,2,1,0,1,1,0
10949,219,49,8,2,1,1,0,0
10950,219,50,8,2,1,1,0,-1
10951,220,1,5,2,0,0,0,1
10952,220,2,6,2,0,1,1,0
10953,220,3,4,1,1,1,0,-1
10954,220,4,3,1,1,0,0,0
10955,220,5,3,1,1,0,-1,0
10956,220,6,1,1,0,0,0,1
10957,220,7,6,2,0,1,1,0
10958,220,8,4,1,1,1,-1,0
10959,220,9,2,1,0,1,1,-1
10960,220,10,7,2,1,0,0,0
10961,220,11,7,2,1,0,0,0
10962,220,12,3,1,1,0,0,0
10963,220,13,3,1,1,0,-1,0
10964,220,14,1,1,0,0,1,0
10965,220,15,3,1,1,0,0,0
10966,220,16,3,1,1,0,0,1
10967,220,17,4,1,1,1,0,0
10968,220,18,8,2,1,1,0,0
10969,220,19,8,2,1,1,0,-1
10970,220,20,7,2,1,0,0,0
10971,220,21,7,2,1,0,0,0
10972,220,22,3,1,1,0,0,0
10973,220,23,3,1,1,0,0,0
10974,220,24,3,1,1,0,-1,0
10975,220,25,5,2,0,0,1,0
10976,220,26,3,1,1,0,0,0
10977,220,27,7,2,1,0,0,0
10978,220,28,7,2,1,0,0,0
10979,220,29,7,2,1,0,0,0
10980,220,30,3,1,1,0,0,0
10981,220,31,3,1,1,0,0,0
10982,220,32,3,1,1,0,0,1
10983,220,33,4,1,1,1,-1,0
10984,220,34,2,1,0,1,0,0
10985,220,35,2,1,0,1,0,0
10986,220,36,2,1,0,1,0,0
10987,220,37,2,1,0,1,1,0
10988,220,38,4,1,1,1,0,0
10989,220,39,4,1,1,1,0,0
10990,220,40,8,2,1,1,0,0
10991,220,41,8,2,1,1,-1,0
10992,220,42,6,2,0,1,0,0
10993,220,43,2,1,0,1,0,0
10994,220,44,2,1,0,1,0,0
10995,220,45,2,1,0,1,1,0
10996,220,46,4,1,1,1,-1,0
10997,220,47,6,2,0,1,0,0
10998,220,48,2,1,0,1,0,0
10999,220,49,2,1,0,1,0,0
11000,220,50,6,2,0,1,1,-1
11001,221,1,1,1,0,0,0,1
11002,221,2,2,1,0,1,0,-1
11003,221,3,1,1,0,0,0,1
11004,221,4,6,2,0,1,0,0
11005,221,5,6,2,0,1,0,0
11006,221,6,2,1,0,1,0,0
11007,221,7,6,2,0,1,0,0
11008,221,8,2,1,0,1,1,0
11009,221,9,4,1,1,1,-1,-1
11010,221,10,1,1,0,0,1,1
11011,221,11,4,1,1,1,0,0
11012,221,12,4,1,1,1,0,0
11013,221,13,8,2,1,1,0,0
11014,221,14,8,2,1,1,0,0
11015,221,15,8,2,1,1,0,-1
11016,221,16,7,2,1,0,0,0
11017,221,17,3,1,1,0,0,0
11018,221,18,7,2,1,0,0,1
11019,221,19,8,2,1,1,-1,0
11020,221,20,6,2,0,1,1,0
11021,221,21,4,1,1,1,0,-1
11022,221,22,7,2,1,0,0,0
11023,221,23,7,2,1,0,0,1
11024,221,24,8,2,1,1,0,-1
11025,221,25,7,2,1,0,0,1
11026,221,26,4,1,1,1,0,0
11027,221,27,8,2,1,1,0,0
11028,221,28,4,1,1,1,-1,0
11029,221,29,2,1,0,1,0,0
11030,221,30,6,2,0,1,0,0
11031,221,31,2,1,0,1,0,0
11032,221,32,2,1,0,1,0,0
11033,221,33,2,1,0,1,0,0
11034,221,34,2,1,0,1,0,0
11035,221,35,2,1,0,1,1,0
11036,221,36,8,2,1,1,0,0
11037,221,37,4,1,1,1,0,0
11038,221,38,4,1,1,1,0,0
11039,221,39,4,1,1,1,-1,0
11040,221,40,6,2,0,1,0,0
11041,221,41,6,2,0,1,1,0
11042,221,42,4,1,1,1,0,-1
11043,221,43,3,1,1,0,0,0
11044,221,44,3,1,1,0,0,1
11045,221,45,4,1,1,1,0,0
11046,221,46,4,1,1,1,0,-1
11047,221,47,3,1,1,0,0,0
11048,221,48,3,1,1,0,-1,0
11049,221,49,1,1,0,0,0,0
11050,221,50,1,1,0,0,0,1
11051,222,1,6,2,0,1,0,0
11052,222,2,6,2,0,1,0,-1
11053,222,3,1,1,0,0,0,0
11054,222,4,5,2,0,0,1,1
11055,222,5,8,2,1,1,0,0
11056,222,6,4,1,1,1,0,0
11057,222,7,4,1,1,1,0,0
11058,222,8,4,1,1,1,-1,-1
11059,222,9,1,1,0,0,1,1
11060,222,10,8,2,1,1,0,0
11061,222,11,4,1,1,1,-1,0
11062,222,12,2,1,0,1,0,0
11063,222,13,6,2,0,1,1,0
11064,222,14,8,2,1,1,0,-1
11065,222,15,3,1,1,0,-1,0
11066,222,16,1,1,0,0,0,0
11067,222,17,1,1,0,0,0,0
11068,222,18,1,1,0,0,0,1
11069,222,19,2,1,0,1,0,0
11070,222,20,2,1,0,1,1,0
11071,222,21,8,2,1,1,-1,0
11072,222,22,6,2,0,1,1,-1
11073,222,23,7,2,1,0,0,0
11074,222,24,7,2,1,0,0,0
11075,222,25,3,1,1,0,0,0
11076,222,26,3,1,1,0,0,0
11077,222,27,3,1,1,0,-1,1
11078,222,28,2,1,0,1,1,-1
11079,222,29,3,1,1,0,0,1
11080,222,30,8,2,1,1,0,0
11081,222,31,8,2,1,1,0,-1
11082,222,32,7,2,1,0,0,0
11083,222,33,3,1,1,0,-1,1
11084,222,34,6,2,0,1,0,0
11085,222,35,6,2,0,1,1,0
11086,222,36,4,1,1,1,0,0
11087,222,37,4,1,1,1,0,0
11088,222,38,4,1,1,1,-1,0
11089,222,39,6,2,0,1,0,0
11090,222,40,6,2,0,1,0,0
11091,222,41,6,2,0,1,1,0
11092,222,42,8,2,1,1,-1,0
11093,222,43,6,2,0,1,1,0
11094,222,44,4,1,1,1,0,0
11095,222,45,8,2,1,1,-1,0
11096,222,46,6,2,0,1,0,0
11097,222,47,6,2,0,1,0,0
11098,222,48,6,2,0,1,0,0
11099,222,49,6,2,0,1,1,0
11100,222,50,8,2,1,1,0,0
11101,223,1,5,2,0,0,1,0
11102,223,2,7,2,1,0,-1,0
11103,223,3,5,2,0,0,0,1
11104,223,4,6,2,0,1,1,0
11105,223,5,4,1,1,1,-1,0
11106,223,6,2,1,0,1,0,0
11107,223,7,2,1,0,1,0,0
11108,223,8,2,1,0,1,1,0
11109,223,9,4,1,1,1,0,0
11110,223,10,8,2,1,1,-1,0
11111,223,11,6,2,0,1,1,-1
11112,223,12,7,2,1,0,0,0
11113,223,13,7,2,1,0,0,0
11114,223,14,3,1,1,0,0,0
11115,223,15,3,1,1,0,0,1
11116,223,16,4,1,1,1,0,-1
11117,223,17,7,2,1,0,0,1
11118,223,18,4,1,1,1,0,0
11119,223,19,4,1,1,1,0,0
11120,223,20,8,2,1,1,0,0
11121,223,21,4,1,1,1,0,0
11122,223,22,4,1,1,1,0,0
11123,223,23,4,1,1,1,0,0
11124,223,24,4,1,1,1,0,0
11125,223,25,8,2,1,1,0,0
11126,223,26,4,1,1,1,-1,0
11127,223,27,2,1,0,1,0,0
11128,223,28,2,1,0,1,1,0
11129,223,29,4,1,1,1,0,0
11130,223,30,8,2,1,1,0,-1
11131,223,31,3,1,1,0,-1,0
11132,223,32,1,1,0,0,0,0
11133,223,33,5,2,0,0,0,0
11134,223,34,1,1,0,0,0,0
11135,223,35,1,1,0,0,0,0
11136,223,36,1,1,0,0,1,0
11137,223,37,3,1,1,0,0,1
11138,223,38,4,1,1,1,0,-1
11139,223,39,3,1,1,0,-1,1
11140,223,40,2,1,0,1,0,0
11141,223,41,6,2,0,1,0,0
11142,223,42,6,2,0,1,1,-1
11143,223,43,3,1,1,0,0,0
11144,223,44,3,1,1,0,0,0
11145,223,45,3,1,1,0,0,0
11146,223,46,7,2,1,0,0,0
11147,223,47,7,2,1,0,0,0
11148,223,48,7,2,1,0,0,0
11149,223,49,3,1,1,0,-1,0
11150,223,50,1,1,0,0,0,1
11151,224,1,2,1,0,1,0,0
11152,224,2,6,2,0,1,0,0
11153,224,3,2,1,0,1,0,0
11154,224,4,2,1,0,1,0,-1
11155,224,5,5,2,0,0,0,0
11156,224,6,5,2,0,0,0,0
11157,224,7,5,2,0,0,1,0
11158,224,8,3,1,1,0,0,1
11159,224,9,4,1,1,1,0,-1
11160,224,10,7,2,1,0,0,0
11161,224,11,7,2,1,0,0,0
11162,224,12,7,2,1,0,0,0
11163,224,13,3,1,1,0,0,0
11164,224,14,3,1,1,0,0,1
11165,224,15,4,1,1,1,0,-1
11166,224,16,3,1,1,0,-1,1
11167,224,17,2,1,0,1,0,0
11168,224,18,2,1,0,1,0,0
11169,224,19,2,1,0,1,0,0
11170,224,20,2,1,0,1,0,0
11171,224,21,2,1,0,1,1,-1
11172,224,22,3,1,1,0,0,1
11173,224,23,4,1,1,1,-1,0
11174,224,24,2,1,0,1,1,0
11175,224,25,4,1,1,1,-1,0
11176,224,26,6,2,0,1,0,-1
11177,224,27,1,1,0,0,1,1
11178,224,28,8,2,1,1,0,0
11179,224,29,8,2,1,1,0,0
11180,224,30,8,2,1,1,0,0
11181,224,31,8,2,1,1,0,-1
11182,224,32,3,1,1,0,0,0
11183,224,33,7,2,1,0,-1,0
11184,224,34,1,1,0,0,0,0
11185,224,35,5,2,0,0,0,0
11186,224,36,1,1,0,0,0,1
11187,224,37,2,1,0,1,0,0
11188,224,38,2,1,0,1,0,-1
11189,224,39,1,1,0,0,0,0
11190,224,40,1,1,0,0,0,1
11191,224,41,2,1,0,1,0,0
11192,224,42,2,1,0,1,0,-1
11193,224,43,1,1,0,0,0,0
11194,224,44,1,1,0,0,0,0
11195,224,45,1,1,0,0,0,0
11196,224,46,1,1,0,0,0,1
11197,224,47,6,2,0,1,0,0
11198,224,48,2,1,0,1,1,0
11199,224,49,4,1,1,1,-1,0
11200,224,50,6,2,0,1,0,0
11201,225,1,5,2,0,0,1,1
11202,225,2,8,2,1,1,0,0
11203,225,3,8,2,1,1,-1,0
11204,225,4,2,1,0,1,1,0
11205,225,5,8,2,1,1,0,0
11206,225,6,8,2,1,1,0,0
11207,225,7,4,1,1,1,0,0
11208,225,8,4,1,1,1,0,0
11209,225,9,4,1,1,1,0,-1
11210,225,10,3,1,1,0,0,0
11211,225,11,3,1,1,0,0,0
11212,225,12,3,1,1,0,-1,1
11213,225,13,2,1,0,1,0,0
11214,225,14,2,1,0,1,0,0
11215,225,15,2,1,0,1,0,0
11216,225,16,2,1,0,1,1,0
11217,225,17,4,1,1,1,0,0
11218,225,18,4,1,1,1,0,0
11219,225,19,4,1,1,1,0,-1
11220,225,20,3,1,1,0,0,1
11221,225,21,4,1,1,1,0,-1
11222,225,22,3,1,1,0,0,0
11223,225,23,3,1,1,0,-1,1
11224,225,24,2,1,0,1,0,-1
11225,225,25,1,1,0,0,0,0
11226,225,26,1,1,0,0,0,1
11227,225,27,6,2,0,1,0,-1
11228,225,28,5,2,0,0,0,0
11229,225,29,5,2,0,0,0,0
11230,225,30,5,2,0,0,1,0
11231,225,31,3,1,1,0,0,0
11232,225,32,3,1,1,0,-1,0
11233,225,33,1,1,0,0,0,0
11234,225,34,5,2,0,0,1,0
11235,225,35,7,2,1,0,0,1
11236,225,36,8,2,1,1,-1,-1
11237,225,37,1,1,0,0,0,0
11238,225,38,1,1,0,0,1,0
11239,225,39,3,1,1,0,0,0
11240,225,40,3,1,1,0,0,0
11241,225,41,3,1,1,0,0,0
11242,225,42,3,1,1,0,0,1
11243,225,43,8,2,1,1,0,0
11244,225,44,8,2,1,1,0,0
11245,225,45,8,2,1,1,0,0
11246,225,46,4,1,1,1,-1,0
11247,225,47,2,1,0,1,0,-1
11248,225,48,5,2,0,0,1,0
11249,225,49,7,2,1,0,0,0
11250,225,50,7,2,1,0,0,0
11251,226,1,4,1,1,1,0,-1
11252,226,2,3,1,1,0,0,0
11253,226,3,3,1,1,0,0,0
11254,226,4,3,1,1,0,0,0
11255,226,5,3,1,1,0,0,0
11256,226,6,7,2,1,0,-1,0
11257,226,7,5,2,0,0,0,0
11258,226,8,1,1,0,0,1,0
11259,226,9,3,1,1,0,0,0
11260,226,10,7,2,1,0,0,0
11261,226,11,7,2,1,0,-1,0
11262,226,12,1,1,0,0,0,1
11263,226,13,2,1,0,1,0,0
11264,226,14,6,2,0,1,0,0
11265,226,15,2,1,0,1,1,0
11266,226,16,4,1,1,1,0,0
11267,226,17,4,1,1,1,0,0
11268,226,18,8,2,1,1,-1,0
11269,226,19,2,1,0,1,1,0
11270,226,20,4,1,1,1,0,0
11271,226,21,4,1,1,1,0,0
11272,226,22,4,1,1,1,0,-1
11273,226,23,3,1,1,0,-1,0
11274,226,24,5,2,0,0,0,0
11275,226,25,1,1,0,0,0,0
11276,226,26,1,1,0,0,0,0
11277,226,27,1,1,0,0,0,1
11278,226,28,2,1,0,1,0,0
11279,226,29,2,1,0,1,1,0
11280,226,30,8,2,1,1,0,0
11281,226,31,8,2,1,1,0,0
11282,226,32,4,1,1,1,0,-1
11283,226,33,3,1,1,0,0,1
11284,226,34,4,1,1,1,0,0
11285,226,35,4,1,1,1,0,0
11286,226,36,8,2,1,1,0,0
11287,226,37,8,2,1,1,0,0
11288,226,38,4,1,1,1,0,0
11289,226,39,4,1,1,1,0,0
11290,226,40,4,1,1,1,0,0
11291,226,41,4,1,1,1,-1,0
11292,226,42,2,1,0,1,0,0
11293,226,43,2,1,0,1,0,0
11294,226,44,2,1,0,1,1,0
11295,226,45,8,2,1,1,-1,0
11296,226,46,6,2,0,1,0,0
11297,226,47,6,2,0,1,1,0
11298,226,48,4,1,1,1,0,-1
11299,226,49,3,1,1,0,0,1
11300,226,50,8,2,1,1,0,0
11301,227,1,4,1,1,1,-1,0
11302,227,2,2,1,0,1,0,0
11303,227,3,6,2,0,1,0,-1
11304,227,4,5,2,0,0,0,0
11305,227,5,5,2,0,0,0,1
11306,227,6,2,1,0,1,0,-1
11307,227,7,5,2,0,0,1,0
11308,227,8,7,2,1,0,0,1
11309,227,9,4,1,1,1,-1,0
11310,227,10,2,1,0,1,0,0
11311,227,11,2,1,0,1,0,0
11312,227,12,2,1,0,1,0,0
11313,227,13,2,1,0,1,1,0
11314,227,14,8,2,1,1,0,0
11315,227,15,8,2,1,1,-1,0
11316,227,16,2,1,0,1,1,0
11317,227,17,4,1,1,1,-1,0
11318,227,18,2,1,0,1,0,0
11319,227,19,2,1,0,1,0,0
11320,227,20,2,1,0,1,0,0
11321,227,21,2,1,0,1,1,0
11322,227,22,8,2,1,1,0,0
11323,227,23,4,1,1,1,0,0
11324,227,24,4,1,1,1,0,0
11325,227,25,4,1,1,1,0,-1
11326,227,26,3,1,1,0,0,0
11327,227,27,7,2,1,0,0,0
11328,227,28,7,2,1,0,0,0
11329,227,29,3,1,1,0,0,0
11330,227,30,3,1,1,0,0,0
11331,227,31,3,1,1,0,0,0
11332,227,32,7,2,1,0,0,1
11333,227,33,4,1,1,1,0,0
11334,227,34,8,2,1,1,0,-1
11335,227,35,7,2,1,0,0,0
11336,227,36,3,1,1,0,0,1
11337,227,37,8,2,1,1,0,-1
11338,227,38,7,2,1,0,0,0
11339,227,39,3,1,1,0,0,0
11340,227,40,7,2,1,0,0,0
11341,227,41,7,2,1,0,0,0
11342,227,42,7,2,1,0,0,1
11343,227,43,8,2,1,1,0,0
11344,227,44,4,1,1,1,-1,0
11345,227,45,2,1,0,1,0,0
11346,227,46,2,1,0,1,0,0
11347,227,47,2,1,0,1,0,-1
11348,227,48,5,2,0,0,1,0
11349,227,49,7,2,1,0,0,0
11350,227,50,7,2,1,0,-1,0
11351,228,1,4,1,1,1,0,0
11352,228,2,4,1,1,1,0,-1
11353,228,3,3,1,1,0,0,1
11354,228,4,4,1,1,1,0,0
11355,228,5,4,1,1,1,0,0
11356,228,6,4,1,1,1,0,0
11357,228,7,8,2,1,1,0,0
11358,228,8,8,2,1,1,0,-1
11359,228,9,7,2,1,0,0,0
11360,228,10,7,2,1,0,-1,0
11361,228,11,1,1,0,0,0,1
11362,228,12,2,1,0,1,0,0
11363,228,13,2,1,0,1,1,0
11364,228,14,8,2,1,1,0,0
11365,228,15,8,2,1,1,0,0
11366,228,16,4,1,1,1,0,-1
11367,228,17,3,1,1,0,0,0
11368,228,18,3,1,1,0,0,0
11369,228,19,3,1,1,0,0,0
11370,228,20,3,1,1,0,-1,0
11371,228,21,1,1,0,0,0,0
11372,228,22,1,1,0,0,0,0
11373,228,23,5,2,0,0,0,0
11374,228,24,5,2,0,0,1,0
11375,228,25,7,2,1,0,0,0
11376,228,26,7,2,1,0,0,0
11377,228,27,7,2,1,0,0,0
11378,228,28,7,2,1,0,0,0
11379,228,29,3,1,1,0,-1,1
11380,228,30,2,1,0,1,0,-1
11381,228,31,5,2,0,0,1,0
11382,228,32,7,2,1,0,-1,0
11383,228,33,1,1,0,0,0,0
11384,228,34,1,1,0,0,0,0
11385,228,35,1,1,0,0,1,1
11386,228,36,4,1,1,1,0,0
11387,228,37,4,1,1,1,-1,0
11388,228,38,2,1,0,1,0,0
11389,228,39,2,1,0,1,0,0
11390,228,40,2,1,0,1,1,0
11391,228,41,4,1,1,1,0,0
11392,228,42,4,1,1,1,0,0
11393,228,43,8,2,1,1,0,0
11394,228,44,8,2,1,1,0,-1
11395,228,45,7,2,1,0,-1,0
11396,228,46,1,1,0,0,0,1
11397,228,47,2,1,0,1,0,0
11398,228,48,6,2,0,1,0,0
11399,228,49,6,2,0,1,1,-1
11400,228,50,7,2,1,0,-1,0
11401,229,1,7,2,1,0,0,0
11402,229,2,7,2,1,0,0,0
11403,229,3,7,2,1,0,0,1
11404,229,4,4,1,1,1,0,-1
11405,229,5,3,1,1,0,-1,1
11406,229,6,2,1,0,1,0,0
11407,229,7,2,1,0,1,0,0
11408,229,8,2,1,0,1,1,0
11409,229,9,4,1,1,1,-1,0
11410,229,10,6,2,0,1,0,0
11411,229,11,6,2,0,1,1,0
11412,229,12,4,1,1,1,0,0
11413,229,13,8,2,1,1,-1,0
11414,229,14,6,2,0,1,0,0
11415,229,15,6,2,0,1,0,0
11416,229,16,6,2,0,1,1,0
11417,229,17,8,2,1,1,-1,0
11418,229,18,2,1,0,1,1,0
11419,229,19,8,2,1,1,0,0
11420,229,20,4,1,1,1,-1,0
11421,229,21,6,2,0,1,0,0
11422,229,22,6,2,0,1,0,-1
11423,229,23,5,2,0,0,0,0
11424,229,24,1,1,0,0,0,1
11425,229,25,2,1,0,1,1,0
11426,229,26,4,1,1,1,0,0
11427,229,27,8,2,1,1,0,0
11428,229,28,4,1,1,1,0,-1
11429,229,29,3,1,1,0,0,0
11430,229,30,7,2,1,0,0,0
11431,229,31,7,2,1,0,0,0
11432,229,32,7,2,1,0,0,0
11433,229,33,7,2,1,0,0,0
11434,229,34,7,2,1,0,0,1
11435,229,35,4,1,1,1,0,0
11436,229,36,4,1,1,1,-1,0
11437,229,37,6,2,0,1,1,-1
11438,229,38,7,2,1,0,0,0
11439,229,39,7,2,1,0,-1,0
11440,229,40,1,1,0,0,1,0
11441,229,41,7,2,1,0,0,0
11442,229,42,7,2,1,0,0,0
11443,229,43,7,2,1,0,0,0
11444,229,44,7,2,1,0,0,0
11445,229,45,7,2,1,0,0,1
11446,229,46,4,1,1,1,0,0
11447,229,47,8,2,1,1,0,-1
11448,229,48,3,1,1,0,0,0
11449,229,49,3,1,1,0,0,0
11450,229,50,3,1,1,0,0,0
11451,230,1,5,2,0,0,0,0
11452,230,2,5,2,0,0,0,0
11453,230,3,5,2,0,0,1,1
11454,230,4,8,2,1,1,0,0
11455,230,5,8,2,1,1,0,0
11456,230,6,4,1,1,1,0,0
11457,230,7,8,2,1,1,0,-1
11458,230,8,3,1,1,0,0,0
11459,230,9,7,2,1,0,0,0
11460,230,10,3,1,1,0,0,0
11461,230,11,7,2,1,0,0,0
11462,230,12,7,2,1,0,0,0
11463,230,13,7,2,1,0,0,0
11464,230,14,7,2,1,0,0,0
11465,230,15,3,1,1,0,0,1
11466,230,16,8,2,1,1,0,0
11467,230,17,4,1,1,1,0,-1
11468,230,18,7,2,1,0,0,0
11469,230,19,3,1,1,0,0,0
11470,230,20,3,1,1,0,-1,0
11471,230,21,1,1,0,0,1,0
11472,230,22,3,1,1,0,0,0
11473,230,23,3,1,1,0,0,0
11474,230,24,3,1,1,0,0,0
11475,230,25,7,2,1,0,-1,0
11476,230,26,5,2,0,0,0,0
11477,230,27,5,2,0,0,0,0
11478,230,28,5,2,0,0,1,0
11479,230,29,7,2,1,0,0,0
11480,230,30,3,1,1,0,0,0
11481,230,31,3,1,1,0,0,0
11482,230,32,7,2,1,0,-1,0
11483,230,33,5,2,0,0,1,0
11484,230,34,7,2,1,0,-1,1
11485,230,35,6,2,0,1,0,0
11486,230,36,2,1,0,1,1,-1
11487,230,37,7,2,1,0,-1,0
11488,230,38,5,2,0,0,0,1
11489,230,39,6,2,0,1,0,-1
11490,230,40,1,1,0,0,0,0
11491,230,41,5,2,0,0,0,1
11492,230,42,6,2,0,1,0,0
11493,230,43,6,2,0,1,1,0
11494,230,44,4,1,1,1,-1,0
11495,230,45,6,2,0,1,0,-1
11496,230,46,1,1,0,0,0,1
11497,230,47,2,1,0,1,0,0
11498,230,48,2,1,0,1,1,0
11499,230,49,4,1,1,1,0,0
11500,230,50,4,1,1,1,0,-1
11501,231,1,5,2,0,0,0,0
11502,231,2,1,1,0,0,1,0
11503,231,3,3,1,1,0,0,0
11504,231,4,3,1,1,0,0,0
11505,231,5,7,2,1,0,0,0
11506,231,6,7,2,1,0,-1,0
11507,231,7,5,2,0,0,1,0
11508,231,8,3,1,1,0,0,0
11509,231,9,7,2,1,0,0,0
11510,231,10,3,1,1,0,0,0
11511,231,11,3,1,1,0,-1,1
11512,231,12,6,2,0,1,0,0
11513,231,13,6,2,0,1,1,0
11514,231,14,8,2,1,1,0,0
11515,231,15,4,1,1,1,0,0
11516,231,16,4,1,1,1,0,0
11517,231,17,4,1,1,1,0,0
11518,231,18,4,1,1,1,0,0
11519,231,19,8,2,1,1,0,-1
11520,231,20,3,1,1,0,0,0
11521,231,21,7,2,1,0,0,0
11522,231,22,3,1,1,0,0,1
11523,231,23,4,1,1,1,0,0
11524,231,24,8,2,1,1,0,0
11525,231,25,4,1,1,1,0,0
11526,231,26,4,1,1,1,-1,-1
11527,231,27,1,1,0,0,1,0
11528,231,28,7,2,1,0,0,0
11529,231,29,7,2,1,0,0,0
11530,231,30,3,1,1,0,-1,0
11531,231,31,1,1,0,0,0,0
11532,231,32,1,1,0,0,0,0
11533,231,33,1,1,0,0,0,1
11534,231,34,2,1,0,1,1,-1
11535,231,35,3,1,1,0,-1,0
11536,231,36,1,1,0,0,1,0
11537,231,37,7,2,1,0,0,1
11538,231,38,4,1,1,1,-1,0
11539,231,39,2,1,0,1,0,0
11540,231,40,6,2,0,1,0,0
11541,231,41,6,2,0,1,0,0
11542,231,42,6,2,0,1,1,0
11543,231,43,4,1,1,1,0,0
11544,231,44,4,1,1,1,0,0
11545,231,45,8,2,1,1,0,0
11546,231,46,8,2,1,1,0,0
11547,231,47,8,2,1,1,0,-1
11548,231,48,3,1,1,0,0,0
11549,231,49,3,1,1,0,0,0
11550,231,50,7,2,1,0,0,0
11551,232,1,6,2,0,1,0,0
11552,232,2,2,1,0,1,0,-1
11553,232,3,5,2,0,0,0,0
11554,232,4,1,1,0,0,0,0
11555,232,5,1,1,0,0,1,0
11556,232,6,3,1,1,0,0,0
11557,232,7,3,1,1,0,0,1
11558,232,8,8,2,1,1,0,0
11559,232,9,8,2,1,1,0,-1
11560,232,10,3,1,1,0,0,0
11561,232,11,3,1,1,0,-1,0
11562,232,12,5,2,0,0,0,1
11563,232,13,2,1,0,1,1,0
11564,232,14,8,2,1,1,0,-1
11565,232,15,7,2,1,0,0,1
11566,232,16,8,2,1,1,0,-1
11567,232,17,7,2,1,0,0,0
11568,232,18,3,1,1,0,0,0
11569,232,19,7,2,1,0,-1,0
11570,232,20,5,2,0,0,0,0
11571,232,21,5,2,0,0,0,0
11572,232,22,1,1,0,0,0,1
11573,232,23,2,1,0,1,0,0
11574,232,24,6,2,0,1,0,0
11575,232,25,2,1,0,1,0,0
11576,232,26,2,1,0,1,0,0
11577,232,27,2,1,0,1,0,0
11578,232,28,2,1,0,1,0,-1
11579,232,29,1,1,0,0,0,0
11580,232,30,1,1,0,0,0,0
11581,232,31,1,1,0,0,0,0
11582,232,32,1,1,0,0,1,1
11583,232,33,4,1,1,1,0,0
11584,232,34,8,2,1,1,0,-1
11585,232,35,3,1,1,0,0,0
11586,232,36,3,1,1,0,0,1
11587,232,37,8,2,1,1,-1,0
11588,232,38,6,2,0,1,1,-1
11589,232,39,7,2,1,0,0,0
11590,232,40,3,1,1,0,0,1
11591,232,41,8,2,1,1,-1,0
11592,232,42,6,2,0,1,0,0
11593,232,43,6,2,0,1,0,0
11594,232,44,6,2,0,1,1,0
11595,232,45,8,2,1,1,0,0
11596,232,46,8,2,1,1,0,-1
11597,232,47,3,1,1,0,0,0
11598,232,48,3,1,1,0,0,0
11599,232,49,3,1,1,0,0,1
11600,232,50,4,1,1,1,0,0
11601,233,1,8,2,1,1,-1,-1
11602,233,2,1,1,0,0,0,0
11603,233,3,1,1,0,0,1,0
11604,233,4,3,1,1,0,0,0
11605,233,5,3,1,1,0,0,0
11606,233,6,3,1,1,0,0,0
11607,233,7,3,1,1,0,0,0
11608,233,8,7,2,1,0,0,0
11609,233,9,3,1,1,0,0,1
11610,233,10,4,1,1,1,0,0
11611,233,11,8,2,1,1,0,0
11612,233,12,4,1,1,1,0,0
11613,233,13,8,2,1,1,0,-1
11614,233,14,7,2,1,0,0,0
11615,233,15,7,2,1,0,0,0
11616,233,16,7,2,1,0,0,0
11617,233,17,7,2,1,0,0,0
11618,233,18,7,2,1,0,0,0
11619,233,19,3,1,1,0,0,0
11620,233,20,3,1,1,0,0,0
11621,233,21,3,1,1,0,0,0
11622,233,22,7,2,1,0,0,0
11623,233,23,7,2,1,0,-1,0
11624,233,24,5,2,0,0,0,0
11625,233,25,1,1,0,0,0,1
11626,233,26,2,1,0,1,0,-1
11627,233,27,1,1,0,0,1,0
11628,233,28,3,1,1,0,0,0
11629,233,29,3,1,1,0,-1,0
11630,233,30,1,1,0,0,0,1
11631,233,31,2,1,0,1,0,0
11632,233,32,6,2,0,1,0,0
11633,233,33,6,2,0,1,0,-1
11634,233,34,5,2,0,0,1,0
11635,233,35,3,1,1,0,0,0
11636,233,36,7,2,1,0,0,1
11637,233,37,4,1,1,1,0,0
11638,233,38,4,1,1,1,-1,0
11639,233,39,2,1,0,1,0,0
11640,233,40,6,2,0,1,0,0
11641,233,41,6,2,0,1,0,0
11642,233,42,2,1,0,1,0,-1
11643,233,43,5,2,0,0,1,1
11644,233,44,8,2,1,1,-1,-1
11645,233,45,5,2,0,0,0,0
11646,233,46,1,1,0,0,1,0
11647,233,47,7,2,1,0,0,0
11648,233,48,3,1,1,0,0,0
11649,233,49,3,1,1,0,-1,0
11650,233,50,1,1,0,0,0,1
11651,234,1,4,1,1,1,-1,0
11652,234,2,6,2,0,1,0,0
11653,234,3,6,2,0,1,0,0
11654,234,4,6,2,0,1,0,0
11655,234,5,6,2,0,1,1,0
11656,234,6,4,1,1,1,0,0
11657,234,7,4,1,1,1,0,0
11658,234,8,8,2,1,1,0,-1
11659,234,9,7,2,1,0,0,0
11660,234,10,7,2,1,0,-1,0
11661,234,11,5,2,0,0,0,0
11662,234,12,5,2,0,0,0,0
11663,234,13,5,2,0,0,1,0
11664,234,14,7,2,1,0,0,0
11665,234,15,7,2,1,0,0,1
11666,234,16,4,1,1,1,-1,-1
11667,234,17,1,1,0,0,0,1
11668,234,18,2,1,0,1,0,0
11669,234,19,2,1,0,1,0,0
11670,234,20,2,1,0,1,1,0
11671,234,21,8,2,1,1,0,0
11672,234,22,4,1,1,1,0,0
11673,234,23,4,1,1,1,0,0
11674,234,24,4,1,1,1,0,0
11675,234,25,4,1,1,1,0,0
11676,234,26,4,1,1,1,-1,0
11677,234,27,6,2,0,1,1,0
11678,234,28,8,2,1,1,-1,-1
11679,234,29,5,2,0,0,0,0
11680,234,30,1,1,0,0,0,0
11681,234,31,1,1,0,0,0,1
11682,234,32,6,2,0,1,0,0
11683,234,33,2,1,0,1,0,0
11684,234,34,2,1,0,1,0,0
11685,234,35,2,1,0,1,0,-1
11686,234,36,1,1,0,0,0,0
11687,234,37,1,1,0,0,1,0
11688,234,38,3,1,1,0,-1,1
11689,234,39,2,1,0,1,1,0
11690,234,40,4,1,1,1,0,0
11691,234,41,4,1,1,1,0,0
11692,234,42,4,1,1,1,0,0
11693,234,43,4,1,1,1,-1,0
11694,234,44,2,1,0,1,0,0
11695,234,45,2,1,0,1,1,0
11696,234,46,4,1,1,1,0,0
11697,234,47,4,1,1,1,-1,0
11698,234,48,6,2,0,1,0,0
11699,234,49,2,1,0,1,0,0
11700,234,50,2,1,0,1,0,-1
11701,235,1,1,1,0,0,0,0
11702,235,2,5,2,0,0,0,0
11703,235,3,5,2,0,0,0,1
11704,235,4,6,2,0,1,0,0
11705,235,5,6,2,0,1,1,0
11706,235,6,8,2,1,1,0,-1
11707,235,7,7,2,1,0,0,1
11708,235,8,8,2,1,1,-1,0
11709,235,9,6,2,0,1,0,0
11710,235,10,6,2,0,1,0,-1
11711,235,11,1,1,0,0,0,1
11712,235,12,6,2,0,1,0,0
11713,235,13,6,2,0,1,0,0
11714,235,14,6,2,0,1,0,-1
11715,235,15,1,1,0,0,1,1
11716,235,16,8,2,1,1,0,-1
11717,235,17,7,2,1,0,0,1
11718,235,18,8,2,1,1,0,0
11719,235,19,8,2,1,1,0,0
11720,235,20,8,2,1,1,0,-1
11721,235,21,7,2,1,0,0,1
11722,235,22,4,1,1,1,-1,0
11723,235,23,6,2,0,1,0,0
11724,235,24,6,2,0,1,0,0
11725,235,25,2,1,0,1,0,0
11726,235,26,6,2,0,1,0,0
11727,235,27,6,2,0,1,0,0
11728,235,28,6,2,0,1,0,0
11729,235,29,6,2,0,1,0,0
11730,235,30,6,2,0,1,0,-1
11731,235,31,1,1,0,0,0,0
11732,235,32,1,1,0,0,0,0
11733,235,33,5,2,0,0,0,0
11734,235,34,5,2,0,0,0,1
11735,235,35,6,2,0,1,0,0
11736,235,36,2,1,0,1,0,-1
11737,235,37,5,2,0,0,0,0
11738,235,38,1,1,0,0,0,0
11739,235,39,5,2,0,0,1,0
11740,235,40,3,1,1,0,0,0
11741,235,41,3,1,1,0,-1,0
11742,235,42,1,1,0,0,1,0
11743,235,43,3,1,1,0,0,0
11744,235,44,7,2,1,0,0,1
11745,235,45,4,1,1,1,0,0
11746,235,46,4,1,1,1,0,0
11747,235,47,4,1,1,1,-1,0
11748,235,48,2,1,0,1,0,-1
11749,235,49,1,1,0,0,1,0
11750,235,50,3,1,1,0,-1,0
11751,236,1,8,2,1,1,-1,-1
11752,236,2,5,2,0,0,1,1
11753,236,3,8,2,1,1,0,0
11754,236,4,4,1,1,1,0,0
11755,236,5,4,1,1,1,-1,0
11756,236,6,2,1,0,1,0,0
11757,236,7,6,2,0,1,1,-1
11758,236,8,7,2,1,0,0,0
11759,236,9,3,1,1,0,0,0
11760,236,10,7,2,1,0,0,1
11761,236,11,4,1,1,1,0,0
11762,236,12,4,1,1,1,0,0
11763,236,13,4,1,1,1,0,0
11764,236,14,8,2,1,1,0,-1
11765,236,15,7,2,1,0,0,0
11766,236,16,7,2,1,0,0,0
11767,236,17,7,2,1,0,-1,0
11768,236,18,5,2,0,0,0,0
11769,236,19,5,2,0,0,0,0
11770,236,20,1,1,0,0,0,1
11771,236,21,2,1,0,1,1,0
11772,236,22,4,1,1,1,0,0
11773,236,23,4,1,1,1,0,0
11774,236,24,8,2,1,1,0,-1
11775,236,25,7,2,1,0,-1,0
11776,236,26,5,2,0,0,0,0
11777,236,27,5,2,0,0,0,0
11778,236,28,5,2,0,0,0,0
11779,236,29,5,2,0,0,0,0
11780,236,30,5,2,0,0,0,0
11781,236,31,1,1,0,0,1,0
11782,236,32,7,2,1,0,-1,0
11783,236,33,5,2,0,0,1,0
11784,236,34,7,2,1,0,0,0
11785,236,35,7,2,1,0,-1,0
11786,236,36,1,1,0,0,0,0
11787,236,37,5,2,0,0,0,0
11788,236,38,5,2,0,0,0,0
11789,236,39,5,2,0,0,0,0
11790,236,40,5,2,0,0,0,0
11791,236,41,1,1,0,0,0,1
11792,236,42,2,1,0,1,1,0
11793,236,43,8,2,1,1,0,0
11794,236,44,4,1,1,1,0,0
11795,236,45,4,1,1,1,-1,0
11796,236,46,2,1,0,1,0,-1
11797,236,47,1,1,0,0,1,0
11798,236,48,3,1,1,0,0,0
11799,236,49,3,1,1,0,0,0
11800,236,50,7,2,1,0,0,1
11801,237,1,2,1,0,1,0,0
11802,237,2,2,1,0,1,0,-1
11803,237,3,1,1,0,0,0,1
11804,237,4,2,1,0,1,0,0
11805,237,5,6,2,0,1,0,-1
11806,237,6,5,2,0,0,0,0
11807,237,7,5,2,0,0,1,0
11808,237,8,7,2,1,0,-1,1
11809,237,9,6,2,0,1,1,0
11810,237,10,8,2,1,1,0,0
11811,237,11,8,2,1,1,0,0
11812,237,12,8,2,1,1,0,-1
11813,237,13,7,2,1,0,0,0
11814,237,14,7,2,1,0,0,0
11815,237,15,3,1,1,0,0,1
11816,237,16,4,1,1,1,0,0
11817,237,17,8,2,1,1,-1,0
11818,237,18,6,2,0,1,0,0
11819,237,19,6,2,0,1,0,0
11820,237,20,2,1,0,1,0,-1
11821,237,21,5,2,0,0,0,0
11822,237,22,1,1,0,0,1,0
11823,237,23,3,1,1,0,0,0
11824,237,24,7,2,1,0,0,0
11825,237,25,7,2,1,0,0,0
11826,237,26,7,2,1,0,0,0
11827,237,27,3,1,1,0,0,0
11828,237,28,3,1,1,0,0,0
11829,237,29,7,2,1,0,0,0
11830,237,30,3,1,1,0,0,1
11831,237,31,8,2,1,1,0,-1
11832,237,32,3,1,1,0,0,0
11833,237,33,7,2,1,0,0,0
11834,237,34,3,1,1,0,0,0
11835,237,35,7,2,1,0,0,0
11836,237,36,7,2,1,0,0,0
11837,237,37,3,1,1,0,-1,0
11838,237,38,1,1,0,0,1,1
11839,237,39,4,1,1,1,0,0
11840,237,40,4,1,1,1,0,0
11841,237,41,4,1,1,1,-1,-1
11842,237,42,1,1,0,0,0,0
11843,237,43,1,1,0,0,1,0
11844,237,44,3,1,1,0,0,0
11845,237,45,3,1,1,0,0,1
11846,237,46,4,1,1,1,0,0
11847,237,47,8,2,1,1,0,-1
11848,237,48,3,1,1,0,0,0
11849,237,49,3,1,1,0,0,0
11850,237,50,7,2,1,0,0,0
11851,238,1,4,1,1,1,0,0
11852,238,2,4,1,1,1,0,0
11853,238,3,4,1,1,1,0,0
11854,238,4,4,1,1,1,0,0
11855,238,5,8,2,1,1,0,0
11856,238,6,4,1,1,1,0,0
11857,238,7,4,1,1,1,0,0
11858,238,8,8,2,1,1,0,0
11859,238,9,8,2,1,1,0,0
11860,238,10,8,2,1,1,0,0
11861,238,11,8,2,1,1,0,0
11862,238,12,8,2,1,1,0,0
11863,238,13,8,2,1,1,0,0
11864,238,14,4,1,1,1,0,0
11865,238,15,4,1,1,1,0,-1
11866,238,16,3,1,1,0,0,1
11867,238,17,4,1,1,1,-1,0
11868,238,18,6,2,0,1,0,0
11869,238,19,6,2,0,1,0,0
11870,238,20,6,2,0,1,1,0
11871,238,21,4,1,1,1,-1,0
11872,238,22,6,2,0,1,0,-1
11873,238,23,5,2,0,0,0,0
11874,238,24,5,2,0,0,0,1
11875,238,25,6,2,0,1,0,-1
11876,238,26,1,1,0,0,0,0
11877,238,27,5,2,0,0,0,0
11878,238,28,5,2,0,0,0,0
11879,238,29,5,2,0,0,0,0
11880,238,30,5,2,0,0,1,0
11881,238,31,3,1,1,0,0,0
11882,238,32,7,2,1,0,0,0
11883,238,33,3,1,1,0,0,0
11884,238,34,7,2,1,0,0,0
11885,238,35,7,2,1,0,0,0
11886,238,36,3,1,1,0,-1,1
11887,238,37,6,2,0,1,0,-1
11888,238,38,1,1,0,0,1,1
11889,238,39,8,2,1,1,0,0
11890,238,40,4,1,1,1,0,0
11891,238,41,4,1,1,1,0,0
11892,238,42,4,1,1,1,0,-1
11893,238,43,3,1,1,0,0,0
11894,238,44,7,2,1,0,0,0
11895,238,45,3,1,1,0,0,0
11896,238,46,3,1,1,0,0,0
11897,238,47,3,1,1,0,-1,0
11898,238,48,5,2,0,0,0,0
11899,238,49,5,2,0,0,0,0
11900,238,50,5,2,0,0,1,0
11901,239,1,1,1,0,0,1,1
11902,239,2,4,1,1,1,0,0
11903,239,3,4,1,1,1,0,-1
11904,239,4,3,1,1,0,-1,0
11905,239,5,1,1,0,0,0,0
11906,239,6,1,1,0,0,1,0
11907,239,7,3,1,1,0,-1,0
11908,239,8,1,1,0,0,1,1
11909,239,9,4,1,1,1,-1,-1
11910,239,10,5,2,0,0,1,0
11911,239,11,7,2,1,0,0,0
11912,239,12,7,2,1,0,0,1
11913,239,13,8,2,1,1,0,-1
11914,239,14,7,2,1,0,0,0
11915,239,15,7,2,1,0,0,0
11916,239,16,3,1,1,0,-1,1
11917,239,17,2,1,0,1,0,0
11918,239,18,2,1,0,1,1,0
11919,239,19,4,1,1,1,0,0
11920,239,20,8,2,1,1,0,0
11921,239,21,8,2,1,1,0,0
11922,239,22,4,1,1,1,0,0
11923,239,23,4,1,1,1,0,0
11924,239,24,4,1,1,1,0,0
11925,239,25,4,1,1,1,0,-1
11926,239,26,3,1,1,0,0,0
11927,239,27,3,1,1,0,0,1
11928,239,28,4,1,1,1,0,0
11929,239,29,4,1,1,1,0,-1
11930,239,30,7,2,1,0,-1,0
11931,239,31,5,2,0,0,0,1
11932,239,32,6,2,0,1,1,0
11933,239,33,8,2,1,1,0,-1
11934,239,34,7,2,1,0,0,0
11935,239,35,7,2,1,0,-1,0
11936,239,36,1,1,0,0,0,0
11937,239,37,1,1,0,0,0,0
11938,239,38,1,1,0,0,0,0
11939,239,39,5,2,0,0,1,0
11940,239,40,7,2,1,0,0,0
11941,239,41,3,1,1,0,0,0
11942,239,42,3,1,1,0,0,0
11943,239,43,7,2,1,0,-1,0
11944,239,44,1,1,0,0,0,0
11945,239,45,1,1,0,0,1,1
11946,239,46,4,1,1,1,0,-1
11947,239,47,7,2,1,0,0,0
11948,239,48,3,1,1,0,0,1
11949,239,49,8,2,1,1,-1,0
11950,239,50,6,2,0,1,1,-1
11951,240,1,3,1,1,0,0,0
11952,240,2,3,1,1,0,0,0
11953,240,3,3,1,1,0,0,0
11954,240,4,3,1,1,0,0,0
11955,240,5,3,1,1,0,0,0
11956,240,6,7,2,1,0,0,1
11957,240,7,4,1,1,1,0,0
11958,240,8,4,1,1,1,0,0
11959,240,9,8,2,1,1,-1,-1
11960,240,10,1,1,0,0,0,1
11961,240,11,2,1,0,1,1,0
11962,240,12,4,1,1,1,0,0
11963,240,13,4,1,1,1,-1,0
11964,240,14,2,1,0,1,0,-1
11965,240,15,1,1,0,0,1,0
11966,240,16,3,1,1,0,-1,0
11967,240,17,5,2,0,0,0,1
11968,240,18,6,2,0,1,0,0
11969,240,19,2,1,0,1,0,0
11970,240,20,6,2,0,1,0,0
11971,240,21,2,1,0,1,0,0
11972,240,22,2,1,0,1,1,0
11973,240,23,4,1,1,1,0,-1
11974,240,24,3,1,1,0,0,1
11975,240,25,4,1,1,1,0,0
11976,240,26,4,1,1,1,0,-1
11977,240,27,3,1,1,0,0,0
11978,240,28,3,1,1,0,0,0
11979,240,29,3,1,1,0,0,0
11980,240,30,3,1,1,0,0,0
11981,240,31,3,1,1,0,0,0
11982,240,32,3,1,1,0,0,1
11983,240,33,4,1,1,1,0,0
11984,240,34,4,1,1,1,0,0
11985,240,35,4,1,1,1,0,-1
11986,240,36,3,1,1,0,0,1
11987,240,37,8,2,1,1,0,0
11988,240,38,8,2,1,1,0,0
11989,240,39,4,1,1,1,0,-1
11990,240,40,3,1,1,0,0,0
11991,240,41,3,1,1,0,-1,0
11992,240,42,5,2,0,0,0,0
11993,240,43,1,1,0,0,1,0
11994,240,44,3,1,1,0,0,0
11995,240,45,7,2,1,0,-1,0
11996,240,46,1,1,0,0,0,0
11997,240,47,1,1,0,0,0,0
11998,240,48,5,2,0,0,0,0
11999,240,49,1,1,0,0,1,1
12000,240,50,4,1,1,1,-1,0
12001,241,1,2,1,0,1,0,0
12002,241,2,6,2,0,1,0,0
12003,241,3,2,1,0,1,0,-1
12004,241,4,5,2,0,0,0,0
12005,241,5,5,2,0,0,0,0
12006,241,6,5,2,0,0,0,0
12007,241,7,1,1,0,0,0,0
12008,241,8,5,2,0,0,0,1
12009,241,9,2,1,0,1,0,0
12010,241,10,6,2,0,1,1,0
12011,241,11,4,1,1,1,0,-1
12012,241,12,3,1,1,0,0,0
12013,241,13,3,1,1,0,0,0
12014,241,14,3,1,1,0,0,0
12015,241,15,7,2,1,0,0,1
12016,241,16,4,1,1,1,0,0
12017,241,17,4,1,1,1,0,0
12018,241,18,8,2,1,1,0,-1
12019,241,19,7,2,1,0,0,0
12020,241,20,7,2,1,0,-1,1
12021,241,21,6,2,0,1,0,-1
12022,241,22,5,2,0,0,0,0
12023,241,23,5,2,0,0,1,1
12024,241,24,8,2,1,1,0,0
12025,241,25,4,1,1,1,-1,0
12026,241,26,2,1,0,1,0,0
12027,241,27,2,1,0,1,0,0
12028,241,28,2,1,0,1,0,0
12029,241,29,6,2,0,1,0,0
12030,241,30,2,1,0,1,0,0
12031,241,31,2,1,0,1,0,0
12032,241,32,2,1,0,1,1,0
12033,241,33,8,2,1,1,0,0
12034,241,34,8,2,1,1,-1,0
12035,241,35,2,1,0,1,1,-1
12036,241,36,3,1,1,0,0,0
12037,241,37,3,1,1,0,-1,0
12038,241,38,1,1,0,0,0,0
12039,241,39,1,1,0,0,0,1
12040,241,40,2,1,0,1,0,0
12041,241,41,2,1,0,1,0,0
12042,241,42,2,1,0,1,1,0
12043,241,43,4,1,1,1,0,0
12044,241,44,4,1,1,1,-1,0
12045,241,45,2,1,0,1,0,-1
12046,241,46,5,2,0,0,0,0
12047,241,47,5,2,0,0,0,0
12048,241,48,5,2,0,0,1,0
12049,241,49,3,1,1,0,0,0
12050,241,50,3,1,1,0,0,1
12051,242,1,5,2,0,0,0,0
12052,242,2,5,2,0,0,1,0
12053,242,3,7,2,1,0,0,0
12054,242,4,3,1,1,0,0,0
12055,242,5,7,2,1,0,-1,0
12056,242,6,5,2,0,0,1,0
12057,242,7,7,2,1,0,0,1
12058,242,8,8,2,1,1,0,0
12059,242,9,8,2,1,1,0,-1
12060,242,10,7,2,1,0,0,0
12061,242,11,3,1,1,0,-1,0
12062,242,12,5,2,0,0,0,0
12063,242,13,5,2,0,0,0,0
12064,242,14,5,2,0,0,0,0
12065,242,15,5,2,0,0,1,0
12066,242,16,7,2,1,0,0,1
12067,242,17,8,2,1,1,0,0
12068,242,18,4,1,1,1,-1,0
12069,242,19,2,1,0,1,0,0
12070,242,20,2,1,0,1,0,0
12071,242,21,6,2,0,1,0,0
12072,242,22,6,2,0,1,1,-1
12073,242,23,7,2,1,0,0,0
12074,242,24,7,2,1,0,-1,1
12075,242,25,6,2,0,1,1,0
12076,242,26,4,1,1,1,-1,0
12077,242,27,2,1,0,1,0,-1
12078,242,28,1,1,0,0,1,0
12079,242,29,3,1,1,0,0,1
12080,242,30,4,1,1,1,0,-1
12081,242,31,3,1,1,0,0,0
12082,242,32,3,1,1,0,-1,0
12083,242,33,5,2,0,0,0,1
12084,242,34,6,2,0,1,0,0
12085,242,35,6,2,0,1,0,-1
12086,242,36,5,2,0,0,1,1
12087,242,37,4,1,1,1,0,0
12088,242,38,8,2,1,1,0,-1
12089,242,39,3,1,1,0,0,0
12090,242,40,3,1,1,0,0,1
12091,242,41,8,2,1,1,0,-1
12092,242,42,7,2,1,0,0,1
12093,242,43,8,2,1,1,0,-1
12094,242,44,3,1,1,0,-1,0
12095,242,45,1,1,0,0,0,1
12096,242,46,6,2,0,1,0,0
12097,242,47,6,2,0,1,0,0
12098,242,48,2,1,0,1,0,0
12099,242,49,6,2,0,1,0,0
12100,242,50,6,2,0,1,1,0
12101,243,1,4,1,1,1,0,-1
12102,243,2,3,1,1,0,0,0
12103,243,3,3,1,1,0,0,0
12104,243,4,7,2,1,0,0,0
12105,243,5,3,1,1,0,0,1
12106,243,6,4,1,1,1,0,0
12107,243,7,4,1,1,1,0,-1
12108,243,8,7,2,1,0,0,0
12109,243,9,3,1,1,0,0,0
12110,243,10,7,2,1,0,-1,0
12111,243,11,5,2,0,0,1,0
12112,243,12,7,2,1,0,0,0
12113,243,13,7,2,1,0,0,0
12114,243,14,3,1,1,0,0,0
12115,243,15,3,1,1,0,0,1
12116,243,16,4,1,1,1,0,0
12117,243,17,8,2,1,1,0,0
12118,243,18,8,2,1,1,0,0
12119,243,19,8,2,1,1,0,0
12120,243,20,8,2,1,1,0,0
12121,243,21,4,1,1,1,0,0
12122,243,22,4,1,1,1,0,0
12123,243,23,4,1,1,1,0,0
12124,243,24,8,2,1,1,0,0
12125,243,25,4,1,1,1,0,0
12126,243,26,4,1,1,1,0,0
12127,243,27,4,1,1,1,0,0
12128,243,28,4,1,1,1,-1,0
12129,243,29,2,1,0,1,1,0
12130,243,30,4,1,1,1,0,0
12131,243,31,8,2,1,1,0,0
12132,243,32,8,2,1,1,0,-1
12133,243,33,7,2,1,0,0,1
12134,243,34,4,1,1,1,0,-1
12135,243,35,3,1,1,0,-1,0
12136,243,36,1,1,0,0,0,0
12137,243,37,5,2,0,0,0,0
12138,243,38,1,1,0,0,0,1
12139,243,39,6,2,0,1,0,-1
12140,243,40,5,2,0,0,0,0
12141,243,41,1,1,0,0,1,0
12142,243,42,3,1,1,0,-1,0
12143,243,43,5,2,0,0,1,0
12144,243,44,7,2,1,0,0,0
12145,243,45,3,1,1,0,-1,0
12146,243,46,1,1,0,0,1,0
12147,243,47,3,1,1,0,0,0
12148,243,48,7,2,1,0,0,0
12149,243,49,3,1,1,0,0,1
12150,243,50,4,1,1,1,0,0
12151,244,1,4,1,1,1,0,0
12152,244,2,4,1,1,1,-1,0
12153,244,3,2,1,0,1,0,-1
12154,244,4,5,2,0,0,1,0
12155,244,5,7,2,1,0,0,0
12156,244,6,7,2,1,0,0,1
12157,244,7,4,1,1,1,0,0
12158,244,8,8,2,1,1,0,0
12159,244,9,8,2,1,1,0,-1
12160,244,10,7,2,1,0,0,0
12161,244,11,3,1,1,0,0,1
12162,244,12,4,1,1,1,0,-1
12163,244,13,7,2,1,0,0,0
12164,244,14,7,2,1,0,0,0
12165,244,15,3,1,1,0,0,1
12166,244,16,4,1,1,1,0,-1
12167,244,17,3,1,1,0,0,0
12168,244,18,3,1,1,0,0,0
12169,244,19,3,1,1,0,0,0
12170,244,20,3,1,1,0,0,1
12171,244,21,4,1,1,1,0,0
12172,244,22,4,1,1,1,-1,0
12173,244,23,2,1,0,1,0,0
12174,244,24,2,1,0,1,0,0
12175,244,25,2,1,0,1,0,-1
12176,244,26,1,1,0,0,0,0
12177,244,27,1,1,0,0,1,0
12178,244,28,3,1,1,0,0,1
12179,244,29,4,1,1,1,0,0
12180,244,30,4,1,1,1,0,0
12181,244,31,4,1,1,1,-1,0
12182,244,32,2,1,0,1,1,0
12183,244,33,8,2,1,1,0,-1
12184,244,34,3,1,1,0,0,0
12185,244,35,3,1,1,0,-1,0
12186,244,36,5,2,0,0,0,0
12187,244,37,5,2,0,0,0,1
12188,244,38,6,2,0,1,0,0
12189,244,39,6,2,0,1,0,0
12190,244,40,6,2,0,1,0,0
12191,244,41,2,1,0,1,0,0
12192,244,42,2,1,0,1,0,0
12193,244,43,2,1,0,1,0,-1
12194,244,44,1,1,0,0,0,0
12195,244,45,1,1,0,0,1,0
12196,244,46,3,1,1,0,0,1
12197,244,47,4,1,1,1,-1,0
12198,244,48,2,1,0,1,1,0
12199,244,49,8,2,1,1,0,0
12200,244,50,4,1,1,1,0,0
12201,245,1,4,1,1,1,0,0
12202,245,2,4,1,1,1,0,-1
12203,245,3,3,1,1,0,-1,0
12204,245,4,1,1,0,0,0,1
12205,245,5,2,1,0,1,0,0
12206,245,6,2,1,0,1,0,0
12207,245,7,2,1,0,1,0,0
12208,245,8,2,1,0,1,0,0
12209,245,9,6,2,0,1,0,0
12210,245,10,2,1,0,1,0,0
12211,245,11,6,2,0,1,0,-1
12212,245,12,5,2,0,0,0,0
12213,245,13,5,2,0,0,0,0
12214,245,14,1,1,0,0,0,0
12215,245,15,5,2,0,0,0,0
12216,245,16,5,2,0,0,1,0
12217,245,17,7,2,1,0,0,0
12218,245,18,3,1,1,0,0,0
12219,245,19,7,2,1,0,0,0
12220,245,20,7,2,1,0,0,0
12221,245,21,7,2,1,0,0,1
12222,245,22,4,1,1,1,0,0
12223,245,23,8,2,1,1,0,0
12224,245,24,8,2,1,1,0,0
12225,245,25,8,2,1,1,0,0
12226,245,26,8,2,1,1,0,0
12227,245,27,8,2,1,1,0,0
12228,245,28,8,2,1,1,0,0
12229,245,29,8,2,1,1,0,-1
12230,245,30,3,1,1,0,0,1
12231,245,31,4,1,1,1,0,0
12232,245,32,4,1,1,1,0,-1
12233,245,33,7,2,1,0,0,0
12234,245,34,3,1,1,0,-1,1
12235,245,35,6,2,0,1,0,0
12236,245,36,6,2,0,1,0,-1
12237,245,37,1,1,0,0,0,1
12238,245,38,2,1,0,1,1,-1
12239,245,39,3,1,1,0,0,0
12240,245,40,7,2,1,0,-1,0
12241,245,41,5,2,0,0,0,1
12242,245,42,6,2,0,1,1,0
12243,245,43,8,2,1,1,0,-1
12244,245,44,3,1,1,0,-1,0
12245,245,45,1,1,0,0,0,0
12246,245,46,1,1,0,0,1,1
12247,245,47,4,1,1,1,0,-1
12248,245,48,7,2,1,0,0,0
12249,245,49,7,2,1,0,-1,0
12250,245,50,5,2,0,0,0,1
12251,246,1,2,1,0,1,0,-1
12252,246,2,1,1,0,0,0,1
12253,246,3,2,1,0,1,0,0
12254,246,4,2,1,0,1,0,0
12255,246,5,2,1,0,1,0,0
12256,246,6,2,1,0,1,0,-1
12257,246,7,5,2,0,0,0,1
12258,246,8,2,1,0,1,0,0
12259,246,9,2,1,0,1,0,0
12260,246,10,2,1,0,1,1,0
12261,246,11,8,2,1,1,-1,-1
12262,246,12,1,1,0,0,0,0
12263,246,13,1,1,0,0,0,0
12264,246,14,1,1,0,0,0,0
12265,246,15,1,1,0,0,1,0
12266,246,16,3,1,1,0,0,0
12267,246,17,3,1,1,0,0,0
12268,246,18,3,1,1,0,0,0
12269,246,19,3,1,1,0,0,0
12270,246,20,3,1,1,0,0,0
12271,246,21,3,1,1,0,0,0
12272,246,22,3,1,1,0,0,0
12273,246,23,3,1,1,0,0,1
12274,246,24,4,1,1,1,0,0
12275,246,25,4,1,1,1,0,0
12276,246,26,4,1,1,1,0,-1
12277,246,27,3,1,1,0,0,1
12278,246,28,4,1,1,1,0,0
12279,246,29,4,1,1,1,0,0
12280,246,30,4,1,1,1,-1,0
12281,246,31,6,2,0,1,1,-1
12282,246,32,7,2,1,0,0,0
12283,246,33,7,2,1,0,0,0
12284,246,34,3,1,1,0,0,1
12285,246,35,4,1,1,1,0,0
12286,246,36,8,2,1,1,0,0
12287,246,37,8,2,1,1,0,0
12288,246,38,4,1,1,1,-1,0
12289,246,39,2,1,0,1,0,0
12290,246,40,6,2,0,1,0,0
12291,246,41,6,2,0,1,1,0
12292,246,42,4,1,1,1,0,0
12293,246,43,4,1,1,1,0,0
12294,246,44,4,1,1,1,0,0
12295,246,45,4,1,1,1,0,0
12296,246,46,4,1,1,1,0,0
12297,246,47,4,1,1,1,0,0
12298,246,48,4,1,1,1,0,0
12299,246,49,4,1,1,1,0,0
12300,246,50,8,2,1,1,0,0
12301,247,1,8,2,1,1,0,0
12302,247,2,4,1,1,1,0,0
12303,247,3,4,1,1,1,0,0
12304,247,4,4,1,1,1,-1,0
12305,247,5,2,1,0,1,0,-1
12306,247,6,1,1,0,0,1,1
12307,247,7,8,2,1,1,0,-1
12308,247,8,7,2,1,0,0,0
12309,247,9,3,1,1,0,0,1
12310,247,10,4,1,1,1,0,0
12311,247,11,4,1,1,1,0,-1
12312,247,12,3,1,1,0,0,0
12313,247,13,3,1,1,0,0,0
12314,247,14,3,1,1,0,-1,0
12315,247,15,5,2,0,0,0,0
12316,247,16,1,1,0,0,0,1
12317,247,17,2,1,0,1,0,0
12318,247,18,2,1,0,1,1,0
12319,247,19,8,2,1,1,0,-1
12320,247,20,7,2,1,0,-1,0
12321,247,21,5,2,0,0,0,0
12322,247,22,5,2,0,0,0,1
12323,247,23,6,2,0,1,0,0
12324,247,24,2,1,0,1,0,0
12325,247,25,6,2,0,1,0,0
12326,247,26,6,2,0,1,1,-1
12327,247,27,3,1,1,0,0,1
12328,247,28,4,1,1,1,0,0
12329,247,29,4,1,1,1,0,0
12330,247,30,8,2,1,1,-1,0
12331,247,31,6,2,0,1,0,0
12332,247,32,6,2,0,1,0,-1
12333,247,33,5,2,0,0,0,0
12334,247,34,1,1,0,0,0,0
12335,247,35,1,1,0,0,1,0
12336,247,36,3,1,1,0,0,0
12337,247,37,3,1,1,0,0,1
12338,247,38,4,1,1,1,0,0
12339,247,39,4,1,1,1,0,0
12340,247,40,4,1,1,1,0,0
12341,247,41,4,1,1,1,0,0
12342,247,42,8,2,1,1,-1,-1
12343,247,43,1,1,0,0,0,0
12344,247,44,1,1,0,0,0,1
12345,247,45,2,1,0,1,0,-1
12346,247,46,1,1,0,0,0,1
12347,247,47,2,1,0,1,1,0
12348,247,48,4,1,1,1,0,0
12349,247,49,4,1,1,1,0,-1
12350,247,50,3,1,1,0,0,0
12351,248,1,5,2,0,0,0,0
12352,248,2,5,2,0,0,0,0
12353,248,3,5,2,0,0,0,0
12354,248,4,1,1,0,0,1,0
12355,248,5,3,1,1,0,0,1
12356,248,6,4,1,1,1,0,0
12357,248,7,4,1,1,1,-1,0
12358,248,8,6,2,0,1,1,0
12359,248,9,8,2,1,1,0,-1
12360,248,10,7,2,1,0,0,0
12361,248,11,3,1,1,0,-1,1
12362,248,12,2,1,0,1,1,-1
12363,248,13,7,2,1,0,0,0
12364,248,14,7,2,1,0,0,0
12365,248,15,7,2,1,0,0,0
12366,248,16,3,1,1,0,0,1
12367,248,17,4,1,1,1,0,0
12368,248,18,4,1,1,1,0,-1
12369,248,19,3,1,1,0,0,0
12370,248,20,3,1,1,0,0,1
12371,248,21,4,1,1,1,-1,0
12372,248,22,2,1,0,1,0,-1
12373,248,23,1,1,0,0,1,0
12374,248,24,3,1,1,0,0,1
12375,248,25,4,1,1,1,-1,-1
12376,248,26,1,1,0,0,0,1
12377,248,27,2,1,0,1,0,0
12378,248,28,2,1,0,1,0,0
12379,248,29,6,2,0,1,0,-1
12380,248,30,1,1,0,0,0,0
12381,248,31,1,1,0,0,0,1
12382,248,32,2,1,0,1,1,0
12383,248,33,8,2,1,1,0,0
12384,248,34,4,1,1,1,0,0
12385,248,35,4,1,1,1,-1,0
12386,248,36,6,2,0,1,0,0
12387,248,37,6,2,0,1,0,0
12388,248,38,2,1,0,1,0,0
12389,248,39,6,2,0,1,1,0
12390,248,40,8,2,1,1,0,0
12391,248,41,4,1,1,1,-1,-1
12392,248,42,1,1,0,0,1,0
12393,248,43,3,1,1,0,0,0
12394,248,44,7,2,1,0,0,0
12395,248,45,7,2,1,0,-1,0
12396,248,46,1,1,0,0,0,0
12397,248,47,1,1,0,0,0,0
12398,248,48,1,1,0,0,1,0
12399,248,49,3,1,1,0,-1,1
12400,248,50,6,2,0,1,0,0
12401,249,1,2,1,0,1,0,0
12402,249,2,6,2,0,1,0,0
12403,249,3,2,1,0,1,0,0
12404,249,4,2,1,0,1,0,-1
12405,249,5,1,1,0,0,0,1
12406,249,6,2,1,0,1,1,0
12407,249,7,4,1,1,1,0,0
12408,249,8,8,2,1,1,0,0
12409,249,9,8,2,1,1,-1,0
12410,249,10,2,1,0,1,0,0
12411,249,11,2,1,0,1,1,0
12412,249,12,4,1,1,1,0,0
12413,249,13,8,2,1,1,0,0
12414,249,14,8,2,1,1,-1,-1
12415,249,15,1,1,0,0,0,1
12416,249,16,2,1,0,1,1,0
12417,249,17,4,1,1,1,-1,-1
12418,249,18,1,1,0,0,0,0
12419,249,19,1,1,0,0,1,0
12420,249,20,7,2,1,0,0,1
12421,249,21,4,1,1,1,0,0
12422,249,22,8,2,1,1,0,0
12423,249,23,8,2,1,1,0,0
12424,249,24,4,1,1,1,0,0
12425,249,25,4,1,1,1,0,0
12426,249,26,4,1,1,1,0,0
12427,249,27,4,1,1,1,-1,0
12428,249,28,2,1,0,1,1,0
12429,249,29,4,1,1,1,-1,-1
12430,249,30,1,1,0,0,0,1
12431,249,31,2,1,0,1,0,0
12432,249,32,6,2,0,1,0,0
12433,249,33,6,2,0,1,0,0
12434,249,34,6,2,0,1,1,0
12435,249,35,8,2,1,1,0,0
12436,249,36,8,2,1,1,-1,0
12437,249,37,6,2,0,1,0,0
12438,249,38,6,2,0,1,0,0
12439,249,39,6,2,0,1,0,0
12440,249,40,2,1,0,1,1,0
12441,249,41,4,1,1,1,-1,-1
12442,249,42,1,1,0,0,0,0
12443,249,43,1,1,0,0,0,0
12444,249,44,5,2,0,0,0,0
12445,249,45,1,1,0,0,0,0
12446,249,46,1,1,0,0,0,0
12447,249,47,1,1,0,0,0,0
12448,249,48,1,1,0,0,0,1
12449,249,49,6,2,0,1,1,0
12450,249,50,8,2,1,1,0,-1
12451,250,1,4,1,1,1,-1,0
12452,250,2,6,2,0,1,0,0
12453,250,3,6,2,0,1,0,-1
12454,250,4,1,1,0,0,0,0
12455,250,5,1,1,0,0,0,0
12456,250,6,1,1,0,0,0,0
12457,250,7,1,1,0,0,0,1
12458,250,8,6,2,0,1,0,0
12459,250,9,6,2,0,1,0,0
12460,250,10,6,2,0,1,0,0
12461,250,11,6,2,0,1,0,0
12462,250,12,6,2,0,1,0,0
12463,250,13,6,2,0,1,0,0
12464,250,14,2,1,0,1,1,0
12465,250,15,8,2,1,1,-1,0
12466,250,16,6,2,0,1,0,0
12467,250,17,6,2,0,1,0,0
12468,250,18,6,2,0,1,0,0
12469,250,19,6,2,0,1,0,0
12470,250,20,6,2,0,1,0,0
12471,250,21,2,1,0,1,0,-1
12472,250,22,1,1,0,0,1,1
12473,250,23,4,1,1,1,0,0
12474,250,24,4,1,1,1,0,0
12475,250,25,4,1,1,1,0,0
12476,250,26,8,2,1,1,-1,0
12477,250,27,6,2,0,1,0,-1
12478,250,28,5,2,0,0,0,0
12479,250,29,1,1,0,0,0,0
12480,250,30,1,1,0,0,1,0
12481,250,31,7,2,1,0,0,0
12482,250,32,7,2,1,0,-1,1
12483,250,33,2,1,0,1,0,0
12484,250,34,2,1,0,1,1,0
12485,250,35,4,1,1,1,0,0
12486,250,36,4,1,1,1,0,0
12487,250,37,4,1,1,1,-1,0
12488,250,38,2,1,0,1,1,0
12489,250,39,4,1,1,1,-1,0
12490,250,40,6,2,0,1,0,0
12491,250,41,2,1,0,1,0,-1
12492,250,42,1,1,0,0,0,1
12493,250,43,2,1,0,1,1,-1
12494,250,44,3,1,1,0,0,0
12495,250,45,3,1,1,0,0,1
12496,250,46,8,2,1,1,-1,-1
12497,250,47,1,1,0,0,0,0
12498,250,48,1,1,0,0,0,0
12499,250,49,1,1,0,0,0,0
12500,250,50,1,1,0,0,1,0
12501,251,1,5,2,0,0,0,1
12502,251,2,2,1,0,1,1,0
12503,251,3,4,1,1,1,0,0
12504,251,4,4,1,1,1,0,-1
12505,251,5,7,2,1,0,0,0
12506,251,6,3,1,1,0,-1,0
12507,251,7,1,1,0,0,0,0
12508,251,8,1,1,0,0,0,0
12509,251,9,1,1,0,0,1,1
12510,251,10,4,1,1,1,0,0
12511,251,11,4,1,1,1,0,0
12512,251,12,4,1,1,1,0,0
12513,251,13,4,1,1,1,-1,-1
12514,251,14,1,1,0,0,0,1
12515,251,15,2,1,0,1,0,0
12516,251,16,2,1,0,1,0,0
12517,251,17,2,1,0,1,0,0
12518,251,18,2,1,0,1,0,0
12519,251,19,6,2,0,1,1,0
12520,251,20,4,1,1,1,-1,0
12521,251,21,2,1,0,1,0,0
12522,251,22,6,2,0,1,1,-1
12523,251,23,7,2,1,0,0,0
12524,251,24,7,2,1,0,0,0
12525,251,25,7,2,1,0,0,0
12526,251,26,3,1,1,0,0,0
12527,251,27,3,1,1,0,0,0
12528,251,28,3,1,1,0,0,0
12529,251,29,7,2,1,0,0,0
12530,251,30,7,2,1,0,0,0
12531,251,31,7,2,1,0,0,0
12532,251,32,7,2,1,0,0,0
12533,251,33,3,1,1,0,-1,0
12534,251,34,1,1,0,0,1,0
12535,251,35,7,2,1,0,0,0
12536,251,36,3,1,1,0,0,0
12537,251,37,3,1,1,0,0,0
12538,251,38,7,2,1,0,0,0
12539,251,39,7,2,1,0,0,0
12540,251,40,7,2,1,0,0,1
12541,251,41,4,1,1,1,-1,0
12542,251,42,2,1,0,1,0,-1
12543,251,43,1,1,0,0,1,1
12544,251,44,4,1,1,1,0,0
12545,251,45,4,1,1,1,-1,0
12546,251,46,2,1,0,1,1,0
12547,251,47,4,1,1,1,0,0
12548,251,48,4,1,1,1,-1,-1
12549,251,49,5,2,0,0,0,0
12550,251,50,1,1,0,0,0,0
12551,252,1,7,2,1,0,0,1
12552,252,2,8,2,1,1,0,0
12553,252,3,8,2,1,1,0,-1
12554,252,4,7,2,1,0,0,1
12555,252,5,8,2,1,1,-1,-1
12556,252,6,5,2,0,0,0,1
12557,252,7,6,2,0,1,1,0
12558,252,8,8,2,1,1,0,0
12559,252,9,8,2,1,1,0,-1
12560,252,10,7,2,1,0,0,0
12561,252,11,7,2,1,0,0,1
12562,252,12,8,2,1,1,0,0
12563,252,13,8,2,1,1,0,0
12564,252,14,4,1,1,1,0,0
12565,252,15,4,1,1,1,-1,0
12566,252,16,2,1,0,1,0,0
12567,252,17,6,2,0,1,0,0
12568,252,18,6,2,0,1,0,0
12569,252,19,6,2,0,1,0,-1
12570,252,20,5,2,0,0,0,0
12571,252,21,1,1,0,0,0,0
12572,252,22,1,1,0,0,0,0
12573,252,23,5,2,0,0,0,1
12574,252,24,6,2,0,1,0,-1
12575,252,25,5,2,0,0,0,0
12576,252,26,5,2,0,0,0,0
12577,252,27,5,2,0,0,0,1
12578,252,28,2,1,0,1,0,0
12579,252,29,6,2,0,1,0,0
12580,252,30,6,2,0,1,1,0
12581,252,31,4,1,1,1,0,0
12582,252,32,4,1,1,1,0,0
12583,252,33,4,1,1,1,0,0
12584,252,34,4,1,1,1,0,-1
12585,252,35,3,1,1,0,0,1
12586,252,36,8,2,1,1,0,-1
12587,252,37,7,2,1,0,0,1
12588,252,38,4,1,1,1,0,0
12589,252,39,4,1,1,1,0,0
12590,252,40,4,1,1,1,0,0
12591,252,41,8,2,1,1,-1,0
12592,252,42,2,1,0,1,0,0
12593,252,43,2,1,0,1,1,0
12594,252,44,8,2,1,1,-1,0
12595,252,45,2,1,0,1,0,0
12596,252,46,2,1,0,1,1,0
12597,252,47,8,2,1,1,0,0
12598,252,48,8,2,1,1,0,0
12599,252,49,8,2,1,1,0,0
12600,252,50,4,1,1,1,0,0
12601,253,1,6,2,0,1,0,0
12602,253,2,6,2,0,1,1,0
12603,253,3,8,2,1,1,0,0
12604,253,4,4,1,1,1,0,-1
12605,253,5,3,1,1,0,0,0
12606,253,6,3,1,1,0,-1,0
12607,253,7,1,1,0,0,0,0
12608,253,8,1,1,0,0,0,0
12609,253,9,5,2,0,0,1,0
12610,253,10,3,1,1,0,0,1
12611,253,11,4,1,1,1,0,0
12612,253,12,4,1,1,1,0,0
12613,253,13,8,2,1,1,-1,0
12614,253,14,2,1,0,1,1,0
12615,253,15,8,2,1,1,0,0
12616,253,16,8,2,1,1,-1,-1
12617,253,17,5,2,0,0,0,0
12618,253,18,5,2,0,0,0,0
12619,253,19,1,1,0,0,1,0
12620,253,20,7,2,1,0,0,0
12621,253,21,7,2,1,0,0,0
12622,253,22,7,2,1,0,0,0
12623,253,23,7,2,1,0,0,0
12624,253,24,7,2,1,0,0,1
12625,253,25,8,2,1,1,0,0
12626,253,26,4,1,1,1,0,-1
12627,253,27,3,1,1,0,0,0
12628,253,28,3,1,1,0,-1,0
12629,253,29,1,1,0,0,0,1
12630,253,30,2,1,0,1,0,-1
12631,253,31,1,1,0,0,0,0
12632,253,32,1,1,0,0,0,0
12633,253,33,1,1,0,0,0,1
12634,253,34,2,1,0,1,0,0
12635,253,35,2,1,0,1,0,-1
12636,253,36,1,1,0,0,1,1
12637,253,37,4,1,1,1,0,0
12638,253,38,4,1,1,1,0,0
12639,253,39,4,1,1,1,0,-1
12640,253,40,3,1,1,0,-1,0
12641,253,41,1,1,0,0,1,0
12642,253,42,3,1,1,0,-1,1
12643,253,43,2,1,0,1,0,0
12644,253,44,2,1,0,1,0,0
12645,253,45,2,1,0,1,1,0
12646,253,46,4,1,1,1,0,0
12647,253,47,4,1,1,1,0,0
12648,253,48,4,1,1,1,0,0
12649,253,49,4,1,1,1,0,0
12650,253,50,4,1,1,1,0,0
12651,254,1,8,2,1,1,0,0
12652,254,2,4,1,1,1,0,-1
12653,254,3,7,2,1,0,0,1
12654,254,4,4,1,1,1,0,-1
12655,254,5,3,1,1,0,0,1
12656,254,6,4,1,1,1,0,0
12657,254,7,8,2,1,1,-1,0
12658,254,8,2,1,0,1,0,0
12659,254,9,2,1,0,1,0,0
12660,254,10,2,1,0,1,0,0
12661,254,11,6,2,0,1,0,0
12662,254,12,2,1,0,1,0,-1
12663,254,13,5,2,0,0,0,1
12664,254,14,2,1,0,1,1,-1
12665,254,15,7,2,1,0,0,0
12666,254,16,7,2,1,0,0,1
12667,254,17,8,2,1,1,0,0
12668,254,18,4,1,1,1,0,0
12669,254,19,4,1,1,1,-1,0
12670,254,20,2,1,0,1,0,-1
12671,254,21,1,1,0,0,0,1
12672,254,22,2,1,0,1,0,0
12673,254,23,2,1,0,1,1,0
12674,254,24,4,1,1,1,0,0
12675,254,25,4,1,1,1,-1,0
12676,254,26,2,1,0,1,1,-1
12677,254,27,3,1,1,0,0,0
12678,254,28,3,1,1,0,0,1
12679,254,29,4,1,1,1,-1,0
12680,254,30,2,1,0,1,0,0
12681,254,31,6,2,0,1,0,0
12682,254,32,2,1,0,1,0,0
12683,254,33,6,2,0,1,0,0
12684,254,34,2,1,0,1,0,0
12685,254,35,2,1,0,1,0,0
12686,254,36,2,1,0,1,0,0
12687,254,37,6,2,0,1,0,-1
12688,254,38,5,2,0,0,0,0
12689,254,39,1,1,0,0,1,1
12690,254,40,4,1,1,1,0,0
12691,254,41,4,1,1,1,0,0
12692,254,42,4,1,1,1,-1,0
12693,254,43,2,1,0,1,0,0
12694,254,44,2,1,0,1,0,0
12695,254,45,2,1,0,1,1,0
12696,254,46,4,1,1,1,0,0
12697,254,47,4,1,1,1,0,-1
12698,254,48,3,1,1,0,0,0
12699,254,49,3,1,1,0,0,0
12700,254,50,3,1,1,0,0,0
12701,255,1,6,2,0,1,0,0
12702,255,2,2,1,0,1,1,0
12703,255,3,4,1,1,1,-1,0
12704,255,4,6,2,0,1,0,0
12705,255,5,2,1,0,1,0,0
12706,255,6,2,1,0,1,0,0
12707,255,7,2,1,0,1,0,0
12708,255,8,2,1,0,1,1,-1
12709,255,9,3,1,1,0,0,0
12710,255,10,7,2,1,0,0,0
12711,255,11,7,2,1,0,0,1
12712,255,12,4,1,1,1,-1,-1
12713,255,13,5,2,0,0,1,0
12714,255,14,3,1,1,0,-1,0
12715,255,15,5,2,0,0,0,0
12716,255,16,5,2,0,0,1,0
12717,255,17,3,1,1,0,0,0
12718,255,18,3,1,1,0,0,0
12719,255,19,3,1,1,0,0,0
12720,255,20,3,1,1,0,0,1
12721,255,21,4,1,1,1,-1,0
12722,255,22,2,1,0,1,0,0
12723,255,23,2,1,0,1,0,0
12724,255,24,2,1,0,1,1,-1
12725,255,25,7,2,1,0,0,0
12726,255,26,3,1,1,0,0,1
12727,255,27,4,1,1,1,0,0
12728,255,28,4,1,1,1,0,-1
12729,255,29,3,1,1,0,0,0
12730,255,30,3,1,1,0,0,0
12731,255,31,3,1,1,0,0,0
12732,255,32,7,2,1,0,0,0
12733,255,33,7,2,1,0,0,0
12734,255,34,7,2,1,0,0,0
12735,255,35,7,2,1,0,0,0
12736,255,36,7,2,1,0,0,0
12737,255,37,7,2,1,0,0,0
12738,255,38,3,1,1,0,-1,1
12739,255,39,2,1,0,1,1,0
12740,255,40,4,1,1,1,0,-1
12741,255,41,3,1,1,0,0,0
12742,255,42,3,1,1,0,0,0
12743,255,43,3,1,1,0,0,0
12744,255,44,3,1,1,0,0,0
12745,255,45,3,1,1,0,0,0
12746,255,46,3,1,1,0,0,0
12747,255,47,3,1,1,0,-1,0
12748,255,48,1,1,0,0,1,0
12749,255,49,3,1,1,0,0,0
12750,255,50,7,2,1,0,0,0
12751,256,1,2,1,0,1,0,0
12752,256,2,6,2,0,1,0,0
12753,256,3,2,1,0,1,0,0
12754,256,4,6,2,0,1,0,-1
12755,256,5,5,2,0,0,0,1
12756,256,6,2,1,0,1,0,0
12757,256,7,2,1,0,1,1,0
12758,256,8,8,2,1,1,0,0
12759,256,9,8,2,1,1,0,0
12760,256,10,8,2,1,1,0,0
12761,256,11,8,2,1,1,0,0
12762,256,12,8,2,1,1,0,0
12763,256,13,8,2,1,1,-1,0
12764,256,14,2,1,0,1,0,0
12765,256,15,2,1,0,1,1,-1
12766,256,16,3,1,1,0,0,0
12767,256,17,3,1,1,0,0,0
12768,256,18,3,1,1,0,-1,0
12769,256,19,1,1,0,0,0,0
12770,256,20,1,1,0,0,1,0
12771,256,21,3,1,1,0,0,1
12772,256,22,4,1,1,1,0,0
12773,256,23,4,1,1,1,0,-1
12774,256,24,3,1,1,0,-1,0
12775,256,25,5,2,0,0,0,0
12776,256,26,1,1,0,0,0,0
12777,256,27,1,1,0,0,0,0
12778,256,28,1,1,0,0,0,1
12779,256,29,2,1,0,1,0,0
12780,256,30,2,1,0,1,0,0
12781,256,31,6,2,0,1,0,-1
12782,256,32,1,1,0,0,0,0
12783,256,33,5,2,0,0,1,0
12784,256,34,3,1,1,0,0,0
12785,256,35,7,2,1,0,-1,1
12786,256,36,6,2,0,1,1,0
12787,256,37,4,1,1,1,0,-1
12788,256,38,3,1,1,0,0,1
12789,256,39,4,1,1,1,0,0
12790,256,40,8,2,1,1,0,0
12791,256,41,8,2,1,1,0,0
12792,256,42,4,1,1,1,0,-1
12793,256,43,7,2,1,0,0,0
12794,256,44,3,1,1,0,0,1
12795,256,45,4,1,1,1,0,0
12796,256,46,4,1,1,1,0,0
12797,256,47,8,2,1,1,0,0
12798,256,48,4,1,1,1,0,-1
12799,256,49,3,1,1,0,0,1
12800,256,50,8,2,1,1,-1,0
12801,257,1,5,2,0,0,0,0
12802,257,2,1,1,0,0,0,1
12803,257,3,2,1,0,1,1,0
12804,257,4,4,1,1,1,0,0
12805,257,5,8,2,1,1,0,0
12806,257,6,8,2,1,1,0,-1
12807,257,7,3,1,1,0,0,1
12808,257,8,4,1,1,1,0,0
12809,257,9,4,1,1,1,-1,0
12810,257,10,2,1,0,1,0,-1
12811,257,11,1,1,0,0,0,1
12812,257,12,2,1,0,1,0,0
12813,257,13,2,1,0,1,0,0
12814,257,14,2,1,0,1,0,0
12815,257,15,6,2,0,1,0,0
12816,257,16,6,2,0,1,0,-1
12817,257,17,1,1,0,0,0,0
12818,257,18,1,1,0,0,1,0
12819,257,19,7,2,1,0,0,1
12820,257,20,8,2,1,1,-1,0
12821,257,21,6,2,0,1,0,0
12822,257,22,6,2,0,1,0,0
12823,257,23,6,2,0,1,1,0
12824,257,24,4,1,1,1,0,-1
12825,257,25,3,1,1,0,-1,0
12826,257,26,1,1,0,0,1,1
12827,257,27,8,2,1,1,-1,0
12828,257,28,6,2,0,1,0,-1
12829,257,29,5,2,0,0,0,0
12830,257,30,1,1,0,0,1,0
12831,257,31,7,2,1,0,0,1
12832,257,32,4,1,1,1,-1,0
12833,257,33,2,1,0,1,0,0
12834,257,34,6,2,0,1,0,0
12835,257,35,6,2,0,1,0,0
12836,257,36,6,2,0,1,0,0
12837,257,37,2,1,0,1,0,0
12838,257,38,6,2,0,1,0,0
12839,257,39,6,2,0,1,0,-1
12840,257,40,1,1,0,0,0,0
12841,257,41,5,2,0,0,0,0
12842,257,42,5,2,0,0,0,0
12843,257,43,1,1,0,0,0,0
12844,257,44,5,2,0,0,0,0
12845,257,45,1,1,0,0,0,0
12846,257,46,1,1,0,0,0,1
12847,257,47,2,1,0,1,1,0
12848,257,48,8,2,1,1,0,0
12849,257,49,4,1,1,1,0,0
12850,257,50,4,1,1,1,-1,0
12851,258,1,1,1,0,0,0,0
12852,258,2,1,1,0,0,0,0
12853,258,3,1,1,0,0,0,1
12854,258,4,2,1,0,1,0,0
12855,258,5,2,1,0,1,1,0
12856,258,6,8,2,1,1,0,-1
12857,258,7,3,1,1,0,0,1
12858,258,8,4,1,1,1,-1,0
12859,258,9,2,1,0,1,0,0
12860,258,10,2,1,0,1,0,0
12861,258,11,2,1,0,1,0,0
12862,258,12,6,2,0,1,1,-1
12863,258,13,7,2,1,0,0,0
12864,258,14,7,2,1,0,-1,0
12865,258,15,5,2,0,0,0,1
12866,258,16,6,2,0,1,0,-1
12867,258,17,5,2,0,0,1,1
12868,258,18,8,2,1,1,0,0
12869,258,19,8,2,1,1,0,0
12870,258,20,4,1,1,1,0,0
12871,258,21,8,2,1,1,0,-1
12872,258,22,7,2,1,0,0,1
12873,258,23,8,2,1,1,0,0
12874,258,24,4,1,1,1,0,-1
12875,258,25,3,1,1,0,0,1
12876,258,26,4,1,1,1,0,0
12877,258,27,8,2,1,1,0,0
12878,258,28,8,2,1,1,0,0
12879,258,29,8,2,1,1,-1,0
12880,258,30,6,2,0,1,0,0
12881,258,31,2,1,0,1,0,-1
12882,258,32,1,1,0,0,0,0
12883,258,33,1,1,0,0,0,0
12884,258,34,5,2,0,0,0,1
12885,258,35,6,2,0,1,0,0
12886,258,36,6,2,0,1,0,0
12887,258,37,6,2,0,1,0,-1
12888,258,38,1,1,0,0,0,0
12889,258,39,5,2,0,0,0,0
12890,258,40,5,2,0,0,1,0
12891,258,41,3,1,1,0,0,0
12892,258,42,7,2,1,0,0,0
12893,258,43,7,2,1,0,0,1
12894,258,44,8,2,1,1,0,-1
12895,258,45,7,2,1,0,0,0
12896,258,46,7,2,1,0,0,0
12897,258,47,7,2,1,0,0,0
12898,258,48,3,1,1,0,0,0
12899,258,49,3,1,1,0,0,0
12900,258,50,3,1,1,0,0,0
12901,259,1,3,1,1,0,-1,0
12902,259,2,1,1,0,0,0,1
12903,259,3,6,2,0,1,1,0
12904,259,4,8,2,1,1,0,0
12905,259,5,4,1,1,1,0,0
12906,259,6,4,1,1,1,0,0
12907,259,7,4,1,1,1,0,0
12908,259,8,4,1,1,1,0,0
12909,259,9,4,1,1,1,0,-1
12910,259,10,3,1,1,0,-1,0
12911,259,11,5,2,0,0,0,0
12912,259,12,1,1,0,0,0,0
12913,259,13,1,1,0,0,1,0
12914,259,14,3,1,1,0,0,0
12915,259,15,3,1,1,0,0,1
12916,259,16,8,2,1,1,0,0
12917,259,17,4,1,1,1,0,0
12918,259,18,4,1,1,1,-1,0
12919,259,19,2,1,0,1,0,-1
12920,259,20,5,2,0,0,1,0
12921,259,21,3,1,1,0,0,0
12922,259,22,3,1,1,0,-1,1
12923,259,23,6,2,0,1,0,0
12924,259,24,6,2,0,1,1,0
12925,259,25,8,2,1,1,0,-1
12926,259,26,3,1,1,0,-1,1
12927,259,27,6,2,0,1,0,-1
12928,259,28,1,1,0,0,0,0
12929,259,29,1,1,0,0,1,0
12930,259,30,7,2,1,0,0,0
12931,259,31,7,2,1,0,0,1
12932,259,32,8,2,1,1,0,0
12933,259,33,4,1,1,1,0,0
12934,259,34,4,1,1,1,0,0
12935,259,35,4,1,1,1,0,0
12936,259,36,8,2,1,1,0,0
12937,259,37,8,2,1,1,0,-1
12938,259,38,7,2,1,0,0,0
12939,259,39,7,2,1,0,0,0
12940,259,40,7,2,1,0,0,0
12941,259,41,7,2,1,0,0,0
12942,259,42,3,1,1,0,0,0
12943,259,43,3,1,1,0,0,0
12944,259,44,3,1,1,0,-1,0
12945,259,45,1,1,0,0,0,0
12946,259,46,1,1,0,0,1,0
12947,259,47,3,1,1,0,0,0
12948,259,48,3,1,1,0,0,0
12949,259,49,7,2,1,0,-1,0
12950,259,50,5,2,0,0,0,1
12951,260,1,2,1,0,1,0,0
12952,260,2,2,1,0,1,0,0
12953,260,3,2,1,0,1,0,-1
12954,260,4,1,1,0,0,0,1
12955,260,5,2,1,0,1,0,0
12956,260,6,2,1,0,1,0,0
12957,260,7,6,2,0,1,0,0
12958,260,8,6,2,0,1,1,0
12959,260,9,8,2,1,1,0,0
12960,260,10,8,2,1,1,-1,-1
12961,260,11,5,2,0,0,0,0
12962,260,12,5,2,0,0,0,0
12963,260,13,5,2,0,0,0,0
12964,260,14,5,2,0,0,1,0
12965,260,15,7,2,1,0,0,0
12966,260,16,7,2,1,0,0,0
12967,260,17,3,1,1,0,0,0
12968,260,18,3,1,1,0,0,0
12969,260,19,3,1,1,0,0,0
12970,260,20,7,2,1,0,-1,0
12971,260,21,5,2,0,0,0,0
12972,260,22,1,1,0,0,0,1
12973,260,23,6,2,0,1,1,-1
12974,260,24,7,2,1,0,0,0
12975,260,25,3,1,1,0,0,0
12976,260,26,7,2,1,0,0,1
12977,260,27,4,1,1,1,0,0
12978,260,28,8,2,1,1,0,0
12979,260,29,8,2,1,1,-1,-1
12980,260,30,5,2,0,0,1,0
12981,260,31,7,2,1,0,0,0
12982,260,32,3,1,1,0,-1,0
12983,260,33,5,2,0,0,0,0
12984,260,34,1,1,0,0,1,0
12985,260,35,3,1,1,0,0,1
12986,260,36,4,1,1,1,-1,0
12987,260,37,2,1,0,1,0,0
12988,260,38,6,2,0,1,0,0
12989,260,39,2,1,0,1,0,0
12990,260,40,2,1,0,1,0,0
12991,260,41,6,2,0,1,1,-1
12992,260,42,3,1,1,0,0,1
12993,260,43,8,2,1,1,-1,0
12994,260,44,6,2,0,1,1,0
12995,260,45,8,2,1,1,-1,0
12996,260,46,6,2,0,1,0,0
12997,260,47,2,1,0,1,0,0
12998,260,48,6,2,0,1,1,-1
12999,260,49,7,2,1,0,0,1
13000,260,50,4,1,1,1,0,0
13001,261,1,5,2,0,0,0,0
13002,261,2,5,2,0,0,1,0
13003,261,3,3,1,1,0,0,0
13004,261,4,3,1,1,0,0,0
13005,261,5,3,1,1,0,0,0
13006,261,6,3,1,1,0,0,0
13007,261,7,3,1,1,0,0,0
13008,261,8,7,2,1,0,0,0
13009,261,9,3,1,1,0,0,0
13010,261,10,7,2,1,0,0,0
13011,261,11,7,2,1,0,0,1
13012,261,12,4,1,1,1,0,0
13013,261,13,4,1,1,1,0,0
13014,261,14,8,2,1,1,0,0
13015,261,15,4,1,1,1,0,0
13016,261,16,4,1,1,1,0,0
13017,261,17,8,2,1,1,-1,0
13018,261,18,2,1,0,1,0,0
13019,261,19,2,1,0,1,0,0
13020,261,20,6,2,0,1,1,-1
13021,261,21,7,2,1,0,0,0
13022,261,22,7,2,1,0,0,0
13023,261,23,7,2,1,0,0,0
13024,261,24,7,2,1,0,-1,0
13025,261,25,1,1,0,0,0,1
13026,261,26,2,1,0,1,0,0
13027,261,27,2,1,0,1,1,0
13028,261,28,4,1,1,1,0,0
13029,261,29,4,1,1,1,0,-1
13030,261,30,7,2,1,0,0,1
13031,261,31,8,2,1,1,0,-1
13032,261,32,7,2,1,0,-1,0
13033,261,33,1,1,0,0,0,0
13034,261,34,1,1,0,0,1,0
13035,261,35,3,1,1,0,0,1
13036,261,36,4,1,1,1,-1,0
13037,261,37,6,2,0,1,1,0
13038,261,38,4,1,1,1,0,0
13039,261,39,8,2,1,1,0,-1
13040,261,40,7,2,1,0,0,0
13041,261,41,7,2,1,0,-1,1
13042,261,42,2,1,0,1,0,0
13043,261,43,6,2,0,1,1,0
13044,261,44,4,1,1,1,0,0
13045,261,45,8,2,1,1,0,0
13046,261,46,4,1,1,1,0,0
13047,261,47,4,1,1,1,0,-1
13048,261,48,3,1,1,0,0,0
13049,261,49,7,2,1,0,0,0
13050,261,50,3,1,1,0,0,1
13051,262,1,4,1,1,1,-1,0
13052,262,2,6,2,0,1,0,0
13053,262,3,6,2,0,1,0,-1
13054,262,4,1,1,0,0,0,1
13055,262,5,2,1,0,1,0,0
13056,262,6,6,2,0,1,0,0
13057,262,7,6,2,0,1,0,0
13058,262,8,6,2,0,1,1,-1
13059,262,9,7,2,1,0,0,0
13060,262,10,7,2,1,0,-1,1
13061,262,11,2,1,0,1,0,0
13062,262,12,2,1,0,1,1,0
13063,262,13,4,1,1,1,-1,0
13064,262,14,2,1,0,1,1,0
13065,262,15,4,1,1,1,0,0
13066,262,16,8,2,1,1,0,-1
13067,262,17,7,2,1,0,-1,0
13068,262,18,5,2,0,0,0,1
13069,262,19,6,2,0,1,1,0
13070,262,20,8,2,1,1,0,-1
13071,262,21,3,1,1,0,-1,1
13072,262,22,2,1,0,1,0,0
13073,262,23,2,1,0,1,0,0
13074,262,24,2,1,0,1,0,0
13075,262,25,6,2,0,1,0,0
13076,262,26,6,2,0,1,0,0
13077,262,27,2,1,0,1,0,0
13078,262,28,2,1,0,1,1,0
13079,262,29,4,1,1,1,0,0
13080,262,30,8,2,1,1,0,0
13081,262,31,4,1,1,1,0,0
13082,262,32,4,1,1,1,-1,-1
13083,262,33,1,1,0,0,0,1
13084,262,34,6,2,0,1,1,0
13085,262,35,8,2,1,1,0,0
13086,262,36,8,2,1,1,-1,0
13087,262,37,2,1,0,1,0,-1
13088,262,38,5,2,0,0,0,1
13089,262,39,6,2,0,1,0,0
13090,262,40,6,2,0,1,0,-1
13091,262,41,1,1,0,0,0,0
13092,262,42,1,1,0,0,0,0
13093,262,43,5,2,0,0,0,0
13094,262,44,5,2,0,0,1,1
13095,262,45,4,1,1,1,0,0
13096,262,46,4,1,1,1,0,0
13097,262,47,4,1,1,1,0,0
13098,262,48,8,2,1,1,-1,0
13099,262,49,6,2,0,1,0,-1
13100,262,50,5,2,0,0,1,0
13101,263,1,5,2,0,0,0,0
13102,263,2,5,2,0,0,0,0
13103,263,3,5,2,0,0,0,0
13104,263,4,1,1,0,0,0,1
13105,263,5,6,2,0,1,1,0
13106,263,6,8,2,1,1,0,0
13107,263,7,8,2,1,1,0,-1
13108,263,8,7,2,1,0,0,1
13109,263,9,4,1,1,1,0,0
13110,263,10,8,2,1,1,0,0
13111,263,11,8,2,1,1,0,0
13112,263,12,4,1,1,1,0,0
13113,263,13,4,1,1,1,-1,0
13114,263,14,2,1,0,1,0,0
13115,263,15,6,2,0,1,1,0
13116,263,16,8,2,1,1,-1,0
13117,263,17,6,2,0,1,0,0
13118,263,18,6,2,0,1,0,0
13119,263,19,6,2,0,1,0,0
13120,263,20,2,1,0,1,0,0
13121,263,21,6,2,0,1,1,0
13122,263,22,8,2,1,1,-1,0
13123,263,23,6,2,0,1,1,0
13124,263,24,8,2,1,1,0,0
13125,263,25,8,2,1,1,0,0
13126,263,26,8,2,1,1,-1,0
13127,263,27,6,2,0,1,0,0
13128,263,28,6,2,0,1,1,0
13129,263,29,4,1,1,1,0,-1
13130,263,30,3,1,1,0,0,0
13131,263,31,7,2,1,0,0,1
13132,263,32,8,2,1,1,-1,0
13133,263,33,2,1,0,1,0,0
13134,263,34,2,1,0,1,0,-1
13135,263,35,1,1,0,0,0,0
13136,263,36,1,1,0,0,0,0
13137,263,37,1,1,0,0,0,1
13138,263,38,6,2,0,1,1,0
13139,263,39,8,2,1,1,0,0
13140,263,40,8,2,1,1,0,0
13141,263,41,8,2,1,1,-1,-1
13142,263,42,5,2,0,0,0,0
13143,263,43,5,2,0,0,0,0
13144,263,44,1,1,0,0,0,0
13145,263,45,1,1,0,0,1,1
13146,263,46,8,2,1,1,-1,-1
13147,263,47,5,2,0,0,0,0
13148,263,48,5,2,0,0,1,0
13149,263,49,7,2,1,0,0,1
13150,263,50,8,2,1,1,0,0
13151,264,1,8,2,1,1,0,0
13152,264,2,8,2,1,1,0,0
13153,264,3,4,1,1,1,0,0
13154,264,4,4,1,1,1,-1,-1
13155,264,5,1,1,0,0,1,1
13156,264,6,4,1,1,1,0,0
13157,264,7,4,1,1,1,0,0
13158,264,8,8,2,1,1,0,0
13159,264,9,4,1,1,1,0,0
13160,264,10,4,1,1,1,0,0
13161,264,11,4,1,1,1,0,0
13162,264,12,4,1,1,1,0,0
13163,264,13,8,2,1,1,-1,0
13164,264,14,2,1,0,1,1,0
13165,264,15,4,1,1,1,0,0
13166,264,16,4,1,1,1,0,-1
13167,264,17,3,1,1,0,0,0
13168,264,18,3,1,1,0,0,0
13169,264,19,3,1,1,0,-1,0
13170,264,20,5,2,0,0,0,1
13171,264,21,6,2,0,1,0,0
13172,264,22,6,2,0,1,0,0
13173,264,23,2,1,0,1,0,0
13174,264,24,2,1,0,1,0,0
13175,264,25,2,1,0,1,0,0
13176,264,26,2,1,0,1,0,-1
13177,264,27,1,1,0,0,1,0
13178,264,28,7,2,1,0,0,0
13179,264,29,7,2,1,0,0,0
13180,264,30,3,1,1,0,0,0
13181,264,31,3,1,1,0,0,1
13182,264,32,4,1,1,1,0,0
13183,264,33,4,1,1,1,0,0
13184,264,34,4,1,1,1,0,0
13185,264,35,8,2,1,1,0,0
13186,264,36,4,1,1,1,0,-1
13187,264,37,3,1,1,0,0,0
13188,264,38,3,1,1,0,-1,0
13189,264,39,1,1,0,0,1,1
13190,264,40,4,1,1,1,-1,0
13191,264,41,2,1,0,1,1,0
13192,264,42,4,1,1,1,-1,0
13193,264,43,6,2,0,1,0,0
13194,264,44,6,2,0,1,0,0
13195,264,45,2,1,0,1,1,0
13196,264,46,4,1,1,1,0,0
13197,264,47,8,2,1,1,0,-1
13198,264,48,3,1,1,0,0,0
13199,264,49,3,1,1,0,0,0
13200,264,50,3,1,1,0,0,1
13201,265,1,2,1,0,1,1,0
13202,265,2,8,2,1,1,0,0
13203,265,3,8,2,1,1,0,0
13204,265,4,8,2,1,1,0,0
13205,265,5,4,1,1,1,-1,0
13206,265,6,2,1,0,1,0,-1
13207,265,7,1,1,0,0,1,1
13208,265,8,4,1,1,1,-1,0
13209,265,9,2,1,0,1,0,0
13210,265,10,2,1,0,1,1,0
13211,265,11,8,2,1,1,0,-1
13212,265,12,7,2,1,0,-1,1
13213,265,13,6,2,0,1,0,0
13214,265,14,2,1,0,1,1,0
13215,265,15,8,2,1,1,0,0
13216,265,16,4,1,1,1,0,-1
13217,265,17,7,2,1,0,0,0
13218,265,18,7,2,1,0,0,0
13219,265,19,3,1,1,0,0,1
13220,265,20,4,1,1,1,0,0
13221,265,21,4,1,1,1,0,0
13222,265,22,4,1,1,1,0,-1
13223,265,23,7,2,1,0,0,0
13224,265,24,3,1,1,0,-1,0
13225,265,25,1,1,0,0,0,1
13226,265,26,2,1,0,1,0,0
13227,265,27,2,1,0,1,0,0
13228,265,28,2,1,0,1,0,0
13229,265,29,2,1,0,1,0,0
13230,265,30,2,1,0,1,0,0
13231,265,31,2,1,0,1,0,-1
13232,265,32,1,1,0,0,0,1
13233,265,33,2,1,0,1,0,0
13234,265,34,2,1,0,1,0,0
13235,265,35,6,2,0,1,1,0
13236,265,36,8,2,1,1,0,-1
13237,265,37,3,1,1,0,0,0
13238,265,38,3,1,1,0,0,1
13239,265,39,4,1,1,1,0,-1
13240,265,40,3,1,1,0,0,0
13241,265,41,3,1,1,0,0,0
13242,265,42,3,1,1,0,-1,0
13243,265,43,1,1,0,0,0,0
13244,265,44,1,1,0,0,0,0
13245,265,45,1,1,0,0,1,1
13246,265,46,8,2,1,1,0,0
13247,265,47,8,2,1,1,0,-1
13248,265,48,7,2,1,0,0,0
13249,265,49,7,2,1,0,0,0
13250,265,50,7,2,1,0,0,0
13251,266,1,4,1,1,1,0,0
13252,266,2,4,1,1,1,0,0
13253,266,3,4,1,1,1,0,0
13254,266,4,4,1,1,1,0,0
13255,266,5,4,1,1,1,-1,0
13256,266,6,2,1,0,1,0,0
13257,266,7,6,2,0,1,0,-1
13258,266,8,1,1,0,0,0,0
13259,266,9,1,1,0,0,1,0
13260,266,10,3,1,1,0,0,0
13261,266,11,3,1,1,0,0,0
13262,266,12,3,1,1,0,-1,0
13263,266,13,1,1,0,0,0,1
13264,266,14,2,1,0,1,1,0
13265,266,15,8,2,1,1,0,0
13266,266,16,8,2,1,1,0,0
13267,266,17,4,1,1,1,0,0
13268,266,18,4,1,1,1,-1,0
13269,266,19,6,2,0,1,0,0
13270,266,20,2,1,0,1,1,0
13271,266,21,4,1,1,1,-1,0
13272,266,22,2,1,0,1,0,0
13273,266,23,6,2,0,1,0,-1
13274,266,24,5,2,0,0,0,0
13275,266,25,5,2,0,0,1,0
13276,266,26,3,1,1,0,0,0
13277,266,27,3,1,1,0,0,1
13278,266,28,8,2,1,1,0,-1
13279,266,29,3,1,1,0,0,0
13280,266,30,7,2,1,0,0,1
13281,266,31,8,2,1,1,-1,-1
13282,266,32,5,2,0,0,0,0
13283,266,33,5,2,0,0,0,0
13284,266,34,5,2,0,0,0,0
13285,266,35,1,1,0,0,1,0
13286,266,36,3,1,1,0,0,0
13287,266,37,3,1,1,0,0,0
13288,266,38,3,1,1,0,0,0
13289,266,39,3,1,1,0,0,1
13290,266,40,4,1,1,1,0,0
13291,266,41,4,1,1,1,0,0
13292,266,42,4,1,1,1,0,0
13293,266,43,8,2,1,1,0,0
13294,266,44,8,2,1,1,0,-1
13295,266,45,7,2,1,0,0,0
13296,266,46,3,1,1,0,0,1
13297,266,47,4,1,1,1,0,0
13298,266,48,4,1,1,1,0,0
13299,266,49,4,1,1,1,0,-1
13300,266,50,7,2,1,0,-1,0
13301,267,1,7,2,1,0,0,0
13302,267,2,7,2,1,0,0,0
13303,267,3,7,2,1,0,0,0
13304,267,4,7,2,1,0,-1,1
13305,267,5,6,2,0,1,0,0
13306,267,6,6,2,0,1,1,0
13307,267,7,8,2,1,1,0,-1
13308,267,8,3,1,1,0,0,1
13309,267,9,4,1,1,1,0,0
13310,267,10,4,1,1,1,0,0
13311,267,11,4,1,1,1,0,0
13312,267,12,4,1,1,1,0,0
13313,267,13,4,1,1,1,0,0
13314,267,14,4,1,1,1,-1,0
13315,267,15,2,1,0,1,0,0
13316,267,16,6,2,0,1,0,-1
13317,267,17,1,1,0,0,1,0
13318,267,18,7,2,1,0,0,0
13319,267,19,7,2,1,0,-1,1
13320,267,20,2,1,0,1,0,0
13321,267,21,2,1,0,1,0,0
13322,267,22,6,2,0,1,0,-1
13323,267,23,1,1,0,0,0,0
13324,267,24,1,1,0,0,1,0
13325,267,25,7,2,1,0,0,0
13326,267,26,7,2,1,0,0,0
13327,267,27,3,1,1,0,0,1
13328,267,28,8,2,1,1,0,0
13329,267,29,8,2,1,1,0,0
13330,267,30,4,1,1,1,-1,0
13331,267,31,2,1,0,1,0,0
13332,267,32,6,2,0,1,1,-1
13333,267,33,3,1,1,0,0,1
13334,267,34,4,1,1,1,0,0
13335,267,35,4,1,1,1,0,0
13336,267,36,4,1,1,1,0,0
13337,267,37,4,1,1,1,-1,0
13338,267,38,2,1,0,1,0,0
13339,267,39,6,2,0,1,0,0
13340,267,40,2,1,0,1,0,0
13341,267,41,6,2,0,1,0,0
13342,267,42,2,1,0,1,0,0
13343,267,43,6,2,0,1,0,-1
13344,267,44,1,1,0,0,1,1
13345,267,45,4,1,1,1,0,0
13346,267,46,4,1,1,1,0,-1
13347,267,47,3,1,1,0,-1,0
13348,267,48,5,2,0,0,0,0
13349,267,49,5,2,0,0,0,0
13350,267,50,5,2,0,0,0,0
13351,268,1,5,2,0,0,0,0
13352,268,2,1,1,0,0,1,0
13353,268,3,7,2,1,0,0,0
13354,268,4,7,2,1,0,0,0
13355,268,5,7,2,1,0,-1,1
13356,268,6,6,2,0,1,0,-1
13357,268,7,1,1,0,0,0,1
13358,268,8,2,1,0,1,0,0
13359,268,9,2,1,0,1,0,0
13360,268,10,2,1,0,1,1,0
13361,268,11,4,1,1,1,0,0
13362,268,12,4,1,1,1,0,0
13363,268,13,8,2,1,1,0,0
13364,268,14,8,2,1,1,0,0
13365,268,15,8,2,1,1,0,0
13366,268,16,8,2,1,1,0,-1
13367,268,17,3,1,1,0,-1,0
13368,268,18,1,1,0,0,0,0
13369,268,19,1,1,0,0,0,0
13370,268,20,1,1,0,0,0,0
13371,268,21,1,1,0,0,1,0
13372,268,22,7,2,1,0,-1,1
13373,268,23,6,2,0,1,0,0
13374,268,24,6,2,0,1,0,0
13375,268,25,6,2,0,1,1,-1
13376,268,26,7,2,1,0,0,0
13377,268,27,3,1,1,0,0,0
13378,268,28,7,2,1,0,0,0
13379,268,29,3,1,1,0,0,0
13380,268,30,3,1,1,0,0,0
13381,268,31,3,1,1,0,0,0
13382,268,32,7,2,1,0,-1,1
13383,268,33,6,2,0,1,0,0
13384,268,34,6,2,0,1,0,0
13385,268,35,2,1,0,1,1,-1
13386,268,36,3,1,1,0,0,0
13387,268,37,3,1,1,0,-1,0
13388,268,38,5,2,0,0,0,0
13389,268,39,5,2,0,0,0,1
13390,268,40,2,1,0,1,1,0
13391,268,41,4,1,1,1,0,-1
13392,268,42,3,1,1,0,0,0
13393,268,43,3,1,1,0,0,0
13394,268,44,3,1,1,0,0,1
13395,268,45,4,1,1,1,0,0
13396,268,46,4,1,1,1,-1,-1
13397,268,47,1,1,0,0,0,1
13398,268,48,2,1,0,1,1,-1
13399,268,49,3,1,1,0,0,0
13400,268,50,3,1,1,0,-1,1
13401,269,1,8,2,1,1,0,-1
13402,269,2,7,2,1,0,0,1
13403,269,3,8,2,1,1,0,0
13404,269,4,8,2,1,1,0,-1
13405,269,5,7,2,1,0,0,1
13406,269,6,4,1,1,1,0,-1
13407,269,7,3,1,1,0,0,0
13408,269,8,3,1,1,0,-1,1
13409,269,9,2,1,0,1,0,0
13410,269,10,2,1,0,1,0,0
13411,269,11,6,2,0,1,0,-1
13412,269,12,5,2,0,0,1,0
13413,269,13,7,2,1,0,0,0
13414,269,14,7,2,1,0,-1,0
13415,269,15,5,2,0,0,0,0
13416,269,16,1,1,0,0,1,0
13417,269,17,3,1,1,0,-1,0
13418,269,18,1,1,0,0,1,0
13419,269,19,3,1,1,0,0,0
13420,269,20,3,1,1,0,0,0
13421,269,21,3,1,1,0,0,0
13422,269,22,3,1,1,0,0,1
13423,269,23,4,1,1,1,0,0
13424,269,24,4,1,1,1,0,0
13425,269,25,4,1,1,1,0,0
13426,269,26,4,1,1,1,0,0
13427,269,27,4,1,1,1,0,0
13428,269,28,4,1,1,1,0,0
13429,269,29,4,1,1,1,0,-1
13430,269,30,3,1,1,0,0,1
13431,269,31,4,1,1,1,0,0
13432,269,32,4,1,1,1,0,0
13433,269,33,8,2,1,1,-1,0
13434,269,34,6,2,0,1,0,-1
13435,269,35,5,2,0,0,0,0
13436,269,36,1,1,0,0,0,1
13437,269,37,2,1,0,1,0,-1
13438,269,38,1,1,0,0,1,0
13439,269,39,7,2,1,0,0,0
13440,269,40,3,1,1,0,-1,1
13441,269,41,2,1,0,1,0,0
13442,269,42,2,1,0,1,1,0
13443,269,43,4,1,1,1,0,0
13444,269,44,4,1,1,1,0,0
13445,269,45,4,1,1,1,0,0
13446,269,46,4,1,1,1,0,0
13447,269,47,4,1,1,1,-1,0
13448,269,48,2,1,0,1,0,0
13449,269,49,6,2,0,1,1,0
13450,269,50,8,2,1,1,0,-1
13451,270,1,3,1,1,0,0,1
13452,270,2,8,2,1,1,0,-1
13453,270,3,3,1,1,0,0,0
13454,270,4,3,1,1,0,0,0
13455,270,5,3,1,1,0,0,1
13456,270,6,8,2,1,1,-1,0
13457,270,7,6,2,0,1,0,0
13458,270,8,2,1,0,1,0,-1
13459,270,9,5,2,0,0,0,0
13460,270,10,1,1,0,0,0,0
13461,270,11,1,1,0,0,0,0
13462,270,12,1,1,0,0,0,1
13463,270,13,6,2,0,1,0,0
13464,270,14,2,1,0,1,0,0
13465,270,15,2,1,0,1,0,0
13466,270,16,6,2,0,1,0,-1
13467,270,17,5,2,0,0,0,0
13468,270,18,1,1,0,0,1,0
13469,270,19,7,2,1,0,0,1
13470,270,20,4,1,1,1,0,-1
13471,270,21,3,1,1,0,-1,1
13472,270,22,2,1,0,1,0,0
13473,270,23,6,2,0,1,0,0
13474,270,24,2,1,0,1,0,0
13475,270,25,6,2,0,1,0,0
13476,270,26,2,1,0,1,0,-1
13477,270,27,5,2,0,0,0,0
13478,270,28,5,2,0,0,0,1
13479,270,29,2,1,0,1,0,0
13480,270,30,2,1,0,1,0,0
13481,270,31,6,2,0,1,1,0
13482,270,32,8,2,1,1,0,0
13483,270,33,4,1,1,1,-1,0
13484,270,34,2,1,0,1,0,0
13485,270,35,2,1,0,1,0,-1
13486,270,36,1,1,0,0,0,0
13487,270,37,1,1,0,0,1,1
13488,270,38,8,2,1,1,-1,-1
13489,270,39,1,1,0,0,0,0
13490,270,40,5,2,0,0,0,0
13491,270,41,5,2,0,0,0,1
13492,270,42,2,1,0,1,0,0
13493,270,43,6,2,0,1,1,-1
13494,270,44,3,1,1,0,0,1
13495,270,45,4,1,1,1,0,0
13496,270,46,4,1,1,1,0,0
13497,270,47,4,1,1,1,-1,-1
13498,270,48,1,1,0,0,0,0
13499,270,49,1,1,0,0,1,0
13500,270,50,3,1,1,0,0,0
13501,271,1,8,2,1,1,0,-1
13502,271,2,3,1,1,0,-1,1
13503,271,3,2,1,0,1,0,0
13504,271,4,2,1,0,1,0,0
13505,271,5,2,1,0,1,0,0
13506,271,6,2,1,0,1,0,0
13507,271,7,6,2,0,1,1,0
13508,271,8,4,1,1,1,0,0
13509,271,9,8,2,1,1,0,0
13510,271,10,8,2,1,1,0,0
13511,271,11,4,1,1,1,-1,-1
13512,271,12,5,2,0,0,0,0
13513,271,13,5,2,0,0,0,0
13514,271,14,1,1,0,0,1,0
13515,271,15,7,2,1,0,0,0
13516,271,16,7,2,1,0,0,0
13517,271,17,7,2,1,0,0,0
13518,271,18,3,1,1,0,0,0
13519,271,19,3,1,1,0,-1,1
13520,271,20,2,1,0,1,0,0
13521,271,21,6,2,0,1,1,-1
13522,271,22,7,2,1,0,-1,0
13523,271,23,1,1,0,0,0,0
13524,271,24,1,1,0,0,0,0
13525,271,25,5,2,0,0,0,0
13526,271,26,5,2,0,0,0,1
13527,271,27,6,2,0,1,0,0
13528,271,28,6,2,0,1,0,0
13529,271,29,6,2,0,1,0,0
13530,271,30,6,2,0,1,1,0
13531,271,31,8,2,1,1,0,0
13532,271,32,4,1,1,1,0,0
13533,271,33,4,1,1,1,0,0
13534,271,34,8,2,1,1,0,-1
13535,271,35,3,1,1,0,0,1
13536,271,36,4,1,1,1,0,0
13537,271,37,4,1,1,1,0,0
13538,271,38,4,1,1,1,0,-1
13539,271,39,3,1,1,0,0,1
13540,271,40,8,2,1,1,0,0
13541,271,41,8,2,1,1,0,0
13542,271,42,4,1,1,1,0,0
13543,271,43,4,1,1,1,-1,0
13544,271,44,6,2,0,1,0,0
13545,271,45,6,2,0,1,1,0
13546,271,46,8,2,1,1,-1,0
13547,271,47,2,1,0,1,1,0
13548,271,48,4,1,1,1,0,-1
13549,271,49,3,1,1,0,0,0
13550,271,50,3,1,1,0,0,1
13551,272,1,3,1,1,0,0,0
13552,272,2,3,1,1,0,0,0
13553,272,3,3,1,1,0,-1,1
13554,272,4,6,2,0,1,0,0
13555,272,5,6,2,0,1,0,0
13556,272,6,6,2,0,1,0,0
13557,272,7,2,1,0,1,0,0
13558,272,8,6,2,0,1,0,0
13559,272,9,6,2,0,1,0,0
13560,272,10,2,1,0,1,0,-1
13561,272,11,1,1,0,0,1,1
13562,272,12,4,1,1,1,0,0
13563,272,13,4,1,1,1,0,0
13564,272,14,4,1,1,1,-1,-1
13565,272,15,5,2,0,0,0,0
13566,272,16,5,2,0,0,1,1
13567,272,17,4,1,1,1,-1,-1
13568,272,18,5,2,0,0,0,0
13569,272,19,5,2,0,0,0,0
13570,272,20,1,1,0,0,0,0
13571,272,21,1,1,0,0,1,0
13572,272,22,3,1,1,0,0,0
13573,272,23,3,1,1,0,0,0
13574,272,24,3,1,1,0,-1,0
13575,272,25,1,1,0,0,1,0
13576,272,26,7,2,1,0,0,0
13577,272,27,7,2,1,0,0,0
13578,272,28,7,2,1,0,-1,0
13579,272,29,5,2,0,0,0,0
13580,272,30,5,2,0,0,0,0
13581,272,31,5,2,0,0,0,0
13582,272,32,1,1,0,0,0,0
13583,272,33,1,1,0,0,0,0
13584,272,34,5,2,0,0,0,0
13585,272,35,1,1,0,0,0,0
13586,272,36,1,1,0,0,0,1
13587,272,37,2,1,0,1,0,0
13588,272,38,2,1,0,1,0,-1
13589,272,39,5,2,0,0,1,1
13590,272,40,8,2,1,1,-1,-1
13591,272,41,5,2,0,0,1,0
13592,272,42,3,1,1,0,0,0
13593,272,43,7,2,1,0,0,0
13594,272,44,7,2,1,0,0,0
13595,272,45,3,1,1,0,0,0
13596,272,46,7,2,1,0,0,0
13597,272,47,7,2,1,0,0,0
13598,272,48,3,1,1,0,0,1
13599,272,49,4,1,1,1,-1,0
13600,272,50,2,1,0,1,0,0
13601,273,1,2,1,0,1,0,-1
13602,273,2,1,1,0,0,1,0
13603,273,3,7,2,1,0,0,0
13604,273,4,3,1,1,0,0,1
13605,273,5,4,1,1,1,0,0
13606,273,6,8,2,1,1,0,0
13607,273,7,8,2,1,1,0,0
13608,273,8,8,2,1,1,0,-1
13609,273,9,3,1,1,0,0,1
13610,273,10,8,2,1,1,0,0
13611,273,11,8,2,1,1,0,0
13612,273,12,4,1,1,1,-1,0
13613,273,13,6,2,0,1,1,0
13614,273,14,8,2,1,1,0,0
13615,273,15,4,1,1,1,0,0
13616,273,16,8,2,1,1,0,0
13617,273,17,4,1,1,1,-1,0
13618,273,18,2,1,0,1,0,-1
13619,273,19,1,1,0,0,1,0
13620,273,20,3,1,1,0,0,0
13621,273,21,3,1,1,0,0,0
13622,273,22,3,1,1,0,0,0
13623,273,23,3,1,1,0,-1,0
13624,273,24,1,1,0,0,1,0
13625,273,25,3,1,1,0,0,0
13626,273,26,7,2,1,0,0,0
13627,273,27,3,1,1,0,0,0
13628,273,28,3,1,1,0,0,0
13629,273,29,3,1,1,0,0,0
13630,273,30,7,2,1,0,0,0
13631,273,31,7,2,1,0,0,1
13632,273,32,4,1,1,1,0,-1
13633,273,33,3,1,1,0,0,0
13634,273,34,3,1,1,0,0,1
13635,273,35,4,1,1,1,0,0
13636,273,36,4,1,1,1,0,-1
13637,273,37,3,1,1,0,0,0
13638,273,38,3,1,1,0,0,1
13639,273,39,4,1,1,1,0,0
13640,273,40,4,1,1,1,0,0
13641,273,41,4,1,1,1,0,0
13642,273,42,4,1,1,1,0,-1
13643,273,43,7,2,1,0,0,0
13644,273,44,7,2,1,0,0,0
13645,273,45,3,1,1,0,-1,0
13646,273,46,1,1,0,0,0,1
13647,273,47,2,1,0,1,0,0
13648,273,48,6,2,0,1,0,0
13649,273,49,6,2,0,1,0,-1
13650,273,50,5,2,0,0,0,0
13651,274,1,3,1,1,0,-1,1
13652,274,2,2,1,0,1,0,0
13653,274,3,2,1,0,1,0,0
13654,274,4,2,1,0,1,0,0
13655,274,5,6,2,0,1,0,0
13656,274,6,6,2,0,1,0,0
13657,274,7,2,1,0,1,1,0
13658,274,8,8,2,1,1,0,0
13659,274,9,8,2,1,1,0,0
13660,274,10,8,2,1,1,0,0
13661,274,11,8,2,1,1,0,-1
13662,274,12,3,1,1,0,0,0
13663,274,13,7,2,1,0,0,1
13664,274,14,8,2,1,1,0,0
13665,274,15,4,1,1,1,0,0
13666,274,16,4,1,1,1,0,-1
13667,274,17,3,1,1,0,0,0
13668,274,18,3,1,1,0,0,0
13669,274,19,3,1,1,0,0,0
13670,274,20,3,1,1,0,0,0
13671,274,21,3,1,1,0,0,0
13672,274,22,3,1,1,0,-1,0
13673,274,23,1,1,0,0,0,0
13674,274,24,1,1,0,0,0,1
13675,274,25,2,1,0,1,1,-1
13676,274,26,7,2,1,0,-1,0
13677,274,27,1,1,0,0,0,0
13678,274,28,5,2,0,0,0,0
13679,274,29,5,2,0,0,0,0
13680,274,30,1,1,0,0,0,0
13681,274,31,1,1,0,0,0,1
13682,274,32,6,2,0,1,0,-1
13683,274,33,5,2,0,0,1,0
13684,274,34,3,1,1,0,0,0
13685,274,35,7,2,1,0,0,0
13686,274,36,3,1,1,0,0,0
13687,274,37,3,1,1,0,-1,0
13688,274,38,1,1,0,0,1,0
13689,274,39,3,1,1,0,-1,1
13690,274,40,2,1,0,1,0,0
13691,274,41,6,2,0,1,1,0
13692,274,42,4,1,1,1,0,0
13693,274,43,4,1,1,1,0,0
13694,274,44,4,1,1,1,0,0
13695,274,45,4,1,1,1,0,0
13696,274,46,8,2,1,1,0,0
13697,274,47,8,2,1,1,0,0
13698,274,48,4,1,1,1,0,-1
13699,274,49,3,1,1,0,0,0
13700,274,50,3,1,1,0,0,0
13701,275,1,3,1,1,0,0,1
13702,275,2,8,2,1,1,0,-1
13703,275,3,7,2,1,0,0,0
13704,275,4,3,1,1,0,0,0
13705,275,5,3,1,1,0,0,1
13706,275,6,4,1,1,1,0,0
13707,275,7,4,1,1,1,0,0
13708,275,8,4,1,1,1,0,0
13709,275,9,4,1,1,1,0,-1
13710,275,10,7,2,1,0,0,1
13711,275,11,4,1,1,1,0,0
13712,275,12,8,2,1,1,0,0
13713,275,13,4,1,1,1,0,-1
13714,275,14,3,1,1,0,0,1
13715,275,15,8,2,1,1,-1,0
13716,275,16,6,2,0,1,1,-1
13717,275,17,7,2,1,0,0,0
13718,275,18,7,2,1,0,-1,0
13719,275,19,1,1,0,0,1,0
13720,275,20,7,2,1,0,0,1
13721,275,21,8,2,1,1,0,0
13722,275,22,8,2,1,1,0,0
13723,275,23,8,2,1,1,0,0
13724,275,24,8,2,1,1,0,0
13725,275,25,8,2,1,1,0,0
13726,275,26,8,2,1,1,0,0
13727,275,27,8,2,1,1,-1,0
13728,275,28,6,2,0,1,1,-1
13729,275,29,7,2,1,0,0,1
13730,275,30,8,2,1,1,-1,-1
13731,275,31,1,1,0,0,0,0
13732,275,32,1,1,0,0,0,0
13733,275,33,1,1,0,0,1,0
13734,275,34,3,1,1,0,0,0
13735,275,35,3,1,1,0,0,0
13736,275,36,3,1,1,0,0,0
13737,275,37,3,1,1,0,0,1
13738,275,38,4,1,1,1,0,0
13739,275,39,4,1,1,1,0,0
13740,275,40,4,1,1,1,0,-1
13741,275,41,3,1,1,0,0,1
13742,275,42,4,1,1,1,0,0
13743,275,43,4,1,1,1,-1,-1
13744,275,44,1,1,0,0,1,1
13745,275,45,4,1,1,1,0,-1
13746,275,46,7,2,1,0,0,0
13747,275,47,7,2,1,0,0,0
13748,275,48,7,2,1,0,-1,1
13749,275,49,6,2,0,1,0,0
13750,275,50,2,1,0,1,0,0
13751,276,1,1,1,0,0,0,0
13752,276,2,1,1,0,0,0,0
13753,276,3,5,2,0,0,1,0
13754,276,4,7,2,1,0,0,1
13755,276,5,4,1,1,1,0,0
13756,276,6,4,1,1,1,0,0
13757,276,7,4,1,1,1,-1,0
13758,276,8,2,1,0,1,0,0
13759,276,9,2,1,0,1,1,0
13760,276,10,4,1,1,1,0,0
13761,276,11,4,1,1,1,-1,0
13762,276,12,6,2,0,1,0,-1
13763,276,13,5,2,0,0,0,1
13764,276,14,6,2,0,1,0,0
13765,276,15,6,2,0,1,0,-1
13766,276,16,5,2,0,0,0,0
13767,276,17,1,1,0,0,0,0
13768,276,18,5,2,0,0,0,0
13769,276,19,5,2,0,0,1,0
13770,276,20,7,2,1,0,0,0
13771,276,21,7,2,1,0,0,0
13772,276,22,7,2,1,0,0,0
13773,276,23,3,1,1,0,0,0
13774,276,24,3,1,1,0,0,1
13775,276,25,8,2,1,1,-1,-1
13776,276,26,1,1,0,0,0,0
13777,276,27,1,1,0,0,0,0
13778,276,28,1,1,0,0,0,0
13779,276,29,5,2,0,0,1,1
13780,276,30,8,2,1,1,0,-1
13781,276,31,3,1,1,0,0,0
13782,276,32,3,1,1,0,0,1
13783,276,33,4,1,1,1,0,0
13784,276,34,4,1,1,1,0,0
13785,276,35,8,2,1,1,0,0
13786,276,36,4,1,1,1,0,-1
13787,276,37,3,1,1,0,0,0
13788,276,38,3,1,1,0,-1,0
13789,276,39,1,1,0,0,0,1
13790,276,40,2,1,0,1,1,0
13791,276,41,4,1,1,1,0,-1
13792,276,42,3,1,1,0,-1,0
13793,276,43,1,1,0,0,0,0
13794,276,44,5,2,0,0,0,0
13795,276,45,5,2,0,0,0,1
13796,276,46,6,2,0,1,0,-1
13797,276,47,1,1,0,0,0,0
13798,276,48,1,1,0,0,0,1
13799,276,49,6,2,0,1,0,0
13800,276,50,2,1,0,1,1,-1
13801,277,1,3,1,1,0,0,1
13802,277,2,4,1,1,1,-1,0
13803,277,3,2,1,0,1,1,0
13804,277,4,8,2,1,1,0,0
13805,277,5,4,1,1,1,0,0
13806,277,6,4,1,1,1,0,-1
13807,277,7,3,1,1,0,0,0
13808,277,8,7,2,1,0,0,0
13809,277,9,3,1,1,0,0,0
13810,277,10,3,1,1,0,0,0
13811,277,11,3,1,1,0,0,1
13812,277,12,4,1,1,1,0,0
13813,277,13,4,1,1,1,0,0
13814,277,14,8,2,1,1,0,0
13815,277,15,8,2,1,1,-1,-1
13816,277,16,5,2,0,0,1,1
13817,277,17,8,2,1,1,0,0
13818,277,18,4,1,1,1,-1,0
13819,277,19,2,1,0,1,0,0
13820,277,20,2,1,0,1,0,0
13821,277,21,2,1,0,1,0,0
13822,277,22,6,2,0,1,0,-1
13823,277,23,1,1,0,0,0,0
13824,277,24,1,1,0,0,0,0
13825,277,25,5,2,0,0,0,0
13826,277,26,5,2,0,0,1,1
13827,277,27,8,2,1,1,-1,0
13828,277,28,6,2,0,1,0,0
13829,277,29,2,1,0,1,1,0
13830,277,30,4,1,1,1,0,-1
13831,277,31,3,1,1,0,0,0
13832,277,32,3,1,1,0,0,0
13833,277,33,3,1,1,0,0,0
13834,277,34,7,2,1,0,0,1
13835,277,35,4,1,1,1,-1,0
13836,277,36,6,2,0,1,0,0
13837,277,37,6,2,0,1,1,0
13838,277,38,4,1,1,1,0,0
13839,277,39,4,1,1,1,-1,0
13840,277,40,2,1,0,1,0,0
13841,277,41,2,1,0,1,0,-1
13842,277,42,1,1,0,0,1,1
13843,277,43,4,1,1,1,0,0
13844,277,44,4,1,1,1,-1,-1
13845,277,45,1,1,0,0,0,1
13846,277,46,2,1,0,1,0,0
13847,277,47,2,1,0,1,0,-1
13848,277,48,1,1,0,0,0,1
13849,277,49,2,1,0,1,0,0
13850,277,50,6,2,0,1,0,0
13851,278,1,4,1,1,1,0,0
13852,278,2,8,2,1,1,0,0
13853,278,3,8,2,1,1,0,0
13854,278,4,4,1,1,1,0,0
13855,278,5,4,1,1,1,0,-1
13856,278,6,3,1,1,0,0,1
13857,278,7,4,1,1,1,0,0
13858,278,8,8,2,1,1,0,0
13859,278,9,4,1,1,1,-1,0
13860,278,10,2,1,0,1,0,0
13861,278,11,2,1,0,1,0,0
13862,278,12,6,2,0,1,0,0
13863,278,13,6,2,0,1,1,0
13864,278,14,8,2,1,1,0,-1
13865,278,15,3,1,1,0,0,0
13866,278,16,3,1,1,0,0,0
13867,278,17,3,1,1,0,0,0
13868,278,18,3,1,1,0,0,0
13869,278,19,3,1,1,0,0,1
13870,278,20,4,1,1,1,0,0
13871,278,21,4,1,1,1,0,-1
13872,278,22,3,1,1,0,0,0
13873,278,23,3,1,1,0,0,1
13874,278,24,4,1,1,1,0,0
13875,278,25,4,1,1,1,-1,0
13876,278,26,2,1,0,1,0,0
13877,278,27,2,1,0,1,0,0
13878,278,28,6,2,0,1,0,-1
13879,278,29,1,1,0,0,1,0
13880,278,30,3,1,1,0,0,0
13881,278,31,7,2,1,0,0,0
13882,278,32,7,2,1,0,0,0
13883,278,33,3,1,1,0,0,0
13884,278,34,3,1,1,0,0,0
13885,278,35,3,1,1,0,0,0
13886,278,36,7,2,1,0,0,1
13887,278,37,8,2,1,1,0,-1
13888,278,38,7,2,1,0,-1,0
13889,278,39,5,2,0,0,0,0
13890,278,40,5,2,0,0,1,0
13891,278,41,7,2,1,0,-1,0
13892,278,42,5,2,0,0,0,0
13893,278,43,5,2,0,0,0,0
13894,278,44,5,2,0,0,0,0
13895,278,45,1,1,0,0,0,0
13896,278,46,5,2,0,0,0,0
13897,278,47,5,2,0,0,0,0
13898,278,48,1,1,0,0,0,1
13899,278,49,6,2,0,1,1,-1
13900,278,50,7,2,1,0,-1,1
13901,279,1,7,2,1,0,0,0
13902,279,2,7,2,1,0,-1,1
13903,279,3,6,2,0,1,0,0
13904,279,4,6,2,0,1,1,-1
13905,279,5,7,2,1,0,0,0
13906,279,6,3,1,1,0,0,1
13907,279,7,4,1,1,1,0,0
13908,279,8,4,1,1,1,0,0
13909,279,9,8,2,1,1,0,-1
13910,279,10,7,2,1,0,0,0
13911,279,11,7,2,1,0,0,0
13912,279,12,7,2,1,0,0,0
13913,279,13,7,2,1,0,0,0
13914,279,14,7,2,1,0,0,0
13915,279,15,3,1,1,0,-1,0
13916,279,16,1,1,0,0,0,0
13917,279,17,1,1,0,0,1,1
13918,279,18,4,1,1,1,0,0
13919,279,19,4,1,1,1,0,-1
13920,279,20,3,1,1,0,0,0
13921,279,21,3,1,1,0,0,0
13922,279,22,7,2,1,0,0,0
13923,279,23,3,1,1,0,0,0
13924,279,24,7,2,1,0,0,0
13925,279,25,7,2,1,0,0,1
13926,279,26,4,1,1,1,-1,-1
13927,279,27,5,2,0,0,0,0
13928,279,28,1,1,0,0,0,0
13929,279,29,1,1,0,0,0,1
13930,279,30,6,2,0,1,0,0
13931,279,31,6,2,0,1,0,0
13932,279,32,2,1,0,1,0,0
13933,279,33,2,1,0,1,0,0
13934,279,34,2,1,0,1,0,0
13935,279,35,2,1,0,1,0,0
13936,279,36,2,1,0,1,1,0
13937,279,37,4,1,1,1,-1,-1
13938,279,38,1,1,0,0,0,0
13939,279,39,5,2,0,0,0,1
13940,279,40,6,2,0,1,0,0
13941,279,41,6,2,0,1,0,0
13942,279,42,6,2,0,1,1,0
13943,279,43,8,2,1,1,-1,0
13944,279,44,6,2,0,1,0,0
13945,279,45,2,1,0,1,0,-1
13946,279,46,5,2,0,0,0,0
13947,279,47,5,2,0,0,0,1
13948,279,48,6,2,0,1,0,-1
13949,279,49,5,2,0,0,0,0
13950,279,50,5,2,0,0,0,0
13951,280,1,8,2,1,1,-1,-1
13952,280,2,5,2,0,0,0,0
13953,280,3,5,2,0,0,0,0
13954,280,4,1,1,0,0,0,0
13955,280,5,5,2,0,0,0,1
13956,280,6,2,1,0,1,0,-1
13957,280,7,1,1,0,0,1,0
13958,280,8,7,2,1,0,0,0
13959,280,9,3,1,1,0,0,1
13960,280,10,4,1,1,1,-1,0
13961,280,11,6,2,0,1,0,0
13962,280,12,6,2,0,1,1,0
13963,280,13,4,1,1,1,0,-1
13964,280,14,3,1,1,0,0,1
13965,280,15,8,2,1,1,0,0
13966,280,16,8,2,1,1,0,0
13967,280,17,4,1,1,1,0,-1
13968,280,18,3,1,1,0,0,1
13969,280,19,4,1,1,1,0,-1
13970,280,20,3,1,1,0,-1,1
13971,280,21,6,2,0,1,0,0
13972,280,22,2,1,0,1,1,0
13973,280,23,4,1,1,1,0,0
13974,280,24,4,1,1,1,0,0
13975,280,25,4,1,1,1,0,0
13976,280,26,4,1,1,1,-1,0
13977,280,27,2,1,0,1,1,0
13978,280,28,8,2,1,1,-1,0
13979,280,29,6,2,0,1,0,-1
13980,280,30,5,2,0,0,0,1
13981,280,31,6,2,0,1,0,-1
13982,280,32,5,2,0,0,0,0
13983,280,33,5,2,0,0,0,0
13984,280,34,1,1,0,0,0,0
13985,280,35,1,1,0,0,0,1
13986,280,36,2,1,0,1,0,0
13987,280,37,6,2,0,1,0,0
13988,280,38,6,2,0,1,0,0
13989,280,39,6,2,0,1,0,0
13990,280,40,6,2,0,1,0,-1
13991,280,41,5,2,0,0,0,0
13992,280,42,1,1,0,0,0,1
13993,280,43,2,1,0,1,0,0
13994,280,44,2,1,0,1,0,0
13995,280,45,2,1,0,1,1,0
13996,280,46,4,1,1,1,0,0
13997,280,47,8,2,1,1,0,0
13998,280,48,8,2,1,1,0,0
13999,280,49,8,2,1,1,-1,-1
14000,280,50,5,2,0,0,1,0
14001,281,1,5,2,0,0,0,0
14002,281,2,1,1,0,0,0,0
14003,281,3,1,1,0,0,0,0
14004,281,4,5,2,0,0,0,0
14005,281,5,1,1,0,0,0,1
14006,281,6,2,1,0,1,0,0
14007,281,7,2,1,0,1,0,0
14008,281,8,2,1,0,1,0,0
14009,281,9,2,1,0,1,0,-1
14010,281,10,1,1,0,0,0,0
14011,281,11,1,1,0,0,1,0
14012,281,12,7,2,1,0,0,0
14013,281,13,3,1,1,0,0,0
14014,281,14,3,1,1,0,0,0
14015,281,15,3,1,1,0,0,0
14016,281,16,7,2,1,0,-1,1
14017,281,17,2,1,0,1,0,0
14018,281,18,6,2,0,1,0,-1
14019,281,19,5,2,0,0,1,1
14020,281,20,4,1,1,1,0,0
14021,281,21,8,2,1,1,0,0
14022,281,22,8,2,1,1,0,0
14023,281,23,8,2,1,1,0,0
14024,281,24,8,2,1,1,0,0
14025,281,25,8,2,1,1,-1,0
14026,281,26,6,2,0,1,0,0
14027,281,27,2,1,0,1,1,-1
14028,281,28,3,1,1,0,0,0
14029,281,29,7,2,1,0,0,1
14030,281,30,8,2,1,1,0,0
14031,281,31,8,2,1,1,0,0
14032,281,32,8,2,1,1,0,0
14033,281,33,8,2,1,1,0,-1
14034,281,34,7,2,1,0,-1,0
14035,281,35,5,2,0,0,0,0
14036,281,36,5,2,0,0,0,0
14037,281,37,5,2,0,0,0,1
14038,281,38,2,1,0,1,0,0
14039,281,39,2,1,0,1,0,0
14040,281,40,2,1,0,1,0,0
14041,281,41,2,1,0,1,0,0
14042,281,42,2,1,0,1,1,0
14043,281,43,4,1,1,1,0,-1
14044,281,44,3,1,1,0,0,1
14045,281,45,8,2,1,1,-1,0
14046,281,46,2,1,0,1,0,0
14047,281,47,6,2,0,1,0,0
14048,281,48,6,2,0,1,0,-1
14049,281,49,5,2,0,0,0,0
14050,281,50,5,2,0,0,1,0
14051,282,1,2,1,0,1,1,0
14052,282,2,8,2,1,1,0,0
14053,282,3,4,1,1,1,0,-1
14054,282,4,3,1,1,0,0,0
14055,282,5,3,1,1,0,0,0
14056,282,6,3,1,1,0,0,0
14057,282,7,3,1,1,0,0,0
14058,282,8,3,1,1,0,0,0
14059,282,9,3,1,1,0,0,0
14060,282,10,7,2,1,0,0,1
14061,282,11,4,1,1,1,0,0
14062,282,12,8,2,1,1,0,-1
14063,282,13,3,1,1,0,-1,0
14064,282,14,1,1,0,0,0,0
14065,282,15,5,2,0,0,0,1
14066,282,16,2,1,0,1,0,-1
14067,282,17,1,1,0,0,0,0
14068,282,18,1,1,0,0,0,0
14069,282,19,1,1,0,0,0,1
14070,282,20,2,1,0,1,0,-1
14071,282,21,5,2,0,0,1,1
14072,282,22,8,2,1,1,-1,0
14073,282,23,2,1,0,1,0,-1
14074,282,24,5,2,0,0,1,1
14075,282,25,8,2,1,1,0,-1
14076,282,26,7,2,1,0,0,1
14077,282,27,8,2,1,1,0,-1
14078,282,28,7,2,1,0,0,0
14079,282,29,7,2,1,0,-1,0
14080,282,30,5,2,0,0,0,0
14081,282,31,1,1,0,0,1,0
14082,282,32,3,1,1,0,0,0
14083,282,33,7,2,1,0,0,0
14084,282,34,7,2,1,0,0,0
14085,282,35,3,1,1,0,0,1
14086,282,36,4,1,1,1,-1,-1
14087,282,37,1,1,0,0,0,1
14088,282,38,2,1,0,1,1,-1
14089,282,39,7,2,1,0,0,1
14090,282,40,8,2,1,1,0,0
14091,282,41,4,1,1,1,0,0
14092,282,42,4,1,1,1,-1,0
14093,282,43,2,1,0,1,1,0
14094,282,44,8,2,1,1,-1,0
14095,282,45,6,2,0,1,0,0
14096,282,46,2,1,0,1,0,-1
14097,282,47,5,2,0,0,1,0
14098,282,48,7,2,1,0,0,1
14099,282,49,8,2,1,1,0,0
14100,282,50,8,2,1,1,0,-1
14101,283,1,7,2,1,0,0,0
14102,283,2,3,1,1,0,-1,0
14103,283,3,5,2,0,0,0,0
14104,283,4,1,1,0,0,0,0
14105,283,5,5,2,0,0,0,0
14106,283,6,5,2,0,0,0,0
14107,283,7,5,2,0,0,0,0
14108,283,8,5,2,0,0,1,0
14109,283,9,3,1,1,0,0,0
14110,283,10,7,2,1,0,0,0
14111,283,11,7,2,1,0,0,0
14112,283,12,7,2,1,0,0,1
14113,283,13,8,2,1,1,0,-1
14114,283,14,7,2,1,0,0,0
14115,283,15,3,1,1,0,-1,1
14116,283,16,6,2,0,1,1,0
14117,283,17,4,1,1,1,-1,0
14118,283,18,2,1,0,1,1,0
14119,283,19,8,2,1,1,0,0
14120,283,20,4,1,1,1,0,0
14121,283,21,8,2,1,1,0,-1
14122,283,22,7,2,1,0,0,0
14123,283,23,7,2,1,0,0,0
14124,283,24,7,2,1,0,0,0
14125,283,25,3,1,1,0,-1,0
14126,283,26,5,2,0,0,1,1
14127,283,27,8,2,1,1,0,0
14128,283,28,4,1,1,1,0,0
14129,283,29,8,2,1,1,0,0
14130,283,30,8,2,1,1,0,0
14131,283,31,4,1,1,1,-1,0
14132,283,32,2,1,0,1,0,0
14133,283,33,2,1,0,1,0,-1
14134,283,34,5,2,0,0,0,1
14135,283,35,2,1,0,1,0,-1
14136,283,36,5,2,0,0,0,0
14137,283,37,1,1,0,0,0,1
14138,283,38,2,1,0,1,1,0
14139,283,39,4,1,1,1,0,0
14140,283,40,4,1,1,1,-1,0
14141,283,41,2,1,0,1,0,0
14142,283,42,6,2,0,1,0,-1
14143,283,43,5,2,0,0,0,1
14144,283,44,2,1,0,1,0,0
14145,283,45,2,1,0,1,1,-1
14146,283,46,3,1,1,0,0,0
14147,283,47,3,1,1,0,0,0
14148,283,48,3,1,1,0,0,0
14149,283,49,7,2,1,0,0,1
14150,283,50,4,1,1,1,0,-1
14151,284,1,8,2,1,1,-1,0
14152,284,2,6,2,0,1,0,0
14153,284,3,2,1,0,1,0,-1
14154,284,4,1,1,0,0,0,0
14155,284,5,1,1,0,0,0,0
14156,284,6,1,1,0,0,1,0
14157,284,7,3,1,1,0,-1,0
14158,284,8,1,1,0,0,0,0
14159,284,9,5,2,0,0,1,1
14160,284,10,8,2,1,1,0,-1
14161,284,11,7,2,1,0,-1,0
14162,284,12,5,2,0,0,0,0
14163,284,13,5,2,0,0,0,1
14164,284,14,2,1,0,1,0,0
14165,284,15,6,2,0,1,0,0
14166,284,16,6,2,0,1,0,0
14167,284,17,2,1,0,1,0,0
14168,284,18,2,1,0,1,0,0
14169,284,19,6,2,0,1,0,0
14170,284,20,6,2,0,1,1,0
14171,284,21,8,2,1,1,-1,0
14172,284,22,2,1,0,1,0,-1
14173,284,23,1,1,0,0,1,0
14174,284,24,3,1,1,0,0,0
14175,284,25,3,1,1,0,0,1
14176,284,26,4,1,1,1,0,0
14177,284,27,4,1,1,1,0,0
14178,284,28,8,2,1,1,0,0
14179,284,29,8,2,1,1,0,0
14180,284,30,8,2,1,1,-1,0
14181,284,31,2,1,0,1,0,0
14182,284,32,2,1,0,1,0,0
14183,284,33,2,1,0,1,1,0
14184,284,34,4,1,1,1,0,0
14185,284,35,4,1,1,1,0,0
14186,284,36,4,1,1,1,0,-1
14187,284,37,3,1,1,0,0,0
14188,284,38,3,1,1,0,0,0
14189,284,39,7,2,1,0,-1,0
14190,284,40,1,1,0,0,0,0
14191,284,41,1,1,0,0,0,1
14192,284,42,2,1,0,1,0,-1
14193,284,43,5,2,0,0,0,0
14194,284,44,1,1,0,0,0,1
14195,284,45,2,1,0,1,1,-1
14196,284,46,3,1,1,0,0,0
14197,284,47,3,1,1,0,0,0
14198,284,48,7,2,1,0,0,0
14199,284,49,7,2,1,0,0,1
14200,284,50,8,2,1,1,0,0
14201,285,1,4,1,1,1,0,0
14202,285,2,4,1,1,1,0,-1
14203,285,3,7,2,1,0,0,0
14204,285,4,7,2,1,0,0,0
14205,285,5,7,2,1,0,-1,0
14206,285,6,1,1,0,0,0,0
14207,285,7,1,1,0,0,0,1
14208,285,8,6,2,0,1,0,0
14209,285,9,6,2,0,1,0,0
14210,285,10,6,2,0,1,0,0
14211,285,11,2,1,0,1,1,0
14212,285,12,8,2,1,1,0,0
14213,285,13,8,2,1,1,-1,-1
14214,285,14,5,2,0,0,0,0
14215,285,15,5,2,0,0,1,0
14216,285,16,3,1,1,0,0,0
14217,285,17,7,2,1,0,0,1
14218,285,18,8,2,1,1,0,0
14219,285,19,8,2,1,1,0,0
14220,285,20,8,2,1,1,-1,0
14221,285,21,2,1,0,1,1,0
14222,285,22,8,2,1,1,0,0
14223,285,23,4,1,1,1,0,0
14224,285,24,4,1,1,1,0,0
14225,285,25,4,1,1,1,-1,0
14226,285,26,2,1,0,1,1,-1
14227,285,27,3,1,1,0,0,1
14228,285,28,4,1,1,1,0,0
14229,285,29,8,2,1,1,-1,0
14230,285,30,6,2,0,1,0,0
14231,285,31,6,2,0,1,1,0
14232,285,32,8,2,1,1,-1,0
14233,285,33,6,2,0,1,0,0
14234,285,34,2,1,0,1,0,-1
14235,285,35,1,1,0,0,0,0
14236,285,36,1,1,0,0,0,1
14237,285,37,2,1,0,1,0,-1
14238,285,38,1,1,0,0,1,0
14239,285,39,3,1,1,0,0,0
14240,285,40,3,1,1,0,0,1
14241,285,41,4,1,1,1,0,0
14242,285,42,8,2,1,1,-1,0
14243,285,43,6,2,0,1,1,0
14244,285,44,4,1,1,1,0,0
14245,285,45,8,2,1,1,0,-1
14246,285,46,3,1,1,0,0,1
14247,285,47,4,1,1,1,0,0
14248,285,48,4,1,1,1,0,-1
14249,285,49,3,1,1,0,0,0
14250,285,50,3,1,1,0,0,0
14251,286,1,5,2,0,0,0,0
14252,286,2,5,2,0,0,0,0
14253,286,3,5,2,0,0,1,1
14254,286,4,8,2,1,1,0,-1
14255,286,5,7,2,1,0,0,1
14256,286,6,8,2,1,1,0,0
14257,286,7,4,1,1,1,-1,0
14258,286,8,2,1,0,1,0,0
14259,286,9,2,1,0,1,0,-1
14260,286,10,1,1,0,0,0,0
14261,286,11,1,1,0,0,1,1
14262,286,12,4,1,1,1,0,-1
14263,286,13,3,1,1,0,-1,0
14264,286,14,5,2,0,0,0,1
14265,286,15,6,2,0,1,0,0
14266,286,16,6,2,0,1,0,0
14267,286,17,6,2,0,1,0,-1
14268,286,18,1,1,0,0,0,0
14269,286,19,1,1,0,0,0,0
14270,286,20,1,1,0,0,0,1
14271,286,21,6,2,0,1,0,0
14272,286,22,6,2,0,1,0,0
14273,286,23,6,2,0,1,1,-1
14274,286,24,7,2,1,0,-1,0
14275,286,25,5,2,0,0,0,1
14276,286,26,6,2,0,1,1,-1
14277,286,27,7,2,1,0,-1,0
14278,286,28,5,2,0,0,0,0
14279,286,29,5,2,0,0,0,0
14280,286,30,1,1,0,0,0,0
14281,286,31,1,1,0,0,0,0
14282,286,32,1,1,0,0,1,1
14283,286,33,8,2,1,1,0,0
14284,286,34,8,2,1,1,-1,0
14285,286,35,2,1,0,1,1,0
14286,286,36,8,2,1,1,0,0
14287,286,37,8,2,1,1,0,0
14288,286,38,8,2,1,1,0,0
14289,286,39,4,1,1,1,-1,0
14290,286,40,6,2,0,1,1,0
14291,286,41,4,1,1,1,0,-1
14292,286,42,3,1,1,0,-1,0
14293,286,43,1,1,0,0,0,0
14294,286,44,5,2,0,0,1,0
14295,286,45,3,1,1,0,0,0
14296,286,46,3,1,1,0,-1,0
14297,286,47,1,1,0,0,0,1
14298,286,48,6,2,0,1,0,0
14299,286,49,2,1,0,1,1,0
14300,286,50,4,1,1,1,-1,0
14301,287,1,5,2,0,0,0,0
14302,287,2,1,1,0,0,0,0
14303,287,3,1,1,0,0,0,0
14304,287,4,1,1,0,0,0,1
14305,287,5,2,1,0,1,0,-1
14306,287,6,1,1,0,0,1,0
14307,287,7,7,2,1,0,-1,0
14308,287,8,5,2,0,0,0,0
14309,287,9,5,2,0,0,0,0
14310,287,10,5,2,0,0,1,0
14311,287,11,7,2,1,0,0,1
14312,287,12,8,2,1,1,0,0
14313,287,13,4,1,1,1,0,0
14314,287,14,4,1,1,1,-1,-1
14315,287,15,1,1,0,0,0,0
14316,287,16,1,1,0,0,0,0
14317,287,17,1,1,0,0,1,0
14318,287,18,7,2,1,0,0,0
14319,287,19,7,2,1,0,-1,0
14320,287,20,1,1,0,0,0,1
14321,287,21,6,2,0,1,0,-1
14322,287,22,5,2,0,0,0,0
14323,287,23,5,2,0,0,0,0
14324,287,24,1,1,0,0,0,0
14325,287,25,1,1,0,0,1,0
14326,287,26,3,1,1,0,0,0
14327,287,27,7,2,1,0,0,0
14328,287,28,7,2,1,0,0,0
14329,287,29,7,2,1,0,0,0
14330,287,30,7,2,1,0,0,0
14331,287,31,7,2,1,0,0,0
14332,287,32,7,2,1,0,0,0
14333,287,33,3,1,1,0,0,1
14334,287,34,4,1,1,1,0,0
14335,287,35,4,1,1,1,0,0
14336,287,36,8,2,1,1,0,0
14337,287,37,4,1,1,1,0,0
14338,287,38,4,1,1,1,0,0
14339,287,39,8,2,1,1,0,0
14340,287,40,8,2,1,1,-1,-1
14341,287,41,1,1,0,0,0,0
14342,287,42,1,1,0,0,0,0
14343,287,43,1,1,0,0,0,0
14344,287,44,5,2,0,0,1,0
14345,287,45,7,2,1,0,0,0
14346,287,46,3,1,1,0,0,0
14347,287,47,3,1,1,0,0,0
14348,287,48,3,1,1,0,-1,1
14349,287,49,2,1,0,1,1,0
14350,287,50,4,1,1,1,0,0
14351,288,1,6,2,0,1,0,0
14352,288,2,6,2,0,1,0,0
14353,288,3,6,2,0,1,1,0
14354,288,4,4,1,1,1,0,-1
14355,288,5,3,1,1,0,0,1
14356,288,6,8,2,1,1,0,0
14357,288,7,8,2,1,1,0,0
14358,288,8,4,1,1,1,0,-1
14359,288,9,3,1,1,0,0,0
14360,288,10,3,1,1,0,0,0
14361,288,11,7,2,1,0,0,0
14362,288,12,7,2,1,0,0,0
14363,288,13,7,2,1,0,0,0
14364,288,14,7,2,1,0,0,0
14365,288,15,3,1,1,0,0,0
14366,288,16,7,2,1,0,0,0
14367,288,17,3,1,1,0,-1,1
14368,288,18,2,1,0,1,0,0
14369,288,19,2,1,0,1,1,0
14370,288,20,8,2,1,1,0,-1
14371,288,21,3,1,1,0,0,1
14372,288,22,4,1,1,1,0,-1
14373,288,23,3,1,1,0,0,0
14374,288,24,3,1,1,0,0,0
14375,288,25,3,1,1,0,0,0
14376,288,26,3,1,1,0,0,0
14377,288,27,7,2,1,0,0,1
14378,288,28,4,1,1,1,0,-1
14379,288,29,7,2,1,0,0,1
14380,288,30,8,2,1,1,0,0
14381,288,31,8,2,1,1,0,-1
14382,288,32,7,2,1,0,0,0
14383,288,33,7,2,1,0,0,1
14384,288,34,4,1,1,1,0,0
14385,288,35,8,2,1,1,-1,0
14386,288,36,6,2,0,1,1,0
14387,288,37,4,1,1,1,0,0
14388,288,38,8,2,1,1,0,0
14389,288,39,8,2,1,1,0,-1
14390,288,40,7,2,1,0,0,0
14391,288,41,3,1,1,0,0,0
14392,288,42,3,1,1,0,0,1
14393,288,43,4,1,1,1,0,-1
14394,288,44,3,1,1,0,0,0
14395,288,45,7,2,1,0,0,1
14396,288,46,8,2,1,1,0,0
14397,288,47,4,1,1,1,0,0
14398,288,48,4,1,1,1,0,-1
14399,288,49,3,1,1,0,0,0
14400,288,50,7,2,1,0,0,1
14401,289,1,8,2,1,1,0,0
14402,289,2,8,2,1,1,0,0
14403,289,3,8,2,1,1,0,0
14404,289,4,8,2,1,1,0,0
14405,289,5,8,2,1,1,0,-1
14406,289,6,3,1,1,0,0,0
14407,289,7,3,1,1,0,0,0
14408,289,8,3,1,1,0,0,0
14409,289,9,3,1,1,0,0,0
14410,289,10,3,1,1,0,-1,0
14411,289,11,1,1,0,0,0,0
14412,289,12,1,1,0,0,0,0
14413,289,13,5,2,0,0,0,1
14414,289,14,6,2,0,1,0,0
14415,289,15,6,2,0,1,1,0
14416,289,16,4,1,1,1,0,0
14417,289,17,4,1,1,1,0,0
14418,289,18,4,1,1,1,0,0
14419,289,19,4,1,1,1,0,0
14420,289,20,8,2,1,1,0,0
14421,289,21,4,1,1,1,-1,0
14422,289,22,2,1,0,1,0,-1
14423,289,23,1,1,0,0,0,0
14424,289,24,1,1,0,0,1,0
14425,289,25,3,1,1,0,0,1
14426,289,26,8,2,1,1,0,-1
14427,289,27,7,2,1,0,0,1
14428,289,28,4,1,1,1,0,-1
14429,289,29,3,1,1,0,0,0
14430,289,30,3,1,1,0,0,0
14431,289,31,3,1,1,0,0,1
14432,289,32,4,1,1,1,0,0
14433,289,33,4,1,1,1,0,-1
14434,289,34,3,1,1,0,0,0
14435,289,35,7,2,1,0,0,0
14436,289,36,3,1,1,0,0,0
14437,289,37,3,1,1,0,-1,0
14438,289,38,5,2,0,0,0,0
14439,289,39,1,1,0,0,0,1
14440,289,40,2,1,0,1,0,0
14441,289,41,6,2,0,1,1,0
14442,289,42,4,1,1,1,0,0
14443,289,43,8,2,1,1,0,0
14444,289,44,8,2,1,1,0,0
14445,289,45,4,1,1,1,0,-1
14446,289,46,3,1,1,0,-1,0
14447,289,47,1,1,0,0,0,0
14448,289,48,1,1,0,0,0,1
14449,289,49,6,2,0,1,0,0
14450,289,50,6,2,0,1,0,0
14451,290,1,8,2,1,1,0,0
14452,290,2,8,2,1,1,0,0
14453,290,3,4,1,1,1,-1,0
14454,290,4,6,2,0,1,0,0
14455,290,5,6,2,0,1,0,0
14456,290,6,6,2,0,1,0,0
14457,290,7,2,1,0,1,0,0
14458,290,8,2,1,0,1,1,0
14459,290,9,4,1,1,1,-1,-1
14460,290,10,1,1,0,0,0,1
14461,290,11,2,1,0,1,0,0
14462,290,12,2,1,0,1,0,0
14463,290,13,2,1,0,1,0,0
14464,290,14,2,1,0,1,1,0
14465,290,15,8,2,1,1,0,-1
14466,290,16,3,1,1,0,0,0
14467,290,17,7,2,1,0,-1,0
14468,290,18,1,1,0,0,1,0
14469,290,19,3,1,1,0,0,0
14470,290,20,3,1,1,0,0,0
14471,290,21,3,1,1,0,0,1
14472,290,22,8,2,1,1,-1,-1
14473,290,23,1,1,0,0,0,1
14474,290,24,2,1,0,1,0,0
14475,290,25,2,1,0,1,0,-1
14476,290,26,5,2,0,0,0,1
14477,290,27,6,2,0,1,0,0
14478,290,28,6,2,0,1,0,-1
14479,290,29,1,1,0,0,0,1
14480,290,30,2,1,0,1,1,0
14481,290,31,8,2,1,1,0,0
14482,290,32,8,2,1,1,0,0
14483,290,33,8,2,1,1,0,0
14484,290,34,8,2,1,1,0,0
14485,290,35,4,1,1,1,-1,0
14486,290,36,2,1,0,1,0,0
14487,290,37,2,1,0,1,1,0
14488,290,38,4,1,1,1,-1,0
14489,290,39,2,1,0,1,1,0
14490,290,40,4,1,1,1,0,0
14491,290,41,4,1,1,1,0,-1
14492,290,42,3,1,1,0,-1,0
14493,290,43,5,2,0,0,1,0
14494,290,44,3,1,1,0,0,0
14495,290,45,3,1,1,0,0,0
14496,290,46,7,2,1,0,0,0
14497,290,47,3,1,1,0,0,0
14498,290,48,7,2,1,0,0,0
14499,290,49,7,2,1,0,0,0
14500,290,50,7,2,1,0,0,0
14501,291,1,1,1,0,0,0,0
14502,291,2,5,2,0,0,0,1
14503,291,3,6,2,0,1,0,0
14504,291,4,6,2,0,1,0,0
14505,291,5,2,1,0,1,0,0
14506,291,6,2,1,0,1,0,0
14507,291,7,6,2,0,1,1,0
14508,291,8,8,2,1,1,0,0
14509,291,9,8,2,1,1,0,-1
14510,291,10,3,1,1,0,0,1
14511,291,11,4,1,1,1,-1,0
14512,291,12,6,2,0,1,0,0
14513,291,13,6,2,0,1,0,0
14514,291,14,6,2,0,1,0,0
14515,291,15,6,2,0,1,0,-1
14516,291,16,1,1,0,0,0,0
14517,291,17,1,1,0,0,0,1
14518,291,18,2,1,0,1,1,0
14519,291,19,4,1,1,1,-1,-1
14520,291,20,5,2,0,0,1,0
14521,291,21,7,2,1,0,0,0
14522,291,22,7,2,1,0,0,0
14523,291,23,3,1,1,0,-1,0
14524,291,24,5,2,0,0,1,0
14525,291,25,7,2,1,0,0,1
14526,291,26,4,1,1,1,0,0
14527,291,27,4,1,1,1,0,0
14528,291,28,4,1,1,1,0,0
14529,291,29,4,1,1,1,0,-1
14530,291,30,7,2,1,0,-1,0
14531,291,31,5,2,0,0,0,0
14532,291,32,1,1,0,0,0,0
14533,291,33,5,2,0,0,0,0
14534,291,34,5,2,0,0,1,0
14535,291,35,3,1,1,0,0,1
14536,291,36,8,2,1,1,-1,-1
14537,291,37,1,1,0,0,1,0
14538,291,38,3,1,1,0,0,1
14539,291,39,4,1,1,1,0,-1
14540,291,40,7,2,1,0,-1,1
14541,291,41,6,2,0,1,0,0
14542,291,42,2,1,0,1,0,0
14543,291,43,6,2,0,1,0,0
14544,291,44,6,2,0,1,0,0
14545,291,45,6,2,0,1,1,0
14546,291,46,4,1,1,1,0,0
14547,291,47,4,1,1,1,-1,0
14548,291,48,2,1,0,1,0,0
14549,291,49,2,1,0,1,0,-1
14550,291,50,1,1,0,0,0,0
14551,292,1,4,1,1,1,-1,-1
14552,292,2,5,2,0,0,0,0
14553,292,3,5,2,0,0,0,0
14554,292,4,1,1,0,0,0,1
14555,292,5,6,2,0,1,1,0
14556,292,6,8,2,1,1,0,0
14557,292,7,4,1,1,1,0,0
14558,292,8,4,1,1,1,0,-1
14559,292,9,7,2,1,0,0,1
14560,292,10,8,2,1,1,0,0
14561,292,11,8,2,1,1,-1,0
14562,292,12,2,1,0,1,1,-1
14563,292,13,7,2,1,0,-1,0
14564,292,14,1,1,0,0,1,1
14565,292,15,8,2,1,1,0,-1
14566,292,16,3,1,1,0,0,0
14567,292,17,3,1,1,0,-1,0
14568,292,18,1,1,0,0,0,0
14569,292,19,5,2,0,0,0,0
14570,292,20,1,1,0,0,1,0
14571,292,21,3,1,1,0,0,1
14572,292,22,4,1,1,1,0,0
14573,292,23,4,1,1,1,-1,0
14574,292,24,2,1,0,1,0,0
14575,292,25,2,1,0,1,0,0
14576,292,26,2,1,0,1,0,-1
14577,292,27,1,1,0,0,1,0
14578,292,28,3,1,1,0,-1,0
14579,292,29,5,2,0,0,0,1
14580,292,30,2,1,0,1,0,-1
14581,292,31,1,1,0,0,0,1
14582,292,32,6,2,0,1,0,-1
14583,292,33,5,2,0,0,0,1
14584,292,34,6,2,0,1,0,0
14585,292,35,6,2,0,1,0,0
14586,292,36,2,1,0,1,1,0
14587,292,37,4,1,1,1,0,0
14588,292,38,4,1,1,1,0,0
14589,292,39,4,1,1,1,0,0
14590,292,40,4,1,1,1,-1,-1
14591,292,41,5,2,0,0,0,1
14592,292,42,2,1,0,1,0,0
14593,292,43,2,1,0,1,0,0
14594,292,44,6,2,0,1,0,0
14595,292,45,2,1,0,1,0,-1
14596,292,46,1,1,0,0,0,1
14597,292,47,6,2,0,1,0,0
14598,292,48,2,1,0,1,1,0
14599,292,49,4,1,1,1,0,-1
14600,292,50,3,1,1,0,0,0
14601,293,1,6,2,0,1,1,-1
14602,293,2,3,1,1,0,0,0
14603,293,3,3,1,1,0,0,0
14604,293,4,7,2,1,0,0,0
14605,293,5,7,2,1,0,-1,0
14606,293,6,5,2,0,0,0,0
14607,293,7,1,1,0,0,1,1
14608,293,8,4,1,1,1,0,0
14609,293,9,8,2,1,1,-1,0
14610,293,10,2,1,0,1,0,0
14611,293,11,2,1,0,1,0,0
14612,293,12,2,1,0,1,0,0
14613,293,13,2,1,0,1,0,0
14614,293,14,2,1,0,1,1,0
14615,293,15,4,1,1,1,-1,0
14616,293,16,2,1,0,1,0,0
14617,293,17,2,1,0,1,0,0
14618,293,18,2,1,0,1,1,-1
14619,293,19,3,1,1,0,0,1
14620,293,20,8,2,1,1,0,-1
14621,293,21,3,1,1,0,0,0
14622,293,22,3,1,1,0,-1,0
14623,293,23,1,1,0,0,0,0
14624,293,24,1,1,0,0,1,0
14625,293,25,3,1,1,0,0,1
14626,293,26,4,1,1,1,0,0
14627,293,27,8,2,1,1,-1,0
14628,293,28,6,2,0,1,1,-1
14629,293,29,7,2,1,0,0,1
14630,293,30,8,2,1,1,0,0
14631,293,31,8,2,1,1,0,0
14632,293,32,8,2,1,1,0,-1
14633,293,33,7,2,1,0,0,0
14634,293,34,7,2,1,0,0,0
14635,293,35,7,2,1,0,0,1
14636,293,36,8,2,1,1,0,0
14637,293,37,8,2,1,1,0,0
14638,293,38,8,2,1,1,-1,0
14639,293,39,2,1,0,1,0,0
14640,293,40,6,2,0,1,0,0
14641,293,41,6,2,0,1,0,0
14642,293,42,6,2,0,1,0,0
14643,293,43,6,2,0,1,1,0
14644,293,44,4,1,1,1,0,0
14645,293,45,4,1,1,1,0,0
14646,293,46,8,2,1,1,0,0
14647,293,47,8,2,1,1,0,-1
14648,293,48,7,2,1,0,-1,0
14649,293,49,1,1,0,0,0,0
14650,293,50,5,2,0,0,0,0
14651,294,1,8,2,1,1,-1,0
14652,294,2,6,2,0,1,0,-1
14653,294,3,5,2,0,0,0,0
14654,294,4,5,2,0,0,0,0
14655,294,5,5,2,0,0,0,1
14656,294,6,6,2,0,1,0,-1
14657,294,7,5,2,0,0,0,1
14658,294,8,6,2,0,1,1,0
14659,294,9,4,1,1,1,0,0
14660,294,10,4,1,1,1,0,-1
14661,294,11,3,1,1,0,0,0
14662,294,12,3,1,1,0,0,1
14663,294,13,4,1,1,1,0,0
14664,294,14,4,1,1,1,0,0
14665,294,15,4,1,1,1,-1,0
14666,294,16,2,1,0,1,0,0
14667,294,17,2,1,0,1,0,0
14668,294,18,6,2,0,1,1,0
14669,294,19,4,1,1,1,-1,-1
14670,294,20,1,1,0,0,0,1
14671,294,21,2,1,0,1,0,0
14672,294,22,2,1,0,1,0,0
14673,294,23,2,1,0,1,0,0
14674,294,24,2,1,0,1,0,0
14675,294,25,2,1,0,1,0,0
14676,294,26,2,1,0,1,0,0
14677,294,27,2,1,0,1,0,0
14678,294,28,6,2,0,1,1,0
14679,294,29,8,2,1,1,0,0
14680,294,30,8,2,1,1,0,-1
14681,294,31,7,2,1,0,0,1
14682,294,32,4,1,1,1,0,0
14683,294,33,8,2,1,1,0,0
14684,294,34,8,2,1,1,0,0
14685,294,35,4,1,1,1,-1,0
14686,294,36,2,1,0,1,0,0
14687,294,37,2,1,0,1,1,0
14688,294,38,4,1,1,1,-1,0
14689,294,39,6,2,0,1,0,0
14690,294,40,6,2,0,1,0,0
14691,294,41,6,2,0,1,1,0
14692,294,42,4,1,1,1,0,-1
14693,294,43,7,2,1,0,0,0
14694,294,44,7,2,1,0,0,1
14695,294,45,8,2,1,1,0,0
14696,294,46,8,2,1,1,0,0
14697,294,47,8,2,1,1,0,0
14698,294,48,8,2,1,1,0,0
14699,294,49,8,2,1,1,-1,0
14700,294,50,2,1,0,1,0,0
14701,295,1,8,2,1,1,0,0
14702,295,2,8,2,1,1,0,0
14703,295,3,8,2,1,1,0,0
14704,295,4,8,2,1,1,0,0
14705,295,5,8,2,1,1,0,0
14706,295,6,8,2,1,1,0,0
14707,295,7,8,2,1,1,0,0
14708,295,8,4,1,1,1,0,-1
14709,295,9,3,1,1,0,0,0
14710,295,10,3,1,1,0,0,1
14711,295,11,4,1,1,1,-1,0
14712,295,12,2,1,0,1,0,0
14713,295,13,2,1,0,1,1,0
14714,295,14,8,2,1,1,-1,0
14715,295,15,6,2,0,1,1,0
14716,295,16,8,2,1,1,0,0
14717,295,17,4,1,1,1,0,-1
14718,295,18,7,2,1,0,0,0
14719,295,19,7,2,1,0,0,0
14720,295,20,3,1,1,0,0,0
14721,295,21,3,1,1,0,0,0
14722,295,22,3,1,1,0,-1,0
14723,295,23,1,1,0,0,0,0
14724,295,24,1,1,0,0,0,1
14725,295,25,6,2,0,1,0,0
14726,295,26,6,2,0,1,0,0
14727,295,27,6,2,0,1,1,0
14728,295,28,8,2,1,1,0,0
14729,295,29,8,2,1,1,0,0
14730,295,30,4,1,1,1,0,0
14731,295,31,4,1,1,1,0,0
14732,295,32,8,2,1,1,0,-1
14733,295,33,3,1,1,0,0,1
14734,295,34,4,1,1,1,0,0
14735,295,35,8,2,1,1,0,0
14736,295,36,8,2,1,1,0,0
14737,295,37,4,1,1,1,0,0
14738,295,38,8,2,1,1,0,0
14739,295,39,4,1,1,1,0,0
14740,295,40,4,1,1,1,0,-1
14741,295,41,3,1,1,0,-1,1
14742,295,42,6,2,0,1,0,0
14743,295,43,6,2,0,1,0,0
14744,295,44,2,1,0,1,0,0
14745,295,45,2,1,0,1,0,0
14746,295,46,2,1,0,1,1,0
14747,295,47,8,2,1,1,0,0
14748,295,48,4,1,1,1,0,-1
14749,295,49,3,1,1,0,-1,0
14750,295,50,1,1,0,0,0,0
14751,296,1,1,1,0,0,0,0
14752,296,2,5,2,0,0,1,1
14753,296,3,4,1,1,1,0,0
14754,296,4,8,2,1,1,0,0
14755,296,5,8,2,1,1,0,0
14756,296,6,8,2,1,1,-1,0
14757,296,7,6,2,0,1,0,0
14758,296,8,2,1,0,1,1,-1
14759,296,9,3,1,1,0,0,0
14760,296,10,3,1,1,0,0,0
14761,296,11,3,1,1,0,0,0
14762,296,12,3,1,1,0,0,1
14763,296,13,4,1,1,1,0,0
14764,296,14,8,2,1,1,0,0
14765,296,15,8,2,1,1,-1,0
14766,296,16,6,2,0,1,0,0
14767,296,17,2,1,0,1,0,0
14768,296,18,2,1,0,1,0,0
14769,296,19,6,2,0,1,0,0
14770,296,20,6,2,0,1,0,-1
14771,296,21,1,1,0,0,0,0
14772,296,22,1,1,0,0,1,0
14773,296,23,3,1,1,0,0,0
14774,296,24,3,1,1,0,-1,0
14775,296,25,1,1,0,0,0,0
14776,296,26,1,1,0,0,0,0
14777,296,27,5,2,0,0,1,0
14778,296,28,7,2,1,0,0,0
14779,296,29,7,2,1,0,0,0
14780,296,30,7,2,1,0,0,0
14781,296,31,7,2,1,0,0,0
14782,296,32,3,1,1,0,0,0
14783,296,33,3,1,1,0,0,1
14784,296,34,4,1,1,1,0,0
14785,296,35,4,1,1,1,0,-1
14786,296,36,7,2,1,0,0,1
14787,296,37,8,2,1,1,0,0
14788,296,38,8,2,1,1,-1,0
14789,296,39,6,2,0,1,0,-1
14790,296,40,1,1,0,0,0,0
14791,296,41,1,1,0,0,0,0
14792,296,42,5,2,0,0,0,0
14793,296,43,1,1,0,0,0,0
14794,296,44,1,1,0,0,0,0
14795,296,45,1,1,0,0,0,0
14796,296,46,1,1,0,0,0,0
14797,296,47,1,1,0,0,1,0
14798,296,48,7,2,1,0,-1,0
14799,296,49,1,1,0,0,0,1
14800,296,50,6,2,0,1,0,0
14801,297,1,3,1,1,0,0,0
14802,297,2,7,2,1,0,0,1
14803,297,3,4,1,1,1,0,0
14804,297,4,4,1,1,1,0,0
14805,297,5,4,1,1,1,0,-1
14806,297,6,3,1,1,0,0,0
14807,297,7,3,1,1,0,0,1
14808,297,8,4,1,1,1,0,0
14809,297,9,4,1,1,1,0,0
14810,297,10,4,1,1,1,0,-1
14811,297,11,3,1,1,0,-1,0
14812,297,12,1,1,0,0,0,0
14813,297,13,1,1,0,0,0,1
14814,297,14,6,2,0,1,0,0
14815,297,15,2,1,0,1,0,0
14816,297,16,2,1,0,1,0,-1
14817,297,17,1,1,0,0,0,0
14818,297,18,5,2,0,0,0,0
14819,297,19,5,2,0,0,0,0
14820,297,20,5,2,0,0,0,1
14821,297,21,6,2,0,1,0,0
14822,297,22,2,1,0,1,1,-1
14823,297,23,7,2,1,0,0,0
14824,297,24,7,2,1,0,0,0
14825,297,25,7,2,1,0,0,0
14826,297,26,7,2,1,0,-1,0
14827,297,27,5,2,0,0,1,0
14828,297,28,7,2,1,0,0,1
14829,297,29,8,2,1,1,0,-1
14830,297,30,3,1,1,0,0,0
14831,297,31,3,1,1,0,0,0
14832,297,32,3,1,1,0,0,0
14833,297,33,3,1,1,0,0,1
14834,297,34,8,2,1,1,0,0
14835,297,35,8,2,1,1,0,0
14836,297,36,8,2,1,1,0,-1
14837,297,37,7,2,1,0,-1,0
14838,297,38,1,1,0,0,0,0
14839,297,39,5,2,0,0,1,0
14840,297,40,7,2,1,0,0,0
14841,297,41,7,2,1,0,0,0
14842,297,42,7,2,1,0,0,0
14843,297,43,7,2,1,0,0,0
14844,297,44,7,2,1,0,0,0
14845,297,45,7,2,1,0,-1,0
14846,297,46,5,2,0,0,0,0
14847,297,47,5,2,0,0,0,0
14848,297,48,5,2,0,0,1,1
14849,297,49,8,2,1,1,-1,0
14850,297,50,6,2,0,1,0,0
14851,298,1,6,2,0,1,0,0
14852,298,2,6,2,0,1,0,0
14853,298,3,6,2,0,1,0,0
14854,298,4,2,1,0,1,0,-1
14855,298,5,1,1,0,0,1,0
14856,298,6,3,1,1,0,0,0
14857,298,7,3,1,1,0,0,1
14858,298,8,8,2,1,1,0,0
14859,298,9,8,2,1,1,-1,0
14860,298,10,6,2,0,1,0,0
14861,298,11,2,1,0,1,0,0
14862,298,12,2,1,0,1,0,0
14863,298,13,6,2,0,1,0,0
14864,298,14,2,1,0,1,1,0
14865,298,15,4,1,1,1,0,0
14866,298,16,4,1,1,1,0,0
14867,298,17,4,1,1,1,0,-1
14868,298,18,3,1,1,0,0,0
14869,298,19,3,1,1,0,0,1
14870,298,20,4,1,1,1,0,0
14871,298,21,8,2,1,1,0,-1
14872,298,22,7,2,1,0,-1,0
14873,298,23,1,1,0,0,0,0
14874,298,24,1,1,0,0,1,1
14875,298,25,4,1,1,1,-1,0
14876,298,26,2,1,0,1,0,0
14877,298,27,2,1,0,1,0,-1
14878,298,28,1,1,0,0,0,0
14879,298,29,5,2,0,0,0,0
14880,298,30,1,1,0,0,0,0
14881,298,31,5,2,0,0,0,1
14882,298,32,6,2,0,1,0,0
14883,298,33,2,1,0,1,1,0
14884,298,34,4,1,1,1,0,0
14885,298,35,4,1,1,1,0,0
14886,298,36,4,1,1,1,-1,0
14887,298,37,6,2,0,1,0,0
14888,298,38,6,2,0,1,0,0
14889,298,39,2,1,0,1,0,0
14890,298,40,2,1,0,1,0,0
14891,298,41,6,2,0,1,1,0
14892,298,42,4,1,1,1,0,0
14893,298,43,4,1,1,1,-1,0
14894,298,44,2,1,0,1,0,0
14895,298,45,2,1,0,1,1,0
14896,298,46,8,2,1,1,0,0
14897,298,47,8,2,1,1,0,-1
14898,298,48,3,1,1,0,0,0
14899,298,49,3,1,1,0,0,1
14900,298,50,8,2,1,1,0,-1
14901,299,1,1,1,0,0,1,1
14902,299,2,4,1,1,1,0,-1
14903,299,3,3,1,1,0,0,0
14904,299,4,3,1,1,0,0,0
14905,299,5,3,1,1,0,0,1
14906,299,6,4,1,1,1,0,0
14907,299,7,4,1,1,1,0,-1
14908,299,8,3,1,1,0,0,0
14909,299,9,3,1,1,0,-1,0
14910,299,10,1,1,0,0,1,0
14911,299,11,3,1,1,0,0,1
14912,299,12,4,1,1,1,0,0
14913,299,13,4,1,1,1,0,0
14914,299,14,4,1,1,1,0,-1
14915,299,15,3,1,1,0,0,0
14916,299,16,3,1,1,0,0,0
14917,299,17,3,1,1,0,0,0
14918,299,18,7,2,1,0,0,0
14919,299,19,3,1,1,0,-1,1
14920,299,20,2,1,0,1,0,-1
14921,299,21,1,1,0,0,0,1
14922,299,22,2,1,0,1,0,0
14923,299,23,2,1,0,1,0,-1
14924,299,24,1,1,0,0,1,1
14925,299,25,4,1,1,1,-1,-1
14926,299,26,1,1,0,0,0,0
14927,299,27,1,1,0,0,1,0
14928,299,28,7,2,1,0,0,0
14929,299,29,3,1,1,0,0,0
14930,299,30,3,1,1,0,0,0
14931,299,31,3,1,1,0,0,0
14932,299,32,3,1,1,0,0,1
14933,299,33,4,1,1,1,0,0
14934,299,34,4,1,1,1,0,-1
14935,299,35,3,1,1,0,0,0
14936,299,36,7,2,1,0,0,0
14937,299,37,7,2,1,0,-1,1
14938,299,38,2,1,0,1,1,0
14939,299,39,4,1,1,1,-1,0
14940,299,40,2,1,0,1,0,0
14941,299,41,2,1,0,1,0,0
14942,299,42,2,1,0,1,1,-1
14943,299,43,3,1,1,0,0,0
14944,299,44,7,2,1,0,0,0
14945,299,45,7,2,1,0,-1,0
14946,299,46,5,2,0,0,0,0
14947,299,47,1,1,0,0,0,0
14948,299,48,1,1,0,0,0,0
14949,299,49,1,1,0,0,0,0
14950,299,50,5,2,0,0,0,0
14951,300,1,7,2,1,0,0,0
14952,300,2,7,2,1,0,0,0
14953,300,3,7,2,1,0,0,0
14954,300,4,3,1,1,0,0,0
14955,300,5,3,1,1,0,0,0
14956,300,6,3,1,1,0,0,0
14957,300,7,7,2,1,0,0,0
14958,300,8,3,1,1,0,0,0
14959,300,9,3,1,1,0,0,1
14960,300,10,4,1,1,1,0,0
14961,300,11,4,1,1,1,0,-1
14962,300,12,3,1,1,0,0,1
14963,300,13,4,1,1,1,0,-1
14964,300,14,3,1,1,0,-1,0
14965,300,15,1,1,0,0,0,0
14966,300,16,1,1,0,0,0,1
14967,300,17,2,1,0,1,0,-1
14968,300,18,1,1,0,0,0,0
14969,300,19,1,1,0,0,1,0
14970,300,20,3,1,1,0,0,0
14971,300,21,3,1,1,0,0,0
14972,300,22,7,2,1,0,0,0
14973,300,23,7,2,1,0,0,0
14974,300,24,7,2,1,0,-1,0
14975,300,25,5,2,0,0,1,0
14976,300,26,7,2,1,0,0,0
14977,300,27,3,1,1,0,0,0
14978,300,28,7,2,1,0,0,0
14979,300,29,3,1,1,0,0,0
14980,300,30,3,1,1,0,-1,0
14981,300,31,1,1,0,0,1,0
14982,300,32,3,1,1,0,0,0
14983,300,33,3,1,1,0,-1,0
14984,300,34,1,1,0,0,1,0
14985,300,35,3,1,1,0,0,1
14986,300,36,4,1,1,1,0,0
14987,300,37,4,1,1,1,0,0
14988,300,38,4,1,1,1,0,0
14989,300,39,4,1,1,1,-1,0
14990,300,40,2,1,0,1,0,-1
14991,300,41,1,1,0,0,1,1
14992,300,42,8,2,1,1,0,-1
14993,300,43,3,1,1,0,-1,1
14994,300,44,2,1,0,1,0,0
14995,300,45,2,1,0,1,0,0
14996,300,46,2,1,0,1,1,0
14997,300,47,4,1,1,1,0,0
14998,300,48,4,1,1,1,-1,0
14999,300,49,6,2,0,1,0,0
15000,300,50,6,2,0,1,0,0
15001,301,1,2,1,0,1,0,0
15002,301,2,2,1,0,1,1,-1
15003,301,3,3,1,1,0,0,1
15004,301,4,4,1,1,1,0,0
15005,301,5,4,1,1,1,0,0
15006,301,6,4,1,1,1,0,0
15007,301,7,4,1,1,1,0,-1
15008,301,8,7,2,1,0,-1,1
15009,301,9,6,2,0,1,0,-1
15010,301,10,1,1,0,0,0,0
15011,301,11,5,2,0,0,0,1
15012,301,12,6,2,0,1,0,0
15013,301,13,6,2,0,1,0,0
15014,301,14,6,2,0,1,1,0
15015,301,15,8,2,1,1,0,-1
15016,301,16,7,2,1,0,-1,1
15017,301,17,2,1,0,1,0,0
15018,301,18,2,1,0,1,0,-1
15019,301,19,1,1,0,0,0,0
15020,301,20,5,2,0,0,0,0
15021,301,21,1,1,0,0,0,0
15022,301,22,1,1,0,0,1,1
15023,301,23,4,1,1,1,0,0
15024,301,24,4,1,1,1,0,0
15025,301,25,8,2,1,1,0,0
15026,301,26,8,2,1,1,0,0
15027,301,27,8,2,1,1,0,0
15028,301,28,8,2,1,1,-1,0
15029,301,29,6,2,0,1,1,0
15030,301,30,4,1,1,1,0,0
15031,301,31,4,1,1,1,-1,0
15032,301,32,2,1,0,1,0,0
15033,301,33,2,1,0,1,0,0
15034,301,34,2,1,0,1,0,-1
15035,301,35,1,1,0,0,0,0
15036,301,36,5,2,0,0,0,0
15037,301,37,5,2,0,0,0,0
15038,301,38,5,2,0,0,1,1
15039,301,39,8,2,1,1,0,0
15040,301,40,4,1,1,1,-1,0
15041,301,41,2,1,0,1,0,-1
15042,301,42,1,1,0,0,1,1
15043,301,43,4,1,1,1,0,0
15044,301,44,4,1,1,1,0,0
15045,301,45,4,1,1,1,0,0
15046,301,46,4,1,1,1,0,-1
15047,301,47,7,2,1,0,0,0
15048,301,48,7,2,1,0,0,0
15049,301,49,3,1,1,0,0,0
15050,301,50,7,2,1,0,0,0
15051,302,1,6,2,0,1,1,-1
15052,302,2,7,2,1,0,0,0
15053,302,3,3,1,1,0,0,1
15054,302,4,4,1,1,1,-1,0
15055,302,5,2,1,0,1,0,-1
15056,302,6,1,1,0,0,0,0
15057,302,7,1,1,0,0,0,0
15058,302,8,5,2,0,0,0,0
15059,302,9,5,2,0,0,0,0
15060,302,10,5,2,0,0,0,0
15061,302,11,1,1,0,0,0,0
15062,302,12,1,1,0,0,0,0
15063,302,13,5,2,0,0,0,0
15064,302,14,1,1,0,0,0,0
15065,302,15,5,2,0,0,0,1
15066,302,16,6,2,0,1,0,0
15067,302,17,6,2,0,1,1,0
15068,302,18,8,2,1,1,0,0
15069,302,19,4,1,1,1,0,-1
15070,302,20,3,1,1,0,0,1
15071,302,21,4,1,1,1,-1,0
15072,302,22,2,1,0,1,1,0
15073,302,23,8,2,1,1,0,0
15074,302,24,8,2,1,1,0,0
15075,302,25,4,1,1,1,0,0
15076,302,26,4,1,1,1,0,-1
15077,302,27,3,1,1,0,0,0
15078,302,28,3,1,1,0,0,0
15079,302,29,3,1,1,0,0,1
15080,302,30,4,1,1,1,0,0
15081,302,31,8,2,1,1,0,0
15082,302,32,4,1,1,1,0,0
15083,302,33,4,1,1,1,0,0
15084,302,34,4,1,1,1,0,-1
15085,302,35,7,2,1,0,-1,1
15086,302,36,6,2,0,1,0,0
15087,302,37,2,1,0,1,0,-1
15088,302,38,1,1,0,0,0,1
15089,302,39,2,1,0,1,1,0
15090,302,40,4,1,1,1,0,0
15091,302,41,4,1,1,1,0,0
15092,302,42,4,1,1,1,-1,-1
15093,302,43,1,1,0,0,1,1
15094,302,44,4,1,1,1,-1,0
15095,302,45,6,2,0,1,0,-1
15096,302,46,1,1,0,0,0,1
15097,302,47,2,1,0,1,0,0
15098,302,48,6,2,0,1,1,0
15099,302,49,4,1,1,1,-1,0
15100,302,50,2,1,0,1,0,0
15101,303,1,8,2,1,1,0,0
15102,303,2,4,1,1,1,0,0
15103,303,3,4,1,1,1,0,0
15104,303,4,8,2,1,1,0,-1
15105,303,5,7,2,1,0,0,0
15106,303,6,3,1,1,0,-1,0
15107,303,7,1,1,0,0,1,0
15108,303,8,3,1,1,0,0,1
15109,303,9,4,1,1,1,0,-1
15110,303,10,3,1,1,0,-1,0
15111,303,11,5,2,0,0,0,0
15112,303,12,1,1,0,0,1,0
15113,303,13,3,1,1,0,0,0
15114,303,14,3,1,1,0,-1,0
15115,303,15,5,2,0,0,0,1
15116,303,16,6,2,0,1,0,-1
15117,303,17,1,1,0,0,0,0
15118,303,18,1,1,0,0,1,0
15119,303,19,3,1,1,0,-1,0
15120,303,20,5,2,0,0,0,1
15121,303,21,6,2,0,1,0,0
15122,303,22,2,1,0,1,0,0
15123,303,23,6,2,0,1,1,0
15124,303,24,8,2,1,1,0,-1
15125,303,25,7,2,1,0,0,0
15126,303,26,7,2,1,0,0,0
15127,303,27,7,2,1,0,0,1
15128,303,28,8,2,1,1,0,0
15129,303,29,8,2,1,1,0,0
15130,303,30,8,2,1,1,-1,-1
15131,303,31,5,2,0,0,0,0
15132,303,32,5,2,0,0,0,1
15133,303,33,6,2,0,1,0,0
15134,303,34,6,2,0,1,0,0
15135,303,35,6,2,0,1,1,0
15136,303,36,8,2,1,1,0,-1
15137,303,37,7,2,1,0,0,1
15138,303,38,8,2,1,1,0,-1
15139,303,39,7,2,1,0,0,0
15140,303,40,7,2,1,0,-1,0
15141,303,41,5,2,0,0,0,0
15142,303,42,1,1,0,0,0,0
15143,303,43,1,1,0,0,1,1
15144,303,44,4,1,1,1,0,0
15145,303,45,4,1,1,1,-1,-1
15146,303,46,5,2,0,0,0,0
15147,303,47,1,1,0,0,0,0
15148,303,48,1,1,0,0,0,0
15149,303,49,1,1,0,0,1,0
15150,303,50,3,1,1,0,0,1
15151,304,1,5,2,0,0,0,1
15152,304,2,6,2,0,1,0,-1
15153,304,3,5,2,0,0,0,1
15154,304,4,6,2,0,1,0,0
15155,304,5,6,2,0,1,0,-1
15156,304,6,5,2,0,0,1,0
15157,304,7,3,1,1,0,0,0
15158,304,8,3,1,1,0,0,0
15159,304,9,3,1,1,0,-1,0
15160,304,10,1,1,0,0,0,0
15161,304,11,1,1,0,0,0,1
15162,304,12,2,1,0,1,0,0
15163,304,13,2,1,0,1,1,0
15164,304,14,8,2,1,1,0,-1
15165,304,15,3,1,1,0,0,0
15166,304,16,7,2,1,0,0,0
15167,304,17,3,1,1,0,-1,1
15168,304,18,2,1,0,1,0,-1
15169,304,19,1,1,0,0,0,0
15170,304,20,1,1,0,0,0,0
15171,304,21,1,1,0,0,0,0
15172,304,22,5,2,0,0,1,0
15173,304,23,7,2,1,0,0,0
15174,304,24,7,2,1,0,0,1
15175,304,25,4,1,1,1,-1,0
15176,304,26,6,2,0,1,1,0
15177,304,27,4,1,1,1,0,0
15178,304,28,4,1,1,1,-1,0
15179,304,29,2,1,0,1,0,0
15180,304,30,2,1,0,1,0,0
15181,304,31,2,1,0,1,0,0
15182,304,32,6,2,0,1,0,0
15183,304,33,2,1,0,1,0,0
15184,304,34,2,1,0,1,0,0
15185,304,35,2,1,0,1,0,0
15186,304,36,2,1,0,1,0,0
15187,304,37,2,1,0,1,0,0
15188,304,38,6,2,0,1,0,0
15189,304,39,6,2,0,1,0,0
15190,304,40,2,1,0,1,0,0
15191,304,41,2,1,0,1,0,0
15192,304,42,2,1,0,1,1,-1
15193,304,43,3,1,1,0,0,0
15194,304,44,7,2,1,0,0,0
15195,304,45,3,1,1,0,0,0
15196,304,46,3,1,1,0,-1,0
15197,304,47,1,1,0,0,0,0
15198,304,48,1,1,0,0,1,0
15199,304,49,3,1,1,0,0,0
15200,304,50,3,1,1,0,-1,1
15201,305,1,1,1,0,0,0,0
15202,305,2,1,1,0,0,0,0
15203,305,3,1,1,0,0,0,0
15204,305,4,1,1,0,0,0,0
15205,305,5,1,1,0,0,1,0
15206,305,6,3,1,1,0,0,0
15207,305,7,7,2,1,0,0,1
15208,305,8,8,2,1,1,0,0
15209,305,9,4,1,1,1,0,0
15210,305,10,4,1,1,1,0,0
15211,305,11,4,1,1,1,0,-1
15212,305,12,3,1,1,0,0,0
15213,305,13,7,2,1,0,0,0
15214,305,14,7,2,1,0,-1,0
15215,305,15,5,2,0,0,0,0
15216,305,16,1,1,0,0,0,1
15217,305,17,6,2,0,1,0,0
15218,305,18,2,1,0,1,0,-1
15219,305,19,1,1,0,0,0,0
15220,305,20,5,2,0,0,0,0
15221,305,21,1,1,0,0,0,0
15222,305,22,1,1,0,0,0,0
15223,305,23,1,1,0,0,0,0
15224,305,24,1,1,0,0,1,0
15225,305,25,7,2,1,0,0,1
15226,305,26,8,2,1,1,-1,-1
15227,305,27,5,2,0,0,0,0
15228,305,28,5,2,0,0,0,1
15229,305,29,6,2,0,1,0,0
15230,305,30,2,1,0,1,0,0
15231,305,31,6,2,0,1,0,-1
15232,305,32,1,1,0,0,1,1
15233,305,33,8,2,1,1,0,0
15234,305,34,4,1,1,1,0,-1
15235,305,35,3,1,1,0,0,1
15236,305,36,4,1,1,1,0,-1
15237,305,37,7,2,1,0,0,1
15238,305,38,8,2,1,1,0,0
15239,305,39,8,2,1,1,0,-1
15240,305,40,7,2,1,0,0,0
15241,305,41,3,1,1,0,-1,1
15242,305,42,2,1,0,1,0,0
15243,305,43,6,2,0,1,0,0
15244,305,44,2,1,0,1,0,0
15245,305,45,2,1,0,1,0,0
15246,305,46,2,1,0,1,0,-1
15247,305,47,1,1,0,0,0,0
15248,305,48,1,1,0,0,0,1
15249,305,49,2,1,0,1,1,0
15250,305,50,4,1,1,1,-1,0
15251,306,1,6,2,0,1,1,-1
15252,306,2,7,2,1,0,0,1
15253,306,3,4,1,1,1,0,-1
15254,306,4,3,1,1,0,0,1
15255,306,5,4,1,1,1,0,-1
15256,306,6,3,1,1,0,0,0
15257,306,7,7,2,1,0,0,1
15258,306,8,8,2,1,1,0,0
15259,306,9,8,2,1,1,-1,0
15260,306,10,2,1,0,1,0,0
15261,306,11,2,1,0,1,1,0
15262,306,12,4,1,1,1,0,0
15263,306,13,8,2,1,1,0,0
15264,306,14,4,1,1,1,0,0
15265,306,15,4,1,1,1,0,-1
15266,306,16,3,1,1,0,0,0
15267,306,17,3,1,1,0,0,0
15268,306,18,3,1,1,0,0,1
15269,306,19,4,1,1,1,0,0
15270,306,20,4,1,1,1,0,-1
15271,306,21,3,1,1,0,0,0
15272,306,22,3,1,1,0,-1,0
15273,306,23,1,1,0,0,0,1
15274,306,24,2,1,0,1,0,0
15275,306,25,2,1,0,1,0,0
15276,306,26,2,1,0,1,1,0
15277,306,27,4,1,1,1,-1,0
15278,306,28,2,1,0,1,1,0
15279,306,29,8,2,1,1,0,0
15280,306,30,4,1,1,1,0,0
15281,306,31,4,1,1,1,0,0
15282,306,32,4,1,1,1,0,-1
15283,306,33,7,2,1,0,0,0
15284,306,34,3,1,1,0,0,1
15285,306,35,8,2,1,1,0,0
15286,306,36,8,2,1,1,0,0
15287,306,37,8,2,1,1,0,-1
15288,306,38,7,2,1,0,-1,0
15289,306,39,1,1,0,0,1,1
15290,306,40,4,1,1,1,0,0
15291,306,41,4,1,1,1,0,0
15292,306,42,4,1,1,1,-1,0
15293,306,43,6,2,0,1,0,0
15294,306,44,6,2,0,1,0,0
15295,306,45,2,1,0,1,0,0
15296,306,46,6,2,0,1,1,0
15297,306,47,8,2,1,1,0,0
15298,306,48,4,1,1,1,0,0
15299,306,49,4,1,1,1,-1,0
15300,306,50,6,2,0,1,0,0
15301,307,1,2,1,0,1,1,0
15302,307,2,8,2,1,1,0,0
15303,307,3,4,1,1,1,0,0
15304,307,4,8,2,1,1,0,-1
15305,307,5,3,1,1,0,0,0
15306,307,6,7,2,1,0,-1,0
15307,307,7,1,1,0,0,0,0
15308,307,8,1,1,0,0,1,1
15309,307,9,4,1,1,1,0,0
15310,307,10,4,1,1,1,0,0
15311,307,11,4,1,1,1,0,-1
15312,307,12,7,2,1,0,-1,1
15313,307,13,6,2,0,1,0,-1
15314,307,14,5,2,0,0,0,0
15315,307,15,1,1,0,0,1,0
15316,307,16,3,1,1,0,0,0
15317,307,17,3,1,1,0,0,0
15318,307,18,7,2,1,0,-1,0
15319,307,19,1,1,0,0,0,0
15320,307,20,1,1,0,0,0,1
15321,307,21,6,2,0,1,0,0
15322,307,22,2,1,0,1,0,0
15323,307,23,6,2,0,1,0,0
15324,307,24,6,2,0,1,0,0
15325,307,25,6,2,0,1,0,-1
15326,307,26,1,1,0,0,0,0
15327,307,27,1,1,0,0,0,0
15328,307,28,5,2,0,0,1,1
15329,307,29,4,1,1,1,-1,0
15330,307,30,2,1,0,1,0,0
15331,307,31,2,1,0,1,0,-1
15332,307,32,5,2,0,0,0,0
15333,307,33,5,2,0,0,0,0
15334,307,34,5,2,0,0,1,0
15335,307,35,3,1,1,0,0,0
15336,307,36,3,1,1,0,0,0
15337,307,37,3,1,1,0,0,1
15338,307,38,4,1,1,1,-1,0
15339,307,39,6,2,0,1,0,0
15340,307,40,6,2,0,1,0,0
15341,307,41,6,2,0,1,0,0
15342,307,42,6,2,0,1,0,0
15343,307,43,6,2,0,1,1,0
15344,307,44,8,2,1,1,0,-1
15345,307,45,3,1,1,0,-1,0
15346,307,46,5,2,0,0,0,0
15347,307,47,1,1,0,0,0,0
15348,307,48,1,1,0,0,0,1
15349,307,49,2,1,0,1,1,0
15350,307,50,4,1,1,1,0,0
15351,308,1,1,1,0,0,1,0
15352,308,2,3,1,1,0,0,0
15353,308,3,3,1,1,0,0,0
15354,308,4,3,1,1,0,0,0
15355,308,5,3,1,1,0,0,1
15356,308,6,4,1,1,1,0,0
15357,308,7,4,1,1,1,0,-1
15358,308,8,7,2,1,0,0,1
15359,308,9,4,1,1,1,0,0
15360,308,10,4,1,1,1,0,-1
15361,308,11,3,1,1,0,0,0
15362,308,12,3,1,1,0,0,0
15363,308,13,7,2,1,0,-1,0
15364,308,14,5,2,0,0,0,0
15365,308,15,5,2,0,0,1,0
15366,308,16,3,1,1,0,0,0
15367,308,17,7,2,1,0,0,0
15368,308,18,7,2,1,0,0,1
15369,308,19,8,2,1,1,0,0
15370,308,20,8,2,1,1,-1,0
15371,308,21,6,2,0,1,0,-1
15372,308,22,5,2,0,0,0,0
15373,308,23,5,2,0,0,1,1
15374,308,24,8,2,1,1,-1,0
15375,308,25,6,2,0,1,0,0
15376,308,26,6,2,0,1,0,0
15377,308,27,6,2,0,1,0,0
15378,308,28,6,2,0,1,0,0
15379,308,29,6,2,0,1,0,0
15380,308,30,6,2,0,1,0,0
15381,308,31,6,2,0,1,0,-1
15382,308,32,5,2,0,0,0,0
15383,308,33,1,1,0,0,0,0
15384,308,34,1,1,0,0,1,0
15385,308,35,3,1,1,0,-1,0
15386,308,36,1,1,0,0,0,0
15387,308,37,5,2,0,0,0,0
15388,308,38,5,2,0,0,1,0
15389,308,39,3,1,1,0,0,1
15390,308,40,4,1,1,1,0,0
15391,308,41,4,1,1,1,0,0
15392,308,42,8,2,1,1,0,0
15393,308,43,8,2,1,1,0,0
15394,308,44,8,2,1,1,0,0
15395,308,45,8,2,1,1,0,0
15396,308,46,4,1,1,1,0,0
15397,308,47,4,1,1,1,-1,0
15398,308,48,2,1,0,1,0,0
15399,308,49,2,1,0,1,1,0
15400,308,50,8,2,1,1,0,0
15401,309,1,2,1,0,1,0,-1
15402,309,2,1,1,0,0,0,0
15403,309,3,5,2,0,0,0,0
15404,309,4,1,1,0,0,1,0
15405,309,5,3,1,1,0,0,0
15406,309,6,3,1,1,0,0,0
15407,309,7,3,1,1,0,0,0
15408,309,8,3,1,1,0,0,1
15409,309,9,4,1,1,1,0,-1
15410,309,10,7,2,1,0,0,0
15411,309,11,3,1,1,0,0,0
15412,309,12,7,2,1,0,0,0
15413,309,13,7,2,1,0,0,0
15414,309,14,7,2,1,0,0,0
15415,309,15,7,2,1,0,0,1
15416,309,16,8,2,1,1,0,0
15417,309,17,4,1,1,1,0,0
15418,309,18,4,1,1,1,-1,-1
15419,309,19,5,2,0,0,0,0
15420,309,20,1,1,0,0,0,0
15421,309,21,1,1,0,0,0,0
15422,309,22,1,1,0,0,1,1
15423,309,23,4,1,1,1,0,0
15424,309,24,4,1,1,1,0,-1
15425,309,25,3,1,1,0,0,0
15426,309,26,7,2,1,0,-1,0
15427,309,27,1,1,0,0,0,0
15428,309,28,1,1,0,0,0,0
15429,309,29,1,1,0,0,0,0
15430,309,30,5,2,0,0,0,0
15431,309,31,5,2,0,0,1,0
15432,309,32,7,2,1,0,0,0
15433,309,33,7,2,1,0,-1,0
15434,309,34,1,1,0,0,0,0
15435,309,35,1,1,0,0,1,1
15436,309,36,8,2,1,1,0,0
15437,309,37,4,1,1,1,0,-1
15438,309,38,3,1,1,0,0,0
15439,309,39,7,2,1,0,0,1
15440,309,40,4,1,1,1,0,0
15441,309,41,8,2,1,1,-1,-1
15442,309,42,1,1,0,0,0,1
15443,309,43,6,2,0,1,0,0
15444,309,44,6,2,0,1,1,0
15445,309,45,8,2,1,1,0,0
15446,309,46,4,1,1,1,0,0
15447,309,47,4,1,1,1,0,-1
15448,309,48,3,1,1,0,0,0
15449,309,49,3,1,1,0,0,1
15450,309,50,8,2,1,1,0,-1
15451,310,1,1,1,0,0,0,1
15452,310,2,2,1,0,1,0,0
15453,310,3,6,2,0,1,0,0
15454,310,4,2,1,0,1,0,-1
15455,310,5,1,1,0,0,0,0
15456,310,6,5,2,0,0,0,1
15457,310,7,6,2,0,1,1,-1
15458,310,8,7,2,1,0,0,0
15459,310,9,7,2,1,0,0,0
15460,310,10,7,2,1,0,0,0
15461,310,11,7,2,1,0,0,1
15462,310,12,4,1,1,1,0,-1
15463,310,13,7,2,1,0,0,0
15464,310,14,7,2,1,0,0,0
15465,310,15,7,2,1,0,0,0
15466,310,16,3,1,1,0,0,0
15467,310,17,3,1,1,0,-1,0
15468,310,18,1,1,0,0,1,0
15469,310,19,3,1,1,0,0,1
15470,310,20,4,1,1,1,0,0
15471,310,21,4,1,1,1,-1,0
15472,310,22,2,1,0,1,1,0
15473,310,23,4,1,1,1,0,-1
15474,310,24,3,1,1,0,-1,0
15475,310,25,5,2,0,0,0,1
15476,310,26,6,2,0,1,1,-1
15477,310,27,3,1,1,0,0,1
15478,310,28,4,1,1,1,0,0
15479,310,29,4,1,1,1,0,0
15480,310,30,8,2,1,1,0,0
15481,310,31,4,1,1,1,0,0
15482,310,32,4,1,1,1,0,0
15483,310,33,4,1,1,1,-1,0
15484,310,34,2,1,0,1,0,0
15485,310,35,2,1,0,1,0,0
15486,310,36,2,1,0,1,0,0
15487,310,37,2,1,0,1,0,0
15488,310,38,2,1,0,1,0,0
15489,310,39,2,1,0,1,0,0
15490,310,40,2,1,0,1,0,0
15491,310,41,6,2,0,1,1,-1
15492,310,42,7,2,1,0,-1,0
15493,310,43,1,1,0,0,1,0
15494,310,44,7,2,1,0,0,0
15495,310,45,7,2,1,0,0,0
15496,310,46,7,2,1,0,0,0
15497,310,47,3,1,1,0,0,0
15498,310,48,3,1,1,0,0,1
15499,310,49,8,2,1,1,0,0
15500,310,50,8,2,1,1,0,0
15501,311,1,3,1,1,0,-1,0
15502,311,2,5,2,0,0,0,1
15503,311,3,6,2,0,1,1,0
15504,311,4,8,2,1,1,0,0
15505,311,5,4,1,1,1,0,0
15506,311,6,4,1,1,1,0,0
15507,311,7,8,2,1,1,0,-1
15508,311,8,7,2,1,0,0,0
15509,311,9,7,2,1,0,-1,1
15510,311,10,2,1,0,1,0,-1
15511,311,11,5,2,0,0,0,1
15512,311,12,6,2,0,1,0,0
15513,311,13,6,2,0,1,1,0
15514,311,14,8,2,1,1,0,0
15515,311,15,8,2,1,1,-1,0
15516,311,16,6,2,0,1,0,0
15517,311,17,2,1,0,1,0,0
15518,311,18,2,1,0,1,0,0
15519,311,19,2,1,0,1,1,0
15520,311,20,8,2,1,1,0,0
15521,311,21,4,1,1,1,-1,-1
15522,311,22,1,1,0,0,1,1
15523,311,23,4,1,1,1,-1,0
15524,311,24,6,2,0,1,1,-1
15525,311,25,3,1,1,0,0,0
15526,311,26,3,1,1,0,0,0
15527,311,27,7,2,1,0,0,1
15528,311,28,8,2,1,1,0,0
15529,311,29,8,2,1,1,0,0
15530,311,30,8,2,1,1,-1,0
15531,311,31,6,2,0,1,0,0
15532,311,32,6,2,0,1,1,0
15533,311,33,4,1,1,1,0,0
15534,311,34,4,1,1,1,0,-1
15535,311,35,3,1,1,0,0,0
15536,311,36,3,1,1,0,0,1
15537,311,37,4,1,1,1,0,0
15538,311,38,4,1,1,1,0,-1
15539,311,39,3,1,1,0,0,0
15540,311,40,3,1,1,0,0,1
15541,311,41,4,1,1,1,0,0
15542,311,42,4,1,1,1,0,-1
15543,311,43,3,1,1,0,0,0
15544,311,44,7,2,1,0,-1,1
15545,311,45,2,1,0,1,0,-1
15546,311,46,1,1,0,0,0,0
15547,311,47,1,1,0,0,0,0
15548,311,48,1,1,0,0,0,0
15549,311,49,1,1,0,0,1,0
15550,311,50,3,1,1,0,0,0
15551,312,1,6,2,0,1,1,0
15552,312,2,4,1,1,1,0,0
15553,312,3,8,2,1,1,0,0
15554,312,4,8,2,1,1,0,0
15555,312,5,4,1,1,1,0,0
15556,312,6,4,1,1,1,0,0
15557,312,7,4,1,1,1,0,0
15558,312,8,4,1,1,1,0,0
15559,312,9,4,1,1,1,0,-1
15560,312,10,3,1,1,0,-1,1
15561,312,11,6,2,0,1,0,0
15562,312,12,2,1,0,1,0,0
15563,312,13,6,2,0,1,0,-1
15564,312,14,5,2,0,0,1,1
15565,312,15,8,2,1,1,0,0
15566,312,16,4,1,1,1,-1,0
15567,312,17,2,1,0,1,0,0
15568,312,18,2,1,0,1,0,0
15569,312,19,2,1,0,1,0,0
15570,312,20,6,2,0,1,0,0
15571,312,21,6,2,0,1,0,0
15572,312,22,6,2,0,1,0,0
15573,312,23,6,2,0,1,0,-1
15574,312,24,1,1,0,0,0,0
15575,312,25,1,1,0,0,0,0
15576,312,26,1,1,0,0,0,1
15577,312,27,2,1,0,1,1,0
15578,312,28,4,1,1,1,0,0
15579,312,29,4,1,1,1,0,-1
15580,312,30,3,1,1,0,0,1
15581,312,31,4,1,1,1,0,0
15582,312,32,4,1,1,1,0,0
15583,312,33,4,1,1,1,-1,0
15584,312,34,6,2,0,1,0,0
15585,312,35,6,2,0,1,1,0
15586,312,36,8,2,1,1,0,0
15587,312,37,4,1,1,1,0,-1
15588,312,38,3,1,1,0,0,1
15589,312,39,8,2,1,1,0,0
15590,312,40,4,1,1,1,0,0
15591,312,41,8,2,1,1,0,0
15592,312,42,4,1,1,1,-1,-1
15593,312,43,5,2,0,0,0,0
15594,312,44,5,2,0,0,0,0
15595,312,45,1,1,0,0,0,1
15596,312,46,6,2,0,1,0,-1
15597,312,47,1,1,0,0,1,1
15598,312,48,8,2,1,1,0,0
15599,312,49,8,2,1,1,0,0
15600,312,50,8,2,1,1,0,0
15601,313,1,4,1,1,1,0,0
15602,313,2,4,1,1,1,0,0
15603,313,3,4,1,1,1,-1,-1
15604,313,4,1,1,0,0,0,1
15605,313,5,2,1,0,1,1,0
15606,313,6,4,1,1,1,0,0
15607,313,7,8,2,1,1,0,-1
15608,313,8,7,2,1,0,0,1
15609,313,9,8,2,1,1,0,-1
15610,313,10,3,1,1,0,0,0
15611,313,11,3,1,1,0,0,1
15612,313,12,4,1,1,1,0,0
15613,313,13,8,2,1,1,0,0
15614,313,14,8,2,1,1,0,0
15615,313,15,4,1,1,1,0,0
15616,313,16,4,1,1,1,-1,0
15617,313,17,2,1,0,1,1,0
15618,313,18,4,1,1,1,0,0
15619,313,19,8,2,1,1,-1,0
15620,313,20,2,1,0,1,1,0
15621,313,21,4,1,1,1,-1,0
15622,313,22,2,1,0,1,1,0
15623,313,23,8,2,1,1,0,0
15624,313,24,4,1,1,1,0,-1
15625,313,25,7,2,1,0,0,0
15626,313,26,3,1,1,0,0,0
15627,313,27,3,1,1,0,0,0
15628,313,28,3,1,1,0,0,1
15629,313,29,4,1,1,1,0,0
15630,313,30,4,1,1,1,0,0
15631,313,31,8,2,1,1,0,-1
15632,313,32,3,1,1,0,0,0
15633,313,33,3,1,1,0,0,1
15634,313,34,4,1,1,1,-1,0
15635,313,35,2,1,0,1,0,-1
15636,313,36,5,2,0,0,1,0
15637,313,37,7,2,1,0,0,0
15638,313,38,3,1,1,0,0,1
15639,313,39,8,2,1,1,0,0
15640,313,40,4,1,1,1,-1,-1
15641,313,41,1,1,0,0,0,1
15642,313,42,2,1,0,1,0,0
15643,313,43,6,2,0,1,0,0
15644,313,44,2,1,0,1,0,0
15645,313,45,2,1,0,1,0,0
15646,313,46,6,2,0,1,0,-1
15647,313,47,5,2,0,0,0,0
15648,313,48,1,1,0,0,0,0
15649,313,49,1,1,0,0,1,0
15650,313,50,3,1,1,0,0,0
15651,314,1,1,1,0,0,0,0
15652,314,2,1,1,0,0,0,0
15653,314,3,1,1,0,0,1,0
15654,314,4,7,2,1,0,0,0
15655,314,5,3,1,1,0,0,0
15656,314,6,3,1,1,0,0,0
15657,314,7,3,1,1,0,0,0
15658,314,8,3,1,1,0,0,0
15659,314,9,3,1,1,0,-1,1
15660,314,10,6,2,0,1,0,-1
15661,314,11,1,1,0,0,0,1
15662,314,12,2,1,0,1,0,0
15663,314,13,6,2,0,1,0,0
15664,314,14,2,1,0,1,1,0
15665,314,15,4,1,1,1,0,-1
15666,314,16,3,1,1,0,0,0
15667,314,17,3,1,1,0,0,0
15668,314,18,3,1,1,0,0,0
15669,314,19,3,1,1,0,0,0
15670,314,20,3,1,1,0,0,0
15671,314,21,7,2,1,0,0,1
15672,314,22,8,2,1,1,0,0
15673,314,23,8,2,1,1,0,-1
15674,314,24,7,2,1,0,0,0
15675,314,25,3,1,1,0,0,0
15676,314,26,7,2,1,0,-1,0
15677,314,27,5,2,0,0,0,0
15678,314,28,1,1,0,0,1,0
15679,314,29,3,1,1,0,0,1
15680,314,30,4,1,1,1,0,0
15681,314,31,4,1,1,1,0,0
15682,314,32,4,1,1,1,0,0
15683,314,33,4,1,1,1,0,0
15684,314,34,4,1,1,1,-1,0
15685,314,35,2,1,0,1,1,0
15686,314,36,8,2,1,1,0,0
15687,314,37,8,2,1,1,-1,-1
15688,314,38,1,1,0,0,1,0
15689,314,39,3,1,1,0,-1,0
15690,314,40,5,2,0,0,1,0
15691,314,41,7,2,1,0,-1,1
15692,314,42,6,2,0,1,0,0
15693,314,43,6,2,0,1,0,0
15694,314,44,6,2,0,1,0,0
15695,314,45,6,2,0,1,1,0
15696,314,46,4,1,1,1,-1,-1
15697,314,47,5,2,0,0,1,1
15698,314,48,4,1,1,1,-1,0
15699,314,49,6,2,0,1,0,0
15700,314,50,2,1,0,1,1,0
15701,315,1,1,1,0,0,0,1
15702,315,2,6,2,0,1,0,0
15703,315,3,6,2,0,1,0,0
15704,315,4,6,2,0,1,0,0
15705,315,5,6,2,0,1,0,0
15706,315,6,6,2,0,1,1,-1
15707,315,7,7,2,1,0,0,0
15708,315,8,3,1,1,0,-1,0
15709,315,9,1,1,0,0,1,1
15710,315,10,4,1,1,1,0,0
15711,315,11,8,2,1,1,-1,0
15712,315,12,6,2,0,1,0,0
15713,315,13,6,2,0,1,1,0
15714,315,14,4,1,1,1,0,-1
15715,315,15,3,1,1,0,0,1
15716,315,16,4,1,1,1,0,-1
15717,315,17,3,1,1,0,0,0
15718,315,18,3,1,1,0,0,0
15719,315,19,3,1,1,0,0,1
15720,315,20,4,1,1,1,0,0
15721,315,21,4,1,1,1,0,-1
15722,315,22,3,1,1,0,0,0
15723,315,23,3,1,1,0,0,1
15724,315,24,4,1,1,1,0,0
15725,315,25,8,2,1,1,0,0
15726,315,26,4,1,1,1,0,0
15727,315,27,4,1,1,1,0,0
15728,315,28,8,2,1,1,0,0
15729,315,29,4,1,1,1,0,0
15730,315,30,8,2,1,1,0,-1
15731,315,31,7,2,1,0,0,0
15732,315,32,7,2,1,0,0,0
15733,315,33,7,2,1,0,0,0
15734,315,34,3,1,1,0,0,1
15735,315,35,4,1,1,1,0,0
15736,315,36,4,1,1,1,0,-1
15737,315,37,3,1,1,0,0,0
15738,315,38,3,1,1,0,0,0
15739,315,39,3,1,1,0,0,1
15740,315,40,4,1,1,1,0,-1
15741,315,41,7,2,1,0,0,0
15742,315,42,7,2,1,0,0,0
15743,315,43,7,2,1,0,0,0
15744,315,44,3,1,1,0,0,0
15745,315,45,3,1,1,0,0,0
15746,315,46,3,1,1,0,0,0
15747,315,47,3,1,1,0,-1,1
15748,315,48,2,1,0,1,1,-1
15749,315,49,3,1,1,0,-1,0
15750,315,50,1,1,0,0,0,0
15751,316,1,6,2,0,1,0,0
15752,316,2,6,2,0,1,0,0
15753,316,3,2,1,0,1,1,0
15754,316,4,4,1,1,1,0,-1
15755,316,5,3,1,1,0,0,0
15756,316,6,7,2,1,0,0,0
15757,316,7,3,1,1,0,0,0
15758,316,8,7,2,1,0,0,0
15759,316,9,3,1,1,0,0,0
15760,316,10,7,2,1,0,0,1
15761,316,11,4,1,1,1,0,-1
15762,316,12,7,2,1,0,0,1
15763,316,13,8,2,1,1,0,-1
15764,316,14,7,2,1,0,0,1
15765,316,15,8,2,1,1,0,-1
15766,316,16,3,1,1,0,0,0
15767,316,17,7,2,1,0,-1,0
15768,316,18,5,2,0,0,0,1
15769,316,19,2,1,0,1,1,-1
15770,316,20,7,2,1,0,0,1
15771,316,21,4,1,1,1,0,0
15772,316,22,8,2,1,1,0,0
15773,316,23,4,1,1,1,0,0
15774,316,24,4,1,1,1,0,-1
15775,316,25,3,1,1,0,0,0
15776,316,26,3,1,1,0,-1,0
15777,316,27,1,1,0,0,0,0
15778,316,28,1,1,0,0,0,0
15779,316,29,5,2,0,0,1,0
15780,316,30,7,2,1,0,0,0
15781,316,31,7,2,1,0,0,0
15782,316,32,7,2,1,0,0,0
15783,316,33,7,2,1,0,0,0
15784,316,34,3,1,1,0,-1,0
15785,316,35,1,1,0,0,0,0
15786,316,36,1,1,0,0,0,0
15787,316,37,1,1,0,0,0,0
15788,316,38,1,1,0,0,1,0
15789,316,39,7,2,1,0,0,0
15790,316,40,7,2,1,0,0,0
15791,316,41,3,1,1,0,0,1
15792,316,42,4,1,1,1,0,0
15793,316,43,4,1,1,1,0,0
15794,316,44,4,1,1,1,-1,0
15795,316,45,6,2,0,1,0,0
15796,316,46,2,1,0,1,0,0
15797,316,47,2,1,0,1,0,0
15798,316,48,2,1,0,1,1,-1
15799,316,49,3,1,1,0,0,1
15800,316,50,8,2,1,1,0,0
15801,317,1,8,2,1,1,0,0
15802,317,2,8,2,1,1,-1,0
15803,317,3,6,2,0,1,1,0
15804,317,4,4,1,1,1,0,0
15805,317,5,8,2,1,1,-1,0
15806,317,6,2,1,0,1,1,-1
15807,317,7,3,1,1,0,0,1
15808,317,8,4,1,1,1,-1,-1
15809,317,9,5,2,0,0,0,0
15810,317,10,5,2,0,0,0,0
15811,317,11,1,1,0,0,0,0
15812,317,12,5,2,0,0,0,0
15813,317,13,5,2,0,0,0,0
15814,317,14,5,2,0,0,1,1
15815,317,15,4,1,1,1,-1,-1
15816,317,16,1,1,0,0,0,1
15817,317,17,2,1,0,1,1,0
15818,317,18,4,1,1,1,0,-1
15819,317,19,3,1,1,0,-1,1
15820,317,20,2,1,0,1,1,0
15821,317,21,4,1,1,1,0,0
15822,317,22,4,1,1,1,0,0
15823,317,23,8,2,1,1,-1,-1
15824,317,24,5,2,0,0,0,0
15825,317,25,1,1,0,0,0,0
15826,317,26,5,2,0,0,0,0
15827,317,27,5,2,0,0,0,0
15828,317,28,5,2,0,0,1,1
15829,317,29,8,2,1,1,-1,0
15830,317,30,6,2,0,1,0,0
15831,317,31,6,2,0,1,0,0
15832,317,32,6,2,0,1,0,0
15833,317,33,6,2,0,1,0,-1
15834,317,34,1,1,0,0,0,0
15835,317,35,5,2,0,0,1,0
15836,317,36,7,2,1,0,0,0
15837,317,37,7,2,1,0,-1,0
15838,317,38,5,2,0,0,0,0
15839,317,39,1,1,0,0,0,0
15840,317,40,1,1,0,0,0,1
15841,317,41,6,2,0,1,0,0
15842,317,42,6,2,0,1,0,-1
15843,317,43,1,1,0,0,0,0
15844,317,44,1,1,0,0,1,0
15845,317,45,7,2,1,0,0,0
15846,317,46,7,2,1,0,0,0
15847,317,47,7,2,1,0,-1,1
15848,317,48,2,1,0,1,0,0
15849,317,49,2,1,0,1,1,-1
15850,317,50,3,1,1,0,0,0
15851,318,1,7,2,1,0,0,1
15852,318,2,4,1,1,1,0,-1
15853,318,3,3,1,1,0,0,0
15854,318,4,7,2,1,0,-1,0
15855,318,5,5,2,0,0,0,0
15856,318,6,5,2,0,0,0,0
15857,318,7,5,2,0,0,1,0
15858,318,8,7,2,1,0,-1,1
15859,318,9,2,1,0,1,0,0
15860,318,10,2,1,0,1,0,0
15861,318,11,6,2,0,1,1,0
15862,318,12,8,2,1,1,0,-1
15863,318,13,3,1,1,0,0,1
15864,318,14,4,1,1,1,0,-1
15865,318,15,3,1,1,0,0,0
15866,318,16,3,1,1,0,0,0
15867,318,17,3,1,1,0,0,1
15868,318,18,4,1,1,1,0,0
15869,318,19,4,1,1,1,-1,-1
15870,318,20,1,1,0,0,0,0
15871,318,21,1,1,0,0,0,0
15872,318,22,1,1,0,0,0,0
15873,318,23,5,2,0,0,0,0
15874,318,24,5,2,0,0,1,1
15875,318,25,8,2,1,1,-1,-1
15876,318,26,5,2,0,0,0,1
15877,318,27,6,2,0,1,0,0
15878,318,28,2,1,0,1,1,0
15879,318,29,4,1,1,1,0,0
15880,318,30,8,2,1,1,0,-1
15881,318,31,3,1,1,0,0,1
15882,318,32,4,1,1,1,0,0
15883,318,33,4,1,1,1,-1,0
15884,318,34,2,1,0,1,0,0
15885,318,35,2,1,0,1,0,0
15886,318,36,6,2,0,1,1,0
15887,318,37,4,1,1,1,0,0
15888,318,38,4,1,1,1,0,-1
15889,318,39,3,1,1,0,0,0
15890,318,40,7,2,1,0,-1,0
15891,318,41,5,2,0,0,0,0
15892,318,42,1,1,0,0,0,0
15893,318,43,1,1,0,0,0,0
15894,318,44,5,2,0,0,0,0
15895,318,45,5,2,0,0,0,0
15896,318,46,5,2,0,0,0,0
15897,318,47,5,2,0,0,0,0
15898,318,48,1,1,0,0,1,0
15899,318,49,3,1,1,0,0,0
15900,318,50,7,2,1,0,0,0
15901,319,1,2,1,0,1,0,-1
15902,319,2,5,2,0,0,1,0
15903,319,3,7,2,1,0,0,0
15904,319,4,3,1,1,0,0,1
15905,319,5,8,2,1,1,-1,0
15906,319,6,6,2,0,1,0,0
15907,319,7,6,2,0,1,0,0
15908,319,8,2,1,0,1,1,0
15909,319,9,4,1,1,1,0,-1
15910,319,10,7,2,1,0,0,0
15911,319,11,3,1,1,0,0,0
15912,319,12,3,1,1,0,0,0
15913,319,13,7,2,1,0,0,0
15914,319,14,3,1,1,0,0,0
15915,319,15,3,1,1,0,0,1
15916,319,16,4,1,1,1,0,-1
15917,319,17,7,2,1,0,0,0
15918,319,18,3,1,1,0,0,0
15919,319,19,3,1,1,0,0,0
15920,319,20,3,1,1,0,0,1
15921,319,21,4,1,1,1,-1,0
15922,319,22,2,1,0,1,0,-1
15923,319,23,5,2,0,0,0,1
15924,319,24,2,1,0,1,0,0
15925,319,25,2,1,0,1,0,0
15926,319,26,2,1,0,1,0,0
15927,319,27,2,1,0,1,0,0
15928,319,28,2,1,0,1,0,0
15929,319,29,6,2,0,1,0,0
15930,319,30,2,1,0,1,0,-1
15931,319,31,5,2,0,0,1,0
15932,319,32,3,1,1,0,0,1
15933,319,33,4,1,1,1,0,0
15934,319,34,4,1,1,1,-1,-1
15935,319,35,1,1,0,0,0,0
15936,319,36,5,2,0,0,0,1
15937,319,37,2,1,0,1,0,-1
15938,319,38,1,1,0,0,0,1
15939,319,39,6,2,0,1,0,0
15940,319,40,6,2,0,1,0,0
15941,319,41,6,2,0,1,1,0
15942,319,42,8,2,1,1,0,0
15943,319,43,8,2,1,1,0,0
15944,319,44,4,1,1,1,0,0
15945,319,45,8,2,1,1,0,-1
15946,319,46,7,2,1,0,0,0
15947,319,47,3,1,1,0,0,0
15948,319,48,3,1,1,0,0,0
15949,319,49,3,1,1,0,0,0
15950,319,50,3,1,1,0,0,0
15951,320,1,1,1,0,0,1,0
15952,320,2,3,1,1,0,0,1
15953,320,3,4,1,1,1,0,0
15954,320,4,8,2,1,1,0,0
15955,320,5,8,2,1,1,0,0
15956,320,6,4,1,1,1,0,0
15957,320,7,8,2,1,1,0,0
15958,320,8,4,1,1,1,0,-1
15959,320,9,3,1,1,0,0,1
15960,320,10,8,2,1,1,0,0
15961,320,11,8,2,1,1,0,0
15962,320,12,4,1,1,1,0,0
15963,320,13,4,1,1,1,0,0
15964,320,14,4,1,1,1,0,0
15965,320,15,4,1,1,1,-1,0
15966,320,16,6,2,0,1,0,0
15967,320,17,2,1,0,1,0,0
15968,320,18,6,2,0,1,1,0
15969,320,19,8,2,1,1,0,0
15970,320,20,8,2,1,1,-1,0
15971,320,21,6,2,0,1,0,0
15972,320,22,6,2,0,1,1,0
15973,320,23,8,2,1,1,0,0
15974,320,24,8,2,1,1,-1,0
15975,320,25,6,2,0,1,0,0
15976,320,26,2,1,0,1,0,0
15977,320,27,2,1,0,1,0,-1
15978,320,28,1,1,0,0,0,1
15979,320,29,6,2,0,1,0,-1
15980,320,30,5,2,0,0,0,1
15981,320,31,2,1,0,1,0,0
15982,320,32,2,1,0,1,0,-1
15983,320,33,5,2,0,0,1,0
15984,320,34,3,1,1,0,0,0
15985,320,35,3,1,1,0,0,0
15986,320,36,3,1,1,0,0,0
15987,320,37,3,1,1,0,0,0
15988,320,38,3,1,1,0,0,0
15989,320,39,3,1,1,0,0,0
15990,320,40,3,1,1,0,0,0
15991,320,41,3,1,1,0,0,0
15992,320,42,3,1,1,0,0,1
15993,320,43,8,2,1,1,-1,0
15994,320,44,6,2,0,1,0,-1
15995,320,45,1,1,0,0,0,0
15996,320,46,1,1,0,0,0,0
15997,320,47,1,1,0,0,0,1
15998,320,48,6,2,0,1,0,0
15999,320,49,6,2,0,1,1,0
16000,320,50,8,2,1,1,-1,0
16001,321,1,1,1,0,0,1,0
16002,321,2,3,1,1,0,-1,0
16003,321,3,1,1,0,0,1,0
16004,321,4,3,1,1,0,-1,0
16005,321,5,1,1,0,0,1,0
16006,321,6,7,2,1,0,0,0
16007,321,7,3,1,1,0,-1,1
16008,321,8,2,1,0,1,0,0
16009,321,9,2,1,0,1,0,-1
16010,321,10,5,2,0,0,0,0
16011,321,11,1,1,0,0,1,1
16012,321,12,4,1,1,1,0,-1
16013,321,13,7,2,1,0,0,0
16014,321,14,7,2,1,0,0,1
16015,321,15,8,2,1,1,0,-1
16016,321,16,7,2,1,0,0,1
16017,321,17,8,2,1,1,0,0
16018,321,18,4,1,1,1,-1,0
16019,321,19,2,1,0,1,1,-1
16020,321,20,3,1,1,0,0,0
16021,321,21,3,1,1,0,0,0
16022,321,22,7,2,1,0,0,0
16023,321,23,7,2,1,0,0,0
16024,321,24,3,1,1,0,0,1
16025,321,25,8,2,1,1,-1,0
16026,321,26,2,1,0,1,0,0
16027,321,27,2,1,0,1,0,0
16028,321,28,2,1,0,1,0,0
16029,321,29,2,1,0,1,0,0
16030,321,30,2,1,0,1,1,0
16031,321,31,8,2,1,1,-1,0
16032,321,32,2,1,0,1,0,0
16033,321,33,6,2,0,1,1,-1
16034,321,34,7,2,1,0,0,0
16035,321,35,7,2,1,0,0,0
16036,321,36,3,1,1,0,-1,0
16037,321,37,1,1,0,0,0,0
16038,321,38,5,2,0,0,0,0
16039,321,39,5,2,0,0,0,0
16040,321,40,5,2,0,0,1,1
16041,321,41,4,1,1,1,0,0
16042,321,42,8,2,1,1,0,0
16043,321,43,4,1,1,1,0,0
16044,321,44,4,1,1,1,0,0
16045,321,45,4,1,1,1,-1,0
16046,321,46,6,2,0,1,0,0
16047,321,47,6,2,0,1,0,0
16048,321,48,6,2,0,1,0,0
16049,321,49,2,1,0,1,0,0
16050,321,50,6,2,0,1,1,-1
16051,322,1,8,2,1,1,0,0
16052,322,2,8,2,1,1,0,-1
16053,322,3,7,2,1,0,0,1
16054,322,4,8,2,1,1,0,0
16055,322,5,8,2,1,1,-1,0
16056,322,6,6,2,0,1,0,0
16057,322,7,2,1,0,1,1,0
16058,322,8,4,1,1,1,-1,0
16059,322,9,2,1,0,1,0,0
16060,322,10,2,1,0,1,1,0
16061,322,11,4,1,1,1,0,0
16062,322,12,4,1,1,1,0,0
16063,322,13,4,1,1,1,0,-1
16064,322,14,3,1,1,0,0,0
16065,322,15,7,2,1,0,0,0
16066,322,16,7,2,1,0,0,0
16067,322,17,3,1,1,0,0,1
16068,322,18,8,2,1,1,0,0
16069,322,19,8,2,1,1,0,-1
16070,322,20,7,2,1,0,0,0
16071,322,21,3,1,1,0,-1,1
16072,322,22,2,1,0,1,0,0
16073,322,23,2,1,0,1,1,0
16074,322,24,4,1,1,1,0,0
16075,322,25,8,2,1,1,0,-1
16076,322,26,7,2,1,0,0,0
16077,322,27,7,2,1,0,0,0
16078,322,28,7,2,1,0,-1,0
16079,322,29,5,2,0,0,1,1
16080,322,30,8,2,1,1,0,-1
16081,322,31,7,2,1,0,-1,0
16082,322,32,5,2,0,0,0,0
16083,322,33,5,2,0,0,1,1
16084,322,34,8,2,1,1,0,0
16085,322,35,8,2,1,1,0,0
16086,322,36,4,1,1,1,0,-1
16087,322,37,3,1,1,0,0,0
16088,322,38,7,2,1,0,0,0
16089,322,39,7,2,1,0,0,0
16090,322,40,7,2,1,0,0,0
16091,322,41,7,2,1,0,0,0
16092,322,42,7,2,1,0,-1,0
16093,322,43,5,2,0,0,0,0
16094,322,44,5,2,0,0,0,0
16095,322,45,5,2,0,0,1,1
16096,322,46,8,2,1,1,0,-1
16097,322,47,3,1,1,0,-1,0
16098,322,48,1,1,0,0,0,0
16099,322,49,5,2,0,0,0,0
16100,322,50,5,2,0,0,1,0
16101,323,1,5,2,0,0,1,0
16102,323,2,3,1,1,0,-1,0
16103,323,3,5,2,0,0,1,1
16104,323,4,8,2,1,1,0,0
16105,323,5,8,2,1,1,0,-1
16106,323,6,3,1,1,0,0,0
16107,323,7,3,1,1,0,0,0
16108,323,8,3,1,1,0,0,1
16109,323,9,4,1,1,1,0,-1
16110,323,10,3,1,1,0,-1,0
16111,323,11,1,1,0,0,0,0
16112,323,12,5,2,0,0,0,1
16113,323,13,6,2,0,1,0,-1
16114,323,14,1,1,0,0,1,0
16115,323,15,3,1,1,0,0,0
16116,323,16,7,2,1,0,0,0
16117,323,17,3,1,1,0,0,1
16118,323,18,8,2,1,1,0,0
16119,323,19,8,2,1,1,0,0
16120,323,20,8,2,1,1,-1,0
16121,323,21,6,2,0,1,0,0
16122,323,22,6,2,0,1,0,-1
16123,323,23,1,1,0,0,1,1
16124,323,24,4,1,1,1,-1,0
16125,323,25,2,1,0,1,0,0
16126,323,26,2,1,0,1,1,0
16127,323,27,4,1,1,1,0,0
16128,323,28,4,1,1,1,-1,0
16129,323,29,2,1,0,1,0,0
16130,323,30,2,1,0,1,0,0
16131,323,31,6,2,0,1,0,0
16132,323,32,6,2,0,1,0,0
16133,323,33,2,1,0,1,1,0
16134,323,34,4,1,1,1,0,0
16135,323,35,4,1,1,1,0,0
16136,323,36,4,1,1,1,0,0
16137,323,37,4,1,1,1,0,0
16138,323,38,8,2,1,1,0,0
16139,323,39,4,1,1,1,0,0
16140,323,40,8,2,1,1,0,0
16141,323,41,4,1,1,1,0,0
16142,323,42,8,2,1,1,0,0
16143,323,43,8,2,1,1,-1,0
16144,323,44,2,1,0,1,1,0
16145,323,45,4,1,1,1,-1,0
16146,323,46,2,1,0,1,0,0
16147,323,47,6,2,0,1,1,-1
16148,323,48,7,2,1,0,0,1
16149,323,49,4,1,1,1,0,0
16150,323,50,8,2,1,1,0,-1
16151,324,1,3,1,1,0,0,1
16152,324,2,4,1,1,1,0,0
16153,324,3,4,1,1,1,-1,0
16154,324,4,2,1,0,1,0,0
16155,324,5,6,2,0,1,1,0
16156,324,6,8,2,1,1,-1,0
16157,324,7,2,1,0,1,0,0
16158,324,8,2,1,0,1,0,0
16159,324,9,2,1,0,1,0,0
16160,324,10,2,1,0,1,1,0
16161,324,11,4,1,1,1,-1,0
16162,324,12,2,1,0,1,1,0
16163,324,13,4,1,1,1,0,0
16164,324,14,8,2,1,1,0,0
16165,324,15,4,1,1,1,0,0
16166,324,16,8,2,1,1,0,0
16167,324,17,4,1,1,1,0,0
16168,324,18,4,1,1,1,-1,-1
16169,324,19,1,1,0,0,1,0
16170,324,20,7,2,1,0,0,1
16171,324,21,8,2,1,1,-1,0
16172,324,22,6,2,0,1,0,0
16173,324,23,2,1,0,1,1,0
16174,324,24,4,1,1,1,0,0
16175,324,25,4,1,1,1,0,0
16176,324,26,4,1,1,1,0,-1
16177,324,27,3,1,1,0,0,1
16178,324,28,4,1,1,1,0,-1
16179,324,29,3,1,1,0,0,1
16180,324,30,4,1,1,1,-1,0
16181,324,31,2,1,0,1,1,0
16182,324,32,4,1,1,1,0,0
16183,324,33,4,1,1,1,0,0
16184,324,34,8,2,1,1,0,-1
16185,324,35,7,2,1,0,0,0
16186,324,36,7,2,1,0,0,1
16187,324,37,8,2,1,1,0,0
16188,324,38,4,1,1,1,0,0
16189,324,39,4,1,1,1,0,0
16190,324,40,4,1,1,1,0,-1
16191,324,41,3,1,1,0,0,0
16192,324,42,3,1,1,0,0,1
16193,324,43,4,1,1,1,0,0
16194,324,44,4,1,1,1,0,0
16195,324,45,8,2,1,1,-1,-1
16196,324,46,5,2,0,0,0,0
16197,324,47,5,2,0,0,0,0
16198,324,48,1,1,0,0,1,0
16199,324,49,3,1,1,0,0,0
16200,324,50,3,1,1,0,0,0
16201,325,1,7,2,1,0,0,0
16202,325,2,7,2,1,0,0,0
16203,325,3,3,1,1,0,0,0
16204,325,4,7,2,1,0,0,0
16205,325,5,7,2,1,0,0,1
16206,325,6,8,2,1,1,-1,0
16207,325,7,2,1,0,1,0,0
16208,325,8,6,2,0,1,0,-1
16209,325,9,5,2,0,0,1,0
16210,325,10,7,2,1,0,0,0
16211,325,11,7,2,1,0,-1,1
16212,325,12,6,2,0,1,1,0
16213,325,13,8,2,1,1,0,0
16214,325,14,4,1,1,1,-1,0
16215,325,15,2,1,0,1,1,-1
16216,325,16,7,2,1,0,0,0
16217,325,17,7,2,1,0,0,0
16218,325,18,7,2,1,0,0,0
16219,325,19,3,1,1,0,0,0
16220,325,20,3,1,1,0,0,0
16221,325,21,3,1,1,0,0,0
16222,325,22,3,1,1,0,-1,1
16223,325,23,2,1,0,1,1,0
16224,325,24,4,1,1,1,-1,-1
16225,325,25,1,1,0,0,0,0
16226,325,26,1,1,0,0,0,1
16227,325,27,6,2,0,1,0,0
16228,325,28,6,2,0,1,0,0
16229,325,29,2,1,0,1,0,-1
16230,325,30,5,2,0,0,0,0
16231,325,31,5,2,0,0,1,0
16232,325,32,3,1,1,0,-1,1
16233,325,33,2,1,0,1,0,0
16234,325,34,2,1,0,1,0,0
16235,325,35,2,1,0,1,0,-1
16236,325,36,1,1,0,0,1,0
16237,325,37,3,1,1,0,0,0
16238,325,38,3,1,1,0,0,0
16239,325,39,3,1,1,0,0,0
16240,325,40,3,1,1,0,0,0
16241,325,41,7,2,1,0,0,0
16242,325,42,3,1,1,0,-1,0
16243,325,43,1,1,0,0,1,0
16244,325,44,3,1,1,0,0,1
16245,325,45,8,2,1,1,-1,0
16246,325,46,2,1,0,1,0,0
16247,325,47,2,1,0,1,1,0
16248,325,48,8,2,1,1,0,0
16249,325,49,8,2,1,1,0,-1
16250,325,50,3,1,1,0,-1,0
16251,326,1,5,2,0,0,0,0
16252,326,2,1,1,0,0,0,0
16253,326,3,1,1,0,0,0,1
16254,326,4,2,1,0,1,0,0
16255,326,5,2,1,0,1,1,0
16256,326,6,8,2,1,1,0,0
16257,326,7,4,1,1,1,0,0
16258,326,8,4,1,1,1,0,-1
16259,326,9,3,1,1,0,0,1
16260,326,10,4,1,1,1,0,0
16261,326,11,4,1,1,1,-1,0
16262,326,12,2,1,0,1,0,0
16263,326,13,6,2,0,1,1,-1
16264,326,14,3,1,1,0,0,0
16265,326,15,3,1,1,0,0,0
16266,326,16,3,1,1,0,-1,0
16267,326,17,5,2,0,0,0,0
16268,326,18,5,2,0,0,0,0
16269,326,19,5,2,0,0,1,0
16270,326,20,7,2,1,0,0,0
16271,326,21,7,2,1,0,0,0
16272,326,22,3,1,1,0,0,0
16273,326,23,7,2,1,0,0,0
16274,326,24,3,1,1,0,0,0
16275,326,25,3,1,1,0,0,0
16276,326,26,7,2,1,0,-1,0
16277,326,27,1,1,0,0,1,1
16278,326,28,8,2,1,1,-1,0
16279,326,29,2,1,0,1,0,0
16280,326,30,2,1,0,1,0,0
16281,326,31,6,2,0,1,0,-1
16282,326,32,5,2,0,0,0,0
16283,326,33,1,1,0,0,0,1
16284,326,34,2,1,0,1,1,0
16285,326,35,4,1,1,1,-1,0
16286,326,36,6,2,0,1,1,-1
16287,326,37,3,1,1,0,0,0
16288,326,38,3,1,1,0,0,0
16289,326,39,3,1,1,0,-1,1
16290,326,40,2,1,0,1,1,0
16291,326,41,4,1,1,1,-1,-1
16292,326,42,1,1,0,0,0,0
16293,326,43,5,2,0,0,0,0
16294,326,44,1,1,0,0,1,0
16295,326,45,3,1,1,0,0,0
16296,326,46,3,1,1,0,-1,1
16297,326,47,6,2,0,1,0,-1
16298,326,48,1,1,0,0,0,0
16299,326,49,1,1,0,0,1,1
16300,326,50,4,1,1,1,0,-1
16301,327,1,1,1,0,0,0,0
16302,327,2,1,1,0,0,0,0
16303,327,3,5,2,0,0,0,1
16304,327,4,6,2,0,1,0,0
16305,327,5,6,2,0,1,0,0
16306,327,6,2,1,0,1,1,0
16307,327,7,4,1,1,1,0,0
16308,327,8,4,1,1,1,-1,0
16309,327,9,2,1,0,1,0,0
16310,327,10,2,1,0,1,0,0
16311,327,11,2,1,0,1,0,-1
16312,327,12,1,1,0,0,0,0
16313,327,13,1,1,0,0,0,0
16314,327,14,1,1,0,0,1,1
16315,327,15,4,1,1,1,0,0
16316,327,16,4,1,1,1,0,0
16317,327,17,8,2,1,1,0,-1
16318,327,18,7,2,1,0,-1,0
16319,327,19,5,2,0,0,0,1
16320,327,20,2,1,0,1,0,0
16321,327,21,2,1,0,1,0,-1
16322,327,22,1,1,0,0,1,0
16323,327,23,3,1,1,0,-1,0
16324,327,24,1,1,0,0,0,0
16325,327,25,1,1,0,0,0,0
16326,327,26,1,1,0,0,0,1
16327,327,27,2,1,0,1,0,0
16328,327,28,6,2,0,1,0,0
16329,327,29,6,2,0,1,0,-1
16330,327,30,5,2,0,0,0,0
16331,327,31,5,2,0,0,0,0
16332,327,32,1,1,0,0,0,0
16333,327,33,1,1,0,0,0,1
16334,327,34,2,1,0,1,0,0
16335,327,35,6,2,0,1,1,0
16336,327,36,8,2,1,1,0,-1
16337,327,37,7,2,1,0,0,0
16338,327,38,7,2,1,0,0,1
16339,327,39,4,1,1,1,0,0
16340,327,40,4,1,1,1,0,-1
16341,327,41,3,1,1,0,0,0
16342,327,42,3,1,1,0,-1,1
16343,327,43,6,2,0,1,1,0
16344,327,44,4,1,1,1,0,0
16345,327,45,4,1,1,1,0,-1
16346,327,46,3,1,1,0,0,0
16347,327,47,3,1,1,0,0,1
16348,327,48,8,2,1,1,0,-1
16349,327,49,3,1,1,0,0,0
16350,327,50,3,1,1,0,0,0
16351,328,1,5,2,0,0,1,0
16352,328,2,3,1,1,0,0,0
16353,328,3,3,1,1,0,0,0
16354,328,4,7,2,1,0,0,1
16355,328,5,4,1,1,1,-1,0
16356,328,6,6,2,0,1,0,0
16357,328,7,6,2,0,1,0,0
16358,328,8,6,2,0,1,0,0
16359,328,9,2,1,0,1,0,0
16360,328,10,2,1,0,1,1,-1
16361,328,11,7,2,1,0,0,0
16362,328,12,7,2,1,0,0,0
16363,328,13,7,2,1,0,0,0
16364,328,14,3,1,1,0,0,0
16365,328,15,3,1,1,0,0,0
16366,328,16,7,2,1,0,0,0
16367,328,17,7,2,1,0,-1,0
16368,328,18,1,1,0,0,0,1
16369,328,19,2,1,0,1,0,0
16370,328,20,2,1,0,1,0,0
16371,328,21,2,1,0,1,0,0
16372,328,22,2,1,0,1,0,-1
16373,328,23,1,1,0,0,0,0
16374,328,24,1,1,0,0,1,0
16375,328,25,3,1,1,0,-1,0
16376,328,26,1,1,0,0,0,0
16377,328,27,5,2,0,0,0,0
16378,328,28,5,2,0,0,0,0
16379,328,29,5,2,0,0,0,0
16380,328,30,5,2,0,0,0,0
16381,328,31,1,1,0,0,0,0
16382,328,32,1,1,0,0,0,0
16383,328,33,5,2,0,0,1,0
16384,328,34,7,2,1,0,0,0
16385,328,35,7,2,1,0,0,0
16386,328,36,3,1,1,0,0,1
16387,328,37,4,1,1,1,-1,0
16388,328,38,2,1,0,1,0,0
16389,328,39,2,1,0,1,0,-1
16390,328,40,1,1,0,0,1,0
16391,328,41,3,1,1,0,-1,0
16392,328,42,1,1,0,0,0,0
16393,328,43,1,1,0,0,1,0
16394,328,44,7,2,1,0,0,1
16395,328,45,8,2,1,1,-1,0
16396,328,46,6,2,0,1,1,0
16397,328,47,8,2,1,1,0,0
16398,328,48,8,2,1,1,0,-1
16399,328,49,3,1,1,0,0,0
16400,328,50,3,1,1,0,-1,0
16401,329,1,6,2,0,1,0,-1
16402,329,2,1,1,0,0,1,1
16403,329,3,4,1,1,1,0,-1
16404,329,4,7,2,1,0,0,0
16405,329,5,7,2,1,0,0,0
16406,329,6,7,2,1,0,0,1
16407,329,7,8,2,1,1,0,-1
16408,329,8,3,1,1,0,-1,0
16409,329,9,1,1,0,0,0,0
16410,329,10,1,1,0,0,0,0
16411,329,11,1,1,0,0,0,0
16412,329,12,1,1,0,0,1,1
16413,329,13,8,2,1,1,-1,0
16414,329,14,2,1,0,1,0,0
16415,329,15,2,1,0,1,1,0
16416,329,16,4,1,1,1,-1,0
16417,329,17,6,2,0,1,0,-1
16418,329,18,1,1,0,0,0,1
16419,329,19,2,1,0,1,0,0
16420,329,20,2,1,0,1,0,0
16421,329,21,2,1,0,1,0,0
16422,329,22,2,1,0,1,0,-1
16423,329,23,1,1,0,0,0,1
16424,329,24,6,2,0,1,0,0
16425,329,25,2,1,0,1,1,-1
16426,329,26,7,2,1,0,0,1
16427,329,27,4,1,1,1,0,0
16428,329,28,8,2,1,1,0,0
16429,329,29,4,1,1,1,0,0
16430,329,30,4,1,1,1,0,-1
16431,329,31,7,2,1,0,0,0
16432,329,32,7,2,1,0,-1,0
16433,329,33,1,1,0,0,1,1
16434,329,34,4,1,1,1,-1,0
16435,329,35,2,1,0,1,0,-1
16436,329,36,5,2,0,0,0,0
16437,329,37,5,2,0,0,0,0
16438,329,38,5,2,0,0,0,1
16439,329,39,6,2,0,1,1,0
16440,329,40,4,1,1,1,0,0
16441,329,41,4,1,1,1,0,0
16442,329,42,4,1,1,1,0,0
16443,329,43,4,1,1,1,0,0
16444,329,44,8,2,1,1,0,0
16445,329,45,4,1,1,1,0,0
16446,329,46,4,1,1,1,0,0
16447,329,47,8,2,1,1,-1,0
16448,329,48,2,1,0,1,0,0
16449,329,49,2,1,0,1,0,0
16450,329,50,2,1,0,1,1,-1
16451,330,1,7,2,1,0,0,0
16452,330,2,7,2,1,0,0,0
16453,330,3,3,1,1,0,0,0
16454,330,4,3,1,1,0,-1,1
16455,330,5,2,1,0,1,0,0
16456,330,6,2,1,0,1,0,0
16457,330,7,6,2,0,1,0,0
16458,330,8,6,2,0,1,1,0
16459,330,9,8,2,1,1,0,0
16460,330,10,8,2,1,1,0,0
16461,330,11,8,2,1,1,0,-1
16462,330,12,3,1,1,0,0,0
16463,330,13,3,1,1,0,0,0
16464,330,14,7,2,1,0,0,1
16465,330,15,8,2,1,1,0,-1
16466,330,16,3,1,1,0,-1,0
16467,330,17,1,1,0,0,0,0
16468,330,18,5,2,0,0,0,0
16469,330,19,1,1,0,0,0,0
16470,330,20,1,1,0,0,1,0
16471,330,21,3,1,1,0,-1,0
16472,330,22,1,1,0,0,1,1
16473,330,23,4,1,1,1,0,0
16474,330,24,4,1,1,1,-1,0
16475,330,25,2,1,0,1,0,0
16476,330,26,2,1,0,1,0,0
16477,330,27,6,2,0,1,0,0
16478,330,28,2,1,0,1,0,0
16479,330,29,2,1,0,1,0,0
16480,330,30,2,1,0,1,1,0
16481,330,31,8,2,1,1,0,0
16482,330,32,8,2,1,1,0,0
16483,330,33,8,2,1,1,-1,-1
16484,330,34,1,1,0,0,1,0
16485,330,35,3,1,1,0,0,0
16486,330,36,3,1,1,0,0,0
16487,330,37,3,1,1,0,0,1
16488,330,38,8,2,1,1,0,-1
16489,330,39,3,1,1,0,0,0
16490,330,40,3,1,1,0,-1,0
16491,330,41,1,1,0,0,0,1
16492,330,42,6,2,0,1,0,-1
16493,330,43,5,2,0,0,0,0
16494,330,44,1,1,0,0,0,1
16495,330,45,2,1,0,1,0,0
16496,330,46,2,1,0,1,1,0
16497,330,47,4,1,1,1,0,0
16498,330,48,4,1,1,1,0,0
16499,330,49,4,1,1,1,0,-1
16500,330,50,7,2,1,0,0,0
16501,331,1,8,2,1,1,-1,0
16502,331,2,2,1,0,1,0,-1
16503,331,3,5,2,0,0,0,1
16504,331,4,6,2,0,1,0,-1
16505,331,5,5,2,0,0,1,0
16506,331,6,7,2,1,0,0,0
16507,331,7,3,1,1,0,-1,0
16508,331,8,1,1,0,0,0,0
16509,331,9,1,1,0,0,1,0
16510,331,10,7,2,1,0,0,0
16511,331,11,7,2,1,0,-1,0
16512,331,12,5,2,0,0,1,1
16513,331,13,8,2,1,1,0,0
16514,331,14,8,2,1,1,0,0
16515,331,15,4,1,1,1,0,0
16516,331,16,8,2,1,1,0,0
16517,331,17,8,2,1,1,0,0
16518,331,18,4,1,1,1,-1,-1
16519,331,19,1,1,0,0,0,1
16520,331,20,6,2,0,1,0,0
16521,331,21,2,1,0,1,0,0
16522,331,22,6,2,0,1,1,0
16523,331,23,8,2,1,1,-1,0
16524,331,24,6,2,0,1,1,0
16525,331,25,8,2,1,1,-1,0
16526,331,26,6,2,0,1,1,0
16527,331,27,8,2,1,1,0,0
16528,331,28,8,2,1,1,0,0
16529,331,29,8,2,1,1,0,0
16530,331,30,4,1,1,1,0,0
16531,331,31,4,1,1,1,0,0
16532,331,32,4,1,1,1,-1,0
16533,331,33,2,1,0,1,0,-1
16534,331,34,5,2,0,0,1,1
16535,331,35,4,1,1,1,-1,0
16536,331,36,6,2,0,1,1,-1
16537,331,37,7,2,1,0,0,0
16538,331,38,7,2,1,0,0,1
16539,331,39,4,1,1,1,0,0
16540,331,40,8,2,1,1,0,0
16541,331,41,8,2,1,1,0,0
16542,331,42,8,2,1,1,-1,0
16543,331,43,2,1,0,1,1,0
16544,331,44,4,1,1,1,-1,0
16545,331,45,2,1,0,1,0,0
16546,331,46,6,2,0,1,0,0
16547,331,47,2,1,0,1,0,0
16548,331,48,2,1,0,1,0,0
16549,331,49,2,1,0,1,0,0
16550,331,50,2,1,0,1,0,0
16551,332,1,4,1,1,1,0,0
16552,332,2,4,1,1,1,0,0
16553,332,3,4,1,1,1,0,0
16554,332,4,4,1,1,1,-1,0
16555,332,5,6,2,0,1,0,0
16556,332,6,2,1,0,1,0,-1
16557,332,7,5,2,0,0,0,0
16558,332,8,1,1,0,0,0,0
16559,332,9,1,1,0,0,1,0
16560,332,10,3,1,1,0,-1,0
16561,332,11,1,1,0,0,1,0
16562,332,12,3,1,1,0,0,0
16563,332,13,3,1,1,0,0,0
16564,332,14,3,1,1,0,-1,0
16565,332,15,1,1,0,0,0,1
16566,332,16,2,1,0,1,1,0
16567,332,17,8,2,1,1,-1,0
16568,332,18,6,2,0,1,0,0
16569,332,19,2,1,0,1,0,-1
16570,332,20,1,1,0,0,1,1
16571,332,21,4,1,1,1,-1,0
16572,332,22,2,1,0,1,1,0
16573,332,23,8,2,1,1,0,0
16574,332,24,8,2,1,1,-1,0
16575,332,25,6,2,0,1,0,0
16576,332,26,6,2,0,1,0,0
16577,332,27,6,2,0,1,0,-1
16578,332,28,5,2,0,0,0,0
16579,332,29,5,2,0,0,1,0
16580,332,30,7,2,1,0,0,0
16581,332,31,3,1,1,0,0,0
16582,332,32,3,1,1,0,0,0
16583,332,33,7,2,1,0,-1,0
16584,332,34,1,1,0,0,0,0
16585,332,35,1,1,0,0,0,0
16586,332,36,5,2,0,0,0,0
16587,332,37,5,2,0,0,0,0
16588,332,38,1,1,0,0,0,1
16589,332,39,2,1,0,1,0,0
16590,332,40,6,2,0,1,1,0
16591,332,41,4,1,1,1,0,0
16592,332,42,4,1,1,1,0,0
16593,332,43,8,2,1,1,0,0
16594,332,44,8,2,1,1,-1,0
16595,332,45,2,1,0,1,1,-1
16596,332,46,3,1,1,0,0,1
16597,332,47,4,1,1,1,0,-1
16598,332,48,7,2,1,0,-1,0
16599,332,49,5,2,0,0,0,0
16600,332,50,5,2,0,0,1,0
16601,333,1,4,1,1,1,-1,0
16602,333,2,2,1,0,1,1,0
16603,333,3,8,2,1,1,0,0
16604,333,4,8,2,1,1,0,0
16605,333,5,8,2,1,1,0,0
16606,333,6,4,1,1,1,0,0
16607,333,7,8,2,1,1,0,0
16608,333,8,4,1,1,1,0,-1
16609,333,9,3,1,1,0,0,0
16610,333,10,7,2,1,0,0,0
16611,333,11,7,2,1,0,0,0
16612,333,12,3,1,1,0,0,0
16613,333,13,7,2,1,0,0,0
16614,333,14,7,2,1,0,0,0
16615,333,15,3,1,1,0,0,1
16616,333,16,4,1,1,1,0,0
16617,333,17,8,2,1,1,0,-1
16618,333,18,7,2,1,0,0,0
16619,333,19,3,1,1,0,-1,0
16620,333,20,1,1,0,0,0,0
16621,333,21,1,1,0,0,1,0
16622,333,22,3,1,1,0,0,1
16623,333,23,4,1,1,1,0,0
16624,333,24,4,1,1,1,0,0
16625,333,25,8,2,1,1,0,0
16626,333,26,8,2,1,1,-1,0
16627,333,27,6,2,0,1,0,0
16628,333,28,6,2,0,1,0,0
16629,333,29,2,1,0,1,1,0
16630,333,30,4,1,1,1,0,-1
16631,333,31,3,1,1,0,-1,0
16632,333,32,1,1,0,0,0,0
16633,333,33,1,1,0,0,0,0
16634,333,34,1,1,0,0,0,0
16635,333,35,1,1,0,0,0,0
16636,333,36,1,1,0,0,0,0
16637,333,37,1,1,0,0,0,0
16638,333,38,1,1,0,0,1,0
16639,333,39,3,1,1,0,0,0
16640,333,40,3,1,1,0,0,0
16641,333,41,3,1,1,0,0,0
16642,333,42,3,1,1,0,0,0
16643,333,43,7,2,1,0,0,0
16644,333,44,7,2,1,0,0,0
16645,333,45,7,2,1,0,0,1
16646,333,46,4,1,1,1,-1,0
16647,333,47,6,2,0,1,0,0
16648,333,48,6,2,0,1,0,-1
16649,333,49,1,1,0,0,1,0
16650,333,50,7,2,1,0,0,0
16651,334,1,1,1,0,0,0,0
16652,334,2,5,2,0,0,0,1
16653,334,3,2,1,0,1,0,0
16654,334,4,6,2,0,1,0,-1
16655,334,5,5,2,0,0,0,1
16656,334,6,6,2,0,1,0,0
16657,334,7,2,1,0,1,0,-1
16658,334,8,1,1,0,0,0,0
16659,334,9,1,1,0,0,0,0
16660,334,10,1,1,0,0,1,1
16661,334,11,4,1,1,1,0,0
16662,334,12,4,1,1,1,0,0
16663,334,13,4,1,1,1,0,0
16664,334,14,8,2,1,1,-1,0
16665,334,15,2,1,0,1,0,-1
16666,334,16,5,2,0,0,0,1
16667,334,17,6,2,0,1,1,0
16668,334,18,4,1,1,1,0,0
16669,334,19,4,1,1,1,0,0
16670,334,20,4,1,1,1,0,0
16671,334,21,4,1,1,1,0,-1
16672,334,22,3,1,1,0,0,1
16673,334,23,4,1,1,1,-1,0
16674,334,24,6,2,0,1,0,0
16675,334,25,2,1,0,1,1,0
16676,334,26,8,2,1,1,0,-1
16677,334,27,7,2,1,0,0,0
16678,334,28,7,2,1,0,0,0
16679,334,29,7,2,1,0,0,0
16680,334,30,7,2,1,0,0,0
16681,334,31,3,1,1,0,0,0
16682,334,32,3,1,1,0,0,0
16683,334,33,7,2,1,0,0,0
16684,334,34,3,1,1,0,0,0
16685,334,35,3,1,1,0,-1,0
16686,334,36,1,1,0,0,1,0
16687,334,37,3,1,1,0,0,0
16688,334,38,3,1,1,0,0,0
16689,334,39,3,1,1,0,0,1
16690,334,40,4,1,1,1,0,0
16691,334,41,4,1,1,1,-1,0
16692,334,42,6,2,0,1,0,0
16693,334,43,6,2,0,1,0,0
16694,334,44,6,2,0,1,0,0
16695,334,45,6,2,0,1,0,-1
16696,334,46,5,2,0,0,1,1
16697,334,47,4,1,1,1,-1,0
16698,334,48,6,2,0,1,0,0
16699,334,49,6,2,0,1,0,0
16700,334,50,6,2,0,1,0,-1
16701,335,1,6,2,0,1,0,0
16702,335,2,2,1,0,1,0,0
16703,335,3,6,2,0,1,0,0
16704,335,4,2,1,0,1,1,0
16705,335,5,8,2,1,1,-1,0
16706,335,6,6,2,0,1,0,-1
16707,335,7,5,2,0,0,0,1
16708,335,8,2,1,0,1,0,0
16709,335,9,2,1,0,1,0,0
16710,335,10,6,2,0,1,0,0
16711,335,11,6,2,0,1,0,-1
16712,335,12,5,2,0,0,1,0
16713,335,13,3,1,1,0,0,1
16714,335,14,4,1,1,1,0,-1
16715,335,15,3,1,1,0,0,1
16716,335,16,4,1,1,1,-1,0
16717,335,17,2,1,0,1,0,0
16718,335,18,6,2,0,1,0,0
16719,335,19,2,1,0,1,1,-1
16720,335,20,3,1,1,0,0,0
16721,335,21,3,1,1,0,0,1
16722,335,22,8,2,1,1,0,0
16723,335,23,8,2,1,1,0,0
16724,335,24,4,1,1,1,0,-1
16725,335,25,3,1,1,0,0,0
16726,335,26,3,1,1,0,0,1
16727,335,27,4,1,1,1,0,-1
16728,335,28,7,2,1,0,-1,0
16729,335,29,1,1,0,0,0,0
16730,335,30,1,1,0,0,0,0
16731,335,31,1,1,0,0,0,1
16732,335,32,6,2,0,1,0,0
16733,335,33,2,1,0,1,1,0
16734,335,34,8,2,1,1,0,0
16735,335,35,4,1,1,1,-1,0
16736,335,36,2,1,0,1,1,0
16737,335,37,8,2,1,1,-1,-1
16738,335,38,1,1,0,0,0,1
16739,335,39,2,1,0,1,0,-1
16740,335,40,1,1,0,0,0,0
16741,335,41,1,1,0,0,0,1
16742,335,42,2,1,0,1,0,0
16743,335,43,2,1,0,1,0,-1
16744,335,44,1,1,0,0,0,0
16745,335,45,5,2,0,0,0,0
16746,335,46,1,1,0,0,0,0
16747,335,47,5,2,0,0,0,0
16748,335,48,5,2,0,0,1,0
16749,335,49,3,1,1,0,-1,1
16750,335,50,2,1,0,1,1,0
16751,336,1,2,1,0,1,1,0
16752,336,2,4,1,1,1,0,0
16753,336,3,8,2,1,1,0,0
16754,336,4,4,1,1,1,0,-1
16755,336,5,3,1,1,0,0,0
16756,336,6,7,2,1,0,0,1
16757,336,7,8,2,1,1,-1,0
16758,336,8,2,1,0,1,0,0
16759,336,9,2,1,0,1,0,0
16760,336,10,6,2,0,1,0,-1
16761,336,11,5,2,0,0,1,0
16762,336,12,7,2,1,0,0,0
16763,336,13,7,2,1,0,0,0
16764,336,14,7,2,1,0,0,1
16765,336,15,8,2,1,1,-1,0
16766,336,16,6,2,0,1,0,0
16767,336,17,2,1,0,1,1,0
16768,336,18,4,1,1,1,0,-1
16769,336,19,3,1,1,0,0,0
16770,336,20,3,1,1,0,0,0
16771,336,21,7,2,1,0,-1,0
16772,336,22,5,2,0,0,0,0
16773,336,23,5,2,0,0,1,1
16774,336,24,4,1,1,1,-1,0
16775,336,25,6,2,0,1,0,0
16776,336,26,6,2,0,1,0,0
16777,336,27,6,2,0,1,0,0
16778,336,28,6,2,0,1,0,0
16779,336,29,2,1,0,1,0,-1
16780,336,30,1,1,0,0,1,0
16781,336,31,3,1,1,0,-1,1
16782,336,32,2,1,0,1,0,0
16783,336,33,2,1,0,1,0,0
16784,336,34,2,1,0,1,0,0
16785,336,35,2,1,0,1,0,0
16786,336,36,2,1,0,1,1,0
16787,336,37,4,1,1,1,0,-1
16788,336,38,3,1,1,0,0,1
16789,336,39,4,1,1,1,0,0
16790,336,40,4,1,1,1,0,0
16791,336,41,4,1,1,1,-1,0
16792,336,42,2,1,0,1,0,0
16793,336,43,6,2,0,1,0,0
16794,336,44,2,1,0,1,0,0
16795,336,45,2,1,0,1,0,0
16796,336,46,6,2,0,1,0,-1
16797,336,47,1,1,0,0,0,0
16798,336,48,1,1,0,0,1,0
16799,336,49,7,2,1,0,-1,0
16800,336,50,1,1,0,0,0,0
16801,337,1,2,1,0,1,1,0
16802,337,2,4,1,1,1,0,-1
16803,337,3,3,1,1,0,0,0
16804,337,4,3,1,1,0,-1,0
16805,337,5,1,1,0,0,0,1
16806,337,6,2,1,0,1,0,0
16807,337,7,6,2,0,1,0,0
16808,337,8,2,1,0,1,0,0
16809,337,9,2,1,0,1,0,-1
16810,337,10,1,1,0,0,0,0
16811,337,11,1,1,0,0,0,0
16812,337,12,1,1,0,0,1,0
16813,337,13,3,1,1,0,-1,0
16814,337,14,1,1,0,0,0,1
16815,337,15,2,1,0,1,0,0
16816,337,16,6,2,0,1,0,0
16817,337,17,6,2,0,1,0,-1
16818,337,18,5,2,0,0,0,1
16819,337,19,6,2,0,1,1,0
16820,337,20,8,2,1,1,0,-1
16821,337,21,3,1,1,0,-1,1
16822,337,22,2,1,0,1,0,0
16823,337,23,2,1,0,1,0,0
16824,337,24,6,2,0,1,0,-1
16825,337,25,1,1,0,0,0,0
16826,337,26,1,1,0,0,0,0
16827,337,27,1,1,0,0,1,1
16828,337,28,4,1,1,1,0,0
16829,337,29,8,2,1,1,0,-1
16830,337,30,3,1,1,0,0,0
16831,337,31,3,1,1,0,0,0
16832,337,32,7,2,1,0,0,0
16833,337,33,7,2,1,0,0,1
16834,337,34,8,2,1,1,0,0
16835,337,35,4,1,1,1,0,0
16836,337,36,8,2,1,1,0,0
16837,337,37,8,2,1,1,0,-1
16838,337,38,7,2,1,0,0,0
16839,337,39,7,2,1,0,0,0
16840,337,40,7,2,1,0,0,0
16841,337,41,7,2,1,0,0,0
16842,337,42,7,2,1,0,0,0
16843,337,43,7,2,1,0,0,1
16844,337,44,4,1,1,1,0,0
16845,337,45,4,1,1,1,0,-1
16846,337,46,3,1,1,0,0,0
16847,337,47,3,1,1,0,0,0
16848,337,48,3,1,1,0,0,0
16849,337,49,7,2,1,0,0,0
16850,337,50,3,1,1,0,0,0
16851,338,1,3,1,1,0,0,0
16852,338,2,3,1,1,0,0,0
16853,338,3,3,1,1,0,0,1
16854,338,4,4,1,1,1,0,0
16855,338,5,4,1,1,1,0,0
16856,338,6,8,2,1,1,-1,0
16857,338,7,6,2,0,1,0,0
16858,338,8,2,1,0,1,0,-1
16859,338,9,1,1,0,0,1,0
16860,338,10,3,1,1,0,0,1
16861,338,11,4,1,1,1,0,0
16862,338,12,8,2,1,1,0,-1
16863,338,13,7,2,1,0,-1,0
16864,338,14,5,2,0,0,0,0
16865,338,15,1,1,0,0,0,1
16866,338,16,2,1,0,1,0,0
16867,338,17,2,1,0,1,0,0
16868,338,18,2,1,0,1,1,-1
16869,338,19,7,2,1,0,0,1
16870,338,20,8,2,1,1,0,0
16871,338,21,8,2,1,1,0,-1
16872,338,22,7,2,1,0,0,0
16873,338,23,3,1,1,0,-1,0
16874,338,24,1,1,0,0,0,0
16875,338,25,5,2,0,0,1,1
16876,338,26,4,1,1,1,0,0
16877,338,27,8,2,1,1,0,-1
16878,338,28,7,2,1,0,0,0
16879,338,29,3,1,1,0,-1,0
16880,338,30,1,1,0,0,0,0
16881,338,31,1,1,0,0,0,0
16882,338,32,1,1,0,0,0,0
16883,338,33,1,1,0,0,0,0
16884,338,34,5,2,0,0,1,0
16885,338,35,7,2,1,0,0,0
16886,338,36,3,1,1,0,0,0
16887,338,37,3,1,1,0,0,0
16888,338,38,3,1,1,0,0,0
16889,338,39,3,1,1,0,0,1
16890,338,40,4,1,1,1,0,-1
16891,338,41,7,2,1,0,-1,0
16892,338,42,1,1,0,0,0,0
16893,338,43,1,1,0,0,0,0
16894,338,44,1,1,0,0,0,1
16895,338,45,2,1,0,1,0,0
16896,338,46,2,1,0,1,0,0
16897,338,47,2,1,0,1,0,-1
16898,338,48,1,1,0,0,0,0
16899,338,49,1,1,0,0,0,0
16900,338,50,1,1,0,0,0,0
16901,339,1,4,1,1,1,0,0
16902,339,2,4,1,1,1,0,0
16903,339,3,8,2,1,1,0,0
16904,339,4,4,1,1,1,0,0
16905,339,5,4,1,1,1,0,0
16906,339,6,4,1,1,1,0,0
16907,339,7,4,1,1,1,-1,0
16908,339,8,6,2,0,1,1,0
16909,339,9,4,1,1,1,-1,-1
16910,339,10,5,2,0,0,0,0
16911,339,11,5,2,0,0,0,0
16912,339,12,5,2,0,0,0,0
16913,339,13,5,2,0,0,0,0
16914,339,14,5,2,0,0,0,0
16915,339,15,1,1,0,0,0,0
16916,339,16,1,1,0,0,0,0
16917,339,17,5,2,0,0,1,0
16918,339,18,7,2,1,0,0,0
16919,339,19,3,1,1,0,0,0
16920,339,20,3,1,1,0,-1,0
16921,339,21,1,1,0,0,0,0
16922,339,22,1,1,0,0,0,0
16923,339,23,5,2,0,0,0,1
16924,339,24,2,1,0,1,0,-1
16925,339,25,5,2,0,0,1,0
16926,339,26,3,1,1,0,0,1
16927,339,27,4,1,1,1,0,0
16928,339,28,4,1,1,1,0,-1
16929,339,29,3,1,1,0,0,1
16930,339,30,8,2,1,1,0,0
16931,339,31,8,2,1,1,0,0
16932,339,32,4,1,1,1,0,0
16933,339,33,4,1,1,1,0,-1
16934,339,34,3,1,1,0,0,0
16935,339,35,7,2,1,0,0,0
16936,339,36,3,1,1,0,0,1
16937,339,37,4,1,1,1,0,0
16938,339,38,4,1,1,1,0,0
16939,339,39,4,1,1,1,0,0
16940,339,40,8,2,1,1,0,0
16941,339,41,4,1,1,1,-1,0
16942,339,42,2,1,0,1,1,0
16943,339,43,4,1,1,1,0,0
16944,339,44,8,2,1,1,0,0
16945,339,45,4,1,1,1,0,0
16946,339,46,4,1,1,1,0,-1
16947,339,47,3,1,1,0,0,0
16948,339,48,3,1,1,0,0,0
16949,339,49,3,1,1,0,0,0
16950,339,50,7,2,1,0,0,1
16951,340,1,1,1,0,0,0,1
16952,340,2,6,2,0,1,0,0
16953,340,3,2,1,0,1,1,0
16954,340,4,4,1,1,1,0,0
16955,340,5,8,2,1,1,-1,0
16956,340,6,2,1,0,1,0,0
16957,340,7,6,2,0,1,0,0
16958,340,8,6,2,0,1,0,0
16959,340,9,6,2,0,1,0,0
16960,340,10,2,1,0,1,0,0
16961,340,11,2,1,0,1,0,0
16962,340,12,2,1,0,1,1,0
16963,340,13,4,1,1,1,0,0
16964,340,14,4,1,1,1,0,0
16965,340,15,4,1,1,1,-1,-1
16966,340,16,1,1,0,0,1,0
16967,340,17,3,1,1,0,0,0
16968,340,18,7,2,1,0,0,1
16969,340,19,8,2,1,1,0,0
16970,340,20,8,2,1,1,0,-1
16971,340,21,3,1,1,0,0,0
16972,340,22,3,1,1,0,0,0
16973,340,23,3,1,1,0,0,0
16974,340,24,7,2,1,0,0,1
16975,340,25,8,2,1,1,0,0
16976,340,26,4,1,1,1,0,-1
16977,340,27,3,1,1,0,-1,0
16978,340,28,1,1,0,0,1,0
16979,340,29,3,1,1,0,0,0
16980,340,30,3,1,1,0,0,0
16981,340,31,3,1,1,0,-1,0
16982,340,32,1,1,0,0,0,0
16983,340,33,1,1,0,0,0,0
16984,340,34,1,1,0,0,1,0
16985,340,35,7,2,1,0,0,0
16986,340,36,3,1,1,0,0,0
16987,340,37,7,2,1,0,0,0
16988,340,38,7,2,1,0,0,1
16989,340,39,4,1,1,1,0,0
16990,340,40,4,1,1,1,0,-1
16991,340,41,7,2,1,0,-1,0
16992,340,42,5,2,0,0,0,0
16993,340,43,1,1,0,0,0,0
16994,340,44,1,1,0,0,1,0
16995,340,45,3,1,1,0,0,0
16996,340,46,3,1,1,0,0,0
16997,340,47,7,2,1,0,0,1
16998,340,48,4,1,1,1,-1,0
16999,340,49,2,1,0,1,0,-1
17000,340,50,1,1,0,0,0,0
17001,341,1,1,1,0,0,1,0
17002,341,2,3,1,1,0,0,1
17003,341,3,4,1,1,1,0,-1
17004,341,4,3,1,1,0,0,0
17005,341,5,7,2,1,0,0,0
17006,341,6,7,2,1,0,-1,0
17007,341,7,5,2,0,0,1,0
17008,341,8,7,2,1,0,0,0
17009,341,9,7,2,1,0,0,0
17010,341,10,3,1,1,0,-1,0
17011,341,11,1,1,0,0,0,0
17012,341,12,1,1,0,0,0,0
17013,341,13,5,2,0,0,0,0
17014,341,14,5,2,0,0,1,0
17015,341,15,3,1,1,0,0,0
17016,341,16,3,1,1,0,-1,0
17017,341,17,1,1,0,0,1,0
17018,341,18,7,2,1,0,0,0
17019,341,19,7,2,1,0,-1,0
17020,341,20,1,1,0,0,0,0
17021,341,21,5,2,0,0,1,0
17022,341,22,3,1,1,0,0,0
17023,341,23,3,1,1,0,0,0
17024,341,24,3,1,1,0,-1,0
17025,341,25,5,2,0,0,0,0
17026,341,26,1,1,0,0,0,0
17027,341,27,1,1,0,0,0,0
17028,341,28,5,2,0,0,0,0
17029,341,29,1,1,0,0,0,0
17030,341,30,1,1,0,0,0,1
17031,341,31,2,1,0,1,0,-1
17032,341,32,1,1,0,0,0,0
17033,341,33,1,1,0,0,0,0
17034,341,34,1,1,0,0,0,0
17035,341,35,1,1,0,0,0,0
17036,341,36,1,1,0,0,0,1
17037,341,37,2,1,0,1,0,0
17038,341,38,2,1,0,1,1,0
17039,341,39,4,1,1,1,-1,0
17040,341,40,2,1,0,1,0,0
17041,341,41,6,2,0,1,0,0
17042,341,42,6,2,0,1,1,0
17043,341,43,8,2,1,1,-1,0
17044,341,44,2,1,0,1,0,0
17045,341,45,2,1,0,1,0,-1
17046,341,46,1,1,0,0,1,1
17047,341,47,8,2,1,1,0,0
17048,341,48,8,2,1,1,0,0
17049,341,49,8,2,1,1,0,-1
17050,341,50,7,2,1,0,0,1
17051,342,1,4,1,1,1,-1,0
17052,342,2,2,1,0,1,0,0
17053,342,3,2,1,0,1,0,0
17054,342,4,2,1,0,1,0,0
17055,342,5,2,1,0,1,1,0
17056,342,6,4,1,1,1,0,-1
17057,342,7,3,1,1,0,0,0
17058,342,8,3,1,1,0,0,0
17059,342,9,3,1,1,0,0,0
17060,342,10,3,1,1,0,0,1
17061,342,11,8,2,1,1,0,0
17062,342,12,8,2,1,1,-1,0
17063,342,13,6,2,0,1,0,0
17064,342,14,6,2,0,1,1,-1
17065,342,15,7,2,1,0,0,0
17066,342,16,3,1,1,0,0,0
17067,342,17,3,1,1,0,0,0
17068,342,18,3,1,1,0,-1,0
17069,342,19,1,1,0,0,1,0
17070,342,20,7,2,1,0,0,0
17071,342,21,7,2,1,0,0,0
17072,342,22,7,2,1,0,0,0
17073,342,23,7,2,1,0,-1,0
17074,342,24,5,2,0,0,0,0
17075,342,25,1,1,0,0,1,1
17076,342,26,8,2,1,1,-1,0
17077,342,27,2,1,0,1,0,0
17078,342,28,2,1,0,1,0,0
17079,342,29,6,2,0,1,0,-1
17080,342,30,5,2,0,0,0,0
17081,342,31,5,2,0,0,0,0
17082,342,32,1,1,0,0,0,0
17083,342,33,1,1,0,0,0,0
17084,342,34,5,2,0,0,1,0
17085,342,35,7,2,1,0,0,0
17086,342,36,7,2,1,0,0,0
17087,342,37,3,1,1,0,0,1
17088,342,38,4,1,1,1,0,-1
17089,342,39,7,2,1,0,0,0
17090,342,40,7,2,1,0,0,0
17091,342,41,7,2,1,0,0,0
17092,342,42,3,1,1,0,0,0
17093,342,43,3,1,1,0,0,1
17094,342,44,4,1,1,1,0,0
17095,342,45,4,1,1,1,0,0
17096,342,46,8,2,1,1,0,-1
17097,342,47,3,1,1,0,-1,0
17098,342,48,5,2,0,0,0,0
17099,342,49,1,1,0,0,0,0
17100,342,50,1,1,0,0,0,0
17101,343,1,7,2,1,0,0,0
17102,343,2,7,2,1,0,0,0
17103,343,3,3,1,1,0,0,0
17104,343,4,3,1,1,0,0,1
17105,343,5,8,2,1,1,0,0
17106,343,6,4,1,1,1,-1,-1
17107,343,7,1,1,0,0,1,0
17108,343,8,7,2,1,0,0,0
17109,343,9,7,2,1,0,0,0
17110,343,10,7,2,1,0,0,0
17111,343,11,7,2,1,0,0,0
17112,343,12,7,2,1,0,-1,0
17113,343,13,5,2,0,0,1,0
17114,343,14,7,2,1,0,-1,0
17115,343,15,5,2,0,0,0,0
17116,343,16,5,2,0,0,0,0
17117,343,17,5,2,0,0,0,0
17118,343,18,1,1,0,0,0,0
17119,343,19,1,1,0,0,0,0
17120,343,20,1,1,0,0,0,0
17121,343,21,5,2,0,0,0,1
17122,343,22,2,1,0,1,0,-1
17123,343,23,1,1,0,0,0,1
17124,343,24,2,1,0,1,0,0
17125,343,25,6,2,0,1,0,0
17126,343,26,6,2,0,1,1,0
17127,343,27,8,2,1,1,0,0
17128,343,28,8,2,1,1,0,-1
17129,343,29,7,2,1,0,0,0
17130,343,30,7,2,1,0,0,1
17131,343,31,4,1,1,1,0,-1
17132,343,32,3,1,1,0,0,0
17133,343,33,7,2,1,0,0,0
17134,343,34,7,2,1,0,0,0
17135,343,35,7,2,1,0,0,0
17136,343,36,3,1,1,0,0,0
17137,343,37,3,1,1,0,-1,0
17138,343,38,1,1,0,0,1,0
17139,343,39,3,1,1,0,0,0
17140,343,40,3,1,1,0,0,0
17141,343,41,3,1,1,0,0,1
17142,343,42,4,1,1,1,0,-1
17143,343,43,7,2,1,0,0,0
17144,343,44,3,1,1,0,0,1
17145,343,45,8,2,1,1,-1,0
17146,343,46,2,1,0,1,0,0
17147,343,47,2,1,0,1,1,-1
17148,343,48,3,1,1,0,0,0
17149,343,49,7,2,1,0,-1,0
17150,343,50,5,2,0,0,1,0
17151,344,1,8,2,1,1,0,-1
17152,344,2,7,2,1,0,0,1
17153,344,3,4,1,1,1,0,0
17154,344,4,8,2,1,1,0,0
17155,344,5,8,2,1,1,-1,0
17156,344,6,2,1,0,1,0,-1
17157,344,7,1,1,0,0,0,0
17158,344,8,1,1,0,0,1,1
17159,344,9,4,1,1,1,0,0
17160,344,10,8,2,1,1,0,0
17161,344,11,8,2,1,1,0,-1
17162,344,12,3,1,1,0,0,0
17163,344,13,3,1,1,0,0,1
17164,344,14,4,1,1,1,0,0
17165,344,15,8,2,1,1,0,-1
17166,344,16,7,2,1,0,0,0
17167,344,17,3,1,1,0,0,0
17168,344,18,3,1,1,0,0,0
17169,344,19,3,1,1,0,0,0
17170,344,20,3,1,1,0,-1,0
17171,344,21,1,1,0,0,0,0
17172,344,22,1,1,0,0,1,1
17173,344,23,4,1,1,1,0,0
17174,344,24,4,1,1,1,0,-1
17175,344,25,3,1,1,0,0,1
17176,344,26,4,1,1,1,0,-1
17177,344,27,3,1,1,0,0,0
17178,344,28,3,1,1,0,0,0
17179,344,29,7,2,1,0,0,0
17180,344,30,7,2,1,0,0,0
17181,344,31,7,2,1,0,0,1
17182,344,32,8,2,1,1,0,0
17183,344,33,8,2,1,1,0,-1
17184,344,34,7,2,1,0,0,1
17185,344,35,8,2,1,1,-1,0
17186,344,36,2,1,0,1,0,0
17187,344,37,2,1,0,1,0,0
17188,344,38,2,1,0,1,1,0
17189,344,39,4,1,1,1,0,0
17190,344,40,4,1,1,1,0,0
17191,344,41,4,1,1,1,0,0
17192,344,42,4,1,1,1,0,0
17193,344,43,4,1,1,1,0,0
17194,344,44,8,2,1,1,0,0
17195,344,45,8,2,1,1,0,-1
17196,344,46,7,2,1,0,-1,0
17197,344,47,5,2,0,0,0,1
17198,344,48,6,2,0,1,0,0
17199,344,49,2,1,0,1,0,0
17200,344,50,6,2,0,1,0,0
17201,345,1,7,2,1,0,0,1
17202,345,2,8,2,1,1,0,0
17203,345,3,8,2,1,1,0,0
17204,345,4,8,2,1,1,0,0
17205,345,5,8,2,1,1,0,-1
17206,345,6,3,1,1,0,0,0
17207,345,7,3,1,1,0,0,0
17208,345,8,3,1,1,0,0,1
17209,345,9,4,1,1,1,0,-1
17210,345,10,7,2,1,0,0,0
17211,345,11,7,2,1,0,0,0
17212,345,12,3,1,1,0,-1,0
17213,345,13,1,1,0,0,0,1
17214,345,14,2,1,0,1,0,0
17215,345,15,2,1,0,1,1,-1
17216,345,16,3,1,1,0,0,0
17217,345,17,3,1,1,0,0,0
17218,345,18,3,1,1,0,0,0
17219,345,19,7,2,1,0,-1,0
17220,345,20,1,1,0,0,0,0
17221,345,21,1,1,0,0,0,0
17222,345,22,1,1,0,0,0,0
17223,345,23,1,1,0,0,0,1
17224,345,24,2,1,0,1,1,0
17225,345,25,4,1,1,1,-1,0
17226,345,26,2,1,0,1,0,0
17227,345,27,6,2,0,1,0,-1
17228,345,28,1,1,0,0,0,0
17229,345,29,5,2,0,0,0,0
17230,345,30,1,1,0,0,0,0
17231,345,31,5,2,0,0,0,0
17232,345,32,5,2,0,0,0,0
17233,345,33,5,2,0,0,0,1
17234,345,34,6,2,0,1,0,0
17235,345,35,2,1,0,1,1,-1
17236,345,36,3,1,1,0,0,0
17237,345,37,7,2,1,0,-1,0
17238,345,38,5,2,0,0,0,0
17239,345,39,1,1,0,0,1,0
17240,345,40,7,2,1,0,0,1
17241,345,41,8,2,1,1,0,0
17242,345,42,4,1,1,1,-1,0
17243,345,43,6,2,0,1,1,-1
17244,345,44,7,2,1,0,-1,0
17245,345,45,5,2,0,0,0,1
17246,345,46,2,1,0,1,0,0
17247,345,47,6,2,0,1,0,0
17248,345,48,6,2,0,1,0,0
17249,345,49,6,2,0,1,1,0
17250,345,50,8,2,1,1,-1,0
17251,346,1,6,2,0,1,0,0
17252,346,2,2,1,0,1,0,-1
17253,346,3,1,1,0,0,0,0
17254,346,4,1,1,0,0,0,0
17255,346,5,1,1,0,0,0,0
17256,346,6,1,1,0,0,0,0
17257,346,7,1,1,0,0,0,1
17258,346,8,2,1,0,1,0,0
17259,346,9,2,1,0,1,0,0
17260,346,10,6,2,0,1,0,-1
17261,346,11,5,2,0,0,0,0
17262,346,12,5,2,0,0,0,0
17263,346,13,5,2,0,0,0,0
17264,346,14,5,2,0,0,0,0
17265,346,15,5,2,0,0,0,0
17266,346,16,1,1,0,0,0,1
17267,346,17,2,1,0,1,0,0
17268,346,18,6,2,0,1,1,-1
17269,346,19,7,2,1,0,0,0
17270,346,20,7,2,1,0,0,0
17271,346,21,7,2,1,0,0,0
17272,346,22,3,1,1,0,0,0
17273,346,23,3,1,1,0,0,1
17274,346,24,4,1,1,1,0,0
17275,346,25,8,2,1,1,0,-1
17276,346,26,7,2,1,0,0,0
17277,346,27,7,2,1,0,0,0
17278,346,28,3,1,1,0,0,0
17279,346,29,3,1,1,0,0,1
17280,346,30,8,2,1,1,0,-1
17281,346,31,3,1,1,0,0,0
17282,346,32,3,1,1,0,0,0
17283,346,33,3,1,1,0,0,0
17284,346,34,3,1,1,0,0,1
17285,346,35,4,1,1,1,-1,0
17286,346,36,6,2,0,1,0,0
17287,346,37,6,2,0,1,0,-1
17288,346,38,1,1,0,0,0,0
17289,346,39,5,2,0,0,1,0
17290,346,40,3,1,1,0,0,1
17291,346,41,4,1,1,1,0,0
17292,346,42,4,1,1,1,0,0
17293,346,43,4,1,1,1,0,0
17294,346,44,8,2,1,1,-1,-1
17295,346,45,1,1,0,0,0,0
17296,346,46,5,2,0,0,0,0
17297,346,47,1,1,0,0,1,0
17298,346,48,7,2,1,0,0,0
17299,346,49,7,2,1,0,-1,0
17300,346,50,1,1,0,0,1,1
17301,347,1,3,1,1,0,-1,1
17302,347,2,2,1,0,1,0,0
17303,347,3,2,1,0,1,1,0
17304,347,4,4,1,1,1,-1,0
17305,347,5,2,1,0,1,0,0
17306,347,6,2,1,0,1,1,0
17307,347,7,4,1,1,1,-1,0
17308,347,8,2,1,0,1,1,0
17309,347,9,8,2,1,1,-1,0
17310,347,10,6,2,0,1,0,0
17311,347,11,6,2,0,1,0,-1
17312,347,12,5,2,0,0,0,0
17313,347,13,1,1,0,0,0,0
17314,347,14,1,1,0,0,0,0
17315,347,15,1,1,0,0,0,0
17316,347,16,1,1,0,0,1,0
17317,347,17,7,2,1,0,0,0
17318,347,18,3,1,1,0,0,1
17319,347,19,4,1,1,1,-1,-1
17320,347,20,1,1,0,0,1,1
17321,347,21,4,1,1,1,0,0
17322,347,22,4,1,1,1,0,0
17323,347,23,8,2,1,1,0,-1
17324,347,24,7,2,1,0,0,0
17325,347,25,3,1,1,0,0,0
17326,347,26,3,1,1,0,0,0
17327,347,27,3,1,1,0,-1,0
17328,347,28,1,1,0,0,0,0
17329,347,29,5,2,0,0,0,1
17330,347,30,6,2,0,1,0,0
17331,347,31,2,1,0,1,0,0
17332,347,32,6,2,0,1,1,0
17333,347,33,8,2,1,1,0,0
17334,347,34,8,2,1,1,0,0
17335,347,35,8,2,1,1,0,0
17336,347,36,8,2,1,1,-1,0
17337,347,37,6,2,0,1,0,0
17338,347,38,6,2,0,1,1,0
17339,347,39,4,1,1,1,0,0
17340,347,40,4,1,1,1,0,0
17341,347,41,4,1,1,1,-1,0
17342,347,42,6,2,0,1,0,0
17343,347,43,6,2,0,1,0,0
17344,347,44,2,1,0,1,0,0
17345,347,45,6,2,0,1,0,-1
17346,347,46,1,1,0,0,0,0
17347,347,47,1,1,0,0,0,1
17348,347,48,6,2,0,1,0,0
17349,347,49,6,2,0,1,1,-1
17350,347,50,7,2,1,0,0,1
17351,348,1,4,1,1,1,0,-1
17352,348,2,7,2,1,0,0,0
17353,348,3,7,2,1,0,0,0
17354,348,4,3,1,1,0,-1,0
17355,348,5,1,1,0,0,1,1
17356,348,6,4,1,1,1,0,0
17357,348,7,4,1,1,1,0,0
17358,348,8,8,2,1,1,0,0
17359,348,9,8,2,1,1,0,0
17360,348,10,8,2,1,1,0,0
17361,348,11,8,2,1,1,0,-1
17362,348,12,7,2,1,0,-1,0
17363,348,13,1,1,0,0,1,0
17364,348,14,3,1,1,0,0,0
17365,348,15,3,1,1,0,0,0
17366,348,16,3,1,1,0,0,0
17367,348,17,7,2,1,0,0,1
17368,348,18,4,1,1,1,0,0
17369,348,19,8,2,1,1,0,0
17370,348,20,4,1,1,1,0,0
17371,348,21,8,2,1,1,0,0
17372,348,22,4,1,1,1,-1,0
17373,348,23,2,1,0,1,0,0
17374,348,24,6,2,0,1,0,0
17375,348,25,2,1,0,1,0,0
17376,348,26,2,1,0,1,0,0
17377,348,27,6,2,0,1,0,0
17378,348,28,2,1,0,1,0,0
17379,348,29,2,1,0,1,0,0
17380,348,30,2,1,0,1,0,0
17381,348,31,6,2,0,1,1,-1
17382,348,32,3,1,1,0,-1,0
17383,348,33,1,1,0,0,0,1
17384,348,34,2,1,0,1,0,-1
17385,348,35,5,2,0,0,0,0
17386,348,36,1,1,0,0,1,1
17387,348,37,4,1,1,1,0,0
17388,348,38,4,1,1,1,0,-1
17389,348,39,7,2,1,0,-1,0
17390,348,40,5,2,0,0,1,0
17391,348,41,3,1,1,0,0,0
17392,348,42,3,1,1,0,0,1
17393,348,43,4,1,1,1,-1,0
17394,348,44,2,1,0,1,1,-1
17395,348,45,7,2,1,0,0,1
17396,348,46,4,1,1,1,0,-1
17397,348,47,3,1,1,0,0,1
17398,348,48,4,1,1,1,-1,-1
17399,348,49,1,1,0,0,0,0
17400,348,50,1,1,0,0,0,0
17401,349,1,8,2,1,1,0,0
17402,349,2,8,2,1,1,-1,0
17403,349,3,2,1,0,1,1,0
17404,349,4,4,1,1,1,0,0
17405,349,5,4,1,1,1,0,0
17406,349,6,4,1,1,1,0,-1
17407,349,7,3,1,1,0,0,0
17408,349,8,3,1,1,0,-1,0
17409,349,9,1,1,0,0,0,0
17410,349,10,5,2,0,0,0,0
17411,349,11,1,1,0,0,0,0
17412,349,12,1,1,0,0,1,0
17413,349,13,7,2,1,0,0,0
17414,349,14,3,1,1,0,0,0
17415,349,15,3,1,1,0,0,0
17416,349,16,7,2,1,0,0,0
17417,349,17,7,2,1,0,0,0
17418,349,18,7,2,1,0,0,0
17419,349,19,7,2,1,0,0,1
17420,349,20,8,2,1,1,0,0
17421,349,21,8,2,1,1,-1,0
17422,349,22,2,1,0,1,1,0
17423,349,23,8,2,1,1,0,0
17424,349,24,8,2,1,1,0,0
17425,349,25,4,1,1,1,0,-1
17426,349,26,7,2,1,0,0,0
17427,349,27,3,1,1,0,0,0
17428,349,28,3,1,1,0,0,0
17429,349,29,3,1,1,0,-1,0
17430,349,30,1,1,0,0,1,0
17431,349,31,7,2,1,0,0,0
17432,349,32,3,1,1,0,0,0
17433,349,33,7,2,1,0,0,0
17434,349,34,3,1,1,0,-1,0
17435,349,35,1,1,0,0,0,0
17436,349,36,1,1,0,0,0,1
17437,349,37,6,2,0,1,0,0
17438,349,38,2,1,0,1,0,0
17439,349,39,2,1,0,1,0,0
17440,349,40,6,2,0,1,0,0
17441,349,41,6,2,0,1,1,0
17442,349,42,8,2,1,1,0,0
17443,349,43,4,1,1,1,0,0
17444,349,44,4,1,1,1,0,0
17445,349,45,4,1,1,1,-1,0
17446,349,46,2,1,0,1,0,0
17447,349,47,6,2,0,1,0,-1
17448,349,48,5,2,0,0,0,0
17449,349,49,1,1,0,0,0,0
17450,349,50,1,1,0,0,0,1
17451,350,1,2,1,0,1,0,0
17452,350,2,2,1,0,1,1,-1
17453,350,3,7,2,1,0,0,0
17454,350,4,7,2,1,0,0,0
17455,350,5,7,2,1,0,0,0
17456,350,6,7,2,1,0,0,0
17457,350,7,3,1,1,0,0,0
17458,350,8,7,2,1,0,0,0
17459,350,9,7,2,1,0,0,0
17460,350,10,3,1,1,0,-1,0
17461,350,11,1,1,0,0,1,0
17462,350,12,7,2,1,0,-1,0
17463,350,13,1,1,0,0,0,0
17464,350,14,1,1,0,0,0,1
17465,350,15,6,2,0,1,0,-1
17466,350,16,1,1,0,0,0,0
17467,350,17,5,2,0,0,0,0
17468,350,18,5,2,0,0,0,0
17469,350,19,5,2,0,0,1,0
17470,350,20,3,1,1,0,0,0
17471,350,21,3,1,1,0,0,1
17472,350,22,4,1,1,1,0,0
17473,350,23,8,2,1,1,0,0
17474,350,24,8,2,1,1,0,-1
17475,350,25,7,2,1,0,0,1
17476,350,26,8,2,1,1,0,-1
17477,350,27,3,1,1,0,0,0
17478,350,28,3,1,1,0,0,1
17479,350,29,4,1,1,1,0,0
17480,350,30,4,1,1,1,0,0
17481,350,31,8,2,1,1,0,0
17482,350,32,8,2,1,1,0,0
17483,350,33,4,1,1,1,0,0
17484,350,34,4,1,1,1,-1,0
17485,350,35,6,2,0,1,0,0
17486,350,36,2,1,0,1,0,0
17487,350,37,2,1,0,1,1,-1
17488,350,38,7,2,1,0,0,0
17489,350,39,7,2,1,0,0,0
17490,350,40,7,2,1,0,0,1
17491,350,41,8,2,1,1,0,0
17492,350,42,4,1,1,1,0,-1
17493,350,43,3,1,1,0,0,0
17494,350,44,3,1,1,0,0,0
17495,350,45,3,1,1,0,-1,0
17496,350,46,1,1,0,0,0,1
17497,350,47,6,2,0,1,0,0
17498,350,48,6,2,0,1,0,0
17499,350,49,2,1,0,1,0,0
17500,350,50,6,2,0,1,1,0
17501,351,1,2,1,0,1,1,0
17502,351,2,4,1,1,1,0,0
17503,351,3,4,1,1,1,0,0
17504,351,4,4,1,1,1,-1,0
17505,351,5,6,2,0,1,0,0
17506,351,6,2,1,0,1,0,0
17507,351,7,2,1,0,1,0,-1
17508,351,8,1,1,0,0,0,0
17509,351,9,1,1,0,0,0,0
17510,351,10,5,2,0,0,0,0
17511,351,11,1,1,0,0,0,1
17512,351,12,2,1,0,1,0,0
17513,351,13,2,1,0,1,0,0
17514,351,14,6,2,0,1,1,0
17515,351,15,8,2,1,1,0,0
17516,351,16,4,1,1,1,-1,0
17517,351,17,2,1,0,1,0,0
17518,351,18,2,1,0,1,1,0
17519,351,19,4,1,1,1,0,0
17520,351,20,4,1,1,1,-1,0
17521,351,21,2,1,0,1,1,0
17522,351,22,8,2,1,1,0,-1
17523,351,23,7,2,1,0,0,0
17524,351,24,7,2,1,0,0,0
17525,351,25,3,1,1,0,0,0
17526,351,26,3,1,1,0,0,0
17527,351,27,3,1,1,0,0,0
17528,351,28,3,1,1,0,-1,0
17529,351,29,1,1,0,0,0,0
17530,351,30,5,2,0,0,1,0
17531,351,31,3,1,1,0,0,0
17532,351,32,3,1,1,0,0,1
17533,351,33,4,1,1,1,0,0
17534,351,34,4,1,1,1,0,0
17535,351,35,4,1,1,1,0,0
17536,351,36,4,1,1,1,-1,0
17537,351,37,2,1,0,1,0,0
17538,351,38,2,1,0,1,0,-1
17539,351,39,1,1,0,0,1,0
17540,351,40,3,1,1,0,0,1
17541,351,41,4,1,1,1,0,0
17542,351,42,4,1,1,1,0,0
17543,351,43,4,1,1,1,0,0
17544,351,44,4,1,1,1,0,0
17545,351,45,4,1,1,1,0,0
17546,351,46,4,1,1,1,-1,-1
17547,351,47,1,1,0,0,1,0
17548,351,48,7,2,1,0,0,0
17549,351,49,7,2,1,0,0,0
17550,351,50,3,1,1,0,0,1
17551,352,1,1,1,0,0,0,1
17552,352,2,6,2,0,1,1,0
17553,352,3,4,1,1,1,-1,-1
17554,352,4,1,1,0,0,0,0
17555,352,5,1,1,0,0,0,0
17556,352,6,1,1,0,0,1,0
17557,352,7,3,1,1,0,0,1
17558,352,8,4,1,1,1,0,0
17559,352,9,4,1,1,1,0,0
17560,352,10,8,2,1,1,0,0
17561,352,11,8,2,1,1,0,0
17562,352,12,8,2,1,1,-1,0
17563,352,13,6,2,0,1,0,0
17564,352,14,2,1,0,1,0,0
17565,352,15,2,1,0,1,0,0
17566,352,16,6,2,0,1,0,0
17567,352,17,2,1,0,1,0,0
17568,352,18,2,1,0,1,0,0
17569,352,19,2,1,0,1,0,0
17570,352,20,2,1,0,1,0,0
17571,352,21,6,2,0,1,0,0
17572,352,22,6,2,0,1,0,-1
17573,352,23,5,2,0,0,0,0
17574,352,24,1,1,0,0,1,1
17575,352,25,4,1,1,1,0,0
17576,352,26,4,1,1,1,0,0
17577,352,27,4,1,1,1,0,0
17578,352,28,8,2,1,1,-1,0
17579,352,29,2,1,0,1,1,0
17580,352,30,8,2,1,1,0,-1
17581,352,31,7,2,1,0,0,1
17582,352,32,4,1,1,1,0,0
17583,352,33,4,1,1,1,0,0
17584,352,34,4,1,1,1,0,0
17585,352,35,8,2,1,1,0,0
17586,352,36,8,2,1,1,0,0
17587,352,37,8,2,1,1,0,0
17588,352,38,4,1,1,1,0,0
17589,352,39,8,2,1,1,0,0
17590,352,40,8,2,1,1,0,-1
17591,352,41,3,1,1,0,0,0
17592,352,42,3,1,1,0,0,0
17593,352,43,7,2,1,0,0,0
17594,352,44,7,2,1,0,-1,0
17595,352,45,1,1,0,0,0,0
17596,352,46,1,1,0,0,0,0
17597,352,47,1,1,0,0,1,0
17598,352,48,3,1,1,0,0,0
17599,352,49,3,1,1,0,0,0
17600,352,50,3,1,1,0,-1,0
17601,353,1,8,2,1,1,-1,0
17602,353,2,6,2,0,1,0,-1
17603,353,3,5,2,0,0,0,0
17604,353,4,5,2,0,0,1,0
17605,353,5,3,1,1,0,0,0
17606,353,6,3,1,1,0,0,0
17607,353,7,3,1,1,0,0,0
17608,353,8,3,1,1,0,0,0
17609,353,9,7,2,1,0,0,0
17610,353,10,7,2,1,0,0,0
17611,353,11,7,2,1,0,0,1
17612,353,12,4,1,1,1,-1,0
17613,353,13,2,1,0,1,0,-1
17614,353,14,1,1,0,0,0,0
17615,353,15,5,2,0,0,0,0
17616,353,16,5,2,0,0,1,0
17617,353,17,3,1,1,0,0,0
17618,353,18,3,1,1,0,0,1
17619,353,19,4,1,1,1,0,0
17620,353,20,8,2,1,1,-1,-1
17621,353,21,5,2,0,0,0,0
17622,353,22,5,2,0,0,0,0
17623,353,23,5,2,0,0,0,0
17624,353,24,1,1,0,0,0,1
17625,353,25,2,1,0,1,1,0
17626,353,26,4,1,1,1,-1,0
17627,353,27,2,1,0,1,0,0
17628,353,28,2,1,0,1,0,0
17629,353,29,6,2,0,1,1,0
17630,353,30,8,2,1,1,-1,-1
17631,353,31,5,2,0,0,0,0
17632,353,32,5,2,0,0,1,0
17633,353,33,7,2,1,0,-1,1
17634,353,34,6,2,0,1,1,0
17635,353,35,8,2,1,1,0,0
17636,353,36,8,2,1,1,0,0
17637,353,37,8,2,1,1,-1,0
17638,353,38,6,2,0,1,0,0
17639,353,39,6,2,0,1,0,0
17640,353,40,6,2,0,1,1,-1
17641,353,41,7,2,1,0,0,0
17642,353,42,3,1,1,0,0,0
17643,353,43,3,1,1,0,0,0
17644,353,44,7,2,1,0,0,1
17645,353,45,8,2,1,1,0,-1
17646,353,46,3,1,1,0,0,0
17647,353,47,3,1,1,0,-1,0
17648,353,48,1,1,0,0,0,1
17649,353,49,2,1,0,1,1,0
17650,353,50,8,2,1,1,0,0
17651,354,1,8,2,1,1,-1,0
17652,354,2,2,1,0,1,1,0
17653,354,3,4,1,1,1,0,0
17654,354,4,8,2,1,1,0,0
17655,354,5,8,2,1,1,0,0
17656,354,6,8,2,1,1,0,0
17657,354,7,8,2,1,1,0,-1
17658,354,8,3,1,1,0,-1,0
17659,354,9,5,2,0,0,0,0
17660,354,10,5,2,0,0,1,1
17661,354,11,4,1,1,1,0,-1
17662,354,12,3,1,1,0,0,0
17663,354,13,3,1,1,0,0,1
17664,354,14,4,1,1,1,0,0
17665,354,15,8,2,1,1,0,-1
17666,354,16,3,1,1,0,0,0
17667,354,17,3,1,1,0,0,0
17668,354,18,3,1,1,0,0,0
17669,354,19,3,1,1,0,0,0
17670,354,20,3,1,1,0,0,1
17671,354,21,4,1,1,1,-1,0
17672,354,22,2,1,0,1,0,-1
17673,354,23,1,1,0,0,1,0
17674,354,24,7,2,1,0,0,0
17675,354,25,7,2,1,0,0,0
17676,354,26,3,1,1,0,0,0
17677,354,27,3,1,1,0,0,0
17678,354,28,3,1,1,0,0,1
17679,354,29,4,1,1,1,-1,0
17680,354,30,2,1,0,1,1,0
17681,354,31,4,1,1,1,0,0
17682,354,32,8,2,1,1,0,0
17683,354,33,4,1,1,1,-1,0
17684,354,34,2,1,0,1,0,0
17685,354,35,2,1,0,1,0,0
17686,354,36,6,2,0,1,0,0
17687,354,37,2,1,0,1,0,0
17688,354,38,2,1,0,1,1,-1
17689,354,39,7,2,1,0,0,0
17690,354,40,7,2,1,0,0,0
17691,354,41,3,1,1,0,0,0
17692,354,42,7,2,1,0,0,0
17693,354,43,3,1,1,0,0,0
17694,354,44,7,2,1,0,-1,0
17695,354,45,5,2,0,0,1,0
17696,354,46,3,1,1,0,0,1
17697,354,47,4,1,1,1,0,-1
17698,354,48,3,1,1,0,0,0
17699,354,49,3,1,1,0,0,0
17700,354,50,3,1,1,0,0,0
17701,355,1,4,1,1,1,0,0
17702,355,2,4,1,1,1,0,-1
17703,355,3,7,2,1,0,0,0
17704,355,4,7,2,1,0,-1,1
17705,355,5,6,2,0,1,0,0
17706,355,6,2,1,0,1,0,0
17707,355,7,2,1,0,1,1,-1
17708,355,8,7,2,1,0,0,0
17709,355,9,7,2,1,0,0,0
17710,355,10,3,1,1,0,0,0
17711,355,11,7,2,1,0,0,0
17712,355,12,3,1,1,0,-1,1
17713,355,13,6,2,0,1,0,0
17714,355,14,6,2,0,1,0,0
17715,355,15,2,1,0,1,0,0
17716,355,16,2,1,0,1,0,0
17717,355,17,6,2,0,1,0,-1
17718,355,18,1,1,0,0,0,0
17719,355,19,1,1,0,0,0,0
17720,355,20,5,2,0,0,0,0
17721,355,21,1,1,0,0,0,0
17722,355,22,1,1,0,0,0,0
17723,355,23,1,1,0,0,0,0
17724,355,24,5,2,0,0,0,0
17725,355,25,1,1,0,0,0,1
17726,355,26,6,2,0,1,0,0
17727,355,27,6,2,0,1,0,0
17728,355,28,6,2,0,1,0,0
17729,355,29,2,1,0,1,0,-1
17730,355,30,1,1,0,0,1,0
17731,355,31,3,1,1,0,0,0
17732,355,32,3,1,1,0,0,0
17733,355,33,3,1,1,0,0,0
17734,355,34,7,2,1,0,0,0
17735,355,35,7,2,1,0,0,1
17736,355,36,8,2,1,1,-1,0
17737,355,37,6,2,0,1,0,0
17738,355,38,6,2,0,1,1,0
17739,355,39,4,1,1,1,0,0
17740,355,40,4,1,1,1,-1,0
17741,355,41,6,2,0,1,0,-1
17742,355,42,1,1,0,0,0,0
17743,355,43,1,1,0,0,0,0
17744,355,44,1,1,0,0,0,0
17745,355,45,1,1,0,0,0,0
17746,355,46,5,2,0,0,0,0
17747,355,47,1,1,0,0,0,1
17748,355,48,2,1,0,1,0,0
17749,355,49,2,1,0,1,0,0
17750,355,50,2,1,0,1,0,-1
17751,356,1,2,1,0,1,0,0
17752,356,2,2,1,0,1,0,-1
17753,356,3,1,1,0,0,1,1
17754,356,4,4,1,1,1,0,0
17755,356,5,4,1,1,1,-1,0
17756,356,6,2,1,0,1,0,0
17757,356,7,2,1,0,1,0,0
17758,356,8,6,2,0,1,0,0
17759,356,9,2,1,0,1,1,0
17760,356,10,8,2,1,1,0,0
17761,356,11,4,1,1,1,0,0
17762,356,12,8,2,1,1,0,-1
17763,356,13,7,2,1,0,0,1
17764,356,14,8,2,1,1,-1,0
17765,356,15,6,2,0,1,0,-1
17766,356,16,5,2,0,0,0,0
17767,356,17,1,1,0,0,1,1
17768,356,18,8,2,1,1,-1,-1
17769,356,19,5,2,0,0,0,0
17770,356,20,1,1,0,0,0,0
17771,356,21,1,1,0,0,1,0
17772,356,22,3,1,1,0,0,1
17773,356,23,4,1,1,1,0,0
17774,356,24,4,1,1,1,0,0
17775,356,25,4,1,1,1,0,0
17776,356,26,4,1,1,1,0,0
17777,356,27,4,1,1,1,0,0
17778,356,28,4,1,1,1,0,-1
17779,356,29,3,1,1,0,-1,0
17780,356,30,1,1,0,0,1,0
17781,356,31,3,1,1,0,0,0
17782,356,32,7,2,1,0,0,0
17783,356,33,3,1,1,0,0,0
17784,356,34,3,1,1,0,0,1
17785,356,35,4,1,1,1,0,0
17786,356,36,4,1,1,1,0,0
17787,356,37,8,2,1,1,0,0
17788,356,38,8,2,1,1,-1,-1
17789,356,39,1,1,0,0,1,0
17790,356,40,3,1,1,0,0,0
17791,356,41,3,1,1,0,0,0
17792,356,42,3,1,1,0,0,1
17793,356,43,4,1,1,1,-1,0
17794,356,44,2,1,0,1,1,0
17795,356,45,8,2,1,1,0,0
17796,356,46,8,2,1,1,0,-1
17797,356,47,3,1,1,0,-1,0
17798,356,48,1,1,0,0,0,0
17799,356,49,5,2,0,0,1,0
17800,356,50,7,2,1,0,-1,1
17801,357,1,1,1,0,0,1,0
17802,357,2,3,1,1,0,0,0
17803,357,3,3,1,1,0,0,1
17804,357,4,4,1,1,1,0,-1
17805,357,5,3,1,1,0,0,0
17806,357,6,3,1,1,0,0,1
17807,357,7,8,2,1,1,0,0
17808,357,8,4,1,1,1,0,-1
17809,357,9,3,1,1,0,0,1
17810,357,10,4,1,1,1,-1,0
17811,357,11,2,1,0,1,0,0
17812,357,12,6,2,0,1,0,0
17813,357,13,2,1,0,1,1,0
17814,357,14,4,1,1,1,0,0
17815,357,15,4,1,1,1,0,0
17816,357,16,4,1,1,1,0,0
17817,357,17,8,2,1,1,0,0
17818,357,18,8,2,1,1,0,0
17819,357,19,8,2,1,1,0,0
17820,357,20,8,2,1,1,-1,-1
17821,357,21,5,2,0,0,1,1
17822,357,22,4,1,1,1,-1,0
17823,357,23,2,1,0,1,0,-1
17824,357,24,1,1,0,0,0,0
17825,357,25,5,2,0,0,0,0
17826,357,26,5,2,0,0,1,0
17827,357,27,7,2,1,0,0,0
17828,357,28,7,2,1,0,0,1
17829,357,29,4,1,1,1,-1,0
17830,357,30,2,1,0,1,0,0
17831,357,31,6,2,0,1,0,0
17832,357,32,2,1,0,1,0,0
17833,357,33,2,1,0,1,0,0
17834,357,34,2,1,0,1,0,0
17835,357,35,2,1,0,1,0,0
17836,357,36,2,1,0,1,0,0
17837,357,37,6,2,0,1,0,-1
17838,357,38,1,1,0,0,1,0
17839,357,39,7,2,1,0,0,1
17840,357,40,8,2,1,1,0,0
17841,357,41,4,1,1,1,0,-1
17842,357,42,3,1,1,0,0,0
17843,357,43,7,2,1,0,0,1
17844,357,44,8,2,1,1,0,0
17845,357,45,8,2,1,1,0,0
17846,357,46,8,2,1,1,0,0
17847,357,47,8,2,1,1,0,0
17848,357,48,8,2,1,1,-1,0
17849,357,49,6,2,0,1,1,0
17850,357,50,4,1,1,1,0,0
17851,358,1,1,1,0,0,0,1
17852,358,2,2,1,0,1,0,0
17853,358,3,2,1,0,1,0,0
17854,358,4,6,2,0,1,1,0
17855,358,5,8,2,1,1,-1,0
17856,358,6,2,1,0,1,0,0
17857,358,7,6,2,0,1,0,-1
17858,358,8,5,2,0,0,0,0
17859,358,9,5,2,0,0,0,0
17860,358,10,5,2,0,0,1,0
17861,358,11,7,2,1,0,-1,0
17862,358,12,1,1,0,0,1,0
17863,358,13,3,1,1,0,0,0
17864,358,14,3,1,1,0,0,0
17865,358,15,3,1,1,0,0,0
17866,358,16,3,1,1,0,0,0
17867,358,17,7,2,1,0,0,0
17868,358,18,3,1,1,0,-1,0
17869,358,19,1,1,0,0,1,0
17870,358,20,3,1,1,0,-1,0
17871,358,21,1,1,0,0,0,0
17872,358,22,1,1,0,0,0,0
17873,358,23,5,2,0,0,0,0
17874,358,24,5,2,0,0,0,1
17875,358,25,6,2,0,1,0,0
17876,358,26,6,2,0,1,0,-1
17877,358,27,5,2,0,0,0,0
17878,358,28,5,2,0,0,0,0
17879,358,29,5,2,0,0,1,0
17880,358,30,3,1,1,0,0,0
17881,358,31,3,1,1,0,0,0
17882,358,32,7,2,1,0,0,0
17883,358,33,7,2,1,0,0,0
17884,358,34,7,2,1,0,0,1
17885,358,35,8,2,1,1,0,0
17886,358,36,4,1,1,1,0,0
17887,358,37,8,2,1,1,0,-1
17888,358,38,3,1,1,0,0,0
17889,358,39,7,2,1,0,0,0
17890,358,40,7,2,1,0,0,1
17891,358,41,4,1,1,1,0,-1
17892,358,42,3,1,1,0,-1,0
17893,358,43,5,2,0,0,0,1
17894,358,44,2,1,0,1,1,-1
17895,358,45,3,1,1,0,0,0
17896,358,46,3,1,1,0,0,1
17897,358,47,4,1,1,1,0,0
17898,358,48,4,1,1,1,0,0
17899,358,49,4,1,1,1,0,0
17900,358,50,8,2,1,1,0,0
17901,359,1,6,2,0,1,0,0
17902,359,2,6,2,0,1,0,0
17903,359,3,6,2,0,1,0,0
17904,359,4,2,1,0,1,0,0
17905,359,5,6,2,0,1,0,0
17906,359,6,6,2,0,1,0,0
17907,359,7,2,1,0,1,1,0
17908,359,8,4,1,1,1,0,0
17909,359,9,4,1,1,1,-1,0
17910,359,10,6,2,0,1,1,0
17911,359,11,8,2,1,1,0,0
17912,359,12,4,1,1,1,0,0
17913,359,13,4,1,1,1,0,0
17914,359,14,4,1,1,1,0,0
17915,359,15,4,1,1,1,0,0
17916,359,16,8,2,1,1,0,0
17917,359,17,8,2,1,1,0,-1
17918,359,18,7,2,1,0,-1,1
17919,359,19,6,2,0,1,0,0
17920,359,20,6,2,0,1,0,-1
17921,359,21,5,2,0,0,0,0
17922,359,22,5,2,0,0,0,1
17923,359,23,6,2,0,1,0,0
17924,359,24,2,1,0,1,0,0
17925,359,25,2,1,0,1,0,-1
17926,359,26,1,1,0,0,0,0
17927,359,27,1,1,0,0,1,0
17928,359,28,3,1,1,0,0,0
17929,359,29,7,2,1,0,0,1
17930,359,30,8,2,1,1,0,0
17931,359,31,8,2,1,1,-1,0
17932,359,32,2,1,0,1,1,0
17933,359,33,8,2,1,1,0,0
17934,359,34,8,2,1,1,0,-1
17935,359,35,7,2,1,0,0,0
17936,359,36,3,1,1,0,0,0
17937,359,37,7,2,1,0,-1,0
17938,359,38,5,2,0,0,0,0
17939,359,39,5,2,0,0,0,0
17940,359,40,1,1,0,0,0,1
17941,359,41,6,2,0,1,1,0
17942,359,42,4,1,1,1,-1,0
17943,359,43,6,2,0,1,0,0
17944,359,44,6,2,0,1,1,-1
17945,359,45,7,2,1,0,0,0
17946,359,46,7,2,1,0,0,1
17947,359,47,8,2,1,1,0,0
17948,359,48,8,2,1,1,0,0
17949,359,49,4,1,1,1,0,-1
17950,359,50,7,2,1,0,-1,0
17951,360,1,4,1,1,1,0,0
17952,360,2,8,2,1,1,-1,-1
17953,360,3,1,1,0,0,0,1
17954,360,4,6,2,0,1,0,0
17955,360,5,6,2,0,1,0,0
17956,360,6,2,1,0,1,0,0
17957,360,7,6,2,0,1,1,-1
17958,360,8,3,1,1,0,0,0
17959,360,9,3,1,1,0,0,1
17960,360,10,4,1,1,1,0,0
17961,360,11,8,2,1,1,-1,0
17962,360,12,6,2,0,1,0,0
17963,360,13,2,1,0,1,0,0
17964,360,14,2,1,0,1,1,0
17965,360,15,8,2,1,1,0,0
17966,360,16,8,2,1,1,-1,-1
17967,360,17,5,2,0,0,0,0
17968,360,18,5,2,0,0,0,0
17969,360,19,5,2,0,0,0,0
17970,360,20,5,2,0,0,1,0
17971,360,21,7,2,1,0,-1,1
17972,360,22,6,2,0,1,0,0
17973,360,23,2,1,0,1,0,0
17974,360,24,6,2,0,1,1,0
17975,360,25,8,2,1,1,-1,0
17976,360,26,2,1,0,1,0,0
17977,360,27,2,1,0,1,1,0
17978,360,28,4,1,1,1,0,0
17979,360,29,8,2,1,1,0,-1
17980,360,30,7,2,1,0,0,0
17981,360,31,7,2,1,0,0,0
17982,360,32,3,1,1,0,0,1
17983,360,33,4,1,1,1,0,0
17984,360,34,4,1,1,1,0,0
17985,360,35,4,1,1,1,0,0
17986,360,36,4,1,1,1,0,-1
17987,360,37,3,1,1,0,0,0
17988,360,38,7,2,1,0,0,0
17989,360,39,7,2,1,0,0,0
17990,360,40,3,1,1,0,0,1
17991,360,41,4,1,1,1,0,0
17992,360,42,8,2,1,1,0,0
17993,360,43,4,1,1,1,0,-1
17994,360,44,3,1,1,0,0,0
17995,360,45,7,2,1,0,0,0
17996,360,46,7,2,1,0,0,0
17997,360,47,7,2,1,0,0,0
17998,360,48,7,2,1,0,0,0
17999,360,49,3,1,1,0,-1,0
18000,360,50,1,1,0,0,0,0
18001,361,1,3,1,1,0,0,0
18002,361,2,3,1,1,0,0,0
18003,361,3,3,1,1,0,-1,1
18004,361,4,2,1,0,1,1,0
18005,361,5,8,2,1,1,-1,-1
18006,361,6,5,2,0,0,0,1
18007,361,7,6,2,0,1,1,0
18008,361,8,8,2,1,1,0,0
18009,361,9,8,2,1,1,0,0
18010,361,10,4,1,1,1,0,-1
18011,361,11,3,1,1,0,0,0
18012,361,12,7,2,1,0,0,1
18013,361,13,8,2,1,1,0,-1
18014,361,14,7,2,1,0,0,0
18015,361,15,3,1,1,0,0,0
18016,361,16,7,2,1,0,0,1
18017,361,17,8,2,1,1,0,0
18018,361,18,4,1,1,1,-1,-1
18019,361,19,1,1,0,0,1,0
18020,361,20,3,1,1,0,0,0
18021,361,21,7,2,1,0,0,0
18022,361,22,3,1,1,0,0,0
18023,361,23,3,1,1,0,0,1
18024,361,24,8,2,1,1,0,0
18025,361,25,8,2,1,1,0,-1
18026,361,26,3,1,1,0,0,0
18027,361,27,3,1,1,0,0,0
18028,361,28,3,1,1,0,0,0
18029,361,29,7,2,1,0,0,0
18030,361,30,7,2,1,0,0,0
18031,361,31,7,2,1,0,0,0
18032,361,32,3,1,1,0,0,0
18033,361,33,3,1,1,0,0,0
18034,361,34,7,2,1,0,0,0
18035,361,35,7,2,1,0,0,0
18036,361,36,7,2,1,0,0,0
18037,361,37,7,2,1,0,0,1
18038,361,38,8,2,1,1,0,-1
18039,361,39,3,1,1,0,0,0
18040,361,40,3,1,1,0,0,1
18041,361,41,4,1,1,1,0,-1
18042,361,42,3,1,1,0,0,0
18043,361,43,3,1,1,0,-1,0
18044,361,44,1,1,0,0,0,0
18045,361,45,5,2,0,0,0,0
18046,361,46,5,2,0,0,0,0
18047,361,47,1,1,0,0,0,0
18048,361,48,1,1,0,0,1,0
18049,361,49,3,1,1,0,0,0
18050,361,50,3,1,1,0,-1,0
18051,362,1,1,1,0,0,0,0
18052,362,2,1,1,0,0,0,0
18053,362,3,5,2,0,0,0,0
18054,362,4,5,2,0,0,1,0
18055,362,5,7,2,1,0,-1,0
18056,362,6,5,2,0,0,0,0
18057,362,7,1,1,0,0,0,0
18058,362,8,5,2,0,0,1,0
18059,362,9,3,1,1,0,0,0
18060,362,10,3,1,1,0,-1,1
18061,362,11,2,1,0,1,1,0
18062,362,12,4,1,1,1,-1,-1
18063,362,13,5,2,0,0,0,0
18064,362,14,1,1,0,0,0,1
18065,362,15,2,1,0,1,0,0
18066,362,16,2,1,0,1,0,0
18067,362,17,2,1,0,1,0,0
18068,362,18,2,1,0,1,0,0
18069,362,19,2,1,0,1,1,-1
18070,362,20,3,1,1,0,0,1
18071,362,21,8,2,1,1,0,0
18072,362,22,8,2,1,1,-1,0
18073,362,23,2,1,0,1,0,0
18074,362,24,6,2,0,1,0,0
18075,362,25,6,2,0,1,1,0
18076,362,26,8,2,1,1,0,-1
18077,362,27,7,2,1,0,0,0
18078,362,28,7,2,1,0,0,0
18079,362,29,7,2,1,0,0,0
18080,362,30,7,2,1,0,0,0
18081,362,31,3,1,1,0,0,0
18082,362,32,7,2,1,0,0,0
18083,362,33,7,2,1,0,0,0
18084,362,34,7,2,1,0,0,0
18085,362,35,3,1,1,0,0,0
18086,362,36,7,2,1,0,-1,0
18087,362,37,1,1,0,0,0,0
18088,362,38,1,1,0,0,0,0
18089,362,39,1,1,0,0,0,1
18090,362,40,2,1,0,1,0,0
18091,362,41,2,1,0,1,0,0
18092,362,42,2,1,0,1,0,0
18093,362,43,2,1,0,1,1,-1
18094,362,44,3,1,1,0,0,0
18095,362,45,7,2,1,0,0,0
18096,362,46,3,1,1,0,0,0
18097,362,47,7,2,1,0,-1,0
18098,362,48,5,2,0,0,1,0
18099,362,49,7,2,1,0,0,0
18100,362,50,3,1,1,0,0,0
18101,363,1,5,2,0,0,0,0
18102,363,2,5,2,0,0,1,1
18103,363,3,8,2,1,1,0,0
18104,363,4,4,1,1,1,0,0
18105,363,5,4,1,1,1,0,0
18106,363,6,8,2,1,1,0,0
18107,363,7,4,1,1,1,0,0
18108,363,8,4,1,1,1,0,0
18109,363,9,8,2,1,1,0,0
18110,363,10,8,2,1,1,0,-1
18111,363,11,7,2,1,0,0,0
18112,363,12,7,2,1,0,0,0
18113,363,13,3,1,1,0,0,1
18114,363,14,4,1,1,1,0,0
18115,363,15,4,1,1,1,-1,0
18116,363,16,6,2,0,1,0,0
18117,363,17,6,2,0,1,1,-1
18118,363,18,3,1,1,0,0,0
18119,363,19,3,1,1,0,0,1
18120,363,20,4,1,1,1,0,0
18121,363,21,4,1,1,1,0,-1
18122,363,22,3,1,1,0,0,0
18123,363,23,3,1,1,0,0,0
18124,363,24,3,1,1,0,0,0
18125,363,25,3,1,1,0,0,0
18126,363,26,7,2,1,0,-1,0
18127,363,27,5,2,0,0,0,0
18128,363,28,1,1,0,0,0,0
18129,363,29,1,1,0,0,1,0
18130,363,30,3,1,1,0,0,1
18131,363,31,4,1,1,1,0,0
18132,363,32,4,1,1,1,0,0
18133,363,33,8,2,1,1,0,0
18134,363,34,8,2,1,1,0,-1
18135,363,35,3,1,1,0,0,0
18136,363,36,3,1,1,0,0,1
18137,363,37,4,1,1,1,0,0
18138,363,38,8,2,1,1,0,0
18139,363,39,8,2,1,1,-1,0
18140,363,40,2,1,0,1,1,0
18141,363,41,4,1,1,1,0,0
18142,363,42,4,1,1,1,0,0
18143,363,43,4,1,1,1,0,0
18144,363,44,4,1,1,1,0,0
18145,363,45,4,1,1,1,0,-1
18146,363,46,7,2,1,0,0,1
18147,363,47,8,2,1,1,-1,0
18148,363,48,6,2,0,1,1,-1
18149,363,49,3,1,1,0,0,0
18150,363,50,7,2,1,0,0,0
18151,364,1,5,2,0,0,1,0
18152,364,2,7,2,1,0,-1,0
18153,364,3,5,2,0,0,1,0
18154,364,4,7,2,1,0,0,1
18155,364,5,8,2,1,1,-1,0
18156,364,6,2,1,0,1,1,-1
18157,364,7,3,1,1,0,-1,0
18158,364,8,1,1,0,0,0,0
18159,364,9,1,1,0,0,1,0
18160,364,10,3,1,1,0,0,0
18161,364,11,3,1,1,0,0,0
18162,364,12,3,1,1,0,-1,1
18163,364,13,2,1,0,1,0,0
18164,364,14,6,2,0,1,1,0
18165,364,15,4,1,1,1,0,-1
18166,364,16,7,2,1,0,0,0
18167,364,17,7,2,1,0,-1,0
18168,364,18,1,1,0,0,0,0
18169,364,19,1,1,0,0,1,0
18170,364,20,3,1,1,0,0,0
18171,364,21,7,2,1,0,0,0
18172,364,22,7,2,1,0,0,0
18173,364,23,7,2,1,0,0,0
18174,364,24,3,1,1,0,-1,0
18175,364,25,1,1,0,0,1,0
18176,364,26,3,1,1,0,0,0
18177,364,27,7,2,1,0,0,0
18178,364,28,3,1,1,0,0,0
18179,364,29,3,1,1,0,0,1
18180,364,30,4,1,1,1,0,0
18181,364,31,4,1,1,1,-1,0
18182,364,32,2,1,0,1,0,0
18183,364,33,2,1,0,1,1,0
18184,364,34,4,1,1,1,0,0
18185,364,35,4,1,1,1,-1,0
18186,364,36,6,2,0,1,0,0
18187,364,37,6,2,0,1,0,0
18188,364,38,2,1,0,1,0,0
18189,364,39,2,1,0,1,1,-1
18190,364,40,3,1,1,0,0,0
18191,364,41,3,1,1,0,0,0
18192,364,42,7,2,1,0,0,0
18193,364,43,7,2,1,0,0,1
18194,364,44,8,2,1,1,0,0
18195,364,45,4,1,1,1,0,0
18196,364,46,8,2,1,1,0,-1
18197,364,47,7,2,1,0,0,0
18198,364,48,7,2,1,0,-1,0
18199,364,49,5,2,0,0,0,1
18200,364,50,6,2,0,1,0,0
18201,365,1,5,2,0,0,0,0
18202,365,2,5,2,0,0,0,0
18203,365,3,1,1,0,0,0,0
18204,365,4,1,1,0,0,1,1
18205,365,5,4,1,1,1,0,0
18206,365,6,4,1,1,1,0,0
18207,365,7,4,1,1,1,-1,-1
18208,365,8,1,1,0,0,1,0
18209,365,9,3,1,1,0,0,0
18210,365,10,3,1,1,0,0,0
18211,365,11,7,2,1,0,0,0
18212,365,12,7,2,1,0,0,0
18213,365,13,3,1,1,0,-1,0
18214,365,14,1,1,0,0,0,0
18215,365,15,1,1,0,0,0,0
18216,365,16,5,2,0,0,1,0
18217,365,17,7,2,1,0,0,1
18218,365,18,4,1,1,1,-1,0
18219,365,19,2,1,0,1,0,0
18220,365,20,2,1,0,1,0,0
18221,365,21,6,2,0,1,0,0
18222,365,22,6,2,0,1,0,0
18223,365,23,6,2,0,1,1,0
18224,365,24,4,1,1,1,0,0
18225,365,25,4,1,1,1,0,0
18226,365,26,4,1,1,1,0,0
18227,365,27,8,2,1,1,0,0
18228,365,28,8,2,1,1,0,0
18229,365,29,8,2,1,1,0,-1
18230,365,30,3,1,1,0,0,1
18231,365,31,8,2,1,1,0,0
18232,365,32,4,1,1,1,0,0
18233,365,33,4,1,1,1,0,0
18234,365,34,8,2,1,1,0,0
18235,365,35,8,2,1,1,0,0
18236,365,36,8,2,1,1,0,0
18237,365,37,8,2,1,1,-1,-1
18238,365,38,1,1,0,0,0,0
18239,365,39,1,1,0,0,0,0
18240,365,40,1,1,0,0,1,0
18241,365,41,7,2,1,0,-1,0
18242,365,42,5,2,0,0,1,0
18243,365,43,3,1,1,0,0,0
18244,365,44,7,2,1,0,-1,0
18245,365,45,1,1,0,0,0,0
18246,365,46,1,1,0,0,0,1
18247,365,47,6,2,0,1,0,-1
18248,365,48,5,2,0,0,0,0
18249,365,49,1,1,0,0,0,0
18250,365,50,1,1,0,0,1,0
18251,366,1,5,2,0,0,1,0
18252,366,2,7,2,1,0,0,0
18253,366,3,3,1,1,0,0,0
18254,366,4,3,1,1,0,0,1
18255,366,5,4,1,1,1,0,0
18256,366,6,8,2,1,1,0,-1
18257,366,7,3,1,1,0,0,0
18258,366,8,3,1,1,0,0,1
18259,366,9,4,1,1,1,0,0
18260,366,10,8,2,1,1,0,-1
18261,366,11,7,2,1,0,0,1
18262,366,12,4,1,1,1,0,0
18263,366,13,4,1,1,1,0,-1
18264,366,14,7,2,1,0,-1,0
18265,366,15,1,1,0,0,1,0
18266,366,16,3,1,1,0,0,0
18267,366,17,3,1,1,0,-1,0
18268,366,18,5,2,0,0,1,0
18269,366,19,7,2,1,0,0,1
18270,366,20,8,2,1,1,0,0
18271,366,21,8,2,1,1,0,0
18272,366,22,8,2,1,1,0,0
18273,366,23,8,2,1,1,0,-1
18274,366,24,3,1,1,0,0,0
18275,366,25,7,2,1,0,-1,0
18276,366,26,5,2,0,0,0,0
18277,366,27,1,1,0,0,1,0
18278,366,28,3,1,1,0,0,0
18279,366,29,7,2,1,0,0,1
18280,366,30,8,2,1,1,0,-1
18281,366,31,3,1,1,0,-1,0
18282,366,32,1,1,0,0,0,0
18283,366,33,1,1,0,0,0,0
18284,366,34,5,2,0,0,0,0
18285,366,35,1,1,0,0,1,0
18286,366,36,3,1,1,0,0,0
18287,366,37,3,1,1,0,-1,0
18288,366,38,1,1,0,0,0,0
18289,366,39,1,1,0,0,1,0
18290,366,40,3,1,1,0,0,0
18291,366,41,3,1,1,0,0,0
18292,366,42,3,1,1,0,0,0
18293,366,43,3,1,1,0,0,0
18294,366,44,3,1,1,0,0,0
18295,366,45,7,2,1,0,0,0
18296,366,46,3,1,1,0,-1,0
18297,366,47,1,1,0,0,1,1
18298,366,48,4,1,1,1,0,0
18299,366,49,4,1,1,1,-1,0
18300,366,50,2,1,0,1,0,-1
18301,367,1,8,2,1,1,0,-1
18302,367,2,7,2,1,0,0,0
18303,367,3,7,2,1,0,0,0
18304,367,4,7,2,1,0,0,1
18305,367,5,8,2,1,1,0,0
18306,367,6,4,1,1,1,0,0
18307,367,7,8,2,1,1,-1,0
18308,367,8,2,1,0,1,0,0
18309,367,9,6,2,0,1,1,0
18310,367,10,4,1,1,1,0,0
18311,367,11,8,2,1,1,-1,-1
18312,367,12,5,2,0,0,0,0
18313,367,13,1,1,0,0,0,0
18314,367,14,1,1,0,0,0,1
18315,367,15,6,2,0,1,0,0
18316,367,16,6,2,0,1,0,-1
18317,367,17,5,2,0,0,0,0
18318,367,18,1,1,0,0,1,1
18319,367,19,4,1,1,1,0,0
18320,367,20,4,1,1,1,-1,0
18321,367,21,2,1,0,1,0,0
18322,367,22,2,1,0,1,0,-1
18323,367,23,1,1,0,0,0,0
18324,367,24,1,1,0,0,1,0
18325,367,25,3,1,1,0,0,0
18326,367,26,7,2,1,0,0,0
18327,367,27,7,2,1,0,0,0
18328,367,28,7,2,1,0,0,0
18329,367,29,7,2,1,0,0,0
18330,367,30,7,2,1,0,0,1
18331,367,31,4,1,1,1,0,0
18332,367,32,4,1,1,1,0,0
18333,367,33,4,1,1,1,0,0
18334,367,34,4,1,1,1,0,0
18335,367,35,4,1,1,1,0,0
18336,367,36,8,2,1,1,0,0
18337,367,37,8,2,1,1,0,0
18338,367,38,8,2,1,1,0,0
18339,367,39,4,1,1,1,0,0
18340,367,40,4,1,1,1,-1,0
18341,367,41,2,1,0,1,0,0
18342,367,42,2,1,0,1,0,0
18343,367,43,2,1,0,1,0,0
18344,367,44,2,1,0,1,0,0
18345,367,45,2,1,0,1,1,-1
18346,367,46,7,2,1,0,0,0
18347,367,47,3,1,1,0,0,1
18348,367,48,4,1,1,1,0,0
18349,367,49,4,1,1,1,0,0
18350,367,50,4,1,1,1,0,0
18351,368,1,4,1,1,1,0,0
18352,368,2,4,1,1,1,0,0
18353,368,3,4,1,1,1,0,0
18354,368,4,4,1,1,1,0,0
18355,368,5,4,1,1,1,0,0
18356,368,6,8,2,1,1,0,0
18357,368,7,8,2,1,1,0,0
18358,368,8,8,2,1,1,0,0
18359,368,9,8,2,1,1,0,0
18360,368,10,8,2,1,1,0,0
18361,368,11,8,2,1,1,-1,0
18362,368,12,2,1,0,1,0,0
18363,368,13,6,2,0,1,0,-1
18364,368,14,1,1,0,0,0,1
18365,368,15,2,1,0,1,1,0
18366,368,16,4,1,1,1,0,0
18367,368,17,4,1,1,1,0,0
18368,368,18,4,1,1,1,0,0
18369,368,19,8,2,1,1,0,-1
18370,368,20,7,2,1,0,0,1
18371,368,21,8,2,1,1,-1,0
18372,368,22,2,1,0,1,0,0
18373,368,23,2,1,0,1,0,0
18374,368,24,2,1,0,1,0,0
18375,368,25,6,2,0,1,0,0
18376,368,26,6,2,0,1,0,0
18377,368,27,2,1,0,1,1,0
18378,368,28,4,1,1,1,0,0
18379,368,29,4,1,1,1,0,0
18380,368,30,8,2,1,1,0,0
18381,368,31,8,2,1,1,0,0
18382,368,32,4,1,1,1,0,0
18383,368,33,4,1,1,1,-1,0
18384,368,34,2,1,0,1,0,0
18385,368,35,2,1,0,1,1,0
18386,368,36,4,1,1,1,0,-1
18387,368,37,3,1,1,0,-1,0
18388,368,38,1,1,0,0,0,0
18389,368,39,1,1,0,0,1,0
18390,368,40,3,1,1,0,0,1
18391,368,41,4,1,1,1,0,0
18392,368,42,4,1,1,1,0,0
18393,368,43,4,1,1,1,0,0
18394,368,44,8,2,1,1,0,-1
18395,368,45,3,1,1,0,0,0
18396,368,46,3,1,1,0,0,0
18397,368,47,3,1,1,0,0,0
18398,368,48,3,1,1,0,-1,1
18399,368,49,2,1,0,1,0,0
18400,368,50,2,1,0,1,0,0
18401,369,1,2,1,0,1,0,0
18402,369,2,6,2,0,1,0,0
18403,369,3,6,2,0,1,0,0
18404,369,4,2,1,0,1,1,-1
18405,369,5,3,1,1,0,0,0
18406,369,6,7,2,1,0,0,0
18407,369,7,7,2,1,0,-1,1
18408,369,8,2,1,0,1,0,0
18409,369,9,6,2,0,1,0,0
18410,369,10,2,1,0,1,0,0
18411,369,11,2,1,0,1,1,0
18412,369,12,4,1,1,1,0,0
18413,369,13,4,1,1,1,0,0
18414,369,14,4,1,1,1,-1,0
18415,369,15,6,2,0,1,1,0
18416,369,16,4,1,1,1,-1,0
18417,369,17,6,2,0,1,1,-1
18418,369,18,3,1,1,0,0,1
18419,369,19,8,2,1,1,0,0
18420,369,20,8,2,1,1,0,-1
18421,369,21,7,2,1,0,0,0
18422,369,22,7,2,1,0,-1,1
18423,369,23,2,1,0,1,0,0
18424,369,24,2,1,0,1,1,0
18425,369,25,8,2,1,1,0,0
18426,369,26,8,2,1,1,0,0
18427,369,27,4,1,1,1,0,0
18428,369,28,8,2,1,1,-1,-1
18429,369,29,1,1,0,0,1,0
18430,369,30,3,1,1,0,0,0
18431,369,31,3,1,1,0,0,0
18432,369,32,3,1,1,0,0,1
18433,369,33,4,1,1,1,0,0
18434,369,34,4,1,1,1,0,-1
18435,369,35,3,1,1,0,0,1
18436,369,36,8,2,1,1,0,0
18437,369,37,8,2,1,1,0,0
18438,369,38,8,2,1,1,0,0
18439,369,39,8,2,1,1,0,-1
18440,369,40,3,1,1,0,0,0
18441,369,41,7,2,1,0,0,1
18442,369,42,8,2,1,1,0,-1
18443,369,43,7,2,1,0,0,1
18444,369,44,4,1,1,1,-1,0
18445,369,45,2,1,0,1,0,0
18446,369,46,2,1,0,1,1,0
18447,369,47,8,2,1,1,0,0
18448,369,48,8,2,1,1,0,0
18449,369,49,8,2,1,1,0,0
18450,369,50,8,2,1,1,-1,0
18451,370,1,8,2,1,1,0,-1
18452,370,2,7,2,1,0,0,0
18453,370,3,7,2,1,0,0,0
18454,370,4,7,2,1,0,-1,0
18455,370,5,5,2,0,0,0,0
18456,370,6,5,2,0,0,1,0
18457,370,7,3,1,1,0,0,0
18458,370,8,3,1,1,0,0,1
18459,370,9,4,1,1,1,0,0
18460,370,10,8,2,1,1,0,0
18461,370,11,4,1,1,1,0,-1
18462,370,12,7,2,1,0,0,0
18463,370,13,3,1,1,0,0,0
18464,370,14,3,1,1,0,0,0
18465,370,15,3,1,1,0,-1,0
18466,370,16,1,1,0,0,1,1
18467,370,17,4,1,1,1,-1,-1
18468,370,18,5,2,0,0,0,0
18469,370,19,1,1,0,0,0,1
18470,370,20,2,1,0,1,1,0
18471,370,21,4,1,1,1,0,0
18472,370,22,4,1,1,1,0,0
18473,370,23,4,1,1,1,0,0
18474,370,24,4,1,1,1,0,0
18475,370,25,8,2,1,1,0,0
18476,370,26,4,1,1,1,0,0
18477,370,27,4,1,1,1,0,-1
18478,370,28,3,1,1,0,0,0
18479,370,29,7,2,1,0,0,0
18480,370,30,3,1,1,0,0,1
18481,370,31,4,1,1,1,-1,0
18482,370,32,2,1,0,1,0,0
18483,370,33,2,1,0,1,0,-1
18484,370,34,1,1,0,0,0,0
18485,370,35,1,1,0,0,0,0
18486,370,36,1,1,0,0,1,0
18487,370,37,3,1,1,0,-1,1
18488,370,38,2,1,0,1,0,0
18489,370,39,6,2,0,1,0,0
18490,370,40,2,1,0,1,1,0
18491,370,41,4,1,1,1,0,0
18492,370,42,4,1,1,1,0,0
18493,370,43,4,1,1,1,-1,0
18494,370,44,2,1,0,1,1,-1
18495,370,45,3,1,1,0,-1,1
18496,370,46,2,1,0,1,0,0
18497,370,47,2,1,0,1,0,0
18498,370,48,2,1,0,1,0,0
18499,370,49,2,1,0,1,0,0
18500,370,50,6,2,0,1,1,0
18501,371,1,8,2,1,1,0,0
18502,371,2,8,2,1,1,-1,-1
18503,371,3,5,2,0,0,1,0
18504,371,4,3,1,1,0,0,0
18505,371,5,3,1,1,0,0,0
18506,371,6,7,2,1,0,0,0
18507,371,7,3,1,1,0,0,0
18508,371,8,3,1,1,0,0,0
18509,371,9,3,1,1,0,0,0
18510,371,10,3,1,1,0,-1,0
18511,371,11,1,1,0,0,1,0
18512,371,12,7,2,1,0,0,0
18513,371,13,3,1,1,0,0,0
18514,371,14,3,1,1,0,-1,0
18515,371,15,1,1,0,0,1,1
18516,371,16,4,1,1,1,0,-1
18517,371,17,3,1,1,0,0,0
18518,371,18,3,1,1,0,0,0
18519,371,19,7,2,1,0,-1,0
18520,371,20,5,2,0,0,0,0
18521,371,21,5,2,0,0,0,1
18522,371,22,6,2,0,1,1,0
18523,371,23,8,2,1,1,0,0
18524,371,24,4,1,1,1,0,-1
18525,371,25,3,1,1,0,0,1
18526,371,26,8,2,1,1,-1,0
18527,371,27,6,2,0,1,0,0
18528,371,28,2,1,0,1,0,0
18529,371,29,6,2,0,1,1,0
18530,371,30,4,1,1,1,0,0
18531,371,31,4,1,1,1,0,0
18532,371,32,4,1,1,1,0,0
18533,371,33,4,1,1,1,-1,0
18534,371,34,2,1,0,1,0,0
18535,371,35,2,1,0,1,0,0
18536,371,36,2,1,0,1,1,0
18537,371,37,8,2,1,1,0,0
18538,371,38,4,1,1,1,0,-1
18539,371,39,3,1,1,0,0,0
18540,371,40,3,1,1,0,0,0
18541,371,41,7,2,1,0,0,0
18542,371,42,7,2,1,0,-1,1
18543,371,43,2,1,0,1,1,0
18544,371,44,4,1,1,1,0,-1
18545,371,45,7,2,1,0,0,0
18546,371,46,7,2,1,0,0,0
18547,371,47,3,1,1,0,0,0
18548,371,48,3,1,1,0,-1,0
18549,371,49,1,1,0,0,0,1
18550,371,50,2,1,0,1,1,-1
18551,372,1,2,1,0,1,0,-1
18552,372,2,1,1,0,0,0,1
18553,372,3,2,1,0,1,0,-1
18554,372,4,5,2,0,0,0,0
18555,372,5,5,2,0,0,0,0
18556,372,6,1,1,0,0,0,0
18557,372,7,1,1,0,0,0,1
18558,372,8,2,1,0,1,1,-1
18559,372,9,3,1,1,0,0,0
18560,372,10,7,2,1,0,0,0
18561,372,11,7,2,1,0,0,0
18562,372,12,7,2,1,0,0,1
18563,372,13,8,2,1,1,0,-1
18564,372,14,3,1,1,0,0,1
18565,372,15,8,2,1,1,0,-1
18566,372,16,3,1,1,0,0,1
18567,372,17,8,2,1,1,0,0
18568,372,18,8,2,1,1,0,0
18569,372,19,4,1,1,1,0,0
18570,372,20,4,1,1,1,0,0
18571,372,21,4,1,1,1,0,0
18572,372,22,4,1,1,1,0,0
18573,372,23,4,1,1,1,0,0
18574,372,24,8,2,1,1,0,0
18575,372,25,8,2,1,1,-1,0
18576,372,26,6,2,0,1,0,0
18577,372,27,6,2,0,1,0,0
18578,372,28,6,2,0,1,1,0
18579,372,29,8,2,1,1,0,0
18580,372,30,8,2,1,1,0,0
18581,372,31,8,2,1,1,0,-1
18582,372,32,7,2,1,0,0,1
18583,372,33,4,1,1,1,-1,0
18584,372,34,6,2,0,1,0,0
18585,372,35,6,2,0,1,1,0
18586,372,36,4,1,1,1,-1,0
18587,372,37,2,1,0,1,0,0
18588,372,38,2,1,0,1,0,0
18589,372,39,2,1,0,1,0,0
18590,372,40,2,1,0,1,1,-1
18591,372,41,3,1,1,0,0,0
18592,372,42,3,1,1,0,0,0
18593,372,43,3,1,1,0,0,1
18594,372,44,4,1,1,1,-1,0
18595,372,45,2,1,0,1,1,0
18596,372,46,4,1,1,1,-1,-1
18597,372,47,5,2,0,0,0,0
18598,372,48,5,2,0,0,0,0
18599,372,49,5,2,0,0,0,1
18600,372,50,2,1,0,1,0,0
18601,373,1,4,1,1,1,0,0
18602,373,2,4,1,1,1,0,0
18603,373,3,4,1,1,1,0,0
18604,373,4,4,1,1,1,0,0
18605,373,5,4,1,1,1,0,-1
18606,373,6,3,1,1,0,0,0
18607,373,7,3,1,1,0,0,0
18608,373,8,3,1,1,0,0,1
18609,373,9,4,1,1,1,0,0
18610,373,10,4,1,1,1,0,-1
18611,373,11,3,1,1,0,0,1
18612,373,12,4,1,1,1,0,0
18613,373,13,8,2,1,1,-1,0
18614,373,14,6,2,0,1,1,0
18615,373,15,8,2,1,1,0,0
18616,373,16,4,1,1,1,0,-1
18617,373,17,7,2,1,0,0,1
18618,373,18,8,2,1,1,0,-1
18619,373,19,3,1,1,0,0,0
18620,373,20,3,1,1,0,0,0
18621,373,21,3,1,1,0,0,1
18622,373,22,4,1,1,1,-1,-1
18623,373,23,1,1,0,0,0,1
18624,373,24,2,1,0,1,0,0
18625,373,25,2,1,0,1,1,0
18626,373,26,8,2,1,1,-1,-1
18627,373,27,1,1,0,0,0,1
18628,373,28,2,1,0,1,0,0
18629,373,29,2,1,0,1,0,-1
18630,373,30,1,1,0,0,0,0
18631,373,31,1,1,0,0,0,0
18632,373,32,1,1,0,0,0,0
18633,373,33,5,2,0,0,0,1
18634,373,34,2,1,0,1,0,0
18635,373,35,6,2,0,1,1,0
18636,373,36,8,2,1,1,0,-1
18637,373,37,7,2,1,0,0,1
18638,373,38,4,1,1,1,0,-1
18639,373,39,3,1,1,0,0,0
18640,373,40,3,1,1,0,0,0
18641,373,41,7,2,1,0,0,0
18642,373,42,7,2,1,0,-1,0
18643,373,43,5,2,0,0,0,1
18644,373,44,2,1,0,1,1,0
18645,373,45,4,1,1,1,0,0
18646,373,46,4,1,1,1,0,0
18647,373,47,4,1,1,1,-1,0
18648,373,48,2,1,0,1,0,0
18649,373,49,2,1,0,1,0,0
18650,373,50,2,1,0,1,0,0
18651,374,1,7,2,1,0,0,1
18652,374,2,4,1,1,1,0,0
18653,374,3,4,1,1,1,-1,0
18654,374,4,2,1,0,1,0,0
18655,374,5,2,1,0,1,0,0
18656,374,6,2,1,0,1,0,0
18657,374,7,6,2,0,1,1,0
18658,374,8,4,1,1,1,-1,0
18659,374,9,2,1,0,1,1,0
18660,374,10,8,2,1,1,-1,0
18661,374,11,6,2,0,1,0,0
18662,374,12,6,2,0,1,1,-1
18663,374,13,7,2,1,0,-1,0
18664,374,14,5,2,0,0,0,0
18665,374,15,1,1,0,0,0,0
18666,374,16,1,1,0,0,0,0
18667,374,17,5,2,0,0,0,0
18668,374,18,1,1,0,0,1,0
18669,374,19,3,1,1,0,-1,0
18670,374,20,5,2,0,0,0,0
18671,374,21,5,2,0,0,0,0
18672,374,22,1,1,0,0,0,0
18673,374,23,5,2,0,0,0,1
18674,374,24,2,1,0,1,0,0
18675,374,25,2,1,0,1,0,0
18676,374,26,2,1,0,1,0,0
18677,374,27,2,1,0,1,0,0
18678,374,28,6,2,0,1,0,-1
18679,374,29,5,2,0,0,1,0
18680,374,30,3,1,1,0,0,0
18681,374,31,3,1,1,0,0,0
18682,374,32,3,1,1,0,0,0
18683,374,33,3,1,1,0,0,1
18684,374,34,8,2,1,1,-1,-1
18685,374,35,5,2,0,0,0,1
18686,374,36,2,1,0,1,1,0
18687,374,37,4,1,1,1,0,0
18688,374,38,4,1,1,1,0,0
18689,374,39,8,2,1,1,0,-1
18690,374,40,7,2,1,0,0,0
18691,374,41,7,2,1,0,0,1
18692,374,42,8,2,1,1,0,0
18693,374,43,4,1,1,1,0,0
18694,374,44,4,1,1,1,0,0
18695,374,45,8,2,1,1,-1,0
18696,374,46,6,2,0,1,0,0
18697,374,47,6,2,0,1,0,0
18698,374,48,2,1,0,1,1,-1
18699,374,49,3,1,1,0,0,0
18700,374,50,3,1,1,0,-1,0
18701,375,1,2,1,0,1,1,0
18702,375,2,8,2,1,1,0,0
18703,375,3,4,1,1,1,0,0
18704,375,4,4,1,1,1,0,0
18705,375,5,4,1,1,1,-1,0
18706,375,6,2,1,0,1,0,-1
18707,375,7,1,1,0,0,0,0
18708,375,8,1,1,0,0,0,0
18709,375,9,1,1,0,0,0,1
18710,375,10,2,1,0,1,1,0
18711,375,11,4,1,1,1,0,0
18712,375,12,8,2,1,1,0,0
18713,375,13,8,2,1,1,-1,0
18714,375,14,6,2,0,1,0,0
18715,375,15,2,1,0,1,0,0
18716,375,16,6,2,0,1,0,-1
18717,375,17,1,1,0,0,1,0
18718,375,18,7,2,1,0,0,0
18719,375,19,3,1,1,0,0,1
18720,375,20,8,2,1,1,0,0
18721,375,21,4,1,1,1,0,-1
18722,375,22,3,1,1,0,0,0
18723,375,23,3,1,1,0,0,1
18724,375,24,4,1,1,1,0,0
18725,375,25,8,2,1,1,0,0
18726,375,26,8,2,1,1,0,0
18727,375,27,8,2,1,1,0,0
18728,375,28,8,2,1,1,0,0
18729,375,29,8,2,1,1,-1,-1
18730,375,30,5,2,0,0,0,0
18731,375,31,5,2,0,0,0,1
18732,375,32,6,2,0,1,0,0
18733,375,33,2,1,0,1,0,-1
18734,375,34,5,2,0,0,0,0
18735,375,35,5,2,0,0,1,1
18736,375,36,8,2,1,1,0,0
18737,375,37,4,1,1,1,0,0
18738,375,38,4,1,1,1,0,0
18739,375,39,4,1,1,1,-1,0
18740,375,40,2,1,0,1,0,-1
18741,375,41,5,2,0,0,0,0
18742,375,42,5,2,0,0,1,1
18743,375,43,8,2,1,1,0,0
18744,375,44,8,2,1,1,0,0
18745,375,45,8,2,1,1,0,0
18746,375,46,4,1,1,1,0,0
18747,375,47,4,1,1,1,0,0
18748,375,48,4,1,1,1,0,0
18749,375,49,4,1,1,1,0,0
18750,375,50,4,1,1,1,0,0
18751,376,1,7,2,1,0,0,0
18752,376,2,7,2,1,0,0,1
18753,376,3,4,1,1,1,0,0
18754,376,4,8,2,1,1,0,0
18755,376,5,8,2,1,1,0,0
18756,376,6,8,2,1,1,0,0
18757,376,7,8,2,1,1,-1,0
18758,376,8,6,2,0,1,1,0
18759,376,9,4,1,1,1,0,-1
18760,376,10,3,1,1,0,0,0
18761,376,11,3,1,1,0,0,0
18762,376,12,3,1,1,0,-1,1
18763,376,13,6,2,0,1,0,0
18764,376,14,2,1,0,1,0,0
18765,376,15,6,2,0,1,0,-1
18766,376,16,5,2,0,0,0,0
18767,376,17,5,2,0,0,0,1
18768,376,18,2,1,0,1,1,0
18769,376,19,4,1,1,1,0,0
18770,376,20,4,1,1,1,0,0
18771,376,21,4,1,1,1,0,-1
18772,376,22,7,2,1,0,-1,1
18773,376,23,6,2,0,1,0,0
18774,376,24,6,2,0,1,1,0
18775,376,25,8,2,1,1,0,-1
18776,376,26,7,2,1,0,0,0
18777,376,27,7,2,1,0,-1,0
18778,376,28,5,2,0,0,1,0
18779,376,29,3,1,1,0,0,0
18780,376,30,3,1,1,0,0,0
18781,376,31,7,2,1,0,0,1
18782,376,32,8,2,1,1,0,0
18783,376,33,8,2,1,1,-1,0
18784,376,34,6,2,0,1,0,-1
18785,376,35,5,2,0,0,0,0
18786,376,36,5,2,0,0,0,0
18787,376,37,1,1,0,0,0,0
18788,376,38,1,1,0,0,0,0
18789,376,39,1,1,0,0,0,0
18790,376,40,1,1,0,0,1,0
18791,376,41,7,2,1,0,0,1
18792,376,42,4,1,1,1,0,-1
18793,376,43,3,1,1,0,0,1
18794,376,44,4,1,1,1,-1,-1
18795,376,45,1,1,0,0,0,1
18796,376,46,6,2,0,1,0,-1
18797,376,47,1,1,0,0,0,0
18798,376,48,1,1,0,0,0,0
18799,376,49,1,1,0,0,0,1
18800,376,50,2,1,0,1,0,0
18801,377,1,3,1,1,0,0,0
18802,377,2,3,1,1,0,0,0
18803,377,3,3,1,1,0,0,0
18804,377,4,3,1,1,0,0,0
18805,377,5,7,2,1,0,0,0
18806,377,6,3,1,1,0,0,0
18807,377,7,3,1,1,0,0,0
18808,377,8,3,1,1,0,0,0
18809,377,9,3,1,1,0,-1,1
18810,377,10,6,2,0,1,0,0
18811,377,11,6,2,0,1,0,-1
18812,377,12,5,2,0,0,0,1
18813,377,13,2,1,0,1,0,0
18814,377,14,6,2,0,1,0,0
18815,377,15,6,2,0,1,0,0
18816,377,16,6,2,0,1,0,0
18817,377,17,6,2,0,1,0,-1
18818,377,18,1,1,0,0,0,0
18819,377,19,5,2,0,0,0,0
18820,377,20,5,2,0,0,0,0
18821,377,21,1,1,0,0,1,1
18822,377,22,4,1,1,1,0,0
18823,377,23,4,1,1,1,0,0
18824,377,24,4,1,1,1,0,0
18825,377,25,4,1,1,1,0,0
18826,377,26,4,1,1,1,-1,0
18827,377,27,6,2,0,1,0,0
18828,377,28,6,2,0,1,0,0
18829,377,29,6,2,0,1,1,0
18830,377,30,8,2,1,1,0,0
18831,377,31,8,2,1,1,0,0
18832,377,32,8,2,1,1,0,-1
18833,377,33,7,2,1,0,0,0
18834,377,34,7,2,1,0,0,1
18835,377,35,8,2,1,1,0,0
18836,377,36,8,2,1,1,0,-1
18837,377,37,3,1,1,0,0,0
18838,377,38,7,2,1,0,-1,0
18839,377,39,1,1,0,0,0,0
18840,377,40,1,1,0,0,0,0
18841,377,41,1,1,0,0,0,0
18842,377,42,1,1,0,0,0,0
18843,377,43,1,1,0,0,1,0
18844,377,44,3,1,1,0,0,0
18845,377,45,7,2,1,0,0,1
18846,377,46,8,2,1,1,0,0
18847,377,47,8,2,1,1,0,0
18848,377,48,8,2,1,1,-1,-1
18849,377,49,5,2,0,0,0,1
18850,377,50,2,1,0,1,0,0
18851,378,1,3,1,1,0,0,1
18852,378,2,8,2,1,1,-1,0
18853,378,3,6,2,0,1,0,-1
18854,378,4,5,2,0,0,0,0
18855,378,5,1,1,0,0,0,0
18856,378,6,5,2,0,0,0,1
18857,378,7,6,2,0,1,0,-1
18858,378,8,5,2,0,0,1,1
18859,378,9,8,2,1,1,0,0
18860,378,10,8,2,1,1,0,-1
18861,378,11,3,1,1,0,0,1
18862,378,12,8,2,1,1,-1,0
18863,378,13,6,2,0,1,0,0
18864,378,14,6,2,0,1,0,0
18865,378,15,6,2,0,1,0,-1
18866,378,16,5,2,0,0,0,0
18867,378,17,5,2,0,0,1,0
18868,378,18,3,1,1,0,0,0
18869,378,19,3,1,1,0,0,0
18870,378,20,3,1,1,0,-1,1
18871,378,21,2,1,0,1,1,0
18872,378,22,4,1,1,1,0,0
18873,378,23,8,2,1,1,0,0
18874,378,24,4,1,1,1,0,0
18875,378,25,8,2,1,1,0,0
18876,378,26,4,1,1,1,0,0
18877,378,27,8,2,1,1,0,0
18878,378,28,8,2,1,1,0,-1
18879,378,29,7,2,1,0,-1,0
18880,378,30,1,1,0,0,1,1
18881,378,31,4,1,1,1,0,0
18882,378,32,4,1,1,1,0,0
18883,378,33,4,1,1,1,-1,0
18884,378,34,2,1,0,1,0,0
18885,378,35,6,2,0,1,1,0
18886,378,36,8,2,1,1,0,-1
18887,378,37,7,2,1,0,0,0
18888,378,38,3,1,1,0,0,0
18889,378,39,3,1,1,0,0,0
18890,378,40,3,1,1,0,0,1
18891,378,41,4,1,1,1,0,-1
18892,378,42,7,2,1,0,0,1
18893,378,43,8,2,1,1,0,0
18894,378,44,8,2,1,1,0,0
18895,378,45,8,2,1,1,0,0
18896,378,46,4,1,1,1,0,0
18897,378,47,4,1,1,1,0,0
18898,378,48,8,2,1,1,0,0
18899,378,49,4,1,1,1,-1,0
18900,378,50,2,1,0,1,0,0
18901,379,1,1,1,0,0,0,0
18902,379,2,1,1,0,0,0,0
18903,379,3,5,2,0,0,0,0
18904,379,4,5,2,0,0,0,1
18905,379,5,2,1,0,1,0,0
18906,379,6,2,1,0,1,0,0
18907,379,7,2,1,0,1,0,-1
18908,379,8,1,1,0,0,0,1
18909,379,9,6,2,0,1,0,0
18910,379,10,6,2,0,1,0,0
18911,379,11,6,2,0,1,1,0
18912,379,12,8,2,1,1,0,-1
18913,379,13,7,2,1,0,-1,0
18914,379,14,1,1,0,0,1,0
18915,379,15,3,1,1,0,0,0
18916,379,16,3,1,1,0,0,1
18917,379,17,4,1,1,1,0,-1
18918,379,18,3,1,1,0,0,0
18919,379,19,7,2,1,0,0,0
18920,379,20,7,2,1,0,0,0
18921,379,21,7,2,1,0,0,0
18922,379,22,7,2,1,0,0,0
18923,379,23,7,2,1,0,0,0
18924,379,24,3,1,1,0,0,0
18925,379,25,3,1,1,0,0,0
18926,379,26,7,2,1,0,0,0
18927,379,27,7,2,1,0,0,1
18928,379,28,8,2,1,1,0,-1
18929,379,29,7,2,1,0,-1,0
18930,379,30,1,1,0,0,0,0
18931,379,31,1,1,0,0,1,0
18932,379,32,3,1,1,0,0,0
18933,379,33,3,1,1,0,-1,0
18934,379,34,5,2,0,0,1,1
18935,379,35,8,2,1,1,0,0
18936,379,36,8,2,1,1,0,0
18937,379,37,8,2,1,1,0,0
18938,379,38,4,1,1,1,-1,0
18939,379,39,6,2,0,1,0,0
18940,379,40,2,1,0,1,0,0
18941,379,41,2,1,0,1,1,0
18942,379,42,4,1,1,1,0,-1
18943,379,43,3,1,1,0,0,0
18944,379,44,7,2,1,0,0,0
18945,379,45,7,2,1,0,0,0
18946,379,46,3,1,1,0,0,1
18947,379,47,4,1,1,1,0,0
18948,379,48,8,2,1,1,-1,-1
18949,379,49,5,2,0,0,1,1
18950,379,50,8,2,1,1,0,0
18951,380,1,7,2,1,0,0,1
18952,380,2,8,2,1,1,0,0
18953,380,3,4,1,1,1,0,0
18954,380,4,4,1,1,1,-1,0
18955,380,5,2,1,0,1,0,0
18956,380,6,2,1,0,1,0,0
18957,380,7,2,1,0,1,0,0
18958,380,8,2,1,0,1,0,0
18959,380,9,2,1,0,1,0,0
18960,380,10,2,1,0,1,0,0
18961,380,11,2,1,0,1,1,-1
18962,380,12,3,1,1,0,0,0
18963,380,13,3,1,1,0,0,0
18964,380,14,3,1,1,0,0,1
18965,380,15,4,1,1,1,0,0
18966,380,16,8,2,1,1,0,0
18967,380,17,4,1,1,1,-1,0
18968,380,18,2,1,0,1,0,0
18969,380,19,2,1,0,1,0,0
18970,380,20,2,1,0,1,0,0
18971,380,21,2,1,0,1,1,0
18972,380,22,4,1,1,1,0,0
18973,380,23,8,2,1,1,-1,0
18974,380,24,6,2,0,1,0,-1
18975,380,25,5,2,0,0,0,0
18976,380,26,1,1,0,0,0,0
18977,380,27,1,1,0,0,1,0
18978,380,28,3,1,1,0,0,1
18979,380,29,4,1,1,1,0,0
18980,380,30,4,1,1,1,-1,0
18981,380,31,2,1,0,1,0,0
18982,380,32,2,1,0,1,0,0
18983,380,33,6,2,0,1,0,-1
18984,380,34,5,2,0,0,1,0
18985,380,35,3,1,1,0,0,1
18986,380,36,8,2,1,1,-1,0
18987,380,37,6,2,0,1,0,0
18988,380,38,6,2,0,1,0,0
18989,380,39,6,2,0,1,0,0
18990,380,40,6,2,0,1,0,-1
18991,380,41,1,1,0,0,1,0
18992,380,42,3,1,1,0,0,1
18993,380,43,4,1,1,1,0,0
18994,380,44,4,1,1,1,0,0
18995,380,45,4,1,1,1,-1,0
18996,380,46,2,1,0,1,0,0
18997,380,47,6,2,0,1,1,0
18998,380,48,8,2,1,1,0,0
18999,380,49,8,2,1,1,0,0
19000,380,50,8,2,1,1,-1,-1
19001,381,1,5,2,0,0,0,0
19002,381,2,5,2,0,0,0,0
19003,381,3,5,2,0,0,1,1
19004,381,4,8,2,1,1,0,0
19005,381,5,8,2,1,1,0,0
19006,381,6,8,2,1,1,0,0
19007,381,7,4,1,1,1,0,0
19008,381,8,4,1,1,1,0,-1
19009,381,9,7,2,1,0,0,0
19010,381,10,3,1,1,0,0,0
19011,381,11,3,1,1,0,0,0
19012,381,12,3,1,1,0,0,0
19013,381,13,7,2,1,0,0,0
19014,381,14,3,1,1,0,0,0
19015,381,15,3,1,1,0,0,0
19016,381,16,3,1,1,0,-1,0
19017,381,17,1,1,0,0,0,1
19018,381,18,6,2,0,1,0,0
19019,381,19,2,1,0,1,0,0
19020,381,20,2,1,0,1,1,0
19021,381,21,4,1,1,1,0,-1
19022,381,22,7,2,1,0,0,0
19023,381,23,3,1,1,0,0,1
19024,381,24,4,1,1,1,0,0
19025,381,25,4,1,1,1,-1,0
19026,381,26,6,2,0,1,0,0
19027,381,27,6,2,0,1,0,0
19028,381,28,2,1,0,1,1,0
19029,381,29,8,2,1,1,0,0
19030,381,30,8,2,1,1,0,-1
19031,381,31,7,2,1,0,0,1
19032,381,32,8,2,1,1,0,0
19033,381,33,8,2,1,1,0,-1
19034,381,34,7,2,1,0,-1,0
19035,381,35,1,1,0,0,0,0
19036,381,36,1,1,0,0,0,1
19037,381,37,2,1,0,1,0,0
19038,381,38,2,1,0,1,1,0
19039,381,39,8,2,1,1,0,0
19040,381,40,8,2,1,1,0,0
19041,381,41,8,2,1,1,0,0
19042,381,42,8,2,1,1,0,0
19043,381,43,4,1,1,1,0,0
19044,381,44,4,1,1,1,0,-1
19045,381,45,3,1,1,0,0,0
19046,381,46,7,2,1,0,0,0
19047,381,47,3,1,1,0,0,1
19048,381,48,4,1,1,1,0,0
19049,381,49,4,1,1,1,-1,0
19050,381,50,2,1,0,1,0,0
19051,382,1,8,2,1,1,-1,0
19052,382,2,6,2,0,1,0,0
19053,382,3,2,1,0,1,1,0
19054,382,4,4,1,1,1,-1,0
19055,382,5,2,1,0,1,0,-1
19056,382,6,1,1,0,0,1,0
19057,382,7,3,1,1,0,0,0
19058,382,8,7,2,1,0,-1,0
19059,382,9,5,2,0,0,0,0
19060,382,10,5,2,0,0,0,1
19061,382,11,6,2,0,1,1,-1
19062,382,12,7,2,1,0,0,0
19063,382,13,7,2,1,0,0,1
19064,382,14,8,2,1,1,0,0
19065,382,15,8,2,1,1,0,-1
19066,382,16,7,2,1,0,0,0
19067,382,17,7,2,1,0,0,0
19068,382,18,3,1,1,0,0,0
19069,382,19,7,2,1,0,0,0
19070,382,20,7,2,1,0,-1,0
19071,382,21,5,2,0,0,1,0
19072,382,22,7,2,1,0,0,0
19073,382,23,7,2,1,0,0,0
19074,382,24,7,2,1,0,0,0
19075,382,25,7,2,1,0,-1,0
19076,382,26,5,2,0,0,0,0
19077,382,27,5,2,0,0,0,1
19078,382,28,6,2,0,1,0,0
19079,382,29,6,2,0,1,0,0
19080,382,30,6,2,0,1,0,0
19081,382,31,2,1,0,1,0,0
19082,382,32,2,1,0,1,0,0
19083,382,33,2,1,0,1,1,0
19084,382,34,4,1,1,1,0,-1
19085,382,35,3,1,1,0,0,0
19086,382,36,3,1,1,0,0,0
19087,382,37,3,1,1,0,0,0
19088,382,38,3,1,1,0,0,0
19089,382,39,3,1,1,0,-1,0
19090,382,40,1,1,0,0,0,1
19091,382,41,2,1,0,1,0,-1
19092,382,42,1,1,0,0,0,0
19093,382,43,1,1,0,0,0,0
19094,382,44,1,1,0,0,1,0
19095,382,45,3,1,1,0,-1,1
19096,382,46,2,1,0,1,0,0
19097,382,47,6,2,0,1,0,0
19098,382,48,2,1,0,1,0,0
19099,382,49,2,1,0,1,0,0
19100,382,50,2,1,0,1,0,0
19101,383,1,3,1,1,0,0,0
19102,383,2,7,2,1,0,-1,0
19103,383,3,5,2,0,0,0,0
19104,383,4,1,1,0,0,0,0
19105,383,5,1,1,0,0,0,0
19106,383,6,1,1,0,0,0,0
19107,383,7,1,1,0,0,0,0
19108,383,8,5,2,0,0,0,0
19109,383,9,5,2,0,0,1,0
19110,383,10,7,2,1,0,0,0
19111,383,11,7,2,1,0,0,0
19112,383,12,3,1,1,0,0,0
19113,383,13,7,2,1,0,0,0
19114,383,14,7,2,1,0,-1,0
19115,383,15,5,2,0,0,0,0
19116,383,16,1,1,0,0,0,1
19117,383,17,6,2,0,1,0,0
19118,383,18,2,1,0,1,0,-1
19119,383,19,1,1,0,0,1,0
19120,383,20,3,1,1,0,0,0
19121,383,21,3,1,1,0,0,1
19122,383,22,4,1,1,1,0,0
19123,383,23,4,1,1,1,0,0
19124,383,24,4,1,1,1,0,0
19125,383,25,4,1,1,1,0,-1
19126,383,26,3,1,1,0,-1,0
19127,383,27,5,2,0,0,0,0
19128,383,28,1,1,0,0,1,0
19129,383,29,3,1,1,0,0,0
19130,383,30,3,1,1,0,0,0
19131,383,31,3,1,1,0,0,1
19132,383,32,4,1,1,1,0,0
19133,383,33,8,2,1,1,0,-1
19134,383,34,7,2,1,0,0,0
19135,383,35,7,2,1,0,0,1
19136,383,36,8,2,1,1,-1,0
19137,383,37,6,2,0,1,1,0
19138,383,38,8,2,1,1,0,0
19139,383,39,8,2,1,1,0,0
19140,383,40,4,1,1,1,0,-1
19141,383,41,7,2,1,0,0,0
19142,383,42,3,1,1,0,0,1
19143,383,43,4,1,1,1,-1,0
19144,383,44,6,2,0,1,0,0
19145,383,45,6,2,0,1,0,0
19146,383,46,2,1,0,1,0,0
19147,383,47,2,1,0,1,0,-1
19148,383,48,1,1,0,0,0,0
19149,383,49,5,2,0,0,0,0
19150,383,50,1,1,0,0,0,1
19151,384,1,3,1,1,0,-1,0
19152,384,2,1,1,0,0,0,0
19153,384,3,1,1,0,0,0,1
19154,384,4,2,1,0,1,0,0
19155,384,5,6,2,0,1,0,0
19156,384,6,6,2,0,1,0,0
19157,384,7,6,2,0,1,0,0
19158,384,8,2,1,0,1,0,0
19159,384,9,6,2,0,1,1,0
19160,384,10,8,2,1,1,0,0
19161,384,11,4,1,1,1,0,0
19162,384,12,4,1,1,1,0,0
19163,384,13,4,1,1,1,0,0
19164,384,14,4,1,1,1,0,-1
19165,384,15,3,1,1,0,-1,0
19166,384,16,1,1,0,0,0,0
19167,384,17,5,2,0,0,0,0
19168,384,18,1,1,0,0,0,1
19169,384,19,2,1,0,1,0,0
19170,384,20,2,1,0,1,1,0
19171,384,21,8,2,1,1,0,0
19172,384,22,8,2,1,1,0,-1
19173,384,23,7,2,1,0,0,0
19174,384,24,7,2,1,0,0,0
19175,384,25,7,2,1,0,0,0
19176,384,26,3,1,1,0,0,0
19177,384,27,3,1,1,0,0,0
19178,384,28,7,2,1,0,0,0
19179,384,29,3,1,1,0,0,0
19180,384,30,3,1,1,0,0,1
19181,384,31,4,1,1,1,0,0
19182,384,32,4,1,1,1,0,0
19183,384,33,4,1,1,1,-1,0
19184,384,34,2,1,0,1,0,-1
19185,384,35,1,1,0,0,0,1
19186,384,36,2,1,0,1,0,0
19187,384,37,2,1,0,1,0,0
19188,384,38,6,2,0,1,0,-1
19189,384,39,5,2,0,0,0,0
19190,384,40,5,2,0,0,1,0
19191,384,41,3,1,1,0,0,1
19192,384,42,4,1,1,1,0,0
19193,384,43,4,1,1,1,0,0
19194,384,44,4,1,1,1,0,0
19195,384,45,4,1,1,1,0,0
19196,384,46,4,1,1,1,0,0
19197,384,47,4,1,1,1,0,0
19198,384,48,8,2,1,1,0,0
19199,384,49,4,1,1,1,0,0
19200,384,50,4,1,1,1,0,0
19201,385,1,8,2,1,1,0,0
19202,385,2,8,2,1,1,0,0
19203,385,3,8,2,1,1,0,-1
19204,385,4,7,2,1,0,-1,0
19205,385,5,5,2,0,0,0,0
19206,385,6,1,1,0,0,0,0
19207,385,7,1,1,0,0,0,0
19208,385,8,1,1,0,0,0,0
19209,385,9,5,2,0,0,0,0
19210,385,10,5,2,0,0,0,1
19211,385,11,6,2,0,1,0,0
19212,385,12,2,1,0,1,0,0
19213,385,13,2,1,0,1,1,0
19214,385,14,4,1,1,1,0,0
19215,385,15,4,1,1,1,0,0
19216,385,16,8,2,1,1,-1,0
19217,385,17,2,1,0,1,0,-1
19218,385,18,5,2,0,0,0,1
19219,385,19,6,2,0,1,1,0
19220,385,20,8,2,1,1,0,0
19221,385,21,4,1,1,1,0,0
19222,385,22,4,1,1,1,0,0
19223,385,23,4,1,1,1,0,-1
19224,385,24,7,2,1,0,0,0
19225,385,25,7,2,1,0,-1,1
19226,385,26,6,2,0,1,0,0
19227,385,27,6,2,0,1,0,0
19228,385,28,6,2,0,1,0,0
19229,385,29,2,1,0,1,0,0
19230,385,30,2,1,0,1,0,0
19231,385,31,2,1,0,1,0,-1
19232,385,32,1,1,0,0,0,0
19233,385,33,5,2,0,0,0,0
19234,385,34,1,1,0,0,0,1
19235,385,35,6,2,0,1,0,0
19236,385,36,6,2,0,1,1,0
19237,385,37,8,2,1,1,0,0
19238,385,38,8,2,1,1,-1,0
19239,385,39,6,2,0,1,0,0
19240,385,40,2,1,0,1,1,-1
19241,385,41,3,1,1,0,0,1
19242,385,42,4,1,1,1,0,0
19243,385,43,4,1,1,1,-1,-1
19244,385,44,1,1,0,0,0,1
19245,385,45,6,2,0,1,1,0
19246,385,46,8,2,1,1,0,0
19247,385,47,8,2,1,1,0,-1
19248,385,48,7,2,1,0,0,1
19249,385,49,8,2,1,1,-1,0
19250,385,50,2,1,0,1,1,0
19251,386,1,8,2,1,1,0,0
19252,386,2,4,1,1,1,0,0
19253,386,3,4,1,1,1,0,0
19254,386,4,8,2,1,1,-1,0
19255,386,5,6,2,0,1,0,0
19256,386,6,2,1,0,1,0,-1
19257,386,7,5,2,0,0,0,0
19258,386,8,5,2,0,0,0,1
19259,386,9,6,2,0,1,0,0
19260,386,10,2,1,0,1,0,-1
19261,386,11,5,2,0,0,0,1
19262,386,12,6,2,0,1,0,0
19263,386,13,2,1,0,1,0,0
19264,386,14,2,1,0,1,0,0
19265,386,15,2,1,0,1,1,0
19266,386,16,4,1,1,1,0,0
19267,386,17,4,1,1,1,0,0
19268,386,18,8,2,1,1,0,0
19269,386,19,4,1,1,1,0,-1
19270,386,20,3,1,1,0,0,0
19271,386,21,7,2,1,0,0,0
19272,386,22,3,1,1,0,0,0
19273,386,23,7,2,1,0,0,0
19274,386,24,7,2,1,0,0,0
19275,386,25,7,2,1,0,0,0
19276,386,26,3,1,1,0,0,0
19277,386,27,3,1,1,0,0,0
19278,386,28,3,1,1,0,0,0
19279,386,29,3,1,1,0,0,1
19280,386,30,8,2,1,1,0,0
19281,386,31,8,2,1,1,0,0
19282,386,32,4,1,1,1,0,0
19283,386,33,4,1,1,1,0,-1
19284,386,34,3,1,1,0,0,0
19285,386,35,3,1,1,0,0,1
19286,386,36,4,1,1,1,0,0
19287,386,37,8,2,1,1,0,0
19288,386,38,4,1,1,1,-1,0
19289,386,39,6,2,0,1,0,0
19290,386,40,6,2,0,1,0,0
19291,386,41,6,2,0,1,0,0
19292,386,42,6,2,0,1,0,0
19293,386,43,2,1,0,1,1,0
19294,386,44,4,1,1,1,-1,0
19295,386,45,2,1,0,1,0,0
19296,386,46,6,2,0,1,0,-1
19297,386,47,1,1,0,0,0,1
19298,386,48,6,2,0,1,0,0
19299,386,49,2,1,0,1,1,0
19300,386,50,4,1,1,1,0,0
19301,387,1,6,2,0,1,0,-1
19302,387,2,5,2,0,0,0,0
19303,387,3,5,2,0,0,1,0
19304,387,4,7,2,1,0,-1,1
19305,387,5,2,1,0,1,1,0
19306,387,6,4,1,1,1,0,0
19307,387,7,4,1,1,1,0,0
19308,387,8,4,1,1,1,0,0
19309,387,9,4,1,1,1,0,-1
19310,387,10,3,1,1,0,0,0
19311,387,11,3,1,1,0,0,0
19312,387,12,3,1,1,0,-1,0
19313,387,13,1,1,0,0,0,0
19314,387,14,5,2,0,0,0,0
19315,387,15,5,2,0,0,0,1
19316,387,16,2,1,0,1,0,0
19317,387,17,2,1,0,1,0,0
19318,387,18,6,2,0,1,0,-1
19319,387,19,5,2,0,0,1,0
19320,387,20,3,1,1,0,0,0
19321,387,21,3,1,1,0,0,0
19322,387,22,3,1,1,0,0,0
19323,387,23,7,2,1,0,0,0
19324,387,24,3,1,1,0,0,0
19325,387,25,3,1,1,0,0,1
19326,387,26,4,1,1,1,0,0
19327,387,27,4,1,1,1,0,0
19328,387,28,8,2,1,1,-1,0
19329,387,29,6,2,0,1,0,0
19330,387,30,6,2,0,1,0,0
19331,387,31,2,1,0,1,1,0
19332,387,32,4,1,1,1,0,-1
19333,387,33,7,2,1,0,0,0
19334,387,34,7,2,1,0,0,0
19335,387,35,7,2,1,0,0,1
19336,387,36,8,2,1,1,0,0
19337,387,37,8,2,1,1,0,0
19338,387,38,8,2,1,1,0,0
19339,387,39,8,2,1,1,0,0
19340,387,40,8,2,1,1,-1,0
19341,387,41,6,2,0,1,1,0
19342,387,42,4,1,1,1,0,0
19343,387,43,4,1,1,1,0,0
19344,387,44,8,2,1,1,0,-1
19345,387,45,7,2,1,0,0,1
19346,387,46,8,2,1,1,0,0
19347,387,47,4,1,1,1,0,0
19348,387,48,8,2,1,1,-1,0
19349,387,49,2,1,0,1,0,0
19350,387,50,2,1,0,1,0,0
19351,388,1,7,2,1,0,0,0
19352,388,2,7,2,1,0,0,0
19353,388,3,7,2,1,0,0,0
19354,388,4,7,2,1,0,0,0
19355,388,5,3,1,1,0,0,0
19356,388,6,3,1,1,0,-1,1
19357,388,7,2,1,0,1,0,0
19358,388,8,6,2,0,1,0,0
19359,388,9,2,1,0,1,1,-1
19360,388,10,3,1,1,0,0,0
19361,388,11,7,2,1,0,0,0
19362,388,12,7,2,1,0,0,0
19363,388,13,7,2,1,0,-1,0
19364,388,14,5,2,0,0,0,1
19365,388,15,6,2,0,1,0,0
19366,388,16,6,2,0,1,0,0
19367,388,17,2,1,0,1,0,-1
19368,388,18,1,1,0,0,1,0
19369,388,19,3,1,1,0,0,1
19370,388,20,4,1,1,1,0,-1
19371,388,21,3,1,1,0,0,1
19372,388,22,4,1,1,1,-1,0
19373,388,23,2,1,0,1,0,0
19374,388,24,2,1,0,1,0,0
19375,388,25,2,1,0,1,1,0
19376,388,26,4,1,1,1,0,0
19377,388,27,4,1,1,1,0,0
19378,388,28,4,1,1,1,-1,0
19379,388,29,2,1,0,1,1,0
19380,388,30,8,2,1,1,0,0
19381,388,31,4,1,1,1,0,0
19382,388,32,8,2,1,1,0,-1
19383,388,33,3,1,1,0,-1,1
19384,388,34,2,1,0,1,0,0
19385,388,35,2,1,0,1,0,0
19386,388,36,6,2,0,1,0,0
19387,388,37,2,1,0,1,0,0
19388,388,38,2,1,0,1,0,-1
19389,388,39,5,2,0,0,1,0
19390,388,40,7,2,1,0,0,1
19391,388,41,8,2,1,1,0,-1
19392,388,42,7,2,1,0,0,1
19393,388,43,8,2,1,1,0,0
19394,388,44,4,1,1,1,0,0
19395,388,45,4,1,1,1,-1,0
19396,388,46,6,2,0,1,0,0
19397,388,47,6,2,0,1,0,0
19398,388,48,6,2,0,1,1,-1
19399,388,49,3,1,1,0,0,1
19400,388,50,4,1,1,1,0,0
19401,389,1,7,2,1,0,0,0
19402,389,2,3,1,1,0,0,0
19403,389,3,3,1,1,0,0,0
19404,389,4,3,1,1,0,0,0
19405,389,5,7,2,1,0,0,1
19406,389,6,8,2,1,1,0,0
19407,389,7,8,2,1,1,0,-1
19408,389,8,3,1,1,0,0,0
19409,389,9,3,1,1,0,0,0
19410,389,10,3,1,1,0,0,1
19411,389,11,4,1,1,1,0,0
19412,389,12,4,1,1,1,-1,-1
19413,389,13,1,1,0,0,0,1
19414,389,14,6,2,0,1,1,0
19415,389,15,4,1,1,1,0,0
19416,389,16,4,1,1,1,0,0
19417,389,17,4,1,1,1,0,-1
19418,389,18,7,2,1,0,0,1
19419,389,19,8,2,1,1,0,-1
19420,389,20,7,2,1,0,0,1
19421,389,21,8,2,1,1,0,-1
19422,389,22,7,2,1,0,0,0
19423,389,23,7,2,1,0,0,0
19424,389,24,3,1,1,0,0,1
19425,389,25,4,1,1,1,0,-1
19426,389,26,7,2,1,0,-1,0
19427,389,27,5,2,0,0,0,0
19428,389,28,5,2,0,0,0,0
19429,389,29,5,2,0,0,0,1
19430,389,30,6,2,0,1,0,0
19431,389,31,6,2,0,1,0,0
19432,389,32,2,1,0,1,0,0
19433,389,33,2,1,0,1,1,0
19434,389,34,4,1,1,1,0,0
19435,389,35,4,1,1,1,0,0
19436,389,36,4,1,1,1,-1,0
19437,389,37,2,1,0,1,0,0
19438,389,38,2,1,0,1,0,0
19439,389,39,2,1,0,1,1,0
19440,389,40,4,1,1,1,0,0
19441,389,41,4,1,1,1,-1,-1
19442,389,42,1,1,0,0,0,0
19443,389,43,5,2,0,0,0,0
19444,389,44,1,1,0,0,0,0
19445,389,45,1,1,0,0,1,0
19446,389,46,7,2,1,0,0,1
19447,389,47,4,1,1,1,0,0
19448,389,48,8,2,1,1,0,0
19449,389,49,8,2,1,1,0,-1
19450,389,50,7,2,1,0,0,0
19451,390,1,1,1,0,0,0,0
19452,390,2,5,2,0,0,0,0
19453,390,3,5,2,0,0,1,0
19454,390,4,7,2,1,0,-1,0
19455,390,5,5,2,0,0,0,0
19456,390,6,1,1,0,0,1,0
19457,390,7,3,1,1,0,0,0
19458,390,8,3,1,1,0,-1,0
19459,390,9,5,2,0,0,0,1
19460,390,10,6,2,0,1,0,-1
19461,390,11,1,1,0,0,1,0
19462,390,12,7,2,1,0,0,0
19463,390,13,7,2,1,0,0,0
19464,390,14,3,1,1,0,-1,0
19465,390,15,1,1,0,0,1,0
19466,390,16,3,1,1,0,0,0
19467,390,17,7,2,1,0,0,0
19468,390,18,7,2,1,0,0,0
19469,390,19,7,2,1,0,0,0
19470,390,20,7,2,1,0,0,0
19471,390,21,3,1,1,0,0,0
19472,390,22,7,2,1,0,0,1
19473,390,23,8,2,1,1,0,0
19474,390,24,8,2,1,1,-1,0
19475,390,25,2,1,0,1,0,0
19476,390,26,2,1,0,1,1,0
19477,390,27,4,1,1,1,0,0
19478,390,28,8,2,1,1,0,0
19479,390,29,4,1,1,1,0,0
19480,390,30,4,1,1,1,0,-1
19481,390,31,3,1,1,0,0,0
19482,390,32,7,2,1,0,0,0
19483,390,33,7,2,1,0,0,0
19484,390,34,7,2,1,0,0,1
19485,390,35,8,2,1,1,-1,0
19486,390,36,6,2,0,1,0,0
19487,390,37,2,1,0,1,1,0
19488,390,38,8,2,1,1,0,0
19489,390,39,4,1,1,1,-1,0
19490,390,40,6,2,0,1,0,0
19491,390,41,2,1,0,1,0,0
19492,390,42,6,2,0,1,0,0
19493,390,43,6,2,0,1,0,-1
19494,390,44,1,1,0,0,0,0
19495,390,45,1,1,0,0,0,0
19496,390,46,5,2,0,0,0,1
19497,390,47,2,1,0,1,0,-1
19498,390,48,1,1,0,0,1,0
19499,390,49,3,1,1,0,-1,0
19500,390,50,5,2,0,0,0,0
19501,391,1,2,1,0,1,0,0
19502,391,2,6,2,0,1,1,0
19503,391,3,8,2,1,1,0,0
19504,391,4,8,2,1,1,-1,0
19505,391,5,2,1,0,1,1,-1
19506,391,6,7,2,1,0,0,0
19507,391,7,7,2,1,0,0,0
19508,391,8,7,2,1,0,0,0
19509,391,9,3,1,1,0,0,1
19510,391,10,4,1,1,1,0,-1
19511,391,11,7,2,1,0,0,0
19512,391,12,7,2,1,0,0,1
19513,391,13,8,2,1,1,-1,0
19514,391,14,2,1,0,1,1,0
19515,391,15,4,1,1,1,0,0
19516,391,16,8,2,1,1,-1,0
19517,391,17,6,2,0,1,0,0
19518,391,18,6,2,0,1,0,0
19519,391,19,2,1,0,1,1,-1
19520,391,20,3,1,1,0,0,1
19521,391,21,4,1,1,1,0,0
19522,391,22,4,1,1,1,0,0
19523,391,23,4,1,1,1,-1,0
19524,391,24,2,1,0,1,0,0
19525,391,25,2,1,0,1,0,0
19526,391,26,6,2,0,1,1,0
19527,391,27,8,2,1,1,-1,0
19528,391,28,2,1,0,1,0,0
19529,391,29,6,2,0,1,0,0
19530,391,30,6,2,0,1,0,0
19531,391,31,6,2,0,1,0,0
19532,391,32,6,2,0,1,0,0
19533,391,33,6,2,0,1,0,0
19534,391,34,6,2,0,1,0,-1
19535,391,35,1,1,0,0,0,1
19536,391,36,2,1,0,1,1,0
19537,391,37,4,1,1,1,-1,-1
19538,391,38,1,1,0,0,0,1
19539,391,39,6,2,0,1,1,0
19540,391,40,8,2,1,1,0,0
19541,391,41,8,2,1,1,0,-1
19542,391,42,3,1,1,0,0,0
19543,391,43,3,1,1,0,0,0
19544,391,44,3,1,1,0,0,0
19545,391,45,3,1,1,0,0,0
19546,391,46,3,1,1,0,0,0
19547,391,47,7,2,1,0,0,1
19548,391,48,8,2,1,1,0,0
19549,391,49,8,2,1,1,-1,0
19550,391,50,6,2,0,1,1,0
19551,392,1,2,1,0,1,1,0
19552,392,2,4,1,1,1,0,0
19553,392,3,4,1,1,1,0,0
19554,392,4,4,1,1,1,0,0
19555,392,5,4,1,1,1,0,-1
19556,392,6,3,1,1,0,0,0
19557,392,7,7,2,1,0,0,0
19558,392,8,3,1,1,0,0,0
19559,392,9,3,1,1,0,0,0
19560,392,10,3,1,1,0,0,0
19561,392,11,3,1,1,0,-1,0
19562,392,12,1,1,0,0,1,0
19563,392,13,3,1,1,0,0,1
19564,392,14,4,1,1,1,0,0
19565,392,15,4,1,1,1,0,-1
19566,392,16,7,2,1,0,-1,0
19567,392,17,5,2,0,0,0,0
19568,392,18,1,1,0,0,0,0
19569,392,19,5,2,0,0,1,0
19570,392,20,7,2,1,0,0,1
19571,392,21,8,2,1,1,0,0
19572,392,22,4,1,1,1,0,0
19573,392,23,4,1,1,1,0,0
19574,392,24,4,1,1,1,0,0
19575,392,25,4,1,1,1,0,0
19576,392,26,8,2,1,1,0,0
19577,392,27,8,2,1,1,0,-1
19578,392,28,7,2,1,0,0,1
19579,392,29,4,1,1,1,0,0
19580,392,30,4,1,1,1,-1,0
19581,392,31,6,2,0,1,0,-1
19582,392,32,5,2,0,0,0,0
19583,392,33,5,2,0,0,0,0
19584,392,34,1,1,0,0,0,1
19585,392,35,6,2,0,1,1,0
19586,392,36,4,1,1,1,0,0
19587,392,37,4,1,1,1,0,-1
19588,392,38,3,1,1,0,0,1
19589,392,39,8,2,1,1,0,0
19590,392,40,8,2,1,1,0,0
19591,392,41,4,1,1,1,0,-1
19592,392,42,3,1,1,0,0,1
19593,392,43,4,1,1,1,0,0
19594,392,44,4,1,1,1,0,0
19595,392,45,4,1,1,1,0,-1
19596,392,46,7,2,1,0,0,0
19597,392,47,7,2,1,0,0,0
19598,392,48,3,1,1,0,-1,0
19599,392,49,1,1,0,0,0,0
19600,392,50,1,1,0,0,0,0
19601,393,1,2,1,0,1,0,0
19602,393,2,6,2,0,1,0,-1
19603,393,3,5,2,0,0,0,0
19604,393,4,1,1,0,0,0,0
19605,393,5,1,1,0,0,1,0
19606,393,6,3,1,1,0,0,0
19607,393,7,3,1,1,0,0,1
19608,393,8,8,2,1,1,-1,-1
19609,393,9,1,1,0,0,0,0
19610,393,10,1,1,0,0,1,0
19611,393,11,3,1,1,0,0,0
19612,393,12,3,1,1,0,0,0
19613,393,13,7,2,1,0,0,0
19614,393,14,7,2,1,0,0,1
19615,393,15,8,2,1,1,0,0
19616,393,16,8,2,1,1,0,0
19617,393,17,4,1,1,1,-1,0
19618,393,18,2,1,0,1,1,-1
19619,393,19,3,1,1,0,0,0
19620,393,20,3,1,1,0,0,0
19621,393,21,7,2,1,0,0,0
19622,393,22,3,1,1,0,-1,0
19623,393,23,1,1,0,0,1,1
19624,393,24,4,1,1,1,0,0
19625,393,25,4,1,1,1,0,0
19626,393,26,4,1,1,1,0,0
19627,393,27,4,1,1,1,0,0
19628,393,28,8,2,1,1,0,0
19629,393,29,8,2,1,1,0,0
19630,393,30,8,2,1,1,0,0
19631,393,31,4,1,1,1,-1,0
19632,393,32,6,2,0,1,0,0
19633,393,33,2,1,0,1,0,-1
19634,393,34,5,2,0,0,1,0
19635,393,35,7,2,1,0,0,0
19636,393,36,3,1,1,0,-1,0
19637,393,37,1,1,0,0,0,1
19638,393,38,6,2,0,1,0,0
19639,393,39,6,2,0,1,0,0
19640,393,40,2,1,0,1,0,0
19641,393,41,6,2,0,1,0,0
19642,393,42,6,2,0,1,1,0
19643,393,43,4,1,1,1,0,0
19644,393,44,4,1,1,1,0,0
19645,393,45,4,1,1,1,0,0
19646,393,46,8,2,1,1,0,-1
19647,393,47,7,2,1,0,0,0
19648,393,48,3,1,1,0,0,0
19649,393,49,7,2,1,0,-1,0
19650,393,50,1,1,0,0,1,1
19651,394,1,2,1,0,1,1,0
19652,394,2,4,1,1,1,0,0
19653,394,3,4,1,1,1,0,0
19654,394,4,4,1,1,1,0,0
19655,394,5,4,1,1,1,-1,0
19656,394,6,2,1,0,1,0,0
19657,394,7,6,2,0,1,0,0
19658,394,8,6,2,0,1,0,-1
19659,394,9,1,1,0,0,0,1
19660,394,10,6,2,0,1,1,-1
19661,394,11,7,2,1,0,0,1
19662,394,12,8,2,1,1,0,-1
19663,394,13,7,2,1,0,-1,0
19664,394,14,5,2,0,0,0,0
19665,394,15,1,1,0,0,1,0
19666,394,16,7,2,1,0,0,1
19667,394,17,4,1,1,1,0,0
19668,394,18,8,2,1,1,0,-1
19669,394,19,3,1,1,0,0,1
19670,394,20,4,1,1,1,0,-1
19671,394,21,3,1,1,0,-1,0
19672,394,22,1,1,0,0,1,0
19673,394,23,7,2,1,0,0,0
19674,394,24,7,2,1,0,0,0
19675,394,25,7,2,1,0,0,0
19676,394,26,7,2,1,0,0,0
19677,394,27,3,1,1,0,0,1
19678,394,28,4,1,1,1,0,-1
19679,394,29,7,2,1,0,0,0
19680,394,30,7,2,1,0,-1,1
19681,394,31,6,2,0,1,0,0
19682,394,32,6,2,0,1,0,0
19683,394,33,2,1,0,1,0,0
19684,394,34,2,1,0,1,0,0
19685,394,35,2,1,0,1,1,0
19686,394,36,8,2,1,1,0,0
19687,394,37,8,2,1,1,0,-1
19688,394,38,3,1,1,0,0,0
19689,394,39,3,1,1,0,0,0
19690,394,40,7,2,1,0,0,1
19691,394,41,8,2,1,1,0,0
19692,394,42,8,2,1,1,0,-1
19693,394,43,3,1,1,0,0,1
19694,394,44,4,1,1,1,0,0
19695,394,45,4,1,1,1,0,-1
19696,394,46,7,2,1,0,0,0
19697,394,47,3,1,1,0,0,0
19698,394,48,3,1,1,0,0,0
19699,394,49,3,1,1,0,0,0
19700,394,50,3,1,1,0,0,0
19701,395,1,7,2,1,0,0,0
19702,395,2,7,2,1,0,0,0
19703,395,3,7,2,1,0,0,0
19704,395,4,7,2,1,0,0,1
19705,395,5,8,2,1,1,0,0
19706,395,6,4,1,1,1,0,0
19707,395,7,8,2,1,1,0,0
19708,395,8,8,2,1,1,0,0
19709,395,9,4,1,1,1,0,-1
19710,395,10,3,1,1,0,0,1
19711,395,11,4,1,1,1,0,0
19712,395,12,8,2,1,1,0,0
19713,395,13,4,1,1,1,0,-1
19714,395,14,3,1,1,0,0,1
19715,395,15,8,2,1,1,-1,-1
19716,395,16,5,2,0,0,0,0
19717,395,17,1,1,0,0,0,0
19718,395,18,1,1,0,0,1,0
19719,395,19,3,1,1,0,0,1
19720,395,20,4,1,1,1,0,-1
19721,395,21,7,2,1,0,0,0
19722,395,22,3,1,1,0,0,0
19723,395,23,7,2,1,0,0,0
19724,395,24,3,1,1,0,0,1
19725,395,25,4,1,1,1,0,0
19726,395,26,4,1,1,1,0,0
19727,395,27,4,1,1,1,0,0
19728,395,28,4,1,1,1,0,0
19729,395,29,4,1,1,1,0,-1
19730,395,30,3,1,1,0,0,0
19731,395,31,3,1,1,0,0,0
19732,395,32,3,1,1,0,0,0
19733,395,33,3,1,1,0,-1,0
19734,395,34,1,1,0,0,0,0
19735,395,35,1,1,0,0,0,1
19736,395,36,2,1,0,1,1,0
19737,395,37,8,2,1,1,0,0
19738,395,38,8,2,1,1,0,-1
19739,395,39,7,2,1,0,0,0
19740,395,40,7,2,1,0,0,0
19741,395,41,7,2,1,0,0,0
19742,395,42,3,1,1,0,0,1
19743,395,43,4,1,1,1,0,0
19744,395,44,8,2,1,1,0,0
19745,395,45,4,1,1,1,-1,0
19746,395,46,2,1,0,1,0,0
19747,395,47,2,1,0,1,0,0
19748,395,48,6,2,0,1,0,0
19749,395,49,6,2,0,1,1,0
19750,395,50,4,1,1,1,0,-1
19751,396,1,2,1,0,1,1,0
19752,396,2,4,1,1,1,0,0
19753,396,3,8,2,1,1,0,0
19754,396,4,8,2,1,1,0,-1
19755,396,5,7,2,1,0,-1,0
19756,396,6,1,1,0,0,0,1
19757,396,7,2,1,0,1,0,0
19758,396,8,2,1,0,1,1,0
19759,396,9,4,1,1,1,-1,0
19760,396,10,2,1,0,1,0,0
19761,396,11,2,1,0,1,1,-1
19762,396,12,3,1,1,0,-1,0
19763,396,13,5,2,0,0,1,0
19764,396,14,7,2,1,0,0,0
19765,396,15,7,2,1,0,0,0
19766,396,16,7,2,1,0,0,0
19767,396,17,7,2,1,0,0,0
19768,396,18,7,2,1,0,0,0
19769,396,19,3,1,1,0,0,0
19770,396,20,7,2,1,0,0,0
19771,396,21,3,1,1,0,0,0
19772,396,22,3,1,1,0,0,0
19773,396,23,3,1,1,0,0,0
19774,396,24,3,1,1,0,0,0
19775,396,25,3,1,1,0,0,0
19776,396,26,3,1,1,0,-1,0
19777,396,27,5,2,0,0,0,1
19778,396,28,6,2,0,1,0,-1
19779,396,29,1,1,0,0,0,1
19780,396,30,2,1,0,1,0,0
19781,396,31,6,2,0,1,1,0
19782,396,32,8,2,1,1,0,0
19783,396,33,8,2,1,1,-1,-1
19784,396,34,5,2,0,0,1,0
19785,396,35,7,2,1,0,0,0
19786,396,36,7,2,1,0,0,0
19787,396,37,7,2,1,0,0,0
19788,396,38,3,1,1,0,0,1
19789,396,39,4,1,1,1,0,-1
19790,396,40,3,1,1,0,-1,0
19791,396,41,1,1,0,0,0,0
19792,396,42,1,1,0,0,1,0
19793,396,43,3,1,1,0,0,0
19794,396,44,3,1,1,0,0,0
19795,396,45,3,1,1,0,0,1
19796,396,46,4,1,1,1,0,-1
19797,396,47,3,1,1,0,0,1
19798,396,48,8,2,1,1,0,0
19799,396,49,8,2,1,1,0,0
19800,396,50,4,1,1,1,0,0
19801,397,1,3,1,1,0,0,1
19802,397,2,4,1,1,1,-1,0
19803,397,3,6,2,0,1,0,0
19804,397,4,6,2,0,1,0,0
19805,397,5,2,1,0,1,0,0
19806,397,6,6,2,0,1,0,0
19807,397,7,6,2,0,1,0,0
19808,397,8,2,1,0,1,0,0
19809,397,9,2,1,0,1,1,0
19810,397,10,4,1,1,1,0,-1
19811,397,11,7,2,1,0,0,1
19812,397,12,4,1,1,1,0,0
19813,397,13,4,1,1,1,0,0
19814,397,14,8,2,1,1,0,0
19815,397,15,8,2,1,1,-1,0
19816,397,16,6,2,0,1,0,0
19817,397,17,2,1,0,1,0,0
19818,397,18,6,2,0,1,1,0
19819,397,19,8,2,1,1,-1,-1
19820,397,20,5,2,0,0,0,0
19821,397,21,1,1,0,0,0,0
19822,397,22,5,2,0,0,1,0
19823,397,23,7,2,1,0,0,0
19824,397,24,3,1,1,0,0,0
19825,397,25,3,1,1,0,-1,0
19826,397,26,1,1,0,0,0,1
19827,397,27,2,1,0,1,1,0
19828,397,28,8,2,1,1,-1,0
19829,397,29,6,2,0,1,0,0
19830,397,30,6,2,0,1,0,-1
19831,397,31,1,1,0,0,0,0
19832,397,32,1,1,0,0,1,0
19833,397,33,7,2,1,0,-1,0
19834,397,34,5,2,0,0,1,1
19835,397,35,4,1,1,1,0,0
19836,397,36,4,1,1,1,0,0
19837,397,37,4,1,1,1,0,-1
19838,397,38,3,1,1,0,0,0
19839,397,39,3,1,1,0,0,0
19840,397,40,3,1,1,0,0,1
19841,397,41,4,1,1,1,0,-1
19842,397,42,7,2,1,0,-1,1
19843,397,43,6,2,0,1,0,0
19844,397,44,6,2,0,1,0,0
19845,397,45,2,1,0,1,1,-1
19846,397,46,3,1,1,0,-1,0
19847,397,47,1,1,0,0,0,1
19848,397,48,6,2,0,1,0,0
19849,397,49,2,1,0,1,0,0
19850,397,50,2,1,0,1,0,0
19851,398,1,1,1,0,0,1,0
19852,398,2,7,2,1,0,0,0
19853,398,3,7,2,1,0,0,0
19854,398,4,7,2,1,0,0,0
19855,398,5,3,1,1,0,0,0
19856,398,6,3,1,1,0,0,0
19857,398,7,7,2,1,0,0,0
19858,398,8,7,2,1,0,0,0
19859,398,9,7,2,1,0,-1,0
19860,398,10,5,2,0,0,1,1
19861,398,11,8,2,1,1,0,0
19862,398,12,8,2,1,1,0,-1
19863,398,13,7,2,1,0,0,0
19864,398,14,7,2,1,0,0,1
19865,398,15,8,2,1,1,-1,0
19866,398,16,6,2,0,1,1,0
19867,398,17,8,2,1,1,0,-1
19868,398,18,3,1,1,0,0,1
19869,398,19,4,1,1,1,0,0
19870,398,20,4,1,1,1,0,0
19871,398,21,8,2,1,1,-1,0
19872,398,22,6,2,0,1,0,0
19873,398,23,2,1,0,1,1,0
19874,398,24,4,1,1,1,0,-1
19875,398,25,3,1,1,0,0,0
19876,398,26,7,2,1,0,-1,0
19877,398,27,5,2,0,0,0,1
19878,398,28,2,1,0,1,0,0
19879,398,29,2,1,0,1,0,-1
19880,398,30,1,1,0,0,0,0
19881,398,31,1,1,0,0,1,1
19882,398,32,4,1,1,1,0,0
19883,398,33,4,1,1,1,-1,0
19884,398,34,2,1,0,1,1,0
19885,398,35,8,2,1,1,0,0
19886,398,36,8,2,1,1,0,0
19887,398,37,8,2,1,1,-1,0
19888,398,38,6,2,0,1,0,0
19889,398,39,6,2,0,1,0,0
19890,398,40,6,2,0,1,1,0
19891,398,41,8,2,1,1,0,0
19892,398,42,4,1,1,1,0,0
19893,398,43,8,2,1,1,0,0
19894,398,44,4,1,1,1,0,0
19895,398,45,4,1,1,1,0,0
19896,398,46,4,1,1,1,0,-1
19897,398,47,3,1,1,0,0,1
19898,398,48,8,2,1,1,-1,0
19899,398,49,6,2,0,1,0,0
19900,398,50,2,1,0,1,0,0
19901,399,1,7,2,1,0,-1,0
19902,399,2,5,2,0,0,1,0
19903,399,3,3,1,1,0,0,0
19904,399,4,3,1,1,0,0,1
19905,399,5,4,1,1,1,0,0
19906,399,6,4,1,1,1,0,0
19907,399,7,4,1,1,1,0,0
19908,399,8,8,2,1,1,0,0
19909,399,9,8,2,1,1,0,0
19910,399,10,8,2,1,1,0,-1
19911,399,11,7,2,1,0,0,0
19912,399,12,3,1,1,0,0,0
19913,399,13,3,1,1,0,0,1
19914,399,14,4,1,1,1,0,0
19915,399,15,8,2,1,1,0,0
19916,399,16,8,2,1,1,0,0
19917,399,17,8,2,1,1,-1,-1
19918,399,18,1,1,0,0,0,0
19919,399,19,1,1,0,0,0,0
19920,399,20,1,1,0,0,1,1
19921,399,21,4,1,1,1,-1,0
19922,399,22,6,2,0,1,0,0
19923,399,23,6,2,0,1,0,0
19924,399,24,2,1,0,1,1,0
19925,399,25,8,2,1,1,0,0
19926,399,26,8,2,1,1,0,0
19927,399,27,8,2,1,1,0,0
19928,399,28,4,1,1,1,-1,-1
19929,399,29,1,1,0,0,1,1
19930,399,30,8,2,1,1,-1,-1
19931,399,31,1,1,0,0,0,1
19932,399,32,6,2,0,1,0,-1
19933,399,33,1,1,0,0,1,0
19934,399,34,3,1,1,0,-1,0
19935,399,35,1,1,0,0,0,0
19936,399,36,1,1,0,0,1,0
19937,399,37,7,2,1,0,0,0
19938,399,38,7,2,1,0,0,0
19939,399,39,7,2,1,0,0,0
19940,399,40,3,1,1,0,-1,0
19941,399,41,1,1,0,0,0,0
19942,399,42,5,2,0,0,1,0
19943,399,43,3,1,1,0,-1,0
19944,399,44,5,2,0,0,1,1
19945,399,45,4,1,1,1,0,-1
19946,399,46,7,2,1,0,-1,0
19947,399,47,5,2,0,0,0,0
19948,399,48,1,1,0,0,0,0
19949,399,49,1,1,0,0,1,0
19950,399,50,3,1,1,0,0,0
19951,400,1,7,2,1,0,-1,0
19952,400,2,1,1,0,0,1,0
19953,400,3,7,2,1,0,0,0
19954,400,4,3,1,1,0,-1,0
19955,400,5,1,1,0,0,0,0
19956,400,6,1,1,0,0,0,0
19957,400,7,5,2,0,0,0,0
19958,400,8,5,2,0,0,0,0
19959,400,9,5,2,0,0,0,0
19960,400,10,5,2,0,0,0,0
19961,400,11,1,1,0,0,0,0
19962,400,12,5,2,0,0,1,0
19963,400,13,3,1,1,0,0,0
19964,400,14,3,1,1,0,-1,0
19965,400,15,1,1,0,0,0,1
19966,400,16,6,2,0,1,1,0
19967,400,17,4,1,1,1,-1,0
19968,400,18,2,1,0,1,0,-1
19969,400,19,5,2,0,0,1,1
19970,400,20,4,1,1,1,-1,-1
19971,400,21,1,1,0,0,0,1
19972,400,22,6,2,0,1,1,0
19973,400,23,8,2,1,1,-1,0
19974,400,24,2,1,0,1,0,0
19975,400,25,2,1,0,1,0,-1
19976,400,26,1,1,0,0,0,1
19977,400,27,2,1,0,1,0,0
19978,400,28,2,1,0,1,1,0
19979,400,29,4,1,1,1,-1,0
19980,400,30,6,2,0,1,0,0
19981,400,31,6,2,0,1,1,-1
19982,400,32,7,2,1,0,-1,0
19983,400,33,5,2,0,0,1,0
19984,400,34,3,1,1,0,0,1
19985,400,35,8,2,1,1,0,0
19986,400,36,8,2,1,1,0,0
19987,400,37,8,2,1,1,0,-1
19988,400,38,7,2,1,0,0,0
19989,400,39,3,1,1,0,0,1
19990,400,40,8,2,1,1,0,-1
19991,400,41,7,2,1,0,-1,0
19992,400,42,5,2,0,0,1,1
19993,400,43,8,2,1,1,-1,0
19994,400,44,6,2,0,1,0,-1
19995,400,45,5,2,0,0,1,0
19996,400,46,7,2,1,0,0,1
19997,400,47,8,2,1,1,0,0
19998,400,48,8,2,1,1,0,0
19999,400,49,4,1,1,1,0,-1
20000,400,50,3,1,1,0,0,1
20001,401,1,8,2,1,1,0,0
20002,401,2,4,1,1,1,0,0
20003,401,3,4,1,1,1,-1,0
20004,401,4,6,2,0,1,0,0
20005,401,5,6,2,0,1,0,0
20006,401,6,6,2,0,1,0,-1
20007,401,7,5,2,0,0,0,1
20008,401,8,6,2,0,1,1,-1
20009,401,9,3,1,1,0,0,0
20010,401,10,3,1,1,0,0,1
20011,401,11,4,1,1,1,0,0
20012,401,12,8,2,1,1,0,-1
20013,401,13,3,1,1,0,0,0
20014,401,14,3,1,1,0,0,0
20015,401,15,7,2,1,0,0,1
20016,401,16,4,1,1,1,0,0
20017,401,17,4,1,1,1,0,0
20018,401,18,4,1,1,1,0,-1
20019,401,19,3,1,1,0,0,0
20020,401,20,7,2,1,0,0,0
20021,401,21,3,1,1,0,0,0
20022,401,22,7,2,1,0,0,1
20023,401,23,8,2,1,1,-1,-1
20024,401,24,5,2,0,0,0,1
20025,401,25,2,1,0,1,0,-1
20026,401,26,1,1,0,0,0,1
20027,401,27,6,2,0,1,0,0
20028,401,28,2,1,0,1,1,0
20029,401,29,4,1,1,1,0,0
20030,401,30,8,2,1,1,-1,0
20031,401,31,2,1,0,1,1,0
20032,401,32,4,1,1,1,0,0
20033,401,33,8,2,1,1,0,-1
20034,401,34,3,1,1,0,0,0
20035,401,35,3,1,1,0,0,0
20036,401,36,3,1,1,0,0,0
20037,401,37,3,1,1,0,0,0
20038,401,38,3,1,1,0,0,0
20039,401,39,3,1,1,0,0,0
20040,401,40,3,1,1,0,0,0
20041,401,41,3,1,1,0,0,0
20042,401,42,3,1,1,0,0,0
20043,401,43,3,1,1,0,0,0
20044,401,44,3,1,1,0,0,0
20045,401,45,7,2,1,0,0,1
20046,401,46,4,1,1,1,0,0
20047,401,47,8,2,1,1,0,0
20048,401,48,8,2,1,1,-1,0
20049,401,49,6,2,0,1,1,0
20050,401,50,4,1,1,1,0,0
20051,402,1,7,2,1,0,0,0
20052,402,2,7,2,1,0,0,1
20053,402,3,8,2,1,1,0,0
20054,402,4,8,2,1,1,0,0
20055,402,5,4,1,1,1,-1,0
20056,402,6,2,1,0,1,0,0
20057,402,7,2,1,0,1,0,0
20058,402,8,2,1,0,1,0,-1
20059,402,9,1,1,0,0,0,1
20060,402,10,6,2,0,1,0,0
20061,402,11,6,2,0,1,1,0
20062,402,12,8,2,1,1,0,0
20063,402,13,4,1,1,1,0,0
20064,402,14,4,1,1,1,0,-1
20065,402,15,3,1,1,0,0,0
20066,402,16,3,1,1,0,0,1
20067,402,17,4,1,1,1,0,0
20068,402,18,4,1,1,1,0,0
20069,402,19,4,1,1,1,0,-1
20070,402,20,3,1,1,0,0,0
20071,402,21,3,1,1,0,0,0
20072,402,22,7,2,1,0,0,0
20073,402,23,3,1,1,0,0,0
20074,402,24,3,1,1,0,0,0
20075,402,25,3,1,1,0,0,0
20076,402,26,3,1,1,0,0,0
20077,402,27,3,1,1,0,0,0
20078,402,28,3,1,1,0,0,1
20079,402,29,4,1,1,1,0,-1
20080,402,30,7,2,1,0,0,0
20081,402,31,7,2,1,0,-1,0
20082,402,32,5,2,0,0,1,1
20083,402,33,4,1,1,1,0,0
20084,402,34,4,1,1,1,-1,-1
20085,402,35,1,1,0,0,1,0
20086,402,36,7,2,1,0,0,1
20087,402,37,8,2,1,1,0,0
20088,402,38,8,2,1,1,0,0
20089,402,39,4,1,1,1,0,0
20090,402,40,4,1,1,1,-1,0
20091,402,41,2,1,0,1,0,0
20092,402,42,2,1,0,1,0,-1
20093,402,43,1,1,0,0,0,1
20094,402,44,6,2,0,1,0,0
20095,402,45,6,2,0,1,0,0
20096,402,46,6,2,0,1,0,-1
20097,402,47,5,2,0,0,0,0
20098,402,48,5,2,0,0,0,0
20099,402,49,5,2,0,0,1,0
20100,402,50,7,2,1,0,-1,1
20101,403,1,6,2,0,1,0,0
20102,403,2,6,2,0,1,0,0
20103,403,3,2,1,0,1,0,0
20104,403,4,6,2,0,1,0,0
20105,403,5,2,1,0,1,0,-1
20106,403,6,5,2,0,0,1,0
20107,403,7,7,2,1,0,0,0
20108,403,8,7,2,1,0,0,0
20109,403,9,3,1,1,0,0,1
20110,403,10,8,2,1,1,0,0
20111,403,11,8,2,1,1,0,0
20112,403,12,4,1,1,1,0,0
20113,403,13,4,1,1,1,0,0
20114,403,14,8,2,1,1,0,-1
20115,403,15,7,2,1,0,0,1
20116,403,16,4,1,1,1,0,-1
20117,403,17,7,2,1,0,0,0
20118,403,18,7,2,1,0,0,0
20119,403,19,3,1,1,0,0,0
20120,403,20,7,2,1,0,0,0
20121,403,21,7,2,1,0,0,0
20122,403,22,7,2,1,0,0,1
20123,403,23,8,2,1,1,0,-1
20124,403,24,3,1,1,0,0,0
20125,403,25,3,1,1,0,-1,0
20126,403,26,1,1,0,0,1,0
20127,403,27,3,1,1,0,-1,0
20128,403,28,5,2,0,0,0,0
20129,403,29,1,1,0,0,0,0
20130,403,30,1,1,0,0,0,0
20131,403,31,1,1,0,0,0,0
20132,403,32,5,2,0,0,0,1
20133,403,33,6,2,0,1,1,-1
20134,403,34,3,1,1,0,0,0
20135,403,35,3,1,1,0,0,0
20136,403,36,3,1,1,0,0,0
20137,403,37,7,2,1,0,0,1
20138,403,38,8,2,1,1,0,0
20139,403,39,8,2,1,1,-1,-1
20140,403,40,5,2,0,0,0,0
20141,403,41,5,2,0,0,1,1
20142,403,42,8,2,1,1,0,0
20143,403,43,8,2,1,1,0,-1
20144,403,44,3,1,1,0,0,0
20145,403,45,3,1,1,0,0,1
20146,403,46,4,1,1,1,-1,0
20147,403,47,2,1,0,1,1,-1
20148,403,48,3,1,1,0,-1,0
20149,403,49,5,2,0,0,0,0
20150,403,50,5,2,0,0,0,0
20151,404,1,2,1,0,1,0,0
20152,404,2,6,2,0,1,0,0
20153,404,3,6,2,0,1,1,0
20154,404,4,8,2,1,1,-1,0
20155,404,5,2,1,0,1,1,0
20156,404,6,4,1,1,1,0,0
20157,404,7,4,1,1,1,0,0
20158,404,8,8,2,1,1,0,0
20159,404,9,4,1,1,1,-1,0
20160,404,10,2,1,0,1,1,0
20161,404,11,4,1,1,1,0,0
20162,404,12,8,2,1,1,0,-1
20163,404,13,3,1,1,0,0,0
20164,404,14,7,2,1,0,0,0
20165,404,15,7,2,1,0,0,1
20166,404,16,4,1,1,1,0,0
20167,404,17,4,1,1,1,0,0
20168,404,18,4,1,1,1,0,0
20169,404,19,4,1,1,1,-1,-1
20170,404,20,1,1,0,0,0,0
20171,404,21,1,1,0,0,0,0
20172,404,22,1,1,0,0,0,0
20173,404,23,5,2,0,0,0,0
20174,404,24,5,2,0,0,1,0
20175,404,25,7,2,1,0,-1,0
20176,404,26,1,1,0,0,1,0
20177,404,27,7,2,1,0,0,0
20178,404,28,7,2,1,0,0,0
20179,404,29,3,1,1,0,-1,0
20180,404,30,1,1,0,0,0,0
20181,404,31,1,1,0,0,1,0
20182,404,32,3,1,1,0,-1,0
20183,404,33,1,1,0,0,0,0
20184,404,34,5,2,0,0,0,0
20185,404,35,1,1,0,0,1,0
20186,404,36,7,2,1,0,0,0
20187,404,37,3,1,1,0,-1,0
20188,404,38,1,1,0,0,0,1
20189,404,39,2,1,0,1,0,0
20190,404,40,2,1,0,1,0,-1
20191,404,41,5,2,0,0,1,0
20192,404,42,7,2,1,0,0,1
20193,404,43,4,1,1,1,0,0
20194,404,44,4,1,1,1,-1,0
20195,404,45,6,2,0,1,1,0
20196,404,46,8,2,1,1,0,0
20197,404,47,8,2,1,1,-1,0
20198,404,48,6,2,0,1,0,0
20199,404,49,6,2,0,1,1,0
20200,404,50,8,2,1,1,0,0
20201,405,1,6,2,0,1,0,0
20202,405,2,2,1,0,1,1,0
20203,405,3,4,1,1,1,0,-1
20204,405,4,3,1,1,0,-1,0
20205,405,5,1,1,0,0,0,0
20206,405,6,5,2,0,0,0,0
20207,405,7,5,2,0,0,1,0
20208,405,8,7,2,1,0,-1,0
20209,405,9,5,2,0,0,0,1
20210,405,10,6,2,0,1,0,-1
20211,405,11,5,2,0,0,0,0
20212,405,12,5,2,0,0,0,1
20213,405,13,2,1,0,1,0,-1
20214,405,14,1,1,0,0,0,0
20215,405,15,1,1,0,0,1,0
20216,405,16,7,2,1,0,0,0
20217,405,17,7,2,1,0,-1,0
20218,405,18,5,2,0,0,0,1
20219,405,19,6,2,0,1,0,-1
20220,405,20,5,2,0,0,1,0
20221,405,21,7,2,1,0,-1,0
20222,405,22,1,1,0,0,1,0
20223,405,23,3,1,1,0,0,1
20224,405,24,4,1,1,1,0,0
20225,405,25,4,1,1,1,0,-1
20226,405,26,3,1,1,0,0,1
20227,405,27,4,1,1,1,-1,0
20228,405,28,2,1,0,1,0,0
20229,405,29,2,1,0,1,0,0
20230,405,30,2,1,0,1,1,0
20231,405,31,4,1,1,1,0,0
20232,405,32,8,2,1,1,0,-1
20233,405,33,7,2,1,0,0,0
20234,405,34,7,2,1,0,-1,0
20235,405,35,1,1,0,0,0,0
20236,405,36,1,1,0,0,0,0
20237,405,37,1,1,0,0,0,1
20238,405,38,2,1,0,1,0,-1
20239,405,39,1,1,0,0,1,1
20240,405,40,4,1,1,1,-1,-1
20241,405,41,1,1,0,0,0,0
20242,405,42,5,2,0,0,0,1
20243,405,43,6,2,0,1,0,0
20244,405,44,6,2,0,1,0,0
20245,405,45,2,1,0,1,0,0
20246,405,46,2,1,0,1,0,0
20247,405,47,2,1,0,1,0,-1
20248,405,48,1,1,0,0,0,1
20249,405,49,2,1,0,1,1,-1
20250,405,50,7,2,1,0,0,1
20251,406,1,6,2,0,1,1,0
20252,406,2,8,2,1,1,0,0
20253,406,3,8,2,1,1,0,0
20254,406,4,8,2,1,1,0,0
20255,406,5,8,2,1,1,0,0
20256,406,6,8,2,1,1,0,0
20257,406,7,8,2,1,1,0,-1
20258,406,8,7,2,1,0,0,0
20259,406,9,3,1,1,0,0,0
20260,406,10,7,2,1,0,0,0
20261,406,11,3,1,1,0,0,1
20262,406,12,4,1,1,1,-1,0
20263,406,13,2,1,0,1,0,0
20264,406,14,2,1,0,1,0,0
20265,406,15,2,1,0,1,0,-1
20266,406,16,5,2,0,0,0,0
20267,406,17,1,1,0,0,0,0
20268,406,18,5,2,0,0,1,0
20269,406,19,7,2,1,0,0,1
20270,406,20,8,2,1,1,0,0
20271,406,21,8,2,1,1,0,0
20272,406,22,8,2,1,1,0,-1
20273,406,23,7,2,1,0,0,1
20274,406,24,8,2,1,1,-1,-1
20275,406,25,1,1,0,0,0,0
20276,406,26,1,1,0,0,0,0
20277,406,27,5,2,0,0,0,0
20278,406,28,1,1,0,0,0,0
20279,406,29,5,2,0,0,1,0
20280,406,30,7,2,1,0,0,0
20281,406,31,3,1,1,0,0,0
20282,406,32,7,2,1,0,-1,0
20283,406,33,5,2,0,0,0,0
20284,406,34,5,2,0,0,0,0
20285,406,35,5,2,0,0,0,0
20286,406,36,5,2,0,0,1,0
20287,406,37,7,2,1,0,0,0
20288,406,38,3,1,1,0,0,0
20289,406,39,3,1,1,0,-1,1
20290,406,40,2,1,0,1,0,-1
20291,406,41,5,2,0,0,1,0
20292,406,42,7,2,1,0,0,1
20293,406,43,4,1,1,1,-1,0
20294,406,44,2,1,0,1,1,0
20295,406,45,4,1,1,1,-1,-1
20296,406,46,5,2,0,0,0,0
20297,406,47,5,2,0,0,0,0
20298,406,48,1,1,0,0,0,0
20299,406,49,1,1,0,0,0,1
20300,406,50,2,1,0,1,0,-1
20301,407,1,4,1,1,1,0,0
20302,407,2,4,1,1,1,-1,0
20303,407,3,2,1,0,1,0,0
20304,407,4,2,1,0,1,0,-1
20305,407,5,5,2,0,0,0,0
20306,407,6,5,2,0,0,0,0
20307,407,7,1,1,0,0,0,1
20308,407,8,2,1,0,1,0,0
20309,407,9,2,1,0,1,1,0
20310,407,10,4,1,1,1,-1,0
20311,407,11,2,1,0,1,0,0
20312,407,12,6,2,0,1,1,0
20313,407,13,4,1,1,1,-1,0
20314,407,14,2,1,0,1,0,0
20315,407,15,2,1,0,1,0,0
20316,407,16,2,1,0,1,1,0
20317,407,17,8,2,1,1,-1,-1
20318,407,18,5,2,0,0,0,1
20319,407,19,6,2,0,1,0,0
20320,407,20,6,2,0,1,0,-1
20321,407,21,5,2,0,0,0,0
20322,407,22,1,1,0,0,0,0
20323,407,23,1,1,0,0,1,0
20324,407,24,3,1,1,0,0,0
20325,407,25,7,2,1,0,-1,0
20326,407,26,5,2,0,0,1,1
20327,407,27,8,2,1,1,-1,-1
20328,407,28,5,2,0,0,0,0
20329,407,29,5,2,0,0,0,1
20330,407,30,6,2,0,1,0,-1
20331,407,31,5,2,0,0,0,0
20332,407,32,5,2,0,0,1,0
20333,407,33,3,1,1,0,-1,1
20334,407,34,2,1,0,1,1,0
20335,407,35,4,1,1,1,0,0
20336,407,36,8,2,1,1,0,0
20337,407,37,4,1,1,1,-1,0
20338,407,38,2,1,0,1,0,0
20339,407,39,6,2,0,1,1,0
20340,407,40,8,2,1,1,0,0
20341,407,41,8,2,1,1,0,-1
20342,407,42,7,2,1,0,-1,0
20343,407,43,1,1,0,0,1,0
20344,407,44,3,1,1,0,-1,0
20345,407,45,5,2,0,0,0,0
20346,407,46,1,1,0,0,0,1
20347,407,47,2,1,0,1,0,0
20348,407,48,6,2,0,1,1,0
20349,407,49,8,2,1,1,0,-1
20350,407,50,7,2,1,0,0,0
20351,408,1,8,2,1,1,0,-1
20352,408,2,3,1,1,0,0,0
20353,408,3,3,1,1,0,0,1
20354,408,4,8,2,1,1,0,-1
20355,408,5,3,1,1,0,0,1
20356,408,6,8,2,1,1,0,0
20357,408,7,4,1,1,1,0,0
20358,408,8,4,1,1,1,0,-1
20359,408,9,3,1,1,0,0,0
20360,408,10,3,1,1,0,0,0
20361,408,11,3,1,1,0,-1,0
20362,408,12,1,1,0,0,0,1
20363,408,13,2,1,0,1,0,0
20364,408,14,2,1,0,1,0,0
20365,408,15,2,1,0,1,1,0
20366,408,16,4,1,1,1,0,-1
20367,408,17,7,2,1,0,0,0
20368,408,18,7,2,1,0,-1,0
20369,408,19,1,1,0,0,1,0
20370,408,20,3,1,1,0,-1,0
20371,408,21,1,1,0,0,0,1
20372,408,22,6,2,0,1,0,0
20373,408,23,2,1,0,1,1,0
20374,408,24,8,2,1,1,-1,0
20375,408,25,6,2,0,1,0,-1
20376,408,26,1,1,0,0,0,0
20377,408,27,1,1,0,0,0,1
20378,408,28,2,1,0,1,1,0
20379,408,29,4,1,1,1,0,0
20380,408,30,4,1,1,1,0,0
20381,408,31,8,2,1,1,0,0
20382,408,32,8,2,1,1,-1,-1
20383,408,33,5,2,0,0,0,1
20384,408,34,6,2,0,1,0,0
20385,408,35,6,2,0,1,0,0
20386,408,36,6,2,0,1,0,0
20387,408,37,6,2,0,1,0,0
20388,408,38,2,1,0,1,1,0
20389,408,39,4,1,1,1,0,0
20390,408,40,4,1,1,1,0,0
20391,408,41,4,1,1,1,-1,0
20392,408,42,2,1,0,1,0,0
20393,408,43,2,1,0,1,0,0
20394,408,44,6,2,0,1,1,0
20395,408,45,8,2,1,1,-1,0
20396,408,46,2,1,0,1,1,-1
20397,408,47,3,1,1,0,0,1
20398,408,48,8,2,1,1,0,-1
20399,408,49,7,2,1,0,0,1
20400,408,50,8,2,1,1,0,0
20401,409,1,8,2,1,1,0,0
20402,409,2,8,2,1,1,0,-1
20403,409,3,7,2,1,0,0,0
20404,409,4,3,1,1,0,0,0
20405,409,5,3,1,1,0,0,0
20406,409,6,7,2,1,0,-1,0
20407,409,7,1,1,0,0,0,0
20408,409,8,5,2,0,0,1,1
20409,409,9,8,2,1,1,0,0
20410,409,10,8,2,1,1,0,-1
20411,409,11,7,2,1,0,-1,0
20412,409,12,1,1,0,0,1,0
20413,409,13,3,1,1,0,0,0
20414,409,14,3,1,1,0,-1,0
20415,409,15,1,1,0,0,1,0
20416,409,16,3,1,1,0,0,0
20417,409,17,7,2,1,0,0,0
20418,409,18,7,2,1,0,0,0
20419,409,19,3,1,1,0,0,1
20420,409,20,4,1,1,1,0,0
20421,409,21,8,2,1,1,0,0
20422,409,22,8,2,1,1,0,0
20423,409,23,8,2,1,1,0,0
20424,409,24,8,2,1,1,0,0
20425,409,25,8,2,1,1,-1,0
20426,409,26,6,2,0,1,0,-1
20427,409,27,1,1,0,0,0,1
20428,409,28,2,1,0,1,0,0
20429,409,29,6,2,0,1,0,0
20430,409,30,6,2,0,1,0,0
20431,409,31,2,1,0,1,0,0
20432,409,32,2,1,0,1,0,0
20433,409,33,6,2,0,1,0,0
20434,409,34,6,2,0,1,0,-1
20435,409,35,1,1,0,0,0,0
20436,409,36,1,1,0,0,1,0
20437,409,37,3,1,1,0,0,0
20438,409,38,3,1,1,0,-1,1
20439,409,39,6,2,0,1,0,0
20440,409,40,2,1,0,1,0,-1
20441,409,41,5,2,0,0,0,0
20442,409,42,5,2,0,0,0,0
20443,409,43,1,1,0,0,1,0
20444,409,44,3,1,1,0,-1,0
20445,409,45,5,2,0,0,0,0
20446,409,46,5,2,0,0,0,0
20447,409,47,1,1,0,0,0,1
20448,409,48,2,1,0,1,1,0
20449,409,49,4,1,1,1,0,0
20450,409,50,8,2,1,1,0,0
20451,410,1,2,1,0,1,0,0
20452,410,2,2,1,0,1,0,0
20453,410,3,6,2,0,1,0,0
20454,410,4,2,1,0,1,0,-1
20455,410,5,1,1,0,0,0,0
20456,410,6,1,1,0,0,1,0
20457,410,7,7,2,1,0,0,0
20458,410,8,7,2,1,0,0,0
20459,410,9,7,2,1,0,0,0
20460,410,10,7,2,1,0,0,0
20461,410,11,7,2,1,0,-1,1
20462,410,12,2,1,0,1,0,0
20463,410,13,2,1,0,1,1,0
20464,410,14,8,2,1,1,0,0
20465,410,15,8,2,1,1,0,-1
20466,410,16,7,2,1,0,0,1
20467,410,17,8,2,1,1,0,0
20468,410,18,4,1,1,1,0,-1
20469,410,19,3,1,1,0,0,0
20470,410,20,7,2,1,0,0,0
20471,410,21,7,2,1,0,-1,0
20472,410,22,5,2,0,0,0,0
20473,410,23,5,2,0,0,0,0
20474,410,24,5,2,0,0,0,0
20475,410,25,5,2,0,0,0,1
20476,410,26,6,2,0,1,0,0
20477,410,27,2,1,0,1,0,0
20478,410,28,6,2,0,1,0,0
20479,410,29,2,1,0,1,1,0
20480,410,30,8,2,1,1,0,0
20481,410,31,4,1,1,1,0,0
20482,410,32,8,2,1,1,-1,0
20483,410,33,6,2,0,1,0,0
20484,410,34,6,2,0,1,0,0
20485,410,35,2,1,0,1,0,0
20486,410,36,2,1,0,1,0,0
20487,410,37,2,1,0,1,0,0
20488,410,38,2,1,0,1,1,0
20489,410,39,4,1,1,1,0,0
20490,410,40,4,1,1,1,0,0
20491,410,41,4,1,1,1,0,0
20492,410,42,4,1,1,1,0,-1
20493,410,43,7,2,1,0,0,1
20494,410,44,4,1,1,1,-1,0
20495,410,45,6,2,0,1,1,0
20496,410,46,8,2,1,1,0,0
20497,410,47,8,2,1,1,0,0
20498,410,48,4,1,1,1,0,0
20499,410,49,4,1,1,1,-1,0
20500,410,50,2,1,0,1,0,0
20501,411,1,6,2,0,1,1,0
20502,411,2,8,2,1,1,-1,0
20503,411,3,6,2,0,1,0,0
20504,411,4,2,1,0,1,0,0
20505,411,5,2,1,0,1,0,0
20506,411,6,6,2,0,1,0,0
20507,411,7,2,1,0,1,0,0
20508,411,8,2,1,0,1,0,-1
20509,411,9,1,1,0,0,1,0
20510,411,10,3,1,1,0,0,0
20511,411,11,3,1,1,0,0,0
20512,411,12,7,2,1,0,-1,0
20513,411,13,5,2,0,0,0,0
20514,411,14,5,2,0,0,0,0
20515,411,15,1,1,0,0,1,0
20516,411,16,3,1,1,0,0,1
20517,411,17,8,2,1,1,0,0
20518,411,18,4,1,1,1,0,0
20519,411,19,8,2,1,1,-1,0
20520,411,20,6,2,0,1,0,0
20521,411,21,2,1,0,1,1,0
20522,411,22,4,1,1,1,-1,0
20523,411,23,2,1,0,1,0,0
20524,411,24,2,1,0,1,0,0
20525,411,25,2,1,0,1,0,-1
20526,411,26,5,2,0,0,0,0
20527,411,27,1,1,0,0,1,0
20528,411,28,3,1,1,0,0,0
20529,411,29,3,1,1,0,0,0
20530,411,30,3,1,1,0,0,0
20531,411,31,3,1,1,0,0,0
20532,411,32,3,1,1,0,0,1
20533,411,33,4,1,1,1,-1,-1
20534,411,34,1,1,0,0,0,0
20535,411,35,1,1,0,0,0,1
20536,411,36,2,1,0,1,0,0
20537,411,37,2,1,0,1,0,0
20538,411,38,2,1,0,1,1,0
20539,411,39,4,1,1,1,0,0
20540,411,40,4,1,1,1,0,0
20541,411,41,4,1,1,1,0,0
20542,411,42,4,1,1,1,0,0
20543,411,43,4,1,1,1,0,-1
20544,411,44,3,1,1,0,0,1
20545,411,45,4,1,1,1,-1,0
20546,411,46,6,2,0,1,1,0
20547,411,47,8,2,1,1,-1,0
20548,411,48,6,2,0,1,0,0
20549,411,49,6,2,0,1,0,0
20550,411,50,6,2,0,1,0,0
20551,412,1,6,2,0,1,0,-1
20552,412,2,5,2,0,0,0,0
20553,412,3,5,2,0,0,1,1
20554,412,4,4,1,1,1,0,-1
20555,412,5,3,1,1,0,-1,0
20556,412,6,1,1,0,0,1,0
20557,412,7,3,1,1,0,0,1
20558,412,8,4,1,1,1,-1,0
20559,412,9,2,1,0,1,0,0
20560,412,10,6,2,0,1,0,0
20561,412,11,6,2,0,1,0,0
20562,412,12,6,2,0,1,0,0
20563,412,13,2,1,0,1,1,0
20564,412,14,4,1,1,1,0,0
20565,412,15,4,1,1,1,0,0
20566,412,16,8,2,1,1,-1,0
20567,412,17,6,2,0,1,0,0
20568,412,18,2,1,0,1,1,0
20569,412,19,8,2,1,1,0,0
20570,412,20,8,2,1,1,0,-1
20571,412,21,7,2,1,0,0,0
20572,412,22,7,2,1,0,-1,0
20573,412,23,5,2,0,0,0,0
20574,412,24,5,2,0,0,0,0
20575,412,25,5,2,0,0,0,0
20576,412,26,1,1,0,0,1,0
20577,412,27,7,2,1,0,-1,0
20578,412,28,5,2,0,0,0,0
20579,412,29,5,2,0,0,1,0
20580,412,30,7,2,1,0,0,0
20581,412,31,7,2,1,0,0,0
20582,412,32,7,2,1,0,0,0
20583,412,33,7,2,1,0,-1,0
20584,412,34,5,2,0,0,0,0
20585,412,35,5,2,0,0,0,0
20586,412,36,5,2,0,0,1,0
20587,412,37,3,1,1,0,0,1
20588,412,38,8,2,1,1,0,0
20589,412,39,8,2,1,1,0,-1
20590,412,40,7,2,1,0,0,0
20591,412,41,3,1,1,0,-1,0
20592,412,42,1,1,0,0,0,1
20593,412,43,2,1,0,1,1,0
20594,412,44,4,1,1,1,0,0
20595,412,45,8,2,1,1,0,0
20596,412,46,8,2,1,1,-1,0
20597,412,47,2,1,0,1,0,0
20598,412,48,2,1,0,1,0,-1
20599,412,49,1,1,0,0,0,0
20600,412,50,1,1,0,0,0,0
20601,413,1,7,2,1,0,0,0
20602,413,2,3,1,1,0,0,1
20603,413,3,4,1,1,1,0,0
20604,413,4,8,2,1,1,0,0
20605,413,5,8,2,1,1,-1,0
20606,413,6,6,2,0,1,0,0
20607,413,7,2,1,0,1,0,0
20608,413,8,2,1,0,1,0,-1
20609,413,9,1,1,0,0,0,1
20610,413,10,2,1,0,1,0,0
20611,413,11,2,1,0,1,1,0
20612,413,12,8,2,1,1,0,0
20613,413,13,8,2,1,1,0,0
20614,413,14,8,2,1,1,0,0
20615,413,15,8,2,1,1,-1,0
20616,413,16,6,2,0,1,0,-1
20617,413,17,1,1,0,0,0,0
20618,413,18,1,1,0,0,1,0
20619,413,19,7,2,1,0,0,0
20620,413,20,7,2,1,0,0,1
20621,413,21,4,1,1,1,0,0
20622,413,22,4,1,1,1,0,0
20623,413,23,4,1,1,1,0,0
20624,413,24,4,1,1,1,0,0
20625,413,25,4,1,1,1,0,-1
20626,413,26,3,1,1,0,-1,0
20627,413,27,1,1,0,0,0,0
20628,413,28,1,1,0,0,1,1
20629,413,29,8,2,1,1,0,-1
20630,413,30,3,1,1,0,0,0
20631,413,31,7,2,1,0,0,0
20632,413,32,7,2,1,0,0,0
20633,413,33,7,2,1,0,0,0
20634,413,34,3,1,1,0,0,1
20635,413,35,4,1,1,1,0,0
20636,413,36,8,2,1,1,0,-1
20637,413,37,3,1,1,0,0,0
20638,413,38,3,1,1,0,0,0
20639,413,39,3,1,1,0,0,0
20640,413,40,3,1,1,0,0,0
20641,413,41,3,1,1,0,0,0
20642,413,42,3,1,1,0,0,0
20643,413,43,7,2,1,0,-1,0
20644,413,44,5,2,0,0,1,1
20645,413,45,4,1,1,1,0,0
20646,413,46,4,1,1,1,0,0
20647,413,47,4,1,1,1,0,0
20648,413,48,4,1,1,1,0,0
20649,413,49,4,1,1,1,-1,0
20650,413,50,2,1,0,1,1,0
20651,414,1,6,2,0,1,1,0
20652,414,2,4,1,1,1,-1,0
20653,414,3,6,2,0,1,0,-1
20654,414,4,5,2,0,0,0,0
20655,414,5,5,2,0,0,1,0
20656,414,6,7,2,1,0,0,0
20657,414,7,3,1,1,0,0,1
20658,414,8,4,1,1,1,0,0
20659,414,9,8,2,1,1,0,-1
20660,414,10,7,2,1,0,-1,0
20661,414,11,1,1,0,0,0,0
20662,414,12,1,1,0,0,0,0
20663,414,13,1,1,0,0,0,1
20664,414,14,2,1,0,1,1,-1
20665,414,15,7,2,1,0,0,0
20666,414,16,7,2,1,0,0,0
20667,414,17,7,2,1,0,-1,1
20668,414,18,2,1,0,1,0,0
20669,414,19,2,1,0,1,1,0
20670,414,20,8,2,1,1,0,0
20671,414,21,8,2,1,1,0,0
20672,414,22,4,1,1,1,0,0
20673,414,23,4,1,1,1,0,0
20674,414,24,4,1,1,1,0,-1
20675,414,25,3,1,1,0,-1,1
20676,414,26,2,1,0,1,0,0
20677,414,27,6,2,0,1,0,-1
20678,414,28,5,2,0,0,1,1
20679,414,29,4,1,1,1,0,0
20680,414,30,4,1,1,1,0,-1
20681,414,31,3,1,1,0,0,1
20682,414,32,8,2,1,1,0,0
20683,414,33,4,1,1,1,0,-1
20684,414,34,7,2,1,0,0,0
20685,414,35,7,2,1,0,0,0
20686,414,36,3,1,1,0,-1,0
20687,414,37,1,1,0,0,1,0
20688,414,38,7,2,1,0,0,0
20689,414,39,7,2,1,0,0,0
20690,414,40,7,2,1,0,0,1
20691,414,41,4,1,1,1,-1,0
20692,414,42,2,1,0,1,0,0
20693,414,43,2,1,0,1,0,0
20694,414,44,2,1,0,1,0,0
20695,414,45,6,2,0,1,0,0
20696,414,46,6,2,0,1,0,0
20697,414,47,2,1,0,1,0,0
20698,414,48,2,1,0,1,0,0
20699,414,49,2,1,0,1,0,0
20700,414,50,2,1,0,1,0,0
20701,415,1,5,2,0,0,0,0
20702,415,2,1,1,0,0,0,0
20703,415,3,1,1,0,0,1,0
20704,415,4,3,1,1,0,0,0
20705,415,5,3,1,1,0,0,0
20706,415,6,3,1,1,0,0,0
20707,415,7,3,1,1,0,0,0
20708,415,8,7,2,1,0,-1,1
20709,415,9,6,2,0,1,1,0
20710,415,10,8,2,1,1,0,-1
20711,415,11,7,2,1,0,0,0
20712,415,12,7,2,1,0,-1,0
20713,415,13,5,2,0,0,0,1
20714,415,14,6,2,0,1,0,0
20715,415,15,2,1,0,1,1,0
20716,415,16,4,1,1,1,0,0
20717,415,17,4,1,1,1,0,0
20718,415,18,4,1,1,1,0,0
20719,415,19,4,1,1,1,0,0
20720,415,20,4,1,1,1,0,-1
20721,415,21,3,1,1,0,-1,1
20722,415,22,2,1,0,1,0,0
20723,415,23,2,1,0,1,1,0
20724,415,24,8,2,1,1,0,0
20725,415,25,8,2,1,1,-1,0
20726,415,26,6,2,0,1,0,-1
20727,415,27,1,1,0,0,0,0
20728,415,28,5,2,0,0,0,0
20729,415,29,1,1,0,0,1,0
20730,415,30,3,1,1,0,0,0
20731,415,31,3,1,1,0,0,0
20732,415,32,3,1,1,0,0,1
20733,415,33,8,2,1,1,-1,0
20734,415,34,2,1,0,1,1,0
20735,415,35,4,1,1,1,0,0
20736,415,36,4,1,1,1,0,0
20737,415,37,4,1,1,1,0,0
20738,415,38,4,1,1,1,0,0
20739,415,39,8,2,1,1,0,0
20740,415,40,4,1,1,1,0,-1
20741,415,41,3,1,1,0,0,1
20742,415,42,8,2,1,1,0,-1
20743,415,43,7,2,1,0,0,0
20744,415,44,7,2,1,0,0,0
20745,415,45,7,2,1,0,0,0
20746,415,46,3,1,1,0,0,0
20747,415,47,3,1,1,0,-1,0
20748,415,48,5,2,0,0,0,0
20749,415,49,5,2,0,0,0,1
20750,415,50,2,1,0,1,0,0
20751,416,1,4,1,1,1,0,0
20752,416,2,8,2,1,1,0,-1
20753,416,3,3,1,1,0,0,0
20754,416,4,7,2,1,0,0,0
20755,416,5,7,2,1,0,-1,0
20756,416,6,1,1,0,0,1,1
20757,416,7,4,1,1,1,0,-1
20758,416,8,3,1,1,0,-1,1
20759,416,9,2,1,0,1,0,0
20760,416,10,2,1,0,1,0,-1
20761,416,11,1,1,0,0,0,0
20762,416,12,1,1,0,0,0,0
20763,416,13,1,1,0,0,1,0
20764,416,14,3,1,1,0,0,1
20765,416,15,4,1,1,1,0,0
20766,416,16,8,2,1,1,-1,0
20767,416,17,6,2,0,1,0,0
20768,416,18,6,2,0,1,0,0
20769,416,19,6,2,0,1,1,0
20770,416,20,8,2,1,1,-1,0
20771,416,21,2,1,0,1,0,0
20772,416,22,6,2,0,1,0,0
20773,416,23,6,2,0,1,0,0
20774,416,24,6,2,0,1,0,0
20775,416,25,6,2,0,1,0,0
20776,416,26,6,2,0,1,0,-1
20777,416,27,1,1,0,0,1,0
20778,416,28,3,1,1,0,-1,0
20779,416,29,1,1,0,0,0,1
20780,416,30,6,2,0,1,0,-1
20781,416,31,5,2,0,0,0,0
20782,416,32,1,1,0,0,0,0
20783,416,33,1,1,0,0,0,1
20784,416,34,6,2,0,1,0,-1
20785,416,35,5,2,0,0,0,1
20786,416,36,6,2,0,1,0,0
20787,416,37,6,2,0,1,1,0
20788,416,38,8,2,1,1,0,0
20789,416,39,8,2,1,1,-1,0
20790,416,40,2,1,0,1,1,0
20791,416,41,4,1,1,1,0,0
20792,416,42,8,2,1,1,0,0
20793,416,43,8,2,1,1,0,0
20794,416,44,8,2,1,1,0,0
20795,416,45,8,2,1,1,-1,0
20796,416,46,6,2,0,1,0,0
20797,416,47,6,2,0,1,0,0
20798,416,48,2,1,0,1,0,0
20799,416,49,2,1,0,1,0,0
20800,416,50,2,1,0,1,0,-1
20801,417,1,4,1,1,1,0,-1
20802,417,2,3,1,1,0,0,0
20803,417,3,7,2,1,0,0,0
20804,417,4,7,2,1,0,0,1
20805,417,5,8,2,1,1,0,0
20806,417,6,4,1,1,1,0,0
20807,417,7,4,1,1,1,0,-1
20808,417,8,7,2,1,0,0,0
20809,417,9,7,2,1,0,0,0
20810,417,10,7,2,1,0,0,1
20811,417,11,8,2,1,1,-1,0
20812,417,12,6,2,0,1,0,0
20813,417,13,2,1,0,1,0,0
20814,417,14,6,2,0,1,0,0
20815,417,15,2,1,0,1,0,0
20816,417,16,6,2,0,1,1,0
20817,417,17,4,1,1,1,-1,0
20818,417,18,6,2,0,1,0,0
20819,417,19,6,2,0,1,0,0
20820,417,20,6,2,0,1,0,-1
20821,417,21,5,2,0,0,0,0
20822,417,22,1,1,0,0,0,0
20823,417,23,1,1,0,0,0,0
20824,417,24,1,1,0,0,0,0
20825,417,25,1,1,0,0,0,0
20826,417,26,1,1,0,0,0,0
20827,417,27,1,1,0,0,0,0
20828,417,28,5,2,0,0,1,0
20829,417,29,3,1,1,0,-1,0
20830,417,30,1,1,0,0,0,0
20831,417,31,1,1,0,0,1,0
20832,417,32,3,1,1,0,-1,0
20833,417,33,5,2,0,0,0,0
20834,417,34,5,2,0,0,0,0
20835,417,35,5,2,0,0,0,0
20836,417,36,5,2,0,0,0,0
20837,417,37,5,2,0,0,1,0
20838,417,38,7,2,1,0,0,0
20839,417,39,7,2,1,0,0,0
20840,417,40,7,2,1,0,0,1
20841,417,41,4,1,1,1,-1,0
20842,417,42,6,2,0,1,1,0
20843,417,43,8,2,1,1,0,0
20844,417,44,8,2,1,1,0,-1
20845,417,45,3,1,1,0,0,0
20846,417,46,3,1,1,0,-1,1
20847,417,47,2,1,0,1,0,0
20848,417,48,2,1,0,1,1,0
20849,417,49,4,1,1,1,0,0
20850,417,50,8,2,1,1,-1,-1
20851,418,1,7,2,1,0,-1,0
20852,418,2,5,2,0,0,0,0
20853,418,3,1,1,0,0,0,0
20854,418,4,5,2,0,0,1,0
20855,418,5,3,1,1,0,0,0
20856,418,6,3,1,1,0,0,0
20857,418,7,7,2,1,0,0,1
20858,418,8,8,2,1,1,0,0
20859,418,9,8,2,1,1,0,0
20860,418,10,8,2,1,1,0,-1
20861,418,11,3,1,1,0,0,0
20862,418,12,7,2,1,0,0,0
20863,418,13,7,2,1,0,0,0
20864,418,14,7,2,1,0,0,0
20865,418,15,3,1,1,0,0,0
20866,418,16,7,2,1,0,-1,0
20867,418,17,1,1,0,0,1,0
20868,418,18,3,1,1,0,0,0
20869,418,19,3,1,1,0,0,0
20870,418,20,3,1,1,0,0,1
20871,418,21,4,1,1,1,0,0
20872,418,22,4,1,1,1,0,0
20873,418,23,4,1,1,1,0,0
20874,418,24,8,2,1,1,0,-1
20875,418,25,7,2,1,0,0,0
20876,418,26,3,1,1,0,-1,0
20877,418,27,5,2,0,0,1,0
20878,418,28,3,1,1,0,0,1
20879,418,29,4,1,1,1,0,0
20880,418,30,8,2,1,1,0,0
20881,418,31,4,1,1,1,-1,0
20882,418,32,2,1,0,1,0,0
20883,418,33,2,1,0,1,0,0
20884,418,34,6,2,0,1,0,0
20885,418,35,6,2,0,1,0,-1
20886,418,36,5,2,0,0,1,0
20887,418,37,7,2,1,0,-1,0
20888,418,38,1,1,0,0,0,0
20889,418,39,1,1,0,0,0,0
20890,418,40,1,1,0,0,0,0
20891,418,41,1,1,0,0,0,0
20892,418,42,5,2,0,0,0,0
20893,418,43,1,1,0,0,0,0
20894,418,44,1,1,0,0,1,0
20895,418,45,7,2,1,0,0,0
20896,418,46,7,2,1,0,0,0
20897,418,47,7,2,1,0,0,0
20898,418,48,3,1,1,0,0,0
20899,418,49,7,2,1,0,0,0
20900,418,50,7,2,1,0,0,0
20901,419,1,1,1,0,0,0,0
20902,419,2,1,1,0,0,1,0
20903,419,3,3,1,1,0,-1,0
20904,419,4,5,2,0,0,1,0
20905,419,5,7,2,1,0,-1,0
20906,419,6,5,2,0,0,0,0
20907,419,7,5,2,0,0,0,0
20908,419,8,5,2,0,0,1,1
20909,419,9,4,1,1,1,0,0
20910,419,10,8,2,1,1,0,0
20911,419,11,8,2,1,1,0,0
20912,419,12,8,2,1,1,-1,-1
20913,419,13,1,1,0,0,0,0
20914,419,14,1,1,0,0,1,0
20915,419,15,7,2,1,0,0,1
20916,419,16,8,2,1,1,0,0
20917,419,17,8,2,1,1,0,0
20918,419,18,4,1,1,1,-1,-1
20919,419,19,1,1,0,0,0,0
20920,419,20,1,1,0,0,0,0
20921,419,21,1,1,0,0,0,0
20922,419,22,5,2,0,0,0,1
20923,419,23,2,1,0,1,0,0
20924,419,24,6,2,0,1,0,-1
20925,419,25,5,2,0,0,0,0
20926,419,26,1,1,0,0,0,0
20927,419,27,1,1,0,0,0,0
20928,419,28,1,1,0,0,0,0
20929,419,29,1,1,0,0,1,1
20930,419,30,4,1,1,1,-1,0
20931,419,31,6,2,0,1,1,0
20932,419,32,8,2,1,1,0,0
20933,419,33,8,2,1,1,0,0
20934,419,34,8,2,1,1,0,0
20935,419,35,8,2,1,1,0,0
20936,419,36,8,2,1,1,-1,0
20937,419,37,6,2,0,1,0,0
20938,419,38,6,2,0,1,0,0
20939,419,39,6,2,0,1,0,-1
20940,419,40,1,1,0,0,0,0
20941,419,41,5,2,0,0,1,0
20942,419,42,7,2,1,0,0,0
20943,419,43,7,2,1,0,0,0
20944,419,44,3,1,1,0,0,0
20945,419,45,3,1,1,0,0,0
20946,419,46,3,1,1,0,0,0
20947,419,47,3,1,1,0,-1,1
20948,419,48,2,1,0,1,1,0
20949,419,49,8,2,1,1,0,0
20950,419,50,4,1,1,1,-1,0
20951,420,1,4,1,1,1,-1,-1
20952,420,2,1,1,0,0,1,1
20953,420,3,4,1,1,1,0,0
20954,420,4,4,1,1,1,0,0
20955,420,5,4,1,1,1,-1,-1
20956,420,6,5,2,0,0,0,0
20957,420,7,5,2,0,0,0,0
20958,420,8,5,2,0,0,0,1
20959,420,9,6,2,0,1,1,0
20960,420,10,4,1,1,1,0,0
20961,420,11,4,1,1,1,0,-1
20962,420,12,3,1,1,0,-1,0
20963,420,13,1,1,0,0,0,0
20964,420,14,1,1,0,0,1,0
20965,420,15,7,2,1,0,0,0
20966,420,16,7,2,1,0,0,0
20967,420,17,7,2,1,0,-1,1
20968,420,18,2,1,0,1,1,0
20969,420,19,4,1,1,1,0,0
20970,420,20,4,1,1,1,0,-1
20971,420,21,7,2,1,0,0,0
20972,420,22,7,2,1,0,0,0
20973,420,23,3,1,1,0,0,0
20974,420,24,3,1,1,0,0,0
20975,420,25,7,2,1,0,0,0
20976,420,26,7,2,1,0,0,0
20977,420,27,7,2,1,0,0,1
20978,420,28,8,2,1,1,0,0
20979,420,29,8,2,1,1,0,0
20980,420,30,8,2,1,1,0,-1
20981,420,31,3,1,1,0,0,0
20982,420,32,7,2,1,0,0,0
20983,420,33,3,1,1,0,-1,0
20984,420,34,5,2,0,0,0,0
20985,420,35,5,2,0,0,0,1
20986,420,36,6,2,0,1,0,0
20987,420,37,6,2,0,1,1,0
20988,420,38,8,2,1,1,0,-1
20989,420,39,3,1,1,0,-1,1
20990,420,40,6,2,0,1,0,0
20991,420,41,6,2,0,1,0,-1
20992,420,42,1,1,0,0,1,1
20993,420,43,4,1,1,1,0,0
20994,420,44,4,1,1,1,-1,-1
20995,420,45,1,1,0,0,0,1
20996,420,46,2,1,0,1,0,0
20997,420,47,6,2,0,1,0,0
20998,420,48,2,1,0,1,0,-1
20999,420,49,5,2,0,0,1,0
21000,420,50,7,2,1,0,0,0
21001,421,1,6,2,0,1,0,0
21002,421,2,6,2,0,1,1,0
21003,421,3,4,1,1,1,0,0
21004,421,4,4,1,1,1,0,0
21005,421,5,4,1,1,1,-1,-1
21006,421,6,1,1,0,0,0,0
21007,421,7,1,1,0,0,0,1
21008,421,8,2,1,0,1,1,0
21009,421,9,4,1,1,1,0,0
21010,421,10,4,1,1,1,0,0
21011,421,11,8,2,1,1,0,0
21012,421,12,4,1,1,1,0,0
21013,421,13,4,1,1,1,-1,0
21014,421,14,6,2,0,1,0,0
21015,421,15,2,1,0,1,0,-1
21016,421,16,1,1,0,0,1,0
21017,421,17,3,1,1,0,0,1
21018,421,18,4,1,1,1,-1,0
21019,421,19,2,1,0,1,0,-1
21020,421,20,1,1,0,0,1,0
21021,421,21,3,1,1,0,0,0
21022,421,22,3,1,1,0,0,0
21023,421,23,3,1,1,0,0,1
21024,421,24,4,1,1,1,0,0
21025,421,25,4,1,1,1,0,-1
21026,421,26,3,1,1,0,-1,1
21027,421,27,6,2,0,1,0,0
21028,421,28,6,2,0,1,0,0
21029,421,29,6,2,0,1,1,-1
21030,421,30,7,2,1,0,0,0
21031,421,31,3,1,1,0,0,1
21032,421,32,4,1,1,1,0,0
21033,421,33,4,1,1,1,0,-1
21034,421,34,3,1,1,0,0,0
21035,421,35,3,1,1,0,0,0
21036,421,36,3,1,1,0,0,1
21037,421,37,4,1,1,1,0,-1
21038,421,38,3,1,1,0,0,1
21039,421,39,4,1,1,1,0,-1
21040,421,40,7,2,1,0,0,0
21041,421,41,3,1,1,0,0,0
21042,421,42,3,1,1,0,0,0
21043,421,43,7,2,1,0,0,0
21044,421,44,3,1,1,0,0,0
21045,421,45,3,1,1,0,0,0
21046,421,46,3,1,1,0,0,0
21047,421,47,7,2,1,0,0,0
21048,421,48,7,2,1,0,0,1
21049,421,49,8,2,1,1,-1,0
21050,421,50,6,2,0,1,0,-1
21051,422,1,5,2,0,0,0,0
21052,422,2,1,1,0,0,0,0
21053,422,3,1,1,0,0,1,0
21054,422,4,7,2,1,0,0,0
21055,422,5,7,2,1,0,-1,0
21056,422,6,5,2,0,0,0,1
21057,422,7,6,2,0,1,0,0
21058,422,8,6,2,0,1,0,0
21059,422,9,6,2,0,1,0,0
21060,422,10,6,2,0,1,0,0
21061,422,11,2,1,0,1,0,0
21062,422,12,2,1,0,1,1,-1
21063,422,13,3,1,1,0,0,0
21064,422,14,7,2,1,0,0,1
21065,422,15,4,1,1,1,0,0
21066,422,16,8,2,1,1,0,0
21067,422,17,4,1,1,1,0,0
21068,422,18,4,1,1,1,0,0
21069,422,19,8,2,1,1,0,0
21070,422,20,8,2,1,1,0,0
21071,422,21,4,1,1,1,0,0
21072,422,22,4,1,1,1,0,0
21073,422,23,4,1,1,1,-1,0
21074,422,24,2,1,0,1,0,0
21075,422,25,6,2,0,1,0,0
21076,422,26,6,2,0,1,1,-1
21077,422,27,7,2,1,0,0,0
21078,422,28,3,1,1,0,0,0
21079,422,29,3,1,1,0,0,1
21080,422,30,4,1,1,1,0,0
21081,422,31,4,1,1,1,-1,0
21082,422,32,2,1,0,1,1,-1
21083,422,33,3,1,1,0,0,0
21084,422,34,7,2,1,0,0,0
21085,422,35,3,1,1,0,0,0
21086,422,36,3,1,1,0,0,0
21087,422,37,3,1,1,0,0,0
21088,422,38,3,1,1,0,0,0
21089,422,39,3,1,1,0,0,0
21090,422,40,3,1,1,0,-1,0
21091,422,41,1,1,0,0,0,1
21092,422,42,6,2,0,1,0,0
21093,422,43,6,2,0,1,0,0
21094,422,44,6,2,0,1,0,0
21095,422,45,2,1,0,1,0,0
21096,422,46,2,1,0,1,0,-1
21097,422,47,5,2,0,0,0,1
21098,422,48,2,1,0,1,0,0
21099,422,49,2,1,0,1,0,0
21100,422,50,2,1,0,1,0,0
21101,423,1,8,2,1,1,0,0
21102,423,2,8,2,1,1,0,0
21103,423,3,8,2,1,1,0,0
21104,423,4,8,2,1,1,0,0
21105,423,5,4,1,1,1,0,0
21106,423,6,4,1,1,1,0,0
21107,423,7,4,1,1,1,0,0
21108,423,8,4,1,1,1,0,0
21109,423,9,4,1,1,1,0,0
21110,423,10,8,2,1,1,0,0
21111,423,11,8,2,1,1,-1,-1
21112,423,12,5,2,0,0,0,0
21113,423,13,1,1,0,0,0,0
21114,423,14,1,1,0,0,0,0
21115,423,15,5,2,0,0,0,0
21116,423,16,1,1,0,0,0,0
21117,423,17,5,2,0,0,0,1
21118,423,18,6,2,0,1,1,0
21119,423,19,8,2,1,1,0,0
21120,423,20,8,2,1,1,-1,0
21121,423,21,6,2,0,1,0,0
21122,423,22,2,1,0,1,1,0
21123,423,23,4,1,1,1,-1,0
21124,423,24,6,2,0,1,0,0
21125,423,25,6,2,0,1,0,0
21126,423,26,2,1,0,1,0,-1
21127,423,27,5,2,0,0,0,1
21128,423,28,2,1,0,1,0,0
21129,423,29,2,1,0,1,0,0
21130,423,30,2,1,0,1,0,0
21131,423,31,2,1,0,1,0,0
21132,423,32,2,1,0,1,0,0
21133,423,33,2,1,0,1,0,0
21134,423,34,6,2,0,1,0,0
21135,423,35,2,1,0,1,1,-1
21136,423,36,7,2,1,0,0,0
21137,423,37,7,2,1,0,-1,0
21138,423,38,1,1,0,0,0,1
21139,423,39,2,1,0,1,0,0
21140,423,40,2,1,0,1,1,0
21141,423,41,4,1,1,1,0,0
21142,423,42,4,1,1,1,0,0
21143,423,43,4,1,1,1,-1,0
21144,423,44,2,1,0,1,1,0
21145,423,45,4,1,1,1,-1,0
21146,423,46,2,1,0,1,0,0
21147,423,47,2,1,0,1,1,-1
21148,423,48,3,1,1,0,0,0
21149,423,49,3,1,1,0,0,0
21150,423,50,3,1,1,0,0,0
21151,424,1,8,2,1,1,0,0
21152,424,2,4,1,1,1,0,-1
21153,424,3,3,1,1,0,0,0
21154,424,4,7,2,1,0,0,0
21155,424,5,7,2,1,0,0,0
21156,424,6,3,1,1,0,0,0
21157,424,7,3,1,1,0,0,0
21158,424,8,7,2,1,0,0,0
21159,424,9,3,1,1,0,0,0
21160,424,10,3,1,1,0,0,1
21161,424,11,4,1,1,1,-1,-1
21162,424,12,1,1,0,0,0,0
21163,424,13,5,2,0,0,0,0
21164,424,14,1,1,0,0,1,1
21165,424,15,4,1,1,1,0,0
21166,424,16,4,1,1,1,0,0
21167,424,17,4,1,1,1,0,0
21168,424,18,8,2,1,1,-1,0
21169,424,19,6,2,0,1,0,0
21170,424,20,6,2,0,1,1,0
21171,424,21,8,2,1,1,-1,0
21172,424,22,6,2,0,1,0,0
21173,424,23,2,1,0,1,0,0
21174,424,24,2,1,0,1,0,0
21175,424,25,6,2,0,1,1,0
21176,424,26,8,2,1,1,0,0
21177,424,27,8,2,1,1,-1,0
21178,424,28,6,2,0,1,0,0
21179,424,29,2,1,0,1,0,0
21180,424,30,2,1,0,1,0,0
21181,424,31,2,1,0,1,0,0
21182,424,32,2,1,0,1,0,0
21183,424,33,2,1,0,1,1,0
21184,424,34,4,1,1,1,0,0
21185,424,35,4,1,1,1,0,-1
21186,424,36,3,1,1,0,-1,0
21187,424,37,1,1,0,0,0,0
21188,424,38,1,1,0,0,0,0
21189,424,39,1,1,0,0,0,0
21190,424,40,1,1,0,0,0,0
21191,424,41,5,2,0,0,0,1
21192,424,42,6,2,0,1,0,0
21193,424,43,6,2,0,1,0,0
21194,424,44,6,2,0,1,0,-1
21195,424,45,1,1,0,0,0,0
21196,424,46,5,2,0,0,1,0
21197,424,47,7,2,1,0,0,0
21198,424,48,7,2,1,0,0,1
21199,424,49,8,2,1,1,0,0
21200,424,50,8,2,1,1,0,0
21201,425,1,2,1,0,1,0,0
21202,425,2,6,2,0,1,0,0
21203,425,3,6,2,0,1,0,-1
21204,425,4,1,1,0,0,0,0
21205,425,5,1,1,0,0,1,0
21206,425,6,3,1,1,0,0,0
21207,425,7,7,2,1,0,0,1
21208,425,8,4,1,1,1,0,-1
21209,425,9,7,2,1,0,0,0
21210,425,10,7,2,1,0,0,0
21211,425,11,3,1,1,0,0,0
21212,425,12,7,2,1,0,0,0
21213,425,13,7,2,1,0,0,0
21214,425,14,3,1,1,0,0,0
21215,425,15,3,1,1,0,0,0
21216,425,16,7,2,1,0,0,0
21217,425,17,3,1,1,0,0,0
21218,425,18,3,1,1,0,0,0
21219,425,19,3,1,1,0,0,0
21220,425,20,3,1,1,0,0,0
21221,425,21,3,1,1,0,0,0
21222,425,22,3,1,1,0,-1,0
21223,425,23,1,1,0,0,1,0
21224,425,24,3,1,1,0,0,1
21225,425,25,4,1,1,1,0,0
21226,425,26,4,1,1,1,0,-1
21227,425,27,3,1,1,0,0,1
21228,425,28,4,1,1,1,0,-1
21229,425,29,7,2,1,0,0,0
21230,425,30,7,2,1,0,0,0
21231,425,31,7,2,1,0,0,0
21232,425,32,7,2,1,0,0,0
21233,425,33,7,2,1,0,0,0
21234,425,34,7,2,1,0,-1,0
21235,425,35,5,2,0,0,0,0
21236,425,36,5,2,0,0,0,1
21237,425,37,6,2,0,1,1,0
21238,425,38,8,2,1,1,-1,-1
21239,425,39,5,2,0,0,0,0
21240,425,40,5,2,0,0,0,0
21241,425,41,5,2,0,0,0,0
21242,425,42,5,2,0,0,0,0
21243,425,43,1,1,0,0,0,1
21244,425,44,6,2,0,1,0,0
21245,425,45,6,2,0,1,0,-1
21246,425,46,5,2,0,0,0,0
21247,425,47,1,1,0,0,0,0
21248,425,48,1,1,0,0,0,0
21249,425,49,1,1,0,0,1,0
21250,425,50,7,2,1,0,0,0
21251,426,1,1,1,0,0,1,0
21252,426,2,3,1,1,0,-1,0
21253,426,3,1,1,0,0,0,1
21254,426,4,2,1,0,1,0,-1
21255,426,5,1,1,0,0,0,0
21256,426,6,5,2,0,0,1,1
21257,426,7,8,2,1,1,0,-1
21258,426,8,7,2,1,0,-1,1
21259,426,9,2,1,0,1,0,0
21260,426,10,6,2,0,1,0,-1
21261,426,11,5,2,0,0,0,0
21262,426,12,5,2,0,0,0,0
21263,426,13,5,2,0,0,0,1
21264,426,14,2,1,0,1,0,0
21265,426,15,2,1,0,1,0,0
21266,426,16,2,1,0,1,1,-1
21267,426,17,3,1,1,0,0,0
21268,426,18,3,1,1,0,0,1
21269,426,19,4,1,1,1,-1,0
21270,426,20,2,1,0,1,0,0
21271,426,21,2,1,0,1,0,0
21272,426,22,2,1,0,1,1,0
21273,426,23,4,1,1,1,-1,0
21274,426,24,2,1,0,1,0,0
21275,426,25,2,1,0,1,0,0
21276,426,26,2,1,0,1,1,-1
21277,426,27,7,2,1,0,0,0
21278,426,28,3,1,1,0,0,0
21279,426,29,7,2,1,0,0,0
21280,426,30,3,1,1,0,0,0
21281,426,31,3,1,1,0,0,1
21282,426,32,4,1,1,1,0,0
21283,426,33,4,1,1,1,0,0
21284,426,34,8,2,1,1,0,0
21285,426,35,4,1,1,1,0,0
21286,426,36,4,1,1,1,0,0
21287,426,37,4,1,1,1,0,0
21288,426,38,8,2,1,1,-1,0
21289,426,39,6,2,0,1,0,-1
21290,426,40,5,2,0,0,1,0
21291,426,41,7,2,1,0,-1,1
21292,426,42,2,1,0,1,1,-1
21293,426,43,3,1,1,0,0,1
21294,426,44,4,1,1,1,-1,0
21295,426,45,6,2,0,1,1,0
21296,426,46,8,2,1,1,0,-1
21297,426,47,7,2,1,0,0,0
21298,426,48,7,2,1,0,0,0
21299,426,49,7,2,1,0,0,0
21300,426,50,7,2,1,0,-1,0
21301,427,1,3,1,1,0,0,0
21302,427,2,3,1,1,0,0,1
21303,427,3,8,2,1,1,0,0
21304,427,4,8,2,1,1,-1,0
21305,427,5,6,2,0,1,0,0
21306,427,6,2,1,0,1,1,-1
21307,427,7,3,1,1,0,-1,1
21308,427,8,2,1,0,1,1,0
21309,427,9,4,1,1,1,-1,0
21310,427,10,2,1,0,1,0,0
21311,427,11,2,1,0,1,0,0
21312,427,12,6,2,0,1,0,0
21313,427,13,2,1,0,1,0,-1
21314,427,14,1,1,0,0,0,1
21315,427,15,2,1,0,1,0,0
21316,427,16,6,2,0,1,0,0
21317,427,17,2,1,0,1,1,0
21318,427,18,4,1,1,1,0,0
21319,427,19,4,1,1,1,0,0
21320,427,20,4,1,1,1,0,0
21321,427,21,4,1,1,1,0,0
21322,427,22,8,2,1,1,0,0
21323,427,23,8,2,1,1,0,0
21324,427,24,8,2,1,1,-1,0
21325,427,25,2,1,0,1,0,0
21326,427,26,2,1,0,1,0,0
21327,427,27,2,1,0,1,1,-1
21328,427,28,7,2,1,0,0,1
21329,427,29,8,2,1,1,-1,0
21330,427,30,6,2,0,1,0,-1
21331,427,31,1,1,0,0,0,1
21332,427,32,2,1,0,1,0,-1
21333,427,33,1,1,0,0,0,0
21334,427,34,5,2,0,0,0,0
21335,427,35,1,1,0,0,1,0
21336,427,36,3,1,1,0,0,0
21337,427,37,7,2,1,0,0,0
21338,427,38,3,1,1,0,0,0
21339,427,39,3,1,1,0,0,0
21340,427,40,7,2,1,0,0,0
21341,427,41,7,2,1,0,0,1
21342,427,42,4,1,1,1,0,0
21343,427,43,4,1,1,1,0,-1
21344,427,44,7,2,1,0,0,1
21345,427,45,8,2,1,1,-1,0
21346,427,46,2,1,0,1,1,0
21347,427,47,4,1,1,1,0,0
21348,427,48,4,1,1,1,0,0
21349,427,49,4,1,1,1,-1,0
21350,427,50,2,1,0,1,0,0
21351,428,1,1,1,0,0,0,0
21352,428,2,1,1,0,0,0,0
21353,428,3,5,2,0,0,1,0
21354,428,4,3,1,1,0,0,0
21355,428,5,3,1,1,0,0,0
21356,428,6,7,2,1,0,-1,0
21357,428,7,1,1,0,0,0,0
21358,428,8,1,1,0,0,1,0
21359,428,9,7,2,1,0,0,0
21360,428,10,7,2,1,0,0,0
21361,428,11,7,2,1,0,0,1
21362,428,12,8,2,1,1,-1,0
21363,428,13,6,2,0,1,0,0
21364,428,14,6,2,0,1,1,0
21365,428,15,4,1,1,1,-1,0
21366,428,16,2,1,0,1,0,0
21367,428,17,2,1,0,1,0,-1
21368,428,18,1,1,0,0,0,0
21369,428,19,1,1,0,0,1,1
21370,428,20,8,2,1,1,-1,0
21371,428,21,6,2,0,1,0,-1
21372,428,22,5,2,0,0,0,1
21373,428,23,6,2,0,1,0,0
21374,428,24,2,1,0,1,0,0
21375,428,25,6,2,0,1,0,0
21376,428,26,6,2,0,1,0,0
21377,428,27,6,2,0,1,0,-1
21378,428,28,1,1,0,0,0,1
21379,428,29,2,1,0,1,0,0
21380,428,30,2,1,0,1,0,0
21381,428,31,6,2,0,1,0,-1
21382,428,32,5,2,0,0,0,0
21383,428,33,5,2,0,0,0,0
21384,428,34,1,1,0,0,1,0
21385,428,35,3,1,1,0,0,0
21386,428,36,3,1,1,0,0,0
21387,428,37,3,1,1,0,0,0
21388,428,38,7,2,1,0,-1,0
21389,428,39,1,1,0,0,0,1
21390,428,40,6,2,0,1,0,0
21391,428,41,2,1,0,1,0,0
21392,428,42,2,1,0,1,0,-1
21393,428,43,1,1,0,0,1,0
21394,428,44,7,2,1,0,0,0
21395,428,45,7,2,1,0,0,0
21396,428,46,7,2,1,0,0,0
21397,428,47,3,1,1,0,0,0
21398,428,48,7,2,1,0,0,0
21399,428,49,7,2,1,0,0,0
21400,428,50,7,2,1,0,0,0
21401,429,1,4,1,1,1,0,-1
21402,429,2,3,1,1,0,0,0
21403,429,3,3,1,1,0,-1,1
21404,429,4,6,2,0,1,1,0
21405,429,5,8,2,1,1,0,0
21406,429,6,8,2,1,1,0,-1
21407,429,7,7,2,1,0,0,1
21408,429,8,8,2,1,1,0,0
21409,429,9,8,2,1,1,-1,0
21410,429,10,2,1,0,1,0,0
21411,429,11,2,1,0,1,0,0
21412,429,12,2,1,0,1,0,0
21413,429,13,6,2,0,1,0,-1
21414,429,14,1,1,0,0,1,0
21415,429,15,3,1,1,0,0,0
21416,429,16,3,1,1,0,-1,0
21417,429,17,1,1,0,0,1,0
21418,429,18,3,1,1,0,0,0
21419,429,19,3,1,1,0,0,0
21420,429,20,7,2,1,0,-1,0
21421,429,21,5,2,0,0,1,0
21422,429,22,3,1,1,0,0,0
21423,429,23,3,1,1,0,0,1
21424,429,24,4,1,1,1,0,0
21425,429,25,4,1,1,1,0,0
21426,429,26,4,1,1,1,0,-1
21427,429,27,3,1,1,0,0,1
21428,429,28,4,1,1,1,-1,0
21429,429,29,2,1,0,1,1,0
21430,429,30,4,1,1,1,-1,0
21431,429,31,2,1,0,1,0,0
21432,429,32,6,2,0,1,0,0
21433,429,33,6,2,0,1,0,0
21434,429,34,2,1,0,1,1,0
21435,429,35,4,1,1,1,0,0
21436,429,36,4,1,1,1,0,-1
21437,429,37,3,1,1,0,0,0
21438,429,38,3,1,1,0,-1,1
21439,429,39,2,1,0,1,0,0
21440,429,40,2,1,0,1,1,-1
21441,429,41,3,1,1,0,0,0
21442,429,42,7,2,1,0,0,1
21443,429,43,4,1,1,1,0,0
21444,429,44,4,1,1,1,0,0
21445,429,45,4,1,1,1,0,0
21446,429,46,4,1,1,1,-1,-1
21447,429,47,5,2,0,0,1,0
21448,429,48,7,2,1,0,0,1
21449,429,49,8,2,1,1,0,0
21450,429,50,4,1,1,1,-1,0
21451,430,1,5,2,0,0,0,1
21452,430,2,6,2,0,1,0,0
21453,430,3,2,1,0,1,0,0
21454,430,4,6,2,0,1,0,0
21455,430,5,6,2,0,1,1,-1
21456,430,6,7,2,1,0,0,0
21457,430,7,7,2,1,0,0,0
21458,430,8,7,2,1,0,0,0
21459,430,9,3,1,1,0,-1,0
21460,430,10,1,1,0,0,0,0
21461,430,11,1,1,0,0,0,0
21462,430,12,1,1,0,0,0,0
21463,430,13,1,1,0,0,1,0
21464,430,14,7,2,1,0,0,0
21465,430,15,7,2,1,0,0,0
21466,430,16,7,2,1,0,-1,1
21467,430,17,6,2,0,1,0,0
21468,430,18,2,1,0,1,0,0
21469,430,19,2,1,0,1,1,0
21470,430,20,8,2,1,1,0,-1
21471,430,21,3,1,1,0,0,1
21472,430,22,4,1,1,1,-1,-1
21473,430,23,1,1,0,0,0,1
21474,430,24,2,1,0,1,0,0
21475,430,25,2,1,0,1,1,0
21476,430,26,4,1,1,1,0,-1
21477,430,27,3,1,1,0,0,0
21478,430,28,3,1,1,0,0,0
21479,430,29,3,1,1,0,-1,1
21480,430,30,2,1,0,1,1,-1
21481,430,31,7,2,1,0,0,1
21482,430,32,4,1,1,1,0,0
21483,430,33,4,1,1,1,0,0
21484,430,34,4,1,1,1,0,-1
21485,430,35,3,1,1,0,0,1
21486,430,36,8,2,1,1,0,0
21487,430,37,4,1,1,1,0,0
21488,430,38,4,1,1,1,0,-1
21489,430,39,3,1,1,0,0,1
21490,430,40,4,1,1,1,0,0
21491,430,41,4,1,1,1,0,0
21492,430,42,4,1,1,1,0,0
21493,430,43,8,2,1,1,-1,-1
21494,430,44,5,2,0,0,0,1
21495,430,45,6,2,0,1,0,0
21496,430,46,6,2,0,1,0,-1
21497,430,47,1,1,0,0,0,0
21498,430,48,1,1,0,0,0,1
21499,430,49,2,1,0,1,1,0
21500,430,50,8,2,1,1,0,-1
21501,431,1,5,2,0,0,0,1
21502,431,2,6,2,0,1,1,-1
21503,431,3,7,2,1,0,0,0
21504,431,4,7,2,1,0,-1,0
21505,431,5,1,1,0,0,1,1
21506,431,6,4,1,1,1,0,0
21507,431,7,4,1,1,1,0,0
21508,431,8,4,1,1,1,0,0
21509,431,9,8,2,1,1,0,0
21510,431,10,8,2,1,1,0,-1
21511,431,11,3,1,1,0,0,1
21512,431,12,4,1,1,1,0,0
21513,431,13,4,1,1,1,-1,0
21514,431,14,2,1,0,1,0,0
21515,431,15,2,1,0,1,1,0
21516,431,16,4,1,1,1,0,0
21517,431,17,8,2,1,1,-1,0
21518,431,18,6,2,0,1,0,0
21519,431,19,2,1,0,1,0,-1
21520,431,20,1,1,0,0,0,1
21521,431,21,6,2,0,1,1,0
21522,431,22,4,1,1,1,0,0
21523,431,23,4,1,1,1,0,0
21524,431,24,4,1,1,1,0,0
21525,431,25,4,1,1,1,0,0
21526,431,26,4,1,1,1,-1,0
21527,431,27,6,2,0,1,0,0
21528,431,28,2,1,0,1,0,0
21529,431,29,2,1,0,1,1,0
21530,431,30,4,1,1,1,0,-1
21531,431,31,3,1,1,0,-1,0
21532,431,32,5,2,0,0,0,0
21533,431,33,5,2,0,0,0,1
21534,431,34,2,1,0,1,0,-1
21535,431,35,1,1,0,0,1,1
21536,431,36,4,1,1,1,0,0
21537,431,37,4,1,1,1,0,-1
21538,431,38,7,2,1,0,-1,0
21539,431,39,1,1,0,0,1,1
21540,431,40,4,1,1,1,-1,-1
21541,431,41,1,1,0,0,0,1
21542,431,42,2,1,0,1,0,0
21543,431,43,2,1,0,1,1,0
21544,431,44,4,1,1,1,0,0
21545,431,45,4,1,1,1,0,-1
21546,431,46,3,1,1,0,0,1
21547,431,47,4,1,1,1,0,-1
21548,431,48,3,1,1,0,0,0
21549,431,49,3,1,1,0,0,0
21550,431,50,3,1,1,0,-1,0
21551,432,1,1,1,0,0,0,1
21552,432,2,2,1,0,1,0,0
21553,432,3,2,1,0,1,0,0
21554,432,4,6,2,0,1,1,-1
21555,432,5,3,1,1,0,0,0
21556,432,6,3,1,1,0,0,0
21557,432,7,3,1,1,0,0,0
21558,432,8,3,1,1,0,-1,0
21559,432,9,1,1,0,0,0,0
21560,432,10,1,1,0,0,0,0
21561,432,11,5,2,0,0,1,0
21562,432,12,3,1,1,0,0,0
21563,432,13,7,2,1,0,0,1
21564,432,14,8,2,1,1,-1,0
21565,432,15,6,2,0,1,0,0
21566,432,16,2,1,0,1,0,-1
21567,432,17,5,2,0,0,1,1
21568,432,18,4,1,1,1,0,-1
21569,432,19,3,1,1,0,0,0
21570,432,20,7,2,1,0,0,0
21571,432,21,7,2,1,0,0,1
21572,432,22,8,2,1,1,0,0
21573,432,23,8,2,1,1,0,0
21574,432,24,8,2,1,1,0,-1
21575,432,25,3,1,1,0,0,1
21576,432,26,4,1,1,1,0,0
21577,432,27,4,1,1,1,0,0
21578,432,28,4,1,1,1,0,0
21579,432,29,8,2,1,1,0,-1
21580,432,30,7,2,1,0,0,1
21581,432,31,4,1,1,1,0,-1
21582,432,32,3,1,1,0,-1,0
21583,432,33,1,1,0,0,1,0
21584,432,34,3,1,1,0,-1,0
21585,432,35,1,1,0,0,0,0
21586,432,36,1,1,0,0,0,0
21587,432,37,1,1,0,0,1,0
21588,432,38,3,1,1,0,0,1
21589,432,39,4,1,1,1,-1,0
21590,432,40,6,2,0,1,1,0
21591,432,41,8,2,1,1,0,0
21592,432,42,4,1,1,1,0,-1
21593,432,43,3,1,1,0,0,0
21594,432,44,3,1,1,0,0,0
21595,432,45,3,1,1,0,0,0
21596,432,46,3,1,1,0,0,0
21597,432,47,7,2,1,0,0,0
21598,432,48,7,2,1,0,-1,0
21599,432,49,5,2,0,0,0,1
21600,432,50,6,2,0,1,0,-1
21601,433,1,5,2,0,0,0,0
21602,433,2,5,2,0,0,0,1
21603,433,3,6,2,0,1,0,0
21604,433,4,6,2,0,1,1,0
21605,433,5,4,1,1,1,0,0
21606,433,6,4,1,1,1,0,0
21607,433,7,4,1,1,1,-1,0
21608,433,8,6,2,0,1,1,0
21609,433,9,4,1,1,1,0,0
21610,433,10,4,1,1,1,0,0
21611,433,11,8,2,1,1,-1,0
21612,433,12,6,2,0,1,0,0
21613,433,13,6,2,0,1,0,0
21614,433,14,6,2,0,1,0,0
21615,433,15,6,2,0,1,1,0
21616,433,16,8,2,1,1,0,0
21617,433,17,4,1,1,1,0,-1
21618,433,18,3,1,1,0,0,0
21619,433,19,3,1,1,0,0,0
21620,433,20,3,1,1,0,-1,0
21621,433,21,5,2,0,0,0,0
21622,433,22,5,2,0,0,0,0
21623,433,23,5,2,0,0,0,1
21624,433,24,6,2,0,1,1,0
21625,433,25,8,2,1,1,0,0
21626,433,26,8,2,1,1,0,0
21627,433,27,8,2,1,1,0,-1
21628,433,28,7,2,1,0,0,0
21629,433,29,3,1,1,0,0,1
21630,433,30,4,1,1,1,0,0
21631,433,31,4,1,1,1,0,0
21632,433,32,8,2,1,1,0,0
21633,433,33,4,1,1,1,-1,0
21634,433,34,2,1,0,1,0,0
21635,433,35,6,2,0,1,0,-1
21636,433,36,1,1,0,0,0,0
21637,433,37,1,1,0,0,0,0
21638,433,38,1,1,0,0,0,0
21639,433,39,1,1,0,0,0,0
21640,433,40,1,1,0,0,0,0
21641,433,41,1,1,0,0,0,1
21642,433,42,6,2,0,1,0,-1
21643,433,43,5,2,0,0,0,0
21644,433,44,5,2,0,0,0,0
21645,433,45,5,2,0,0,0,0
21646,433,46,1,1,0,0,0,0
21647,433,47,1,1,0,0,1,0
21648,433,48,3,1,1,0,-1,0
21649,433,49,1,1,0,0,0,1
21650,433,50,6,2,0,1,0,-1
21651,434,1,2,1,0,1,1,0
21652,434,2,8,2,1,1,0,-1
21653,434,3,7,2,1,0,0,0
21654,434,4,7,2,1,0,0,0
21655,434,5,3,1,1,0,-1,0
21656,434,6,1,1,0,0,1,0
21657,434,7,7,2,1,0,0,0
21658,434,8,3,1,1,0,0,0
21659,434,9,3,1,1,0,0,0
21660,434,10,7,2,1,0,0,0
21661,434,11,3,1,1,0,0,0
21662,434,12,3,1,1,0,0,0
21663,434,13,3,1,1,0,0,0
21664,434,14,7,2,1,0,0,1
21665,434,15,8,2,1,1,0,0
21666,434,16,8,2,1,1,0,0
21667,434,17,8,2,1,1,-1,0
21668,434,18,6,2,0,1,0,-1
21669,434,19,1,1,0,0,0,0
21670,434,20,1,1,0,0,0,1
21671,434,21,2,1,0,1,0,-1
21672,434,22,1,1,0,0,1,0
21673,434,23,3,1,1,0,0,0
21674,434,24,3,1,1,0,-1,1
21675,434,25,6,2,0,1,0,-1
21676,434,26,1,1,0,0,0,1
21677,434,27,2,1,0,1,0,0
21678,434,28,2,1,0,1,1,0
21679,434,29,8,2,1,1,0,0
21680,434,30,8,2,1,1,0,-1
21681,434,31,7,2,1,0,-1,0
21682,434,32,5,2,0,0,0,0
21683,434,33,5,2,0,0,0,0
21684,434,34,5,2,0,0,0,0
21685,434,35,5,2,0,0,0,0
21686,434,36,5,2,0,0,0,0
21687,434,37,5,2,0,0,0,0
21688,434,38,5,2,0,0,0,0
21689,434,39,5,2,0,0,0,0
21690,434,40,1,1,0,0,0,1
21691,434,41,2,1,0,1,1,0
21692,434,42,4,1,1,1,0,-1
21693,434,43,7,2,1,0,-1,0
21694,434,44,5,2,0,0,1,1
21695,434,45,8,2,1,1,0,0
21696,434,46,8,2,1,1,-1,0
21697,434,47,6,2,0,1,0,0
21698,434,48,6,2,0,1,0,0
21699,434,49,6,2,0,1,0,0
21700,434,50,6,2,0,1,1,-1
21701,435,1,3,1,1,0,0,1
21702,435,2,4,1,1,1,0,-1
21703,435,3,7,2,1,0,-1,1
21704,435,4,6,2,0,1,0,-1
21705,435,5,1,1,0,0,0,0
21706,435,6,1,1,0,0,0,0
21707,435,7,1,1,0,0,1,0
21708,435,8,3,1,1,0,0,1
21709,435,9,4,1,1,1,0,0
21710,435,10,4,1,1,1,-1,0
21711,435,11,2,1,0,1,0,-1
21712,435,12,1,1,0,0,0,0
21713,435,13,5,2,0,0,1,0
21714,435,14,7,2,1,0,0,0
21715,435,15,7,2,1,0,0,0
21716,435,16,7,2,1,0,0,0
21717,435,17,3,1,1,0,0,0
21718,435,18,3,1,1,0,0,1
21719,435,19,8,2,1,1,0,0
21720,435,20,4,1,1,1,0,0
21721,435,21,4,1,1,1,0,0
21722,435,22,4,1,1,1,0,-1
21723,435,23,7,2,1,0,-1,0
21724,435,24,1,1,0,0,0,1
21725,435,25,2,1,0,1,0,0
21726,435,26,2,1,0,1,0,-1
21727,435,27,1,1,0,0,0,1
21728,435,28,2,1,0,1,1,0
21729,435,29,4,1,1,1,0,0
21730,435,30,4,1,1,1,-1,0
21731,435,31,2,1,0,1,0,0
21732,435,32,2,1,0,1,1,-1
21733,435,33,3,1,1,0,-1,0
21734,435,34,5,2,0,0,0,1
21735,435,35,2,1,0,1,0,0
21736,435,36,2,1,0,1,0,0
21737,435,37,6,2,0,1,1,0
21738,435,38,4,1,1,1,0,0
21739,435,39,4,1,1,1,0,0
21740,435,40,4,1,1,1,-1,0
21741,435,41,2,1,0,1,0,0
21742,435,42,6,2,0,1,0,0
21743,435,43,6,2,0,1,0,0
21744,435,44,6,2,0,1,0,0
21745,435,45,2,1,0,1,0,0
21746,435,46,2,1,0,1,1,0
21747,435,47,4,1,1,1,0,-1
21748,435,48,7,2,1,0,0,0
21749,435,49,3,1,1,0,0,0
21750,435,50,3,1,1,0,-1,0
21751,436,1,5,2,0,0,0,0
21752,436,2,1,1,0,0,0,0
21753,436,3,1,1,0,0,0,1
21754,436,4,6,2,0,1,0,0
21755,436,5,2,1,0,1,0,-1
21756,436,6,5,2,0,0,0,0
21757,436,7,5,2,0,0,0,0
21758,436,8,1,1,0,0,0,0
21759,436,9,5,2,0,0,0,0
21760,436,10,5,2,0,0,1,0
21761,436,11,3,1,1,0,0,1
21762,436,12,8,2,1,1,0,-1
21763,436,13,7,2,1,0,-1,0
21764,436,14,1,1,0,0,0,0
21765,436,15,1,1,0,0,1,0
21766,436,16,7,2,1,0,0,1
21767,436,17,8,2,1,1,0,-1
21768,436,18,7,2,1,0,0,0
21769,436,19,7,2,1,0,0,0
21770,436,20,7,2,1,0,-1,0
21771,436,21,5,2,0,0,1,0
21772,436,22,3,1,1,0,0,0
21773,436,23,7,2,1,0,-1,1
21774,436,24,6,2,0,1,0,0
21775,436,25,6,2,0,1,0,0
21776,436,26,6,2,0,1,0,0
21777,436,27,6,2,0,1,0,0
21778,436,28,6,2,0,1,0,-1
21779,436,29,5,2,0,0,1,0
21780,436,30,7,2,1,0,0,0
21781,436,31,7,2,1,0,0,0
21782,436,32,7,2,1,0,0,0
21783,436,33,3,1,1,0,0,0
21784,436,34,3,1,1,0,0,0
21785,436,35,3,1,1,0,0,0
21786,436,36,3,1,1,0,0,0
21787,436,37,3,1,1,0,0,0
21788,436,38,7,2,1,0,0,1
21789,436,39,4,1,1,1,0,0
21790,436,40,4,1,1,1,0,0
21791,436,41,8,2,1,1,0,0
21792,436,42,4,1,1,1,0,0
21793,436,43,4,1,1,1,0,0
21794,436,44,4,1,1,1,0,0
21795,436,45,4,1,1,1,0,0
21796,436,46,4,1,1,1,0,-1
21797,436,47,3,1,1,0,0,0
21798,436,48,3,1,1,0,0,0
21799,436,49,7,2,1,0,0,0
21800,436,50,3,1,1,0,0,1
21801,437,1,7,2,1,0,0,0
21802,437,2,7,2,1,0,0,0
21803,437,3,3,1,1,0,0,0
21804,437,4,3,1,1,0,0,0
21805,437,5,3,1,1,0,0,0
21806,437,6,3,1,1,0,0,0
21807,437,7,7,2,1,0,0,0
21808,437,8,7,2,1,0,0,0
21809,437,9,7,2,1,0,0,1
21810,437,10,8,2,1,1,0,0
21811,437,11,4,1,1,1,0,0
21812,437,12,4,1,1,1,0,0
21813,437,13,4,1,1,1,0,0
21814,437,14,8,2,1,1,0,-1
21815,437,15,7,2,1,0,0,0
21816,437,16,7,2,1,0,0,0
21817,437,17,7,2,1,0,0,0
21818,437,18,7,2,1,0,0,1
21819,437,19,4,1,1,1,-1,0
21820,437,20,2,1,0,1,0,0
21821,437,21,2,1,0,1,0,0
21822,437,22,2,1,0,1,1,0
21823,437,23,4,1,1,1,-1,0
21824,437,24,2,1,0,1,0,0
21825,437,25,6,2,0,1,0,0
21826,437,26,6,2,0,1,1,0
21827,437,27,8,2,1,1,0,0
21828,437,28,4,1,1,1,0,0
21829,437,29,4,1,1,1,0,0
21830,437,30,4,1,1,1,0,-1
21831,437,31,3,1,1,0,0,1
21832,437,32,4,1,1,1,0,0
21833,437,33,4,1,1,1,0,0
21834,437,34,4,1,1,1,0,0
21835,437,35,4,1,1,1,-1,0
21836,437,36,2,1,0,1,1,0
21837,437,37,8,2,1,1,0,0
21838,437,38,4,1,1,1,0,0
21839,437,39,4,1,1,1,0,0
21840,437,40,4,1,1,1,0,0
21841,437,41,4,1,1,1,0,0
21842,437,42,4,1,1,1,-1,0
21843,437,43,6,2,0,1,0,0
21844,437,44,6,2,0,1,0,0
21845,437,45,6,2,0,1,0,-1
21846,437,46,1,1,0,0,1,1
21847,437,47,8,2,1,1,0,0
21848,437,48,8,2,1,1,0,-1
21849,437,49,3,1,1,0,0,1
21850,437,50,4,1,1,1,0,0
21851,438,1,6,2,0,1,0,-1
21852,438,2,5,2,0,0,0,0
21853,438,3,5,2,0,0,0,1
21854,438,4,6,2,0,1,0,0
21855,438,5,6,2,0,1,1,0
21856,438,6,8,2,1,1,0,0
21857,438,7,8,2,1,1,0,0
21858,438,8,8,2,1,1,0,0
21859,438,9,4,1,1,1,-1,0
21860,438,10,2,1,0,1,0,0
21861,438,11,2,1,0,1,1,0
21862,438,12,8,2,1,1,0,0
21863,438,13,8,2,1,1,0,-1
21864,438,14,7,2,1,0,0,0
21865,438,15,3,1,1,0,0,0
21866,438,16,3,1,1,0,-1,0
21867,438,17,1,1,0,0,0,0
21868,438,18,1,1,0,0,0,0
21869,438,19,1,1,0,0,0,1
21870,438,20,2,1,0,1,1,-1
21871,438,21,7,2,1,0,0,1
21872,438,22,4,1,1,1,0,0
21873,438,23,8,2,1,1,0,0
21874,438,24,4,1,1,1,-1,0
21875,438,25,2,1,0,1,1,0
21876,438,26,4,1,1,1,-1,-1
21877,438,27,1,1,0,0,0,0
21878,438,28,1,1,0,0,0,0
21879,438,29,1,1,0,0,0,1
21880,438,30,6,2,0,1,0,0
21881,438,31,6,2,0,1,0,-1
21882,438,32,1,1,0,0,0,1
21883,438,33,6,2,0,1,1,0
21884,438,34,4,1,1,1,0,0
21885,438,35,4,1,1,1,0,-1
21886,438,36,3,1,1,0,-1,1
21887,438,37,2,1,0,1,1,0
21888,438,38,4,1,1,1,0,-1
21889,438,39,3,1,1,0,0,0
21890,438,40,3,1,1,0,0,1
21891,438,41,8,2,1,1,-1,0
21892,438,42,6,2,0,1,0,0
21893,438,43,2,1,0,1,0,0
21894,438,44,2,1,0,1,0,0
21895,438,45,2,1,0,1,0,0
21896,438,46,2,1,0,1,1,-1
21897,438,47,3,1,1,0,0,0
21898,438,48,3,1,1,0,0,0
21899,438,49,3,1,1,0,0,0
21900,438,50,7,2,1,0,0,0
21901,439,1,6,2,0,1,1,0
21902,439,2,8,2,1,1,0,0
21903,439,3,8,2,1,1,0,0
21904,439,4,4,1,1,1,0,0
21905,439,5,4,1,1,1,0,0
21906,439,6,4,1,1,1,0,0
21907,439,7,4,1,1,1,-1,0
21908,439,8,2,1,0,1,1,0
21909,439,9,4,1,1,1,0,0
21910,439,10,4,1,1,1,0,0
21911,439,11,8,2,1,1,0,0
21912,439,12,8,2,1,1,0,-1
21913,439,13,3,1,1,0,0,1
21914,439,14,4,1,1,1,-1,-1
21915,439,15,5,2,0,0,1,0
21916,439,16,7,2,1,0,0,0
21917,439,17,3,1,1,0,-1,0
21918,439,18,5,2,0,0,1,0
21919,439,19,7,2,1,0,0,1
21920,439,20,4,1,1,1,0,0
21921,439,21,4,1,1,1,0,0
21922,439,22,4,1,1,1,0,0
21923,439,23,4,1,1,1,0,0
21924,439,24,4,1,1,1,0,0
21925,439,25,8,2,1,1,0,0
21926,439,26,8,2,1,1,0,0
21927,439,27,8,2,1,1,0,0
21928,439,28,4,1,1,1,0,0
21929,439,29,4,1,1,1,0,0
21930,439,30,8,2,1,1,0,-1
21931,439,31,3,1,1,0,0,0
21932,439,32,7,2,1,0,-1,0
21933,439,33,1,1,0,0,0,0
21934,439,34,1,1,0,0,0,0
21935,439,35,1,1,0,0,0,1
21936,439,36,6,2,0,1,1,0
21937,439,37,8,2,1,1,0,-1
21938,439,38,3,1,1,0,0,1
21939,439,39,4,1,1,1,-1,0
21940,439,40,2,1,0,1,0,-1
21941,439,41,1,1,0,0,1,1
21942,439,42,4,1,1,1,0,0
21943,439,43,4,1,1,1,-1,0
21944,439,44,6,2,0,1,0,0
21945,439,45,2,1,0,1,0,0
21946,439,46,6,2,0,1,0,-1
21947,439,47,1,1,0,0,0,1
21948,439,48,6,2,0,1,0,0
21949,439,49,6,2,0,1,0,-1
21950,439,50,1,1,0,0,0,0
21951,440,1,8,2,1,1,0,0
21952,440,2,8,2,1,1,0,0
21953,440,3,4,1,1,1,0,-1
21954,440,4,3,1,1,0,0,0
21955,440,5,7,2,1,0,0,0
21956,440,6,7,2,1,0,0,0
21957,440,7,3,1,1,0,-1,0
21958,440,8,5,2,0,0,0,0
21959,440,9,5,2,0,0,0,0
21960,440,10,5,2,0,0,1,0
21961,440,11,7,2,1,0,0,0
21962,440,12,3,1,1,0,0,0
21963,440,13,3,1,1,0,0,1
21964,440,14,4,1,1,1,-1,0
21965,440,15,2,1,0,1,0,0
21966,440,16,6,2,0,1,0,0
21967,440,17,6,2,0,1,0,0
21968,440,18,6,2,0,1,0,0
21969,440,19,6,2,0,1,0,-1
21970,440,20,5,2,0,0,0,0
21971,440,21,5,2,0,0,0,0
21972,440,22,5,2,0,0,0,0
21973,440,23,1,1,0,0,1,1
21974,440,24,4,1,1,1,-1,0
21975,440,25,2,1,0,1,1,0
21976,440,26,4,1,1,1,-1,0
21977,440,27,2,1,0,1,1,0
21978,440,28,4,1,1,1,0,0
21979,440,29,4,1,1,1,0,0
21980,440,30,4,1,1,1,0,0
21981,440,31,8,2,1,1,0,0
21982,440,32,8,2,1,1,-1,-1
21983,440,33,5,2,0,0,0,1
21984,440,34,6,2,0,1,0,0
21985,440,35,6,2,0,1,1,0
21986,440,36,8,2,1,1,0,0
21987,440,37,8,2,1,1,0,0
21988,440,38,4,1,1,1,0,0
21989,440,39,4,1,1,1,0,0
21990,440,40,4,1,1,1,-1,0
21991,440,41,2,1,0,1,0,0
21992,440,42,2,1,0,1,1,0
21993,440,43,4,1,1,1,0,0
21994,440,44,4,1,1,1,0,0
21995,440,45,8,2,1,1,-1,0
21996,440,46,2,1,0,1,0,0
21997,440,47,2,1,0,1,0,0
21998,440,48,2,1,0,1,0,0
21999,440,49,2,1,0,1,0,0
22000,440,50,6,2,0,1,0,0
22001,441,1,1,1,0,0,0,1
22002,441,2,2,1,0,1,0,0
22003,441,3,2,1,0,1,1,0
22004,441,4,4,1,1,1,0,0
22005,441,5,4,1,1,1,0,-1
22006,441,6,3,1,1,0,0,0
22007,441,7,3,1,1,0,-1,1
22008,441,8,2,1,0,1,1,0
22009,441,9,8,2,1,1,0,0
22010,441,10,4,1,1,1,0,0
22011,441,11,4,1,1,1,-1,-1
22012,441,12,1,1,0,0,0,1
22013,441,13,2,1,0,1,1,0
22014,441,14,4,1,1,1,0,-1
22015,441,15,3,1,1,0,0,0
22016,441,16,7,2,1,0,-1,1
22017,441,17,6,2,0,1,0,0
22018,441,18,2,1,0,1,0,-1
22019,441,19,1,1,0,0,0,0
22020,441,20,5,2,0,0,0,0
22021,441,21,5,2,0,0,0,0
22022,441,22,5,2,0,0,1,0
22023,441,23,7,2,1,0,0,0
22024,441,24,7,2,1,0,0,0
22025,441,25,3,1,1,0,0,0
22026,441,26,3,1,1,0,0,0
22027,441,27,7,2,1,0,-1,1
22028,441,28,6,2,0,1,1,0
22029,441,29,8,2,1,1,0,0
22030,441,30,4,1,1,1,0,0
22031,441,31,4,1,1,1,0,0
22032,441,32,8,2,1,1,0,0
22033,441,33,8,2,1,1,0,0
22034,441,34,8,2,1,1,0,0
22035,441,35,4,1,1,1,0,0
22036,441,36,8,2,1,1,-1,-1
22037,441,37,5,2,0,0,1,1
22038,441,38,8,2,1,1,0,-1
22039,441,39,7,2,1,0,-1,0
22040,441,40,1,1,0,0,0,0
22041,441,41,1,1,0,0,0,0
22042,441,42,1,1,0,0,0,0
22043,441,43,1,1,0,0,0,0
22044,441,44,1,1,0,0,0,0
22045,441,45,1,1,0,0,0,1
22046,441,46,2,1,0,1,1,0
22047,441,47,4,1,1,1,-1,0
22048,441,48,6,2,0,1,0,-1
22049,441,49,5,2,0,0,0,0
22050,441,50,5,2,0,0,0,0
22051,442,1,2,1,0,1,1,0
22052,442,2,4,1,1,1,-1,-1
22053,442,3,1,1,0,0,1,0
22054,442,4,7,2,1,0,0,0
22055,442,5,7,2,1,0,-1,0
22056,442,6,5,2,0,0,1,0
22057,442,7,3,1,1,0,0,0
22058,442,8,7,2,1,0,0,0
22059,442,9,3,1,1,0,0,1
22060,442,10,4,1,1,1,0,0
22061,442,11,4,1,1,1,0,0
22062,442,12,4,1,1,1,-1,0
22063,442,13,2,1,0,1,0,-1
22064,442,14,1,1,0,0,0,0
22065,442,15,1,1,0,0,1,0
22066,442,16,3,1,1,0,0,1
22067,442,17,8,2,1,1,0,0
22068,442,18,8,2,1,1,0,0
22069,442,19,4,1,1,1,0,0
22070,442,20,8,2,1,1,0,-1
22071,442,21,7,2,1,0,0,0
22072,442,22,3,1,1,0,0,1
22073,442,23,4,1,1,1,0,-1
22074,442,24,3,1,1,0,0,0
22075,442,25,7,2,1,0,-1,0
22076,442,26,5,2,0,0,1,0
22077,442,27,3,1,1,0,-1,0
22078,442,28,1,1,0,0,0,0
22079,442,29,5,2,0,0,0,0
22080,442,30,5,2,0,0,1,0
22081,442,31,3,1,1,0,0,0
22082,442,32,3,1,1,0,-1,0
22083,442,33,1,1,0,0,0,0
22084,442,34,5,2,0,0,1,0
22085,442,35,3,1,1,0,0,0
22086,442,36,3,1,1,0,0,0
22087,442,37,3,1,1,0,-1,0
22088,442,38,1,1,0,0,1,1
22089,442,39,4,1,1,1,0,0
22090,442,40,4,1,1,1,0,0
22091,442,41,8,2,1,1,-1,0
22092,442,42,6,2,0,1,0,0
22093,442,43,2,1,0,1,0,0
22094,442,44,2,1,0,1,0,0
22095,442,45,2,1,0,1,0,-1
22096,442,46,5,2,0,0,0,1
22097,442,47,6,2,0,1,0,0
22098,442,48,2,1,0,1,0,-1
22099,442,49,1,1,0,0,1,0
22100,442,50,3,1,1,0,0,0
22101,443,1,8,2,1,1,-1,0
22102,443,2,6,2,0,1,0,0
22103,443,3,2,1,0,1,1,0
22104,443,4,8,2,1,1,0,-1
22105,443,5,7,2,1,0,0,0
22106,443,6,7,2,1,0,0,0
22107,443,7,3,1,1,0,0,0
22108,443,8,3,1,1,0,0,0
22109,443,9,3,1,1,0,0,1
22110,443,10,4,1,1,1,0,0
22111,443,11,4,1,1,1,0,0
22112,443,12,4,1,1,1,0,-1
22113,443,13,7,2,1,0,0,1
22114,443,14,8,2,1,1,0,0
22115,443,15,8,2,1,1,0,-1
22116,443,16,7,2,1,0,0,0
22117,443,17,7,2,1,0,0,0
22118,443,18,3,1,1,0,0,0
22119,443,19,3,1,1,0,0,1
22120,443,20,4,1,1,1,0,0
22121,443,21,4,1,1,1,0,0
22122,443,22,4,1,1,1,-1,0
22123,443,23,6,2,0,1,0,0
22124,443,24,2,1,0,1,0,0
22125,443,25,6,2,0,1,0,0
22126,443,26,6,2,0,1,0,0
22127,443,27,2,1,0,1,1,0
22128,443,28,4,1,1,1,0,0
22129,443,29,4,1,1,1,0,-1
22130,443,30,7,2,1,0,0,0
22131,443,31,3,1,1,0,0,0
22132,443,32,3,1,1,0,0,0
22133,443,33,3,1,1,0,0,1
22134,443,34,4,1,1,1,0,-1
22135,443,35,7,2,1,0,0,1
22136,443,36,4,1,1,1,0,0
22137,443,37,4,1,1,1,0,0
22138,443,38,4,1,1,1,0,-1
22139,443,39,7,2,1,0,0,0
22140,443,40,3,1,1,0,0,0
22141,443,41,3,1,1,0,0,0
22142,443,42,3,1,1,0,0,0
22143,443,43,7,2,1,0,0,1
22144,443,44,8,2,1,1,0,-1
22145,443,45,3,1,1,0,0,0
22146,443,46,3,1,1,0,0,1
22147,443,47,8,2,1,1,-1,-1
22148,443,48,1,1,0,0,1,0
22149,443,49,3,1,1,0,-1,0
22150,443,50,1,1,0,0,0,0
22151,444,1,4,1,1,1,0,0
22152,444,2,4,1,1,1,0,0
22153,444,3,4,1,1,1,0,-1
22154,444,4,7,2,1,0,0,1
22155,444,5,8,2,1,1,0,0
22156,444,6,8,2,1,1,0,0
22157,444,7,8,2,1,1,-1,0
22158,444,8,2,1,0,1,1,0
22159,444,9,4,1,1,1,0,-1
22160,444,10,3,1,1,0,0,0
22161,444,11,7,2,1,0,0,0
22162,444,12,3,1,1,0,0,1
22163,444,13,4,1,1,1,0,0
22164,444,14,8,2,1,1,0,-1
22165,444,15,7,2,1,0,0,0
22166,444,16,3,1,1,0,0,0
22167,444,17,7,2,1,0,0,0
22168,444,18,3,1,1,0,0,1
22169,444,19,4,1,1,1,-1,0
22170,444,20,2,1,0,1,0,0
22171,444,21,2,1,0,1,0,-1
22172,444,22,1,1,0,0,0,0
22173,444,23,1,1,0,0,0,0
22174,444,24,1,1,0,0,1,1
22175,444,25,4,1,1,1,0,0
22176,444,26,4,1,1,1,0,-1
22177,444,27,7,2,1,0,0,1
22178,444,28,8,2,1,1,0,0
22179,444,29,4,1,1,1,0,0
22180,444,30,4,1,1,1,-1,0
22181,444,31,2,1,0,1,0,0
22182,444,32,2,1,0,1,1,0
22183,444,33,4,1,1,1,0,0
22184,444,34,4,1,1,1,0,0
22185,444,35,4,1,1,1,0,0
22186,444,36,4,1,1,1,0,-1
22187,444,37,3,1,1,0,0,1
22188,444,38,8,2,1,1,0,0
22189,444,39,8,2,1,1,-1,0
22190,444,40,6,2,0,1,1,-1
22191,444,41,7,2,1,0,0,0
22192,444,42,3,1,1,0,0,0
22193,444,43,7,2,1,0,0,0
22194,444,44,7,2,1,0,0,1
22195,444,45,8,2,1,1,0,0
22196,444,46,8,2,1,1,0,0
22197,444,47,8,2,1,1,0,0
22198,444,48,8,2,1,1,-1,-1
22199,444,49,5,2,0,0,1,0
22200,444,50,7,2,1,0,-1,1
22201,445,1,3,1,1,0,0,0
22202,445,2,3,1,1,0,0,0
22203,445,3,3,1,1,0,-1,0
22204,445,4,5,2,0,0,1,0
22205,445,5,3,1,1,0,0,0
22206,445,6,7,2,1,0,0,1
22207,445,7,8,2,1,1,0,0
22208,445,8,8,2,1,1,0,0
22209,445,9,4,1,1,1,0,-1
22210,445,10,3,1,1,0,0,0
22211,445,11,3,1,1,0,0,0
22212,445,12,7,2,1,0,-1,0
22213,445,13,5,2,0,0,0,0
22214,445,14,1,1,0,0,1,0
22215,445,15,3,1,1,0,0,0
22216,445,16,3,1,1,0,0,0
22217,445,17,7,2,1,0,0,0
22218,445,18,3,1,1,0,-1,0
22219,445,19,1,1,0,0,0,1
22220,445,20,2,1,0,1,0,0
22221,445,21,2,1,0,1,1,-1
22222,445,22,7,2,1,0,-1,0
22223,445,23,5,2,0,0,1,0
22224,445,24,7,2,1,0,0,0
22225,445,25,3,1,1,0,0,1
22226,445,26,4,1,1,1,0,0
22227,445,27,4,1,1,1,0,-1
22228,445,28,3,1,1,0,0,1
22229,445,29,4,1,1,1,0,0
22230,445,30,4,1,1,1,-1,0
22231,445,31,6,2,0,1,0,0
22232,445,32,2,1,0,1,0,0
22233,445,33,2,1,0,1,1,0
22234,445,34,4,1,1,1,0,0
22235,445,35,4,1,1,1,0,0
22236,445,36,8,2,1,1,-1,0
22237,445,37,6,2,0,1,1,0
22238,445,38,8,2,1,1,-1,0
22239,445,39,6,2,0,1,0,0
22240,445,40,2,1,0,1,1,0
22241,445,41,4,1,1,1,-1,0
22242,445,42,2,1,0,1,1,0
22243,445,43,8,2,1,1,0,0
22244,445,44,4,1,1,1,0,0
22245,445,45,4,1,1,1,-1,0
22246,445,46,6,2,0,1,0,0
22247,445,47,6,2,0,1,0,0
22248,445,48,2,1,0,1,0,0
22249,445,49,2,1,0,1,1,0
22250,445,50,4,1,1,1,0,-1
22251,446,1,3,1,1,0,0,0
22252,446,2,3,1,1,0,0,0
22253,446,3,3,1,1,0,0,0
22254,446,4,3,1,1,0,0,0
22255,446,5,3,1,1,0,0,0
22256,446,6,3,1,1,0,0,1
22257,446,7,8,2,1,1,0,-1
22258,446,8,3,1,1,0,0,0
22259,446,9,3,1,1,0,0,0
22260,446,10,3,1,1,0,-1,0
22261,446,11,1,1,0,0,0,0
22262,446,12,1,1,0,0,0,0
22263,446,13,5,2,0,0,0,0
22264,446,14,5,2,0,0,0,0
22265,446,15,1,1,0,0,1,1
22266,446,16,4,1,1,1,0,0
22267,446,17,4,1,1,1,0,-1
22268,446,18,3,1,1,0,0,0
22269,446,19,3,1,1,0,0,1
22270,446,20,4,1,1,1,0,0
22271,446,21,4,1,1,1,-1,0
22272,446,22,2,1,0,1,1,-1
22273,446,23,3,1,1,0,0,0
22274,446,24,7,2,1,0,0,1
22275,446,25,4,1,1,1,0,0
22276,446,26,4,1,1,1,-1,0
22277,446,27,6,2,0,1,0,0
22278,446,28,6,2,0,1,0,0
22279,446,29,6,2,0,1,0,0
22280,446,30,6,2,0,1,0,0
22281,446,31,6,2,0,1,0,-1
22282,446,32,1,1,0,0,0,0
22283,446,33,1,1,0,0,1,0
22284,446,34,3,1,1,0,-1,0
22285,446,35,1,1,0,0,0,0
22286,446,36,1,1,0,0,0,0
22287,446,37,5,2,0,0,0,0
22288,446,38,1,1,0,0,0,0
22289,446,39,5,2,0,0,0,0
22290,446,40,1,1,0,0,0,0
22291,446,41,1,1,0,0,1,0
22292,446,42,7,2,1,0,0,0
22293,446,43,3,1,1,0,-1,0
22294,446,44,1,1,0,0,0,0
22295,446,45,1,1,0,0,0,0
22296,446,46,1,1,0,0,1,0
22297,446,47,3,1,1,0,0,1
22298,446,48,8,2,1,1,0,0
22299,446,49,4,1,1,1,0,0
22300,446,50,4,1,1,1,0,0
22301,447,1,1,1,0,0,1,0
22302,447,2,3,1,1,0,0,1
22303,447,3,4,1,1,1,-1,0
22304,447,4,2,1,0,1,0,0
22305,447,5,6,2,0,1,1,0
22306,447,6,8,2,1,1,0,0
22307,447,7,8,2,1,1,-1,-1
22308,447,8,1,1,0,0,0,0
22309,447,9,1,1,0,0,0,0
22310,447,10,1,1,0,0,0,0
22311,447,11,1,1,0,0,0,1
22312,447,12,6,2,0,1,0,0
22313,447,13,2,1,0,1,0,0
22314,447,14,2,1,0,1,0,0
22315,447,15,6,2,0,1,0,-1
22316,447,16,5,2,0,0,0,0
22317,447,17,1,1,0,0,0,0
22318,447,18,1,1,0,0,0,0
22319,447,19,1,1,0,0,0,1
22320,447,20,2,1,0,1,0,0
22321,447,21,2,1,0,1,0,0
22322,447,22,2,1,0,1,0,0
22323,447,23,2,1,0,1,0,0
22324,447,24,2,1,0,1,0,-1
22325,447,25,1,1,0,0,0,0
22326,447,26,5,2,0,0,0,0
22327,447,27,1,1,0,0,1,0
22328,447,28,3,1,1,0,0,1
22329,447,29,4,1,1,1,-1,0
22330,447,30,2,1,0,1,0,0
22331,447,31,2,1,0,1,0,-1
22332,447,32,5,2,0,0,1,1
22333,447,33,8,2,1,1,0,-1
22334,447,34,7,2,1,0,0,0
22335,447,35,7,2,1,0,-1,0
22336,447,36,1,1,0,0,0,1
22337,447,37,2,1,0,1,0,0
22338,447,38,2,1,0,1,0,0
22339,447,39,2,1,0,1,1,0
22340,447,40,8,2,1,1,-1,0
22341,447,41,6,2,0,1,1,0
22342,447,42,8,2,1,1,0,0
22343,447,43,8,2,1,1,0,-1
22344,447,44,7,2,1,0,0,0
22345,447,45,7,2,1,0,0,1
22346,447,46,4,1,1,1,-1,0
22347,447,47,2,1,0,1,1,0
22348,447,48,8,2,1,1,0,0
22349,447,49,4,1,1,1,0,0
22350,447,50,4,1,1,1,0,0
22351,448,1,3,1,1,0,0,0
22352,448,2,7,2,1,0,-1,0
22353,448,3,5,2,0,0,0,1
22354,448,4,2,1,0,1,0,0
22355,448,5,2,1,0,1,1,0
22356,448,6,8,2,1,1,0,0
22357,448,7,8,2,1,1,0,-1
22358,448,8,3,1,1,0,0,0
22359,448,9,7,2,1,0,0,0
22360,448,10,7,2,1,0,0,0
22361,448,11,3,1,1,0,0,0
22362,448,12,7,2,1,0,-1,0
22363,448,13,5,2,0,0,0,1
22364,448,14,2,1,0,1,1,-1
22365,448,15,7,2,1,0,0,1
22366,448,16,8,2,1,1,0,0
22367,448,17,8,2,1,1,0,0
22368,448,18,4,1,1,1,0,0
22369,448,19,8,2,1,1,0,0
22370,448,20,8,2,1,1,-1,-1
22371,448,21,1,1,0,0,0,1
22372,448,22,6,2,0,1,0,0
22373,448,23,2,1,0,1,1,-1
22374,448,24,3,1,1,0,-1,0
22375,448,25,1,1,0,0,0,0
22376,448,26,1,1,0,0,0,0
22377,448,27,1,1,0,0,0,0
22378,448,28,1,1,0,0,0,0
22379,448,29,5,2,0,0,0,0
22380,448,30,5,2,0,0,0,1
22381,448,31,6,2,0,1,1,0
22382,448,32,8,2,1,1,-1,0
22383,448,33,2,1,0,1,0,-1
22384,448,34,5,2,0,0,1,0
22385,448,35,7,2,1,0,-1,0
22386,448,36,5,2,0,0,0,0
22387,448,37,5,2,0,0,0,0
22388,448,38,1,1,0,0,1,1
22389,448,39,4,1,1,1,-1,0
22390,448,40,2,1,0,1,0,0
22391,448,41,2,1,0,1,1,-1
22392,448,42,3,1,1,0,0,0
22393,448,43,7,2,1,0,-1,0
22394,448,44,5,2,0,0,0,1
22395,448,45,6,2,0,1,1,-1
22396,448,46,7,2,1,0,0,0
22397,448,47,7,2,1,0,0,0
22398,448,48,7,2,1,0,-1,0
22399,448,49,5,2,0,0,0,0
22400,448,50,5,2,0,0,0,0
22401,449,1,5,2,0,0,0,1
22402,449,2,6,2,0,1,0,-1
22403,449,3,1,1,0,0,0,0
22404,449,4,1,1,0,0,1,0
22405,449,5,3,1,1,0,0,1
22406,449,6,4,1,1,1,0,0
22407,449,7,8,2,1,1,0,-1
22408,449,8,7,2,1,0,0,0
22409,449,9,3,1,1,0,0,0
22410,449,10,3,1,1,0,0,0
22411,449,11,7,2,1,0,0,0
22412,449,12,7,2,1,0,0,0
22413,449,13,7,2,1,0,0,1
22414,449,14,4,1,1,1,0,0
22415,449,15,4,1,1,1,0,0
22416,449,16,4,1,1,1,-1,0
22417,449,17,2,1,0,1,0,0
22418,449,18,6,2,0,1,1,-1
22419,449,19,7,2,1,0,0,1
22420,449,20,4,1,1,1,0,0
22421,449,21,8,2,1,1,-1,0
22422,449,22,6,2,0,1,0,-1
22423,449,23,5,2,0,0,0,0
22424,449,24,1,1,0,0,0,0
22425,449,25,5,2,0,0,0,0
22426,449,26,1,1,0,0,1,0
22427,449,27,3,1,1,0,0,0
22428,449,28,3,1,1,0,0,1
22429,449,29,8,2,1,1,0,0
22430,449,30,8,2,1,1,0,-1
22431,449,31,3,1,1,0,0,1
22432,449,32,4,1,1,1,0,0
22433,449,33,4,1,1,1,0,-1
22434,449,34,7,2,1,0,-1,0
22435,449,35,5,2,0,0,0,1
22436,449,36,2,1,0,1,0,0
22437,449,37,2,1,0,1,1,0
22438,449,38,4,1,1,1,0,0
22439,449,39,4,1,1,1,0,0
22440,449,40,4,1,1,1,0,-1
22441,449,41,3,1,1,0,0,1
22442,449,42,8,2,1,1,0,0
22443,449,43,8,2,1,1,0,0
22444,449,44,8,2,1,1,0,0
22445,449,45,4,1,1,1,0,0
22446,449,46,4,1,1,1,-1,0
22447,449,47,6,2,0,1,0,0
22448,449,48,2,1,0,1,1,0
22449,449,49,4,1,1,1,0,0
22450,449,50,4,1,1,1,0,0
22451,450,1,3,1,1,0,0,0
22452,450,2,3,1,1,0,0,0
22453,450,3,3,1,1,0,0,1
22454,450,4,4,1,1,1,0,0
22455,450,5,4,1,1,1,-1,0
22456,450,6,2,1,0,1,0,0
22457,450,7,6,2,0,1,0,0
22458,450,8,6,2,0,1,1,-1
22459,450,9,7,2,1,0,0,1
22460,450,10,8,2,1,1,-1,0
22461,450,11,6,2,0,1,0,0
22462,450,12,2,1,0,1,0,0
22463,450,13,6,2,0,1,0,0
22464,450,14,2,1,0,1,1,0
22465,450,15,8,2,1,1,0,0
22466,450,16,8,2,1,1,0,0
22467,450,17,4,1,1,1,0,-1
22468,450,18,3,1,1,0,0,1
22469,450,19,4,1,1,1,-1,0
22470,450,20,6,2,0,1,0,0
22471,450,21,2,1,0,1,0,0
22472,450,22,6,2,0,1,0,0
22473,450,23,6,2,0,1,0,0
22474,450,24,2,1,0,1,1,0
22475,450,25,4,1,1,1,0,-1
22476,450,26,3,1,1,0,0,0
22477,450,27,3,1,1,0,0,1
22478,450,28,8,2,1,1,0,0
22479,450,29,4,1,1,1,0,0
22480,450,30,4,1,1,1,-1,0
22481,450,31,2,1,0,1,0,0
22482,450,32,2,1,0,1,0,0
22483,450,33,2,1,0,1,0,-1
22484,450,34,1,1,0,0,0,1
22485,450,35,6,2,0,1,0,0
22486,450,36,6,2,0,1,1,0
22487,450,37,8,2,1,1,0,-1
22488,450,38,7,2,1,0,0,0
22489,450,39,3,1,1,0,0,1
22490,450,40,4,1,1,1,0,-1
22491,450,41,3,1,1,0,0,0
22492,450,42,7,2,1,0,0,1
22493,450,43,4,1,1,1,0,0
22494,450,44,4,1,1,1,0,0
22495,450,45,4,1,1,1,0,0
22496,450,46,8,2,1,1,-1,0
22497,450,47,2,1,0,1,0,0
22498,450,48,2,1,0,1,0,0
22499,450,49,2,1,0,1,1,0
22500,450,50,8,2,1,1,-1,0
22501,451,1,8,2,1,1,0,0
22502,451,2,8,2,1,1,0,0
22503,451,3,8,2,1,1,0,-1
22504,451,4,7,2,1,0,0,0
22505,451,5,3,1,1,0,0,0
22506,451,6,3,1,1,0,0,0
22507,451,7,3,1,1,0,0,0
22508,451,8,7,2,1,0,0,1
22509,451,9,8,2,1,1,-1,0
22510,451,10,2,1,0,1,0,0
22511,451,11,6,2,0,1,0,0
22512,451,12,2,1,0,1,0,0
22513,451,13,2,1,0,1,0,-1
22514,451,14,5,2,0,0,0,0
22515,451,15,5,2,0,0,0,0
22516,451,16,5,2,0,0,1,0
22517,451,17,3,1,1,0,0,0
22518,451,18,7,2,1,0,0,1
22519,451,19,4,1,1,1,0,0
22520,451,20,4,1,1,1,0,-1
22521,451,21,3,1,1,0,0,0
22522,451,22,3,1,1,0,0,0
22523,451,23,3,1,1,0,0,0
22524,451,24,3,1,1,0,0,0
22525,451,25,7,2,1,0,0,0
22526,451,26,3,1,1,0,-1,1
22527,451,27,2,1,0,1,1,0
22528,451,28,4,1,1,1,-1,0
22529,451,29,2,1,0,1,0,0
22530,451,30,2,1,0,1,1,0
22531,451,31,4,1,1,1,0,0
22532,451,32,8,2,1,1,0,0
22533,451,33,8,2,1,1,-1,0
22534,451,34,6,2,0,1,1,0
22535,451,35,4,1,1,1,0,0
22536,451,36,4,1,1,1,0,-1
22537,451,37,3,1,1,0,0,0
22538,451,38,7,2,1,0,0,0
22539,451,39,3,1,1,0,0,0
22540,451,40,3,1,1,0,0,1
22541,451,41,4,1,1,1,0,0
22542,451,42,4,1,1,1,0,0
22543,451,43,4,1,1,1,-1,0
22544,451,44,2,1,0,1,1,0
22545,451,45,4,1,1,1,0,0
22546,451,46,4,1,1,1,-1,0
22547,451,47,2,1,0,1,1,-1
22548,451,48,3,1,1,0,0,0
22549,451,49,3,1,1,0,0,0
22550,451,50,3,1,1,0,0,0
22551,452,1,7,2,1,0,0,0
22552,452,2,3,1,1,0,0,1
22553,452,3,4,1,1,1,0,-1
22554,452,4,3,1,1,0,0,1
22555,452,5,4,1,1,1,0,0
22556,452,6,4,1,1,1,0,0
22557,452,7,4,1,1,1,0,-1
22558,452,8,3,1,1,0,0,0
22559,452,9,3,1,1,0,0,0
22560,452,10,7,2,1,0,0,0
22561,452,11,7,2,1,0,0,0
22562,452,12,7,2,1,0,0,0
22563,452,13,7,2,1,0,0,1
22564,452,14,8,2,1,1,-1,-1
22565,452,15,1,1,0,0,1,1
22566,452,16,4,1,1,1,0,0
22567,452,17,4,1,1,1,0,-1
22568,452,18,3,1,1,0,0,1
22569,452,19,4,1,1,1,0,-1
22570,452,20,3,1,1,0,0,0
22571,452,21,3,1,1,0,0,0
22572,452,22,3,1,1,0,0,0
22573,452,23,7,2,1,0,0,1
22574,452,24,8,2,1,1,0,0
22575,452,25,8,2,1,1,0,-1
22576,452,26,3,1,1,0,0,0
22577,452,27,7,2,1,0,-1,1
22578,452,28,6,2,0,1,0,0
22579,452,29,6,2,0,1,1,0
22580,452,30,8,2,1,1,0,0
22581,452,31,8,2,1,1,-1,0
22582,452,32,6,2,0,1,0,0
22583,452,33,2,1,0,1,1,0
22584,452,34,4,1,1,1,0,0
22585,452,35,8,2,1,1,0,0
22586,452,36,4,1,1,1,0,0
22587,452,37,4,1,1,1,-1,-1
22588,452,38,1,1,0,0,0,1
22589,452,39,2,1,0,1,0,-1
22590,452,40,1,1,0,0,0,0
22591,452,41,1,1,0,0,0,0
22592,452,42,1,1,0,0,1,0
22593,452,43,3,1,1,0,0,0
22594,452,44,7,2,1,0,0,0
22595,452,45,7,2,1,0,-1,0
22596,452,46,1,1,0,0,0,0
22597,452,47,1,1,0,0,0,1
22598,452,48,2,1,0,1,1,0
22599,452,49,4,1,1,1,-1,0
22600,452,50,2,1,0,1,1,0
22601,453,1,2,1,0,1,1,0
22602,453,2,8,2,1,1,0,-1
22603,453,3,3,1,1,0,-1,0
22604,453,4,1,1,0,0,0,1
22605,453,5,2,1,0,1,0,0
22606,453,6,6,2,0,1,1,-1
22607,453,7,3,1,1,0,-1,1
22608,453,8,6,2,0,1,0,0
22609,453,9,2,1,0,1,1,0
22610,453,10,4,1,1,1,0,0
22611,453,11,4,1,1,1,0,0
22612,453,12,8,2,1,1,-1,0
22613,453,13,2,1,0,1,0,0
22614,453,14,2,1,0,1,1,-1
22615,453,15,3,1,1,0,-1,0
22616,453,16,1,1,0,0,0,0
22617,453,17,5,2,0,0,0,0
22618,453,18,5,2,0,0,0,1
22619,453,19,2,1,0,1,1,-1
22620,453,20,3,1,1,0,0,1
22621,453,21,4,1,1,1,-1,-1
22622,453,22,1,1,0,0,0,0
22623,453,23,1,1,0,0,1,0
22624,453,24,3,1,1,0,0,0
22625,453,25,3,1,1,0,0,0
22626,453,26,3,1,1,0,0,0
22627,453,27,3,1,1,0,0,0
22628,453,28,3,1,1,0,0,0
22629,453,29,3,1,1,0,0,0
22630,453,30,7,2,1,0,0,0
22631,453,31,7,2,1,0,0,1
22632,453,32,8,2,1,1,-1,0
22633,453,33,2,1,0,1,0,-1
22634,453,34,1,1,0,0,1,0
22635,453,35,3,1,1,0,0,1
22636,453,36,4,1,1,1,0,0
22637,453,37,8,2,1,1,0,0
22638,453,38,8,2,1,1,0,0
22639,453,39,8,2,1,1,-1,0
22640,453,40,6,2,0,1,0,0
22641,453,41,6,2,0,1,1,0
22642,453,42,4,1,1,1,-1,-1
22643,453,43,5,2,0,0,0,1
22644,453,44,2,1,0,1,0,0
22645,453,45,2,1,0,1,0,0
22646,453,46,6,2,0,1,1,-1
22647,453,47,3,1,1,0,0,0
22648,453,48,3,1,1,0,0,0
22649,453,49,3,1,1,0,-1,0
22650,453,50,5,2,0,0,1,0
22651,454,1,3,1,1,0,0,0
22652,454,2,3,1,1,0,0,0
22653,454,3,7,2,1,0,0,1
22654,454,4,8,2,1,1,0,0
22655,454,5,8,2,1,1,0,0
22656,454,6,4,1,1,1,0,-1
22657,454,7,3,1,1,0,0,0
22658,454,8,3,1,1,0,0,0
22659,454,9,3,1,1,0,0,1
22660,454,10,4,1,1,1,0,-1
22661,454,11,3,1,1,0,0,0
22662,454,12,3,1,1,0,-1,0
22663,454,13,5,2,0,0,0,1
22664,454,14,2,1,0,1,0,0
22665,454,15,2,1,0,1,0,0
22666,454,16,2,1,0,1,0,-1
22667,454,17,1,1,0,0,0,1
22668,454,18,6,2,0,1,1,0
22669,454,19,4,1,1,1,0,0
22670,454,20,4,1,1,1,0,0
22671,454,21,4,1,1,1,0,0
22672,454,22,4,1,1,1,0,0
22673,454,23,4,1,1,1,0,0
22674,454,24,4,1,1,1,0,0
22675,454,25,4,1,1,1,0,0
22676,454,26,4,1,1,1,0,0
22677,454,27,4,1,1,1,-1,0
22678,454,28,2,1,0,1,0,0
22679,454,29,6,2,0,1,0,-1
22680,454,30,5,2,0,0,0,0
22681,454,31,1,1,0,0,0,0
22682,454,32,1,1,0,0,0,0
22683,454,33,1,1,0,0,0,0
22684,454,34,5,2,0,0,0,0
22685,454,35,5,2,0,0,0,0
22686,454,36,5,2,0,0,1,0
22687,454,37,3,1,1,0,0,0
22688,454,38,3,1,1,0,-1,1
22689,454,39,2,1,0,1,0,-1
22690,454,40,1,1,0,0,0,0
22691,454,41,1,1,0,0,0,1
22692,454,42,6,2,0,1,0,-1
22693,454,43,1,1,0,0,1,0
22694,454,44,3,1,1,0,-1,0
22695,454,45,1,1,0,0,0,0
22696,454,46,1,1,0,0,0,1
22697,454,47,6,2,0,1,0,0
22698,454,48,6,2,0,1,0,0
22699,454,49,6,2,0,1,0,-1
22700,454,50,1,1,0,0,0,1
22701,455,1,3,1,1,0,0,1
22702,455,2,4,1,1,1,0,-1
22703,455,3,3,1,1,0,0,1
22704,455,4,8,2,1,1,0,0
22705,455,5,8,2,1,1,-1,0
22706,455,6,6,2,0,1,0,0
22707,455,7,6,2,0,1,0,0
22708,455,8,6,2,0,1,0,0
22709,455,9,6,2,0,1,0,-1
22710,455,10,5,2,0,0,0,0
22711,455,11,1,1,0,0,1,0
22712,455,12,3,1,1,0,0,0
22713,455,13,3,1,1,0,-1,1
22714,455,14,2,1,0,1,0,0
22715,455,15,6,2,0,1,0,-1
22716,455,16,1,1,0,0,0,0
22717,455,17,1,1,0,0,0,1
22718,455,18,2,1,0,1,1,0
22719,455,19,8,2,1,1,0,0
22720,455,20,4,1,1,1,0,0
22721,455,21,8,2,1,1,0,0
22722,455,22,4,1,1,1,0,-1
22723,455,23,3,1,1,0,0,0
22724,455,24,3,1,1,0,0,0
22725,455,25,3,1,1,0,-1,0
22726,455,26,1,1,0,0,1,1
22727,455,27,4,1,1,1,0,0
22728,455,28,4,1,1,1,0,0
22729,455,29,8,2,1,1,0,0
22730,455,30,8,2,1,1,0,0
22731,455,31,4,1,1,1,0,0
22732,455,32,4,1,1,1,0,0
22733,455,33,4,1,1,1,0,0
22734,455,34,4,1,1,1,-1,-1
22735,455,35,5,2,0,0,1,1
22736,455,36,8,2,1,1,0,-1
22737,455,37,3,1,1,0,0,0
22738,455,38,3,1,1,0,0,1
22739,455,39,4,1,1,1,0,0
22740,455,40,4,1,1,1,0,0
22741,455,41,4,1,1,1,0,0
22742,455,42,8,2,1,1,0,0
22743,455,43,8,2,1,1,0,0
22744,455,44,4,1,1,1,0,0
22745,455,45,4,1,1,1,0,0
22746,455,46,8,2,1,1,0,-1
22747,455,47,7,2,1,0,0,0
22748,455,48,7,2,1,0,-1,1
22749,455,49,6,2,0,1,0,0
22750,455,50,6,2,0,1,0,0
22751,456,1,1,1,0,0,0,1
22752,456,2,2,1,0,1,1,0
22753,456,3,4,1,1,1,-1,0
22754,456,4,2,1,0,1,0,0
22755,456,5,2,1,0,1,1,0
22756,456,6,8,2,1,1,0,-1
22757,456,7,7,2,1,0,0,0
22758,456,8,7,2,1,0,0,0
22759,456,9,3,1,1,0,0,0
22760,456,10,3,1,1,0,0,0
22761,456,11,3,1,1,0,0,0
22762,456,12,3,1,1,0,0,1
22763,456,13,4,1,1,1,0,0
22764,456,14,4,1,1,1,0,0
22765,456,15,8,2,1,1,0,0
22766,456,16,8,2,1,1,0,0
22767,456,17,4,1,1,1,0,-1
22768,456,18,3,1,1,0,0,0
22769,456,19,7,2,1,0,0,0
22770,456,20,7,2,1,0,0,1
22771,456,21,8,2,1,1,0,0
22772,456,22,4,1,1,1,0,-1
22773,456,23,3,1,1,0,0,1
22774,456,24,4,1,1,1,0,-1
22775,456,25,3,1,1,0,0,0
22776,456,26,7,2,1,0,0,0
22777,456,27,3,1,1,0,0,0
22778,456,28,3,1,1,0,0,1
22779,456,29,4,1,1,1,0,0
22780,456,30,4,1,1,1,0,0
22781,456,31,8,2,1,1,0,0
22782,456,32,8,2,1,1,0,-1
22783,456,33,3,1,1,0,0,0
22784,456,34,3,1,1,0,0,0
22785,456,35,3,1,1,0,0,0
22786,456,36,3,1,1,0,0,0
22787,456,37,3,1,1,0,0,1
22788,456,38,4,1,1,1,0,-1
22789,456,39,3,1,1,0,0,0
22790,456,40,3,1,1,0,-1,0
22791,456,41,5,2,0,0,0,1
22792,456,42,6,2,0,1,0,-1
22793,456,43,1,1,0,0,0,1
22794,456,44,2,1,0,1,0,0
22795,456,45,6,2,0,1,0,0
22796,456,46,2,1,0,1,0,-1
22797,456,47,5,2,0,0,1,0
22798,456,48,3,1,1,0,0,1
22799,456,49,4,1,1,1,0,0
22800,456,50,8,2,1,1,-1,-1
22801,457,1,3,1,1,0,0,0
22802,457,2,7,2,1,0,0,1
22803,457,3,8,2,1,1,0,0
22804,457,4,4,1,1,1,0,0
22805,457,5,4,1,1,1,0,0
22806,457,6,4,1,1,1,-1,-1
22807,457,7,1,1,0,0,0,1
22808,457,8,6,2,0,1,0,0
22809,457,9,6,2,0,1,1,0
22810,457,10,8,2,1,1,-1,0
22811,457,11,6,2,0,1,0,0
22812,457,12,2,1,0,1,1,0
22813,457,13,4,1,1,1,0,0
22814,457,14,4,1,1,1,0,0
22815,457,15,8,2,1,1,0,0
22816,457,16,8,2,1,1,-1,-1
22817,457,17,1,1,0,0,1,0
22818,457,18,3,1,1,0,0,0
22819,457,19,3,1,1,0,0,0
22820,457,20,3,1,1,0,-1,0
22821,457,21,1,1,0,0,0,0
22822,457,22,1,1,0,0,0,0
22823,457,23,1,1,0,0,0,1
22824,457,24,6,2,0,1,0,-1
22825,457,25,5,2,0,0,1,0
22826,457,26,3,1,1,0,0,0
22827,457,27,7,2,1,0,-1,0
22828,457,28,5,2,0,0,0,0
22829,457,29,5,2,0,0,0,0
22830,457,30,1,1,0,0,0,0
22831,457,31,1,1,0,0,1,0
22832,457,32,7,2,1,0,0,0
22833,457,33,7,2,1,0,0,0
22834,457,34,7,2,1,0,0,1
22835,457,35,8,2,1,1,0,0
22836,457,36,8,2,1,1,0,0
22837,457,37,4,1,1,1,-1,-1
22838,457,38,1,1,0,0,0,1
22839,457,39,2,1,0,1,0,0
22840,457,40,2,1,0,1,0,-1
22841,457,41,1,1,0,0,0,0
22842,457,42,1,1,0,0,0,1
22843,457,43,2,1,0,1,0,0
22844,457,44,2,1,0,1,0,0
22845,457,45,2,1,0,1,0,0
22846,457,46,2,1,0,1,1,0
22847,457,47,8,2,1,1,0,-1
22848,457,48,7,2,1,0,0,0
22849,457,49,7,2,1,0,-1,0
22850,457,50,5,2,0,0,0,1
22851,458,1,1,1,0,0,0,0
22852,458,2,5,2,0,0,0,0
22853,458,3,1,1,0,0,0,1
22854,458,4,2,1,0,1,1,0
22855,458,5,8,2,1,1,-1,-1
22856,458,6,5,2,0,0,0,0
22857,458,7,5,2,0,0,0,1
22858,458,8,6,2,0,1,0,0
22859,458,9,2,1,0,1,0,-1
22860,458,10,1,1,0,0,0,0
22861,458,11,1,1,0,0,0,0
22862,458,12,5,2,0,0,1,0
22863,458,13,7,2,1,0,0,0
22864,458,14,7,2,1,0,0,0
22865,458,15,3,1,1,0,-1,0
22866,458,16,5,2,0,0,1,0
22867,458,17,3,1,1,0,0,0
22868,458,18,3,1,1,0,-1,1
22869,458,19,2,1,0,1,0,0
22870,458,20,2,1,0,1,1,0
22871,458,21,4,1,1,1,-1,0
22872,458,22,6,2,0,1,0,0
22873,458,23,6,2,0,1,0,-1
22874,458,24,5,2,0,0,0,0
22875,458,25,1,1,0,0,1,0
22876,458,26,3,1,1,0,0,1
22877,458,27,8,2,1,1,-1,0
22878,458,28,6,2,0,1,0,-1
22879,458,29,5,2,0,0,0,1
22880,458,30,6,2,0,1,0,0
22881,458,31,2,1,0,1,1,-1
22882,458,32,3,1,1,0,0,1
22883,458,33,4,1,1,1,0,0
22884,458,34,4,1,1,1,0,-1
22885,458,35,3,1,1,0,0,0
22886,458,36,3,1,1,0,0,0
22887,458,37,7,2,1,0,0,0
22888,458,38,3,1,1,0,0,1
22889,458,39,4,1,1,1,0,0
22890,458,40,4,1,1,1,0,0
22891,458,41,8,2,1,1,0,-1
22892,458,42,7,2,1,0,0,0
22893,458,43,7,2,1,0,0,0
22894,458,44,3,1,1,0,-1,0
22895,458,45,1,1,0,0,1,0
22896,458,46,3,1,1,0,0,0
22897,458,47,7,2,1,0,0,1
22898,458,48,8,2,1,1,0,0
22899,458,49,4,1,1,1,0,0
22900,458,50,4,1,1,1,0,0
22901,459,1,4,1,1,1,0,0
22902,459,2,4,1,1,1,0,0
22903,459,3,4,1,1,1,0,0
22904,459,4,4,1,1,1,0,0
22905,459,5,4,1,1,1,0,0
22906,459,6,4,1,1,1,0,0
22907,459,7,8,2,1,1,0,0
22908,459,8,4,1,1,1,0,0
22909,459,9,4,1,1,1,-1,0
22910,459,10,2,1,0,1,0,-1
22911,459,11,5,2,0,0,0,0
22912,459,12,1,1,0,0,0,0
22913,459,13,5,2,0,0,0,0
22914,459,14,1,1,0,0,0,0
22915,459,15,1,1,0,0,0,1
22916,459,16,2,1,0,1,0,0
22917,459,17,2,1,0,1,0,0
22918,459,18,2,1,0,1,0,0
22919,459,19,2,1,0,1,0,0
22920,459,20,2,1,0,1,0,0
22921,459,21,2,1,0,1,0,0
22922,459,22,2,1,0,1,1,0
22923,459,23,4,1,1,1,0,-1
22924,459,24,3,1,1,0,0,1
22925,459,25,4,1,1,1,0,0
22926,459,26,4,1,1,1,0,0
22927,459,27,4,1,1,1,0,-1
22928,459,28,7,2,1,0,0,0
22929,459,29,7,2,1,0,-1,0
22930,459,30,5,2,0,0,1,0
22931,459,31,3,1,1,0,0,0
22932,459,32,3,1,1,0,0,0
22933,459,33,3,1,1,0,-1,1
22934,459,34,6,2,0,1,1,0
22935,459,35,4,1,1,1,0,0
22936,459,36,4,1,1,1,0,0
22937,459,37,4,1,1,1,-1,0
22938,459,38,2,1,0,1,0,-1
22939,459,39,1,1,0,0,0,0
22940,459,40,1,1,0,0,0,1
22941,459,41,6,2,0,1,0,0
22942,459,42,2,1,0,1,0,0
22943,459,43,6,2,0,1,0,0
22944,459,44,6,2,0,1,0,0
22945,459,45,2,1,0,1,0,0
22946,459,46,6,2,0,1,1,-1
22947,459,47,7,2,1,0,-1,0
22948,459,48,1,1,0,0,0,1
22949,459,49,6,2,0,1,0,0
22950,459,50,6,2,0,1,0,0
22951,460,1,8,2,1,1,0,-1
22952,460,2,3,1,1,0,-1,0
22953,460,3,5,2,0,0,0,0
22954,460,4,1,1,0,0,0,0
22955,460,5,5,2,0,0,1,0
22956,460,6,7,2,1,0,0,0
22957,460,7,7,2,1,0,0,1
22958,460,8,4,1,1,1,0,0
22959,460,9,8,2,1,1,0,0
22960,460,10,4,1,1,1,0,0
22961,460,11,4,1,1,1,0,0
22962,460,12,4,1,1,1,0,0
22963,460,13,4,1,1,1,-1,0
22964,460,14,2,1,0,1,0,0
22965,460,15,6,2,0,1,0,-1
22966,460,16,5,2,0,0,0,0
22967,460,17,5,2,0,0,1,0
22968,460,18,3,1,1,0,0,0
22969,460,19,7,2,1,0,0,0
22970,460,20,7,2,1,0,0,0
22971,460,21,7,2,1,0,0,0
22972,460,22,7,2,1,0,0,0
22973,460,23,3,1,1,0,-1,0
22974,460,24,1,1,0,0,0,0
22975,460,25,5,2,0,0,0,0
22976,460,26,1,1,0,0,0,1
22977,460,27,2,1,0,1,0,-1
22978,460,28,1,1,0,0,0,0
22979,460,29,5,2,0,0,1,0
22980,460,30,7,2,1,0,-1,1
22981,460,31,6,2,0,1,1,-1
22982,460,32,3,1,1,0,0,1
22983,460,33,4,1,1,1,-1,0
22984,460,34,2,1,0,1,0,0
22985,460,35,2,1,0,1,1,-1
22986,460,36,3,1,1,0,0,0
22987,460,37,3,1,1,0,0,0
22988,460,38,3,1,1,0,0,0
22989,460,39,3,1,1,0,0,0
22990,460,40,3,1,1,0,0,0
22991,460,41,3,1,1,0,-1,1
22992,460,42,2,1,0,1,0,0
22993,460,43,2,1,0,1,1,-1
22994,460,44,3,1,1,0,0,1
22995,460,45,4,1,1,1,0,-1
22996,460,46,3,1,1,0,0,1
22997,460,47,4,1,1,1,0,0
22998,460,48,4,1,1,1,0,0
22999,460,49,4,1,1,1,0,-1
23000,460,50,3,1,1,0,0,0
23001,461,1,7,2,1,0,0,0
23002,461,2,7,2,1,0,0,0
23003,461,3,7,2,1,0,0,0
23004,461,4,3,1,1,0,-1,1
23005,461,5,6,2,0,1,1,0
23006,461,6,8,2,1,1,0,0
23007,461,7,4,1,1,1,0,-1
23008,461,8,3,1,1,0,0,0
23009,461,9,7,2,1,0,-1,1
23010,461,10,6,2,0,1,0,0
23011,461,11,6,2,0,1,0,0
23012,461,12,2,1,0,1,0,0
23013,461,13,2,1,0,1,0,0
23014,461,14,2,1,0,1,1,0
23015,461,15,4,1,1,1,0,-1
23016,461,16,7,2,1,0,0,1
23017,461,17,4,1,1,1,-1,0
23018,461,18,2,1,0,1,1,0
23019,461,19,4,1,1,1,0,0
23020,461,20,4,1,1,1,0,0
23021,461,21,4,1,1,1,0,0
23022,461,22,4,1,1,1,0,0
23023,461,23,4,1,1,1,0,0
23024,461,24,8,2,1,1,0,-1
23025,461,25,3,1,1,0,-1,1
23026,461,26,2,1,0,1,0,0
23027,461,27,2,1,0,1,0,0
23028,461,28,2,1,0,1,1,0
23029,461,29,8,2,1,1,-1,-1
23030,461,30,1,1,0,0,0,1
23031,461,31,2,1,0,1,0,0
23032,461,32,2,1,0,1,0,-1
23033,461,33,1,1,0,0,0,0
23034,461,34,1,1,0,0,0,0
23035,461,35,1,1,0,0,0,0
23036,461,36,1,1,0,0,0,0
23037,461,37,1,1,0,0,0,1
23038,461,38,2,1,0,1,1,0
23039,461,39,8,2,1,1,0,0
23040,461,40,8,2,1,1,0,0
23041,461,41,4,1,1,1,0,0
23042,461,42,8,2,1,1,-1,0
23043,461,43,2,1,0,1,0,0
23044,461,44,2,1,0,1,0,-1
23045,461,45,1,1,0,0,1,0
23046,461,46,3,1,1,0,0,0
23047,461,47,3,1,1,0,0,0
23048,461,48,7,2,1,0,0,1
23049,461,49,4,1,1,1,0,0
23050,461,50,4,1,1,1,0,0
23051,462,1,1,1,0,0,1,0
23052,462,2,7,2,1,0,-1,0
23053,462,3,5,2,0,0,0,0
23054,462,4,1,1,0,0,0,0
23055,462,5,1,1,0,0,0,0
23056,462,6,1,1,0,0,0,0
23057,462,7,1,1,0,0,0,0
23058,462,8,1,1,0,0,0,0
23059,462,9,1,1,0,0,1,0
23060,462,10,7,2,1,0,0,0
23061,462,11,7,2,1,0,-1,1
23062,462,12,6,2,0,1,0,0
23063,462,13,6,2,0,1,1,0
23064,462,14,8,2,1,1,0,-1
23065,462,15,7,2,1,0,0,0
23066,462,16,3,1,1,0,0,0
23067,462,17,3,1,1,0,0,0
23068,462,18,3,1,1,0,0,0
23069,462,19,3,1,1,0,-1,0
23070,462,20,1,1,0,0,0,0
23071,462,21,5,2,0,0,0,1
23072,462,22,6,2,0,1,1,0
23073,462,23,4,1,1,1,0,0
23074,462,24,4,1,1,1,0,0
23075,462,25,4,1,1,1,0,0
23076,462,26,4,1,1,1,0,0
23077,462,27,8,2,1,1,0,0
23078,462,28,4,1,1,1,0,-1
23079,462,29,3,1,1,0,0,1
23080,462,30,4,1,1,1,0,-1
23081,462,31,3,1,1,0,-1,1
23082,462,32,2,1,0,1,0,0
23083,462,33,2,1,0,1,1,0
23084,462,34,4,1,1,1,0,-1
23085,462,35,7,2,1,0,0,0
23086,462,36,3,1,1,0,0,0
23087,462,37,7,2,1,0,0,1
23088,462,38,8,2,1,1,-1,0
23089,462,39,2,1,0,1,0,0
23090,462,40,2,1,0,1,0,0
23091,462,41,2,1,0,1,0,0
23092,462,42,2,1,0,1,0,0
23093,462,43,2,1,0,1,1,0
23094,462,44,4,1,1,1,0,-1
23095,462,45,7,2,1,0,0,0
23096,462,46,3,1,1,0,0,0
23097,462,47,3,1,1,0,0,0
23098,462,48,3,1,1,0,0,0
23099,462,49,7,2,1,0,0,0
23100,462,50,3,1,1,0,0,0
23101,463,1,5,2,0,0,0,0
23102,463,2,5,2,0,0,0,1
23103,463,3,6,2,0,1,0,0
23104,463,4,2,1,0,1,1,0
23105,463,5,4,1,1,1,-1,0
23106,463,6,6,2,0,1,1,0
23107,463,7,8,2,1,1,0,0
23108,463,8,8,2,1,1,-1,-1
23109,463,9,5,2,0,0,0,0
23110,463,10,1,1,0,0,0,0
23111,463,11,1,1,0,0,0,0
23112,463,12,1,1,0,0,0,0
23113,463,13,1,1,0,0,1,0
23114,463,14,3,1,1,0,0,0
23115,463,15,7,2,1,0,0,0
23116,463,16,3,1,1,0,0,0
23117,463,17,7,2,1,0,0,0
23118,463,18,7,2,1,0,0,0
23119,463,19,3,1,1,0,0,0
23120,463,20,7,2,1,0,0,0
23121,463,21,3,1,1,0,0,0
23122,463,22,3,1,1,0,0,1
23123,463,23,4,1,1,1,0,0
23124,463,24,4,1,1,1,0,0
23125,463,25,4,1,1,1,0,0
23126,463,26,4,1,1,1,0,-1
23127,463,27,3,1,1,0,0,0
23128,463,28,3,1,1,0,0,0
23129,463,29,3,1,1,0,0,1
23130,463,30,4,1,1,1,0,0
23131,463,31,4,1,1,1,0,0
23132,463,32,4,1,1,1,-1,0
23133,463,33,2,1,0,1,1,0
23134,463,34,8,2,1,1,0,0
23135,463,35,8,2,1,1,0,0
23136,463,36,8,2,1,1,0,0
23137,463,37,8,2,1,1,0,0
23138,463,38,8,2,1,1,0,0
23139,463,39,8,2,1,1,0,0
23140,463,40,4,1,1,1,0,-1
23141,463,41,3,1,1,0,-1,1
23142,463,42,2,1,0,1,1,0
23143,463,43,4,1,1,1,0,0
23144,463,44,4,1,1,1,0,0
23145,463,45,8,2,1,1,-1,0
23146,463,46,2,1,0,1,0,-1
23147,463,47,1,1,0,0,1,0
23148,463,48,3,1,1,0,0,0
23149,463,49,7,2,1,0,0,1
23150,463,50,8,2,1,1,0,0
23151,464,1,7,2,1,0,0,0
23152,464,2,7,2,1,0,0,0
23153,464,3,7,2,1,0,-1,0
23154,464,4,5,2,0,0,0,1
23155,464,5,2,1,0,1,0,0
23156,464,6,6,2,0,1,0,0
23157,464,7,6,2,0,1,0,0
23158,464,8,6,2,0,1,1,-1
23159,464,9,3,1,1,0,0,0
23160,464,10,7,2,1,0,-1,1
23161,464,11,6,2,0,1,1,-1
23162,464,12,3,1,1,0,0,1
23163,464,13,8,2,1,1,0,0
23164,464,14,4,1,1,1,0,0
23165,464,15,4,1,1,1,0,0
23166,464,16,4,1,1,1,-1,0
23167,464,17,6,2,0,1,1,0
23168,464,18,4,1,1,1,0,0
23169,464,19,4,1,1,1,0,-1
23170,464,20,3,1,1,0,0,0
23171,464,21,3,1,1,0,0,0
23172,464,22,7,2,1,0,-1,0
23173,464,23,5,2,0,0,1,0
23174,464,24,3,1,1,0,0,0
23175,464,25,3,1,1,0,0,0
23176,464,26,3,1,1,0,0,1
23177,464,27,8,2,1,1,-1,0
23178,464,28,2,1,0,1,0,0
23179,464,29,2,1,0,1,0,0
23180,464,30,2,1,0,1,0,0
23181,464,31,2,1,0,1,1,0
23182,464,32,4,1,1,1,0,0
23183,464,33,8,2,1,1,-1,0
23184,464,34,6,2,0,1,1,0
23185,464,35,4,1,1,1,-1,-1
23186,464,36,1,1,0,0,1,1
23187,464,37,4,1,1,1,-1,-1
23188,464,38,1,1,0,0,0,0
23189,464,39,5,2,0,0,1,0
23190,464,40,3,1,1,0,0,1
23191,464,41,4,1,1,1,-1,-1
23192,464,42,1,1,0,0,0,0
23193,464,43,5,2,0,0,0,0
23194,464,44,1,1,0,0,0,0
23195,464,45,5,2,0,0,0,0
23196,464,46,5,2,0,0,0,0
23197,464,47,5,2,0,0,0,0
23198,464,48,5,2,0,0,0,0
23199,464,49,5,2,0,0,0,0
23200,464,50,5,2,0,0,0,1
23201,465,1,8,2,1,1,0,-1
23202,465,2,7,2,1,0,0,0
23203,465,3,3,1,1,0,0,0
23204,465,4,3,1,1,0,0,0
23205,465,5,3,1,1,0,0,1
23206,465,6,8,2,1,1,0,-1
23207,465,7,7,2,1,0,0,0
23208,465,8,7,2,1,0,0,1
23209,465,9,8,2,1,1,0,0
23210,465,10,8,2,1,1,0,0
23211,465,11,8,2,1,1,0,0
23212,465,12,8,2,1,1,0,-1
23213,465,13,7,2,1,0,0,0
23214,465,14,7,2,1,0,0,0
23215,465,15,7,2,1,0,-1,0
23216,465,16,1,1,0,0,0,1
23217,465,17,2,1,0,1,0,0
23218,465,18,2,1,0,1,0,0
23219,465,19,6,2,0,1,0,0
23220,465,20,6,2,0,1,1,0
23221,465,21,4,1,1,1,0,0
23222,465,22,4,1,1,1,0,0
23223,465,23,4,1,1,1,0,0
23224,465,24,4,1,1,1,0,0
23225,465,25,4,1,1,1,0,0
23226,465,26,4,1,1,1,0,0
23227,465,27,8,2,1,1,0,0
23228,465,28,4,1,1,1,0,0
23229,465,29,4,1,1,1,0,0
23230,465,30,4,1,1,1,0,0
23231,465,31,8,2,1,1,-1,0
23232,465,32,2,1,0,1,0,-1
23233,465,33,1,1,0,0,1,0
23234,465,34,7,2,1,0,0,1
23235,465,35,8,2,1,1,0,0
23236,465,36,8,2,1,1,0,-1
23237,465,37,7,2,1,0,0,0
23238,465,38,3,1,1,0,0,0
23239,465,39,7,2,1,0,0,0
23240,465,40,7,2,1,0,0,0
23241,465,41,3,1,1,0,0,0
23242,465,42,3,1,1,0,0,0
23243,465,43,3,1,1,0,0,0
23244,465,44,7,2,1,0,0,0
23245,465,45,7,2,1,0,-1,0
23246,465,46,5,2,0,0,1,0
23247,465,47,3,1,1,0,0,0
23248,465,48,7,2,1,0,-1,0
23249,465,49,5,2,0,0,0,1
23250,465,50,6,2,0,1,1,0
23251,466,1,7,2,1,0,0,0
23252,466,2,3,1,1,0,-1,0
23253,466,3,1,1,0,0,0,0
23254,466,4,1,1,0,0,0,1
23255,466,5,2,1,0,1,0,-1
23256,466,6,5,2,0,0,0,0
23257,466,7,1,1,0,0,0,0
23258,466,8,5,2,0,0,1,0
23259,466,9,7,2,1,0,0,0
23260,466,10,3,1,1,0,0,0
23261,466,11,3,1,1,0,0,0
23262,466,12,3,1,1,0,0,0
23263,466,13,7,2,1,0,0,0
23264,466,14,7,2,1,0,0,0
23265,466,15,7,2,1,0,0,1
23266,466,16,8,2,1,1,-1,0
23267,466,17,2,1,0,1,1,0
23268,466,18,4,1,1,1,0,0
23269,466,19,4,1,1,1,0,0
23270,466,20,4,1,1,1,-1,0
23271,466,21,6,2,0,1,0,0
23272,466,22,2,1,0,1,1,0
23273,466,23,4,1,1,1,-1,0
23274,466,24,2,1,0,1,0,0
23275,466,25,2,1,0,1,0,0
23276,466,26,2,1,0,1,1,0
23277,466,27,8,2,1,1,0,0
23278,466,28,4,1,1,1,0,0
23279,466,29,4,1,1,1,0,-1
23280,466,30,3,1,1,0,0,0
23281,466,31,3,1,1,0,0,0
23282,466,32,3,1,1,0,0,0
23283,466,33,7,2,1,0,0,0
23284,466,34,7,2,1,0,0,0
23285,466,35,7,2,1,0,0,0
23286,466,36,7,2,1,0,0,0
23287,466,37,7,2,1,0,0,0
23288,466,38,7,2,1,0,0,1
23289,466,39,8,2,1,1,0,0
23290,466,40,8,2,1,1,0,0
23291,466,41,4,1,1,1,0,0
23292,466,42,8,2,1,1,0,-1
23293,466,43,3,1,1,0,0,0
23294,466,44,3,1,1,0,-1,0
23295,466,45,5,2,0,0,0,1
23296,466,46,6,2,0,1,0,-1
23297,466,47,5,2,0,0,0,0
23298,466,48,1,1,0,0,0,0
23299,466,49,1,1,0,0,0,1
23300,466,50,6,2,0,1,0,0
23301,467,1,8,2,1,1,-1,-1
23302,467,2,5,2,0,0,1,1
23303,467,3,8,2,1,1,0,0
23304,467,4,8,2,1,1,0,0
23305,467,5,4,1,1,1,-1,0
23306,467,6,2,1,0,1,0,0
23307,467,7,2,1,0,1,1,0
23308,467,8,4,1,1,1,0,0
23309,467,9,4,1,1,1,0,0
23310,467,10,4,1,1,1,0,0
23311,467,11,4,1,1,1,0,0
23312,467,12,8,2,1,1,0,0
23313,467,13,4,1,1,1,0,-1
23314,467,14,3,1,1,0,0,0
23315,467,15,3,1,1,0,0,0
23316,467,16,3,1,1,0,0,0
23317,467,17,3,1,1,0,0,0
23318,467,18,3,1,1,0,-1,0
23319,467,19,1,1,0,0,0,0
23320,467,20,1,1,0,0,0,0
23321,467,21,1,1,0,0,0,0
23322,467,22,5,2,0,0,0,0
23323,467,23,1,1,0,0,1,0
23324,467,24,3,1,1,0,0,0
23325,467,25,3,1,1,0,0,0
23326,467,26,7,2,1,0,0,0
23327,467,27,7,2,1,0,0,0
23328,467,28,7,2,1,0,0,1
23329,467,29,8,2,1,1,0,0
23330,467,30,4,1,1,1,0,0
23331,467,31,8,2,1,1,0,0
23332,467,32,8,2,1,1,0,0
23333,467,33,8,2,1,1,0,-1
23334,467,34,7,2,1,0,0,0
23335,467,35,7,2,1,0,-1,1
23336,467,36,2,1,0,1,0,-1
23337,467,37,1,1,0,0,1,0
23338,467,38,3,1,1,0,0,0
23339,467,39,3,1,1,0,-1,0
23340,467,40,1,1,0,0,1,0
23341,467,41,3,1,1,0,0,0
23342,467,42,3,1,1,0,0,0
23343,467,43,3,1,1,0,0,1
23344,467,44,8,2,1,1,0,0
23345,467,45,4,1,1,1,0,0
23346,467,46,4,1,1,1,0,0
23347,467,47,4,1,1,1,0,0
23348,467,48,8,2,1,1,0,0
23349,467,49,8,2,1,1,0,-1
23350,467,50,3,1,1,0,0,0
23351,468,1,3,1,1,0,0,0
23352,468,2,7,2,1,0,0,0
23353,468,3,7,2,1,0,0,1
23354,468,4,8,2,1,1,0,0
23355,468,5,4,1,1,1,0,0
23356,468,6,4,1,1,1,0,0
23357,468,7,4,1,1,1,0,0
23358,468,8,4,1,1,1,0,0
23359,468,9,4,1,1,1,0,-1
23360,468,10,3,1,1,0,0,0
23361,468,11,7,2,1,0,0,0
23362,468,12,7,2,1,0,0,0
23363,468,13,7,2,1,0,0,1
23364,468,14,8,2,1,1,0,0
23365,468,15,4,1,1,1,0,-1
23366,468,16,7,2,1,0,0,0
23367,468,17,7,2,1,0,0,0
23368,468,18,3,1,1,0,0,0
23369,468,19,3,1,1,0,-1,0
23370,468,20,1,1,0,0,0,0
23371,468,21,1,1,0,0,0,1
23372,468,22,6,2,0,1,1,-1
23373,468,23,7,2,1,0,0,0
23374,468,24,7,2,1,0,0,0
23375,468,25,3,1,1,0,0,0
23376,468,26,7,2,1,0,0,1
23377,468,27,8,2,1,1,-1,0
23378,468,28,2,1,0,1,0,0
23379,468,29,6,2,0,1,1,0
23380,468,30,4,1,1,1,0,0
23381,468,31,4,1,1,1,-1,0
23382,468,32,2,1,0,1,1,-1
23383,468,33,3,1,1,0,0,1
23384,468,34,8,2,1,1,0,0
23385,468,35,8,2,1,1,0,0
23386,468,36,4,1,1,1,-1,0
23387,468,37,2,1,0,1,0,0
23388,468,38,2,1,0,1,0,0
23389,468,39,2,1,0,1,0,-1
23390,468,40,1,1,0,0,0,0
23391,468,41,1,1,0,0,0,1
23392,468,42,2,1,0,1,0,0
23393,468,43,6,2,0,1,0,-1
23394,468,44,5,2,0,0,0,0
23395,468,45,5,2,0,0,0,0
23396,468,46,5,2,0,0,0,0
23397,468,47,5,2,0,0,1,1
23398,468,48,8,2,1,1,0,0
23399,468,49,8,2,1,1,0,0
23400,468,50,8,2,1,1,0,0
23401,469,1,1,1,0,0,0,0
23402,469,2,1,1,0,0,0,0
23403,469,3,1,1,0,0,1,1
23404,469,4,8,2,1,1,0,0
23405,469,5,8,2,1,1,0,-1
23406,469,6,3,1,1,0,-1,0
23407,469,7,5,2,0,0,1,0
23408,469,8,7,2,1,0,0,0
23409,469,9,3,1,1,0,0,1
23410,469,10,4,1,1,1,0,0
23411,469,11,4,1,1,1,0,0
23412,469,12,4,1,1,1,0,0
23413,469,13,8,2,1,1,-1,0
23414,469,14,2,1,0,1,0,0
23415,469,15,2,1,0,1,1,0
23416,469,16,4,1,1,1,-1,-1
23417,469,17,1,1,0,0,1,1
23418,469,18,8,2,1,1,0,0
23419,469,19,4,1,1,1,0,0
23420,469,20,8,2,1,1,-1,0
23421,469,21,6,2,0,1,0,0
23422,469,22,6,2,0,1,0,0
23423,469,23,2,1,0,1,0,0
23424,469,24,2,1,0,1,1,0
23425,469,25,4,1,1,1,-1,0
23426,469,26,2,1,0,1,0,0
23427,469,27,6,2,0,1,0,0
23428,469,28,6,2,0,1,1,-1
23429,469,29,3,1,1,0,0,1
23430,469,30,4,1,1,1,0,0
23431,469,31,4,1,1,1,-1,0
23432,469,32,2,1,0,1,0,0
23433,469,33,2,1,0,1,0,-1
23434,469,34,5,2,0,0,0,1
23435,469,35,6,2,0,1,0,0
23436,469,36,2,1,0,1,0,0
23437,469,37,2,1,0,1,1,0
23438,469,38,8,2,1,1,0,0
23439,469,39,8,2,1,1,0,0
23440,469,40,4,1,1,1,0,0
23441,469,41,4,1,1,1,0,-1
23442,469,42,3,1,1,0,-1,0
23443,469,43,5,2,0,0,0,0
23444,469,44,5,2,0,0,1,0
23445,469,45,7,2,1,0,0,0
23446,469,46,7,2,1,0,0,0
23447,469,47,3,1,1,0,0,0
23448,469,48,3,1,1,0,0,1
23449,469,49,4,1,1,1,-1,0
23450,469,50,2,1,0,1,0,0
23451,470,1,8,2,1,1,0,0
23452,470,2,8,2,1,1,0,-1
23453,470,3,7,2,1,0,-1,0
23454,470,4,1,1,0,0,0,0
23455,470,5,1,1,0,0,0,0
23456,470,6,1,1,0,0,0,0
23457,470,7,1,1,0,0,1,1
23458,470,8,8,2,1,1,0,-1
23459,470,9,7,2,1,0,0,0
23460,470,10,7,2,1,0,0,0
23461,470,11,7,2,1,0,-1,0
23462,470,12,5,2,0,0,0,0
23463,470,13,5,2,0,0,0,1
23464,470,14,6,2,0,1,0,0
23465,470,15,6,2,0,1,0,0
23466,470,16,6,2,0,1,0,0
23467,470,17,2,1,0,1,0,0
23468,470,18,2,1,0,1,0,0
23469,470,19,2,1,0,1,1,-1
23470,470,20,3,1,1,0,0,0
23471,470,21,7,2,1,0,0,0
23472,470,22,7,2,1,0,0,1
23473,470,23,8,2,1,1,0,0
23474,470,24,4,1,1,1,0,-1
23475,470,25,3,1,1,0,0,0
23476,470,26,3,1,1,0,0,0
23477,470,27,3,1,1,0,0,0
23478,470,28,3,1,1,0,0,0
23479,470,29,7,2,1,0,0,0
23480,470,30,7,2,1,0,0,0
23481,470,31,3,1,1,0,0,0
23482,470,32,3,1,1,0,0,0
23483,470,33,3,1,1,0,0,0
23484,470,34,3,1,1,0,0,0
23485,470,35,3,1,1,0,0,0
23486,470,36,3,1,1,0,0,0
23487,470,37,7,2,1,0,0,0
23488,470,38,7,2,1,0,0,0
23489,470,39,3,1,1,0,0,0
23490,470,40,3,1,1,0,0,0
23491,470,41,7,2,1,0,0,0
23492,470,42,7,2,1,0,0,0
23493,470,43,3,1,1,0,0,1
23494,470,44,4,1,1,1,0,0
23495,470,45,4,1,1,1,0,0
23496,470,46,4,1,1,1,0,0
23497,470,47,4,1,1,1,0,-1
23498,470,48,3,1,1,0,0,0
23499,470,49,7,2,1,0,-1,0
23500,470,50,5,2,0,0,1,0
23501,471,1,2,1,0,1,0,0
23502,471,2,2,1,0,1,1,-1
23503,471,3,7,2,1,0,0,0
23504,471,4,3,1,1,0,0,0
23505,471,5,3,1,1,0,0,0
23506,471,6,3,1,1,0,0,0
23507,471,7,3,1,1,0,0,1
23508,471,8,4,1,1,1,-1,0
23509,471,9,2,1,0,1,0,-1
23510,471,10,1,1,0,0,1,1
23511,471,11,4,1,1,1,0,0
23512,471,12,8,2,1,1,0,-1
23513,471,13,7,2,1,0,0,0
23514,471,14,7,2,1,0,0,0
23515,471,15,3,1,1,0,0,0
23516,471,16,3,1,1,0,-1,0
23517,471,17,1,1,0,0,0,0
23518,471,18,1,1,0,0,0,0
23519,471,19,1,1,0,0,1,0
23520,471,20,3,1,1,0,0,0
23521,471,21,3,1,1,0,0,1
23522,471,22,8,2,1,1,0,0
23523,471,23,4,1,1,1,0,-1
23524,471,24,3,1,1,0,-1,0
23525,471,25,1,1,0,0,0,0
23526,471,26,1,1,0,0,1,0
23527,471,27,3,1,1,0,0,1
23528,471,28,8,2,1,1,0,0
23529,471,29,4,1,1,1,0,0
23530,471,30,8,2,1,1,0,-1
23531,471,31,7,2,1,0,0,0
23532,471,32,3,1,1,0,0,1
23533,471,33,4,1,1,1,0,0
23534,471,34,4,1,1,1,0,0
23535,471,35,4,1,1,1,0,0
23536,471,36,8,2,1,1,0,0
23537,471,37,8,2,1,1,0,-1
23538,471,38,7,2,1,0,0,1
23539,471,39,8,2,1,1,0,-1
23540,471,40,7,2,1,0,0,0
23541,471,41,3,1,1,0,0,0
23542,471,42,7,2,1,0,-1,0
23543,471,43,5,2,0,0,0,1
23544,471,44,6,2,0,1,0,-1
23545,471,45,5,2,0,0,0,0
23546,471,46,5,2,0,0,0,0
23547,471,47,5,2,0,0,0,0
23548,471,48,5,2,0,0,0,0
23549,471,49,5,2,0,0,0,0
23550,471,50,5,2,0,0,0,0
23551,472,1,8,2,1,1,0,-1
23552,472,2,3,1,1,0,0,0
23553,472,3,3,1,1,0,0,0
23554,472,4,7,2,1,0,0,0
23555,472,5,7,2,1,0,-1,0
23556,472,6,5,2,0,0,0,1
23557,472,7,2,1,0,1,0,-1
23558,472,8,5,2,0,0,0,0
23559,472,9,1,1,0,0,0,1
23560,472,10,6,2,0,1,0,0
23561,472,11,2,1,0,1,0,-1
23562,472,12,1,1,0,0,0,0
23563,472,13,1,1,0,0,0,1
23564,472,14,2,1,0,1,0,0
23565,472,15,6,2,0,1,0,0
23566,472,16,2,1,0,1,0,0
23567,472,17,6,2,0,1,0,0
23568,472,18,6,2,0,1,0,0
23569,472,19,6,2,0,1,0,-1
23570,472,20,5,2,0,0,0,1
23571,472,21,2,1,0,1,0,0
23572,472,22,2,1,0,1,0,0
23573,472,23,2,1,0,1,0,0
23574,472,24,6,2,0,1,0,0
23575,472,25,6,2,0,1,0,0
23576,472,26,6,2,0,1,1,0
23577,472,27,8,2,1,1,0,0
23578,472,28,4,1,1,1,-1,-1
23579,472,29,5,2,0,0,0,0
23580,472,30,1,1,0,0,0,1
23581,472,31,6,2,0,1,0,0
23582,472,32,2,1,0,1,0,0
23583,472,33,2,1,0,1,1,-1
23584,472,34,3,1,1,0,0,0
23585,472,35,3,1,1,0,0,0
23586,472,36,3,1,1,0,0,0
23587,472,37,3,1,1,0,0,0
23588,472,38,3,1,1,0,0,0
23589,472,39,3,1,1,0,-1,0
23590,472,40,1,1,0,0,0,0
23591,472,41,1,1,0,0,1,0
23592,472,42,3,1,1,0,0,1
23593,472,43,8,2,1,1,0,0
23594,472,44,4,1,1,1,0,0
23595,472,45,8,2,1,1,0,0
23596,472,46,8,2,1,1,0,0
23597,472,47,4,1,1,1,-1,0
23598,472,48,2,1,0,1,0,-1
23599,472,49,5,2,0,0,1,0
23600,472,50,3,1,1,0,-1,1
23601,473,1,4,1,1,1,0,0
23602,473,2,8,2,1,1,-1,0
23603,473,3,6,2,0,1,0,0
23604,473,4,2,1,0,1,0,0
23605,473,5,2,1,0,1,0,0
23606,473,6,2,1,0,1,0,0
23607,473,7,2,1,0,1,0,-1
23608,473,8,1,1,0,0,0,0
23609,473,9,5,2,0,0,0,0
23610,473,10,5,2,0,0,0,0
23611,473,11,1,1,0,0,0,1
23612,473,12,6,2,0,1,1,0
23613,473,13,8,2,1,1,-1,-1
23614,473,14,1,1,0,0,0,1
23615,473,15,6,2,0,1,0,-1
23616,473,16,5,2,0,0,0,1
23617,473,17,6,2,0,1,0,-1
23618,473,18,5,2,0,0,0,0
23619,473,19,5,2,0,0,1,0
23620,473,20,3,1,1,0,0,0
23621,473,21,3,1,1,0,-1,0
23622,473,22,1,1,0,0,1,0
23623,473,23,3,1,1,0,0,1
23624,473,24,8,2,1,1,0,0
23625,473,25,4,1,1,1,0,0
23626,473,26,8,2,1,1,-1,0
23627,473,27,6,2,0,1,0,0
23628,473,28,6,2,0,1,0,0
23629,473,29,2,1,0,1,0,0
23630,473,30,2,1,0,1,1,0
23631,473,31,4,1,1,1,0,-1
23632,473,32,3,1,1,0,-1,0
23633,473,33,1,1,0,0,0,0
23634,473,34,1,1,0,0,0,0
23635,473,35,1,1,0,0,1,0
23636,473,36,7,2,1,0,0,0
23637,473,37,7,2,1,0,0,0
23638,473,38,7,2,1,0,0,0
23639,473,39,3,1,1,0,0,1
23640,473,40,4,1,1,1,0,0
23641,473,41,4,1,1,1,0,-1
23642,473,42,7,2,1,0,-1,0
23643,473,43,5,2,0,0,0,0
23644,473,44,1,1,0,0,0,0
23645,473,45,5,2,0,0,1,0
23646,473,46,7,2,1,0,0,0
23647,473,47,3,1,1,0,0,1
23648,473,48,4,1,1,1,-1,0
23649,473,49,2,1,0,1,0,0
23650,473,50,2,1,0,1,1,0
23651,474,1,6,2,0,1,0,0
23652,474,2,6,2,0,1,1,0
23653,474,3,8,2,1,1,0,0
23654,474,4,4,1,1,1,0,0
23655,474,5,4,1,1,1,0,0
23656,474,6,8,2,1,1,0,0
23657,474,7,4,1,1,1,0,-1
23658,474,8,3,1,1,0,0,0
23659,474,9,7,2,1,0,0,1
23660,474,10,8,2,1,1,-1,-1
23661,474,11,5,2,0,0,0,0
23662,474,12,5,2,0,0,1,1
23663,474,13,8,2,1,1,-1,0
23664,474,14,6,2,0,1,0,0
23665,474,15,2,1,0,1,1,0
23666,474,16,4,1,1,1,0,0
23667,474,17,4,1,1,1,0,0
23668,474,18,4,1,1,1,0,0
23669,474,19,4,1,1,1,0,-1
23670,474,20,3,1,1,0,0,1
23671,474,21,8,2,1,1,0,0
23672,474,22,4,1,1,1,0,0
23673,474,23,8,2,1,1,0,0
23674,474,24,4,1,1,1,0,0
23675,474,25,4,1,1,1,0,0
23676,474,26,8,2,1,1,-1,-1
23677,474,27,1,1,0,0,1,0
23678,474,28,7,2,1,0,0,0
23679,474,29,7,2,1,0,0,0
23680,474,30,3,1,1,0,0,1
23681,474,31,4,1,1,1,0,-1
23682,474,32,7,2,1,0,0,0
23683,474,33,7,2,1,0,-1,0
23684,474,34,5,2,0,0,0,0
23685,474,35,5,2,0,0,1,0
23686,474,36,7,2,1,0,0,0
23687,474,37,3,1,1,0,0,0
23688,474,38,7,2,1,0,0,0
23689,474,39,7,2,1,0,-1,0
23690,474,40,5,2,0,0,0,1
23691,474,41,6,2,0,1,1,0
23692,474,42,8,2,1,1,0,0
23693,474,43,8,2,1,1,0,0
23694,474,44,4,1,1,1,0,0
23695,474,45,8,2,1,1,0,0
23696,474,46,8,2,1,1,0,0
23697,474,47,4,1,1,1,0,0
23698,474,48,8,2,1,1,0,-1
23699,474,49,7,2,1,0,0,0
23700,474,50,7,2,1,0,0,0
23701,475,1,6,2,0,1,0,0
23702,475,2,6,2,0,1,0,0
23703,475,3,6,2,0,1,0,0
23704,475,4,2,1,0,1,0,0
23705,475,5,6,2,0,1,0,-1
23706,475,6,5,2,0,0,1,0
23707,475,7,7,2,1,0,-1,0
23708,475,8,1,1,0,0,1,0
23709,475,9,3,1,1,0,0,0
23710,475,10,3,1,1,0,0,0
23711,475,11,7,2,1,0,0,1
23712,475,12,4,1,1,1,0,0
23713,475,13,4,1,1,1,0,-1
23714,475,14,7,2,1,0,-1,0
23715,475,15,5,2,0,0,0,1
23716,475,16,2,1,0,1,0,0
23717,475,17,2,1,0,1,0,0
23718,475,18,2,1,0,1,0,0
23719,475,19,2,1,0,1,0,0
23720,475,20,6,2,0,1,0,0
23721,475,21,6,2,0,1,0,0
23722,475,22,2,1,0,1,1,0
23723,475,23,4,1,1,1,0,-1
23724,475,24,3,1,1,0,0,1
23725,475,25,4,1,1,1,0,0
23726,475,26,4,1,1,1,0,0
23727,475,27,4,1,1,1,0,0
23728,475,28,8,2,1,1,0,0
23729,475,29,4,1,1,1,0,0
23730,475,30,4,1,1,1,0,-1
23731,475,31,3,1,1,0,-1,0
23732,475,32,5,2,0,0,0,0
23733,475,33,1,1,0,0,0,0
23734,475,34,1,1,0,0,0,1
23735,475,35,2,1,0,1,1,-1
23736,475,36,3,1,1,0,0,0
23737,475,37,3,1,1,0,0,0
23738,475,38,3,1,1,0,-1,1
23739,475,39,6,2,0,1,0,0
23740,475,40,2,1,0,1,0,0
23741,475,41,2,1,0,1,0,0
23742,475,42,2,1,0,1,0,0
23743,475,43,2,1,0,1,0,0
23744,475,44,6,2,0,1,0,0
23745,475,45,2,1,0,1,1,0
23746,475,46,4,1,1,1,-1,0
23747,475,47,6,2,0,1,0,0
23748,475,48,6,2,0,1,0,-1
23749,475,49,1,1,0,0,0,1
23750,475,50,2,1,0,1,0,-1
23751,476,1,3,1,1,0,0,0
23752,476,2,7,2,1,0,0,1
23753,476,3,8,2,1,1,0,-1
23754,476,4,7,2,1,0,0,1
23755,476,5,8,2,1,1,0,-1
23756,476,6,3,1,1,0,-1,0
23757,476,7,5,2,0,0,0,1
23758,476,8,6,2,0,1,0,0
23759,476,9,6,2,0,1,1,0
23760,476,10,8,2,1,1,0,0
23761,476,11,4,1,1,1,0,0
23762,476,12,4,1,1,1,0,0
23763,476,13,4,1,1,1,0,-1
23764,476,14,3,1,1,0,-1,0
23765,476,15,1,1,0,0,0,0
23766,476,16,1,1,0,0,0,0
23767,476,17,1,1,0,0,0,1
23768,476,18,2,1,0,1,0,-1
23769,476,19,1,1,0,0,1,1
23770,476,20,4,1,1,1,0,-1
23771,476,21,7,2,1,0,0,1
23772,476,22,4,1,1,1,0,0
23773,476,23,4,1,1,1,0,0
23774,476,24,8,2,1,1,0,0
23775,476,25,4,1,1,1,-1,0
23776,476,26,2,1,0,1,0,0
23777,476,27,6,2,0,1,0,0
23778,476,28,6,2,0,1,1,-1
23779,476,29,3,1,1,0,0,0
23780,476,30,3,1,1,0,-1,0
23781,476,31,1,1,0,0,1,1
23782,476,32,4,1,1,1,0,0
23783,476,33,4,1,1,1,0,0
23784,476,34,4,1,1,1,0,-1
23785,476,35,3,1,1,0,0,0
23786,476,36,3,1,1,0,0,1
23787,476,37,4,1,1,1,0,0
23788,476,38,4,1,1,1,0,0
23789,476,39,8,2,1,1,0,0
23790,476,40,8,2,1,1,0,0
23791,476,41,8,2,1,1,0,0
23792,476,42,8,2,1,1,0,0
23793,476,43,4,1,1,1,-1,0
23794,476,44,2,1,0,1,1,0
23795,476,45,8,2,1,1,0,0
23796,476,46,8,2,1,1,0,-1
23797,476,47,7,2,1,0,-1,0
23798,476,48,5,2,0,0,0,0
23799,476,49,5,2,0,0,0,0
23800,476,50,1,1,0,0,0,0
23801,477,1,5,2,0,0,0,1
23802,477,2,6,2,0,1,0,0
23803,477,3,2,1,0,1,0,0
23804,477,4,2,1,0,1,0,0
23805,477,5,2,1,0,1,0,0
23806,477,6,2,1,0,1,0,0
23807,477,7,6,2,0,1,1,0
23808,477,8,4,1,1,1,0,0
23809,477,9,4,1,1,1,-1,-1
23810,477,10,1,1,0,0,0,1
23811,477,11,2,1,0,1,0,0
23812,477,12,2,1,0,1,0,0
23813,477,13,2,1,0,1,0,0
23814,477,14,2,1,0,1,0,-1
23815,477,15,1,1,0,0,0,1
23816,477,16,6,2,0,1,0,-1
23817,477,17,5,2,0,0,0,1
23818,477,18,2,1,0,1,1,0
23819,477,19,4,1,1,1,0,0
23820,477,20,4,1,1,1,-1,0
23821,477,21,2,1,0,1,0,0
23822,477,22,2,1,0,1,1,0
23823,477,23,4,1,1,1,-1,0
23824,477,24,6,2,0,1,1,-1
23825,477,25,7,2,1,0,0,0
23826,477,26,7,2,1,0,0,1
23827,477,27,4,1,1,1,0,0
23828,477,28,4,1,1,1,0,-1
23829,477,29,3,1,1,0,0,0
23830,477,30,3,1,1,0,0,1
23831,477,31,4,1,1,1,0,0
23832,477,32,4,1,1,1,-1,-1
23833,477,33,1,1,0,0,0,0
23834,477,34,1,1,0,0,1,0
23835,477,35,3,1,1,0,0,0
23836,477,36,3,1,1,0,0,0
23837,477,37,7,2,1,0,-1,0
23838,477,38,1,1,0,0,0,0
23839,477,39,1,1,0,0,0,0
23840,477,40,1,1,0,0,0,1
23841,477,41,2,1,0,1,1,0
23842,477,42,4,1,1,1,-1,0
23843,477,43,6,2,0,1,0,-1
23844,477,44,5,2,0,0,0,1
23845,477,45,2,1,0,1,0,0
23846,477,46,6,2,0,1,1,0
23847,477,47,4,1,1,1,0,0
23848,477,48,8,2,1,1,0,-1
23849,477,49,3,1,1,0,-1,0
23850,477,50,1,1,0,0,0,1
23851,478,1,2,1,0,1,0,0
23852,478,2,2,1,0,1,1,0
23853,478,3,8,2,1,1,0,0
23854,478,4,8,2,1,1,0,-1
23855,478,5,3,1,1,0,0,1
23856,478,6,4,1,1,1,0,-1
23857,478,7,3,1,1,0,0,0
23858,478,8,3,1,1,0,0,0
23859,478,9,3,1,1,0,-1,0
23860,478,10,1,1,0,0,0,0
23861,478,11,1,1,0,0,0,0
23862,478,12,1,1,0,0,1,0
23863,478,13,7,2,1,0,0,0
23864,478,14,7,2,1,0,0,0
23865,478,15,3,1,1,0,0,1
23866,478,16,4,1,1,1,0,0
23867,478,17,4,1,1,1,-1,0
23868,478,18,2,1,0,1,0,0
23869,478,19,2,1,0,1,0,0
23870,478,20,2,1,0,1,0,0
23871,478,21,2,1,0,1,1,0
23872,478,22,4,1,1,1,-1,0
23873,478,23,2,1,0,1,0,-1
23874,478,24,1,1,0,0,0,1
23875,478,25,2,1,0,1,0,-1
23876,478,26,1,1,0,0,0,0
23877,478,27,1,1,0,0,1,0
23878,478,28,3,1,1,0,-1,1
23879,478,29,2,1,0,1,0,-1
23880,478,30,5,2,0,0,1,0
23881,478,31,7,2,1,0,0,1
23882,478,32,8,2,1,1,0,-1
23883,478,33,3,1,1,0,-1,0
23884,478,34,1,1,0,0,0,1
23885,478,35,2,1,0,1,1,-1
23886,478,36,3,1,1,0,0,1
23887,478,37,8,2,1,1,-1,0
23888,478,38,2,1,0,1,1,0
23889,478,39,8,2,1,1,0,0
23890,478,40,8,2,1,1,0,0
23891,478,41,4,1,1,1,-1,-1
23892,478,42,1,1,0,0,0,0
23893,478,43,1,1,0,0,0,1
23894,478,44,2,1,0,1,0,0
23895,478,45,2,1,0,1,0,0
23896,478,46,6,2,0,1,1,0
23897,478,47,4,1,1,1,0,0
23898,478,48,4,1,1,1,0,0
23899,478,49,8,2,1,1,0,-1
23900,478,50,3,1,1,0,0,0
23901,479,1,6,2,0,1,1,0
23902,479,2,8,2,1,1,0,-1
23903,479,3,3,1,1,0,-1,0
23904,479,4,1,1,0,0,1,1
23905,479,5,4,1,1,1,0,0
23906,479,6,8,2,1,1,-1,-1
23907,479,7,5,2,0,0,1,0
23908,479,8,7,2,1,0,0,1
23909,479,9,4,1,1,1,0,0
23910,479,10,4,1,1,1,0,0
23911,479,11,4,1,1,1,0,0
23912,479,12,4,1,1,1,-1,0
23913,479,13,2,1,0,1,0,0
23914,479,14,2,1,0,1,1,0
23915,479,15,4,1,1,1,0,0
23916,479,16,8,2,1,1,0,-1
23917,479,17,3,1,1,0,0,0
23918,479,18,3,1,1,0,-1,1
23919,479,19,6,2,0,1,0,-1
23920,479,20,5,2,0,0,0,0
23921,479,21,5,2,0,0,0,0
23922,479,22,5,2,0,0,0,1
23923,479,23,2,1,0,1,0,0
23924,479,24,2,1,0,1,0,0
23925,479,25,2,1,0,1,0,0
23926,479,26,2,1,0,1,0,0
23927,479,27,2,1,0,1,0,-1
23928,479,28,5,2,0,0,0,1
23929,479,29,6,2,0,1,0,0
23930,479,30,6,2,0,1,0,-1
23931,479,31,1,1,0,0,1,1
23932,479,32,4,1,1,1,0,-1
23933,479,33,7,2,1,0,0,0
23934,479,34,3,1,1,0,0,1
23935,479,35,4,1,1,1,-1,-1
23936,479,36,5,2,0,0,0,0
23937,479,37,1,1,0,0,1,0
23938,479,38,7,2,1,0,-1,0
23939,479,39,5,2,0,0,1,0
23940,479,40,7,2,1,0,0,0
23941,479,41,7,2,1,0,-1,0
23942,479,42,1,1,0,0,1,1
23943,479,43,4,1,1,1,0,0
23944,479,44,8,2,1,1,0,0
23945,479,45,8,2,1,1,-1,-1
23946,479,46,1,1,0,0,0,0
23947,479,47,5,2,0,0,1,0
23948,479,48,7,2,1,0,0,0
23949,479,49,3,1,1,0,-1,1
23950,479,50,6,2,0,1,1,-1
23951,480,1,4,1,1,1,0,0
23952,480,2,4,1,1,1,0,0
23953,480,3,4,1,1,1,0,0
23954,480,4,4,1,1,1,-1,0
23955,480,5,6,2,0,1,0,0
23956,480,6,2,1,0,1,0,0
23957,480,7,2,1,0,1,0,-1
23958,480,8,1,1,0,0,0,0
23959,480,9,1,1,0,0,0,0
23960,480,10,1,1,0,0,0,0
23961,480,11,1,1,0,0,1,0
23962,480,12,3,1,1,0,-1,0
23963,480,13,1,1,0,0,0,0
23964,480,14,1,1,0,0,1,0
23965,480,15,7,2,1,0,0,1
23966,480,16,4,1,1,1,-1,0
23967,480,17,2,1,0,1,0,-1
23968,480,18,5,2,0,0,0,0
23969,480,19,1,1,0,0,1,1
23970,480,20,4,1,1,1,0,-1
23971,480,21,7,2,1,0,0,0
23972,480,22,7,2,1,0,0,0
23973,480,23,7,2,1,0,-1,1
23974,480,24,6,2,0,1,0,-1
23975,480,25,5,2,0,0,0,0
23976,480,26,5,2,0,0,0,0
23977,480,27,5,2,0,0,1,1
23978,480,28,4,1,1,1,0,-1
23979,480,29,3,1,1,0,0,1
23980,480,30,4,1,1,1,0,0
23981,480,31,4,1,1,1,-1,0
23982,480,32,2,1,0,1,0,-1
23983,480,33,5,2,0,0,0,0
23984,480,34,1,1,0,0,0,0
23985,480,35,5,2,0,0,0,1
23986,480,36,6,2,0,1,1,0
23987,480,37,4,1,1,1,0,0
23988,480,38,4,1,1,1,0,-1
23989,480,39,3,1,1,0,0,1
23990,480,40,8,2,1,1,0,0
23991,480,41,8,2,1,1,0,0
23992,480,42,4,1,1,1,0,0
23993,480,43,4,1,1,1,-1,0
23994,480,44,6,2,0,1,0,0
23995,480,45,6,2,0,1,0,0
23996,480,46,2,1,0,1,0,0
23997,480,47,2,1,0,1,0,-1
23998,480,48,5,2,0,0,1,1
23999,480,49,4,1,1,1,0,0
24000,480,50,8,2,1,1,0,0
24001,481,1,3,1,1,0,-1,0
24002,481,2,5,2,0,0,0,0
24003,481,3,1,1,0,0,1,0
24004,481,4,3,1,1,0,0,0
24005,481,5,7,2,1,0,0,1
24006,481,6,4,1,1,1,0,0
24007,481,7,4,1,1,1,0,0
24008,481,8,4,1,1,1,0,0
24009,481,9,4,1,1,1,0,0
24010,481,10,8,2,1,1,0,-1
24011,481,11,3,1,1,0,-1,0
24012,481,12,1,1,0,0,0,1
24013,481,13,2,1,0,1,0,-1
24014,481,14,1,1,0,0,0,1
24015,481,15,2,1,0,1,0,0
24016,481,16,6,2,0,1,0,0
24017,481,17,6,2,0,1,0,0
24018,481,18,2,1,0,1,0,0
24019,481,19,2,1,0,1,0,0
24020,481,20,2,1,0,1,0,0
24021,481,21,2,1,0,1,1,-1
24022,481,22,3,1,1,0,-1,0
24023,481,23,1,1,0,0,1,1
24024,481,24,4,1,1,1,0,0
24025,481,25,4,1,1,1,0,0
24026,481,26,4,1,1,1,0,0
24027,481,27,4,1,1,1,0,0
24028,481,28,8,2,1,1,0,-1
24029,481,29,7,2,1,0,0,0
24030,481,30,3,1,1,0,0,0
24031,481,31,3,1,1,0,0,0
24032,481,32,3,1,1,0,0,0
24033,481,33,3,1,1,0,0,1
24034,481,34,8,2,1,1,-1,0
24035,481,35,6,2,0,1,1,-1
24036,481,36,7,2,1,0,0,1
24037,481,37,4,1,1,1,0,0
24038,481,38,8,2,1,1,0,0
24039,481,39,8,2,1,1,0,-1
24040,481,40,3,1,1,0,0,1
24041,481,41,4,1,1,1,0,0
24042,481,42,8,2,1,1,0,0
24043,481,43,4,1,1,1,0,0
24044,481,44,4,1,1,1,0,0
24045,481,45,4,1,1,1,-1,0
24046,481,46,2,1,0,1,0,0
24047,481,47,2,1,0,1,0,0
24048,481,48,2,1,0,1,0,0
24049,481,49,2,1,0,1,0,0
24050,481,50,2,1,0,1,0,0
24051,482,1,7,2,1,0,0,0
24052,482,2,7,2,1,0,0,1
24053,482,3,8,2,1,1,0,0
24054,482,4,8,2,1,1,-1,0
24055,482,5,6,2,0,1,0,0
24056,482,6,6,2,0,1,0,0
24057,482,7,6,2,0,1,0,0
24058,482,8,6,2,0,1,1,0
24059,482,9,4,1,1,1,0,0
24060,482,10,4,1,1,1,0,-1
24061,482,11,3,1,1,0,0,0
24062,482,12,7,2,1,0,0,1
24063,482,13,8,2,1,1,0,0
24064,482,14,8,2,1,1,0,-1
24065,482,15,3,1,1,0,0,0
24066,482,16,3,1,1,0,0,0
24067,482,17,3,1,1,0,0,0
24068,482,18,3,1,1,0,0,0
24069,482,19,3,1,1,0,0,0
24070,482,20,7,2,1,0,0,0
24071,482,21,7,2,1,0,0,0
24072,482,22,3,1,1,0,0,1
24073,482,23,8,2,1,1,0,0
24074,482,24,4,1,1,1,0,0
24075,482,25,4,1,1,1,0,0
24076,482,26,4,1,1,1,0,0
24077,482,27,4,1,1,1,-1,0
24078,482,28,2,1,0,1,0,0
24079,482,29,2,1,0,1,1,0
24080,482,30,8,2,1,1,-1,-1
24081,482,31,5,2,0,0,1,1
24082,482,32,8,2,1,1,-1,-1
24083,482,33,5,2,0,0,1,0
24084,482,34,7,2,1,0,0,0
24085,482,35,3,1,1,0,0,0
24086,482,36,7,2,1,0,-1,0
24087,482,37,1,1,0,0,1,1
24088,482,38,4,1,1,1,-1,0
24089,482,39,2,1,0,1,0,0
24090,482,40,6,2,0,1,1,0
24091,482,41,8,2,1,1,0,-1
24092,482,42,3,1,1,0,-1,0
24093,482,43,5,2,0,0,1,0
24094,482,44,7,2,1,0,0,0
24095,482,45,3,1,1,0,0,0
24096,482,46,3,1,1,0,0,0
24097,482,47,3,1,1,0,0,0
24098,482,48,3,1,1,0,0,0
24099,482,49,7,2,1,0,0,0
24100,482,50,3,1,1,0,0,0
24101,483,1,4,1,1,1,-1,0
24102,483,2,2,1,0,1,1,0
24103,483,3,4,1,1,1,0,0
24104,483,4,4,1,1,1,0,0
24105,483,5,4,1,1,1,-1,0
24106,483,6,6,2,0,1,0,0
24107,483,7,2,1,0,1,0,0
24108,483,8,6,2,0,1,0,-1
24109,483,9,5,2,0,0,1,0
24110,483,10,7,2,1,0,0,0
24111,483,11,7,2,1,0,0,0
24112,483,12,7,2,1,0,-1,0
24113,483,13,5,2,0,0,0,0
24114,483,14,5,2,0,0,0,0
24115,483,15,1,1,0,0,0,0
24116,483,16,5,2,0,0,0,0
24117,483,17,1,1,0,0,0,0
24118,483,18,1,1,0,0,1,0
24119,483,19,3,1,1,0,0,1
24120,483,20,4,1,1,1,0,0
24121,483,21,4,1,1,1,0,0
24122,483,22,4,1,1,1,0,0
24123,483,23,4,1,1,1,-1,0
24124,483,24,6,2,0,1,0,0
24125,483,25,6,2,0,1,0,0
24126,483,26,2,1,0,1,0,0
24127,483,27,6,2,0,1,1,-1
24128,483,28,3,1,1,0,0,0
24129,483,29,7,2,1,0,0,0
24130,483,30,7,2,1,0,0,1
24131,483,31,8,2,1,1,-1,0
24132,483,32,2,1,0,1,1,0
24133,483,33,4,1,1,1,0,0
24134,483,34,8,2,1,1,0,0
24135,483,35,4,1,1,1,0,-1
24136,483,36,3,1,1,0,0,1
24137,483,37,4,1,1,1,0,-1
24138,483,38,3,1,1,0,0,0
24139,483,39,3,1,1,0,0,1
24140,483,40,4,1,1,1,0,0
24141,483,41,4,1,1,1,0,0
24142,483,42,4,1,1,1,0,0
24143,483,43,4,1,1,1,0,0
24144,483,44,8,2,1,1,0,0
24145,483,45,8,2,1,1,0,0
24146,483,46,8,2,1,1,0,0
24147,483,47,4,1,1,1,0,0
24148,483,48,8,2,1,1,-1,0
24149,483,49,6,2,0,1,0,0
24150,483,50,2,1,0,1,0,0
24151,484,1,5,2,0,0,1,1
24152,484,2,8,2,1,1,-1,0
24153,484,3,6,2,0,1,0,0
24154,484,4,6,2,0,1,0,0
24155,484,5,6,2,0,1,0,0
24156,484,6,2,1,0,1,1,0
24157,484,7,8,2,1,1,-1,0
24158,484,8,6,2,0,1,0,0
24159,484,9,2,1,0,1,0,0
24160,484,10,6,2,0,1,1,-1
24161,484,11,3,1,1,0,0,0
24162,484,12,7,2,1,0,-1,0
24163,484,13,1,1,0,0,0,0
24164,484,14,1,1,0,0,0,1
24165,484,15,2,1,0,1,0,0
24166,484,16,6,2,0,1,0,0
24167,484,17,6,2,0,1,0,0
24168,484,18,6,2,0,1,1,0
24169,484,19,4,1,1,1,0,0
24170,484,20,4,1,1,1,0,0
24171,484,21,4,1,1,1,0,0
24172,484,22,4,1,1,1,0,0
24173,484,23,4,1,1,1,0,0
24174,484,24,4,1,1,1,-1,0
24175,484,25,2,1,0,1,0,0
24176,484,26,6,2,0,1,0,0
24177,484,27,6,2,0,1,0,-1
24178,484,28,1,1,0,0,1,0
24179,484,29,3,1,1,0,-1,0
24180,484,30,1,1,0,0,0,0
24181,484,31,1,1,0,0,0,0
24182,484,32,1,1,0,0,0,1
24183,484,33,6,2,0,1,0,0
24184,484,34,6,2,0,1,0,0
24185,484,35,6,2,0,1,0,0
24186,484,36,6,2,0,1,1,0
24187,484,37,8,2,1,1,0,-1
24188,484,38,3,1,1,0,-1,0
24189,484,39,1,1,0,0,0,1
24190,484,40,2,1,0,1,0,0
24191,484,41,2,1,0,1,0,0
24192,484,42,2,1,0,1,0,0
24193,484,43,2,1,0,1,1,0
24194,484,44,4,1,1,1,0,0
24195,484,45,4,1,1,1,-1,0
24196,484,46,2,1,0,1,0,0
24197,484,47,6,2,0,1,0,0
24198,484,48,6,2,0,1,0,0
24199,484,49,6,2,0,1,0,-1
24200,484,50,5,2,0,0,1,0
24201,485,1,7,2,1,0,0,1
24202,485,2,8,2,1,1,0,0
24203,485,3,8,2,1,1,0,0
24204,485,4,8,2,1,1,0,-1
24205,485,5,3,1,1,0,0,0
24206,485,6,3,1,1,0,0,1
24207,485,7,4,1,1,1,0,0
24208,485,8,8,2,1,1,-1,0
24209,485,9,2,1,0,1,0,-1
24210,485,10,5,2,0,0,0,0
24211,485,11,1,1,0,0,0,0
24212,485,12,1,1,0,0,1,1
24213,485,13,4,1,1,1,0,0
24214,485,14,4,1,1,1,0,0
24215,485,15,4,1,1,1,0,-1
24216,485,16,3,1,1,0,0,0
24217,485,17,3,1,1,0,0,0
24218,485,18,3,1,1,0,0,0
24219,485,19,3,1,1,0,0,0
24220,485,20,3,1,1,0,0,1
24221,485,21,4,1,1,1,-1,0
24222,485,22,2,1,0,1,0,0
24223,485,23,2,1,0,1,1,0
24224,485,24,4,1,1,1,0,0
24225,485,25,4,1,1,1,0,-1
24226,485,26,3,1,1,0,0,1
24227,485,27,8,2,1,1,0,0
24228,485,28,8,2,1,1,-1,0
24229,485,29,6,2,0,1,0,0
24230,485,30,2,1,0,1,1,-1
24231,485,31,7,2,1,0,0,0
24232,485,32,3,1,1,0,0,1
24233,485,33,4,1,1,1,0,0
24234,485,34,4,1,1,1,0,0
24235,485,35,4,1,1,1,0,0
24236,485,36,4,1,1,1,-1,-1
24237,485,37,1,1,0,0,1,0
24238,485,38,3,1,1,0,0,1
24239,485,39,4,1,1,1,0,0
24240,485,40,8,2,1,1,0,0
24241,485,41,8,2,1,1,0,0
24242,485,42,4,1,1,1,-1,0
24243,485,43,2,1,0,1,0,0
24244,485,44,2,1,0,1,0,0
24245,485,45,6,2,0,1,0,0
24246,485,46,2,1,0,1,0,0
24247,485,47,2,1,0,1,0,0
24248,485,48,6,2,0,1,0,0
24249,485,49,6,2,0,1,0,0
24250,485,50,6,2,0,1,0,0
24251,486,1,7,2,1,0,0,0
24252,486,2,7,2,1,0,0,0
24253,486,3,7,2,1,0,-1,0
24254,486,4,1,1,0,0,0,0
24255,486,5,1,1,0,0,0,0
24256,486,6,1,1,0,0,0,0
24257,486,7,1,1,0,0,1,1
24258,486,8,4,1,1,1,0,0
24259,486,9,8,2,1,1,0,-1
24260,486,10,7,2,1,0,0,0
24261,486,11,7,2,1,0,0,0
24262,486,12,7,2,1,0,0,0
24263,486,13,7,2,1,0,0,0
24264,486,14,7,2,1,0,-1,0
24265,486,15,5,2,0,0,0,0
24266,486,16,1,1,0,0,1,1
24267,486,17,8,2,1,1,-1,0
24268,486,18,6,2,0,1,0,-1
24269,486,19,5,2,0,0,0,0
24270,486,20,5,2,0,0,0,0
24271,486,21,1,1,0,0,0,0
24272,486,22,5,2,0,0,0,0
24273,486,23,5,2,0,0,1,0
24274,486,24,7,2,1,0,0,0
24275,486,25,7,2,1,0,0,0
24276,486,26,3,1,1,0,0,0
24277,486,27,3,1,1,0,0,0
24278,486,28,7,2,1,0,0,0
24279,486,29,3,1,1,0,0,0
24280,486,30,3,1,1,0,0,0
24281,486,31,7,2,1,0,0,1
24282,486,32,8,2,1,1,-1,-1
24283,486,33,5,2,0,0,0,1
24284,486,34,2,1,0,1,0,0
24285,486,35,6,2,0,1,1,0
24286,486,36,8,2,1,1,0,0
24287,486,37,4,1,1,1,0,0
24288,486,38,4,1,1,1,0,0
24289,486,39,4,1,1,1,0,0
24290,486,40,4,1,1,1,0,0
24291,486,41,4,1,1,1,0,0
24292,486,42,8,2,1,1,0,0
24293,486,43,4,1,1,1,0,0
24294,486,44,4,1,1,1,0,-1
24295,486,45,7,2,1,0,0,0
24296,486,46,7,2,1,0,-1,1
24297,486,47,6,2,0,1,0,-1
24298,486,48,1,1,0,0,1,0
24299,486,49,3,1,1,0,0,0
24300,486,50,7,2,1,0,0,1
24301,487,1,8,2,1,1,0,0
24302,487,2,4,1,1,1,0,0
24303,487,3,8,2,1,1,0,-1
24304,487,4,3,1,1,0,0,1
24305,487,5,4,1,1,1,0,0
24306,487,6,8,2,1,1,0,0
24307,487,7,8,2,1,1,0,-1
24308,487,8,3,1,1,0,0,1
24309,487,9,4,1,1,1,0,0
24310,487,10,4,1,1,1,0,0
24311,487,11,8,2,1,1,0,0
24312,487,12,4,1,1,1,0,-1
24313,487,13,3,1,1,0,0,0
24314,487,14,7,2,1,0,-1,0
24315,487,15,1,1,0,0,0,1
24316,487,16,6,2,0,1,0,0
24317,487,17,6,2,0,1,0,0
24318,487,18,6,2,0,1,0,0
24319,487,19,6,2,0,1,0,-1
24320,487,20,5,2,0,0,0,0
24321,487,21,1,1,0,0,1,1
24322,487,22,8,2,1,1,-1,0
24323,487,23,2,1,0,1,1,0
24324,487,24,8,2,1,1,0,0
24325,487,25,8,2,1,1,0,0
24326,487,26,4,1,1,1,0,0
24327,487,27,4,1,1,1,0,0
24328,487,28,4,1,1,1,0,0
24329,487,29,4,1,1,1,0,0
24330,487,30,8,2,1,1,0,0
24331,487,31,8,2,1,1,0,0
24332,487,32,4,1,1,1,0,0
24333,487,33,8,2,1,1,0,0
24334,487,34,8,2,1,1,0,0
24335,487,35,4,1,1,1,0,0
24336,487,36,4,1,1,1,0,-1
24337,487,37,3,1,1,0,0,1
24338,487,38,4,1,1,1,-1,-1
24339,487,39,5,2,0,0,0,1
24340,487,40,6,2,0,1,0,0
24341,487,41,2,1,0,1,1,0
24342,487,42,8,2,1,1,0,0
24343,487,43,8,2,1,1,-1,0
24344,487,44,6,2,0,1,0,0
24345,487,45,2,1,0,1,0,0
24346,487,46,6,2,0,1,0,-1
24347,487,47,1,1,0,0,0,0
24348,487,48,1,1,0,0,0,0
24349,487,49,1,1,0,0,0,0
24350,487,50,5,2,0,0,0,0
24351,488,1,7,2,1,0,0,0
24352,488,2,7,2,1,0,-1,1
24353,488,3,2,1,0,1,0,-1
24354,488,4,5,2,0,0,0,0
24355,488,5,5,2,0,0,0,1
24356,488,6,2,1,0,1,0,0
24357,488,7,6,2,0,1,0,0
24358,488,8,6,2,0,1,0,0
24359,488,9,2,1,0,1,0,0
24360,488,10,2,1,0,1,0,0
24361,488,11,6,2,0,1,0,0
24362,488,12,2,1,0,1,0,0
24363,488,13,6,2,0,1,0,0
24364,488,14,6,2,0,1,0,0
24365,488,15,2,1,0,1,0,0
24366,488,16,2,1,0,1,0,0
24367,488,17,2,1,0,1,0,0
24368,488,18,6,2,0,1,1,-1
24369,488,19,7,2,1,0,0,0
24370,488,20,3,1,1,0,0,0
24371,488,21,3,1,1,0,0,0
24372,488,22,3,1,1,0,-1,0
24373,488,23,1,1,0,0,0,1
24374,488,24,6,2,0,1,0,0
24375,488,25,6,2,0,1,0,0
24376,488,26,6,2,0,1,0,0
24377,488,27,6,2,0,1,0,0
24378,488,28,6,2,0,1,0,0
24379,488,29,6,2,0,1,0,0
24380,488,30,2,1,0,1,0,0
24381,488,31,2,1,0,1,0,0
24382,488,32,2,1,0,1,0,0
24383,488,33,2,1,0,1,1,0
24384,488,34,8,2,1,1,-1,0
24385,488,35,6,2,0,1,0,-1
24386,488,36,5,2,0,0,0,0
24387,488,37,5,2,0,0,1,0
24388,488,38,7,2,1,0,0,1
24389,488,39,8,2,1,1,-1,0
24390,488,40,6,2,0,1,0,0
24391,488,41,2,1,0,1,0,0
24392,488,42,2,1,0,1,0,0
24393,488,43,2,1,0,1,0,0
24394,488,44,2,1,0,1,0,0
24395,488,45,2,1,0,1,1,0
24396,488,46,4,1,1,1,0,-1
24397,488,47,3,1,1,0,-1,1
24398,488,48,2,1,0,1,1,0
24399,488,49,4,1,1,1,-1,0
24400,488,50,2,1,0,1,0,0
24401,489,1,4,1,1,1,-1,0
24402,489,2,2,1,0,1,0,-1
24403,489,3,5,2,0,0,0,0
24404,489,4,1,1,0,0,0,0
24405,489,5,1,1,0,0,0,0
24406,489,6,5,2,0,0,1,1
24407,489,7,8,2,1,1,-1,0
24408,489,8,6,2,0,1,0,0
24409,489,9,2,1,0,1,0,0
24410,489,10,6,2,0,1,0,0
24411,489,11,2,1,0,1,1,0
24412,489,12,8,2,1,1,0,0
24413,489,13,4,1,1,1,0,-1
24414,489,14,3,1,1,0,0,0
24415,489,15,7,2,1,0,0,0
24416,489,16,3,1,1,0,0,1
24417,489,17,8,2,1,1,-1,-1
24418,489,18,5,2,0,0,0,1
24419,489,19,2,1,0,1,1,0
24420,489,20,4,1,1,1,0,0
24421,489,21,4,1,1,1,0,0
24422,489,22,4,1,1,1,0,-1
24423,489,23,3,1,1,0,0,0
24424,489,24,3,1,1,0,0,0
24425,489,25,3,1,1,0,-1,0
24426,489,26,1,1,0,0,0,0
24427,489,27,1,1,0,0,0,0
24428,489,28,1,1,0,0,0,0
24429,489,29,1,1,0,0,0,0
24430,489,30,1,1,0,0,0,1
24431,489,31,6,2,0,1,0,0
24432,489,32,6,2,0,1,1,0
24433,489,33,4,1,1,1,0,0
24434,489,34,8,2,1,1,0,0
24435,489,35,8,2,1,1,0,-1
24436,489,36,7,2,1,0,0,1
24437,489,37,8,2,1,1,0,-1
24438,489,38,3,1,1,0,0,0
24439,489,39,7,2,1,0,0,1
24440,489,40,8,2,1,1,0,0
24441,489,41,4,1,1,1,0,0
24442,489,42,4,1,1,1,-1,0
24443,489,43,6,2,0,1,0,0
24444,489,44,2,1,0,1,0,0
24445,489,45,2,1,0,1,0,0
24446,489,46,2,1,0,1,1,0
24447,489,47,4,1,1,1,-1,0
24448,489,48,2,1,0,1,0,-1
24449,489,49,5,2,0,0,0,0
24450,489,50,5,2,0,0,0,0
24451,490,1,6,2,0,1,0,0
24452,490,2,6,2,0,1,1,0
24453,490,3,8,2,1,1,0,0
24454,490,4,4,1,1,1,0,0
24455,490,5,4,1,1,1,0,0
24456,490,6,8,2,1,1,-1,0
24457,490,7,2,1,0,1,0,-1
24458,490,8,5,2,0,0,0,0
24459,490,9,1,1,0,0,0,0
24460,490,10,1,1,0,0,1,0
24461,490,11,3,1,1,0,0,0
24462,490,12,3,1,1,0,0,0
24463,490,13,7,2,1,0,0,1
24464,490,14,4,1,1,1,-1,0
24465,490,15,2,1,0,1,1,0
24466,490,16,4,1,1,1,0,0
24467,490,17,4,1,1,1,0,-1
24468,490,18,3,1,1,0,0,1
24469,490,19,8,2,1,1,0,0
24470,490,20,8,2,1,1,0,0
24471,490,21,8,2,1,1,0,0
24472,490,22,8,2,1,1,0,0
24473,490,23,8,2,1,1,-1,0
24474,490,24,2,1,0,1,0,0
24475,490,25,6,2,0,1,0,0
24476,490,26,6,2,0,1,1,0
24477,490,27,8,2,1,1,-1,-1
24478,490,28,5,2,0,0,0,1
24479,490,29,6,2,0,1,0,0
24480,490,30,6,2,0,1,0,-1
24481,490,31,5,2,0,0,0,0
24482,490,32,5,2,0,0,0,1
24483,490,33,2,1,0,1,0,0
24484,490,34,6,2,0,1,0,-1
24485,490,35,5,2,0,0,0,1
24486,490,36,6,2,0,1,0,0
24487,490,37,2,1,0,1,1,0
24488,490,38,4,1,1,1,0,0
24489,490,39,8,2,1,1,0,-1
24490,490,40,7,2,1,0,0,0
24491,490,41,3,1,1,0,0,0
24492,490,42,3,1,1,0,0,0
24493,490,43,7,2,1,0,0,1
24494,490,44,8,2,1,1,0,0
24495,490,45,8,2,1,1,0,-1
24496,490,46,7,2,1,0,0,0
24497,490,47,3,1,1,0,0,1
24498,490,48,4,1,1,1,0,0
24499,490,49,4,1,1,1,0,0
24500,490,50,8,2,1,1,0,0
24501,491,1,6,2,0,1,0,0
24502,491,2,6,2,0,1,0,0
24503,491,3,6,2,0,1,0,0
24504,491,4,6,2,0,1,0,-1
24505,491,5,1,1,0,0,0,0
24506,491,6,1,1,0,0,0,0
24507,491,7,5,2,0,0,1,0
24508,491,8,3,1,1,0,0,0
24509,491,9,3,1,1,0,0,0
24510,491,10,3,1,1,0,0,0
24511,491,11,3,1,1,0,0,0
24512,491,12,3,1,1,0,0,0
24513,491,13,3,1,1,0,0,0
24514,491,14,3,1,1,0,0,0
24515,491,15,7,2,1,0,0,0
24516,491,16,7,2,1,0,0,0
24517,491,17,3,1,1,0,0,0
24518,491,18,3,1,1,0,0,1
24519,491,19,4,1,1,1,-1,0
24520,491,20,2,1,0,1,1,0
24521,491,21,8,2,1,1,0,-1
24522,491,22,3,1,1,0,0,0
24523,491,23,3,1,1,0,0,0
24524,491,24,3,1,1,0,-1,1
24525,491,25,6,2,0,1,0,0
24526,491,26,2,1,0,1,0,0
24527,491,27,2,1,0,1,0,0
24528,491,28,2,1,0,1,0,0
24529,491,29,2,1,0,1,0,0
24530,491,30,6,2,0,1,0,0
24531,491,31,2,1,0,1,0,0
24532,491,32,6,2,0,1,0,-1
24533,491,33,5,2,0,0,0,0
24534,491,34,5,2,0,0,0,0
24535,491,35,5,2,0,0,0,1
24536,491,36,2,1,0,1,0,0
24537,491,37,6,2,0,1,0,0
24538,491,38,6,2,0,1,1,0
24539,491,39,8,2,1,1,0,0
24540,491,40,4,1,1,1,-1,-1
24541,491,41,5,2,0,0,0,0
24542,491,42,1,1,0,0,0,1
24543,491,43,6,2,0,1,0,0
24544,491,44,2,1,0,1,0,0
24545,491,45,2,1,0,1,0,0
24546,491,46,2,1,0,1,0,-1
24547,491,47,5,2,0,0,1,0
24548,491,48,3,1,1,0,0,1
24549,491,49,4,1,1,1,-1,0
24550,491,50,6,2,0,1,1,0
24551,492,1,5,2,0,0,1,1
24552,492,2,4,1,1,1,0,-1
24553,492,3,3,1,1,0,0,0
24554,492,4,3,1,1,0,-1,0
24555,492,5,1,1,0,0,1,0
24556,492,6,3,1,1,0,0,0
24557,492,7,7,2,1,0,-1,0
24558,492,8,5,2,0,0,0,0
24559,492,9,1,1,0,0,0,0
24560,492,10,1,1,0,0,1,0
24561,492,11,3,1,1,0,0,1
24562,492,12,4,1,1,1,0,0
24563,492,13,4,1,1,1,0,-1
24564,492,14,7,2,1,0,-1,0
24565,492,15,5,2,0,0,1,0
24566,492,16,3,1,1,0,-1,0
24567,492,17,1,1,0,0,0,0
24568,492,18,5,2,0,0,1,1
24569,492,19,8,2,1,1,0,0
24570,492,20,4,1,1,1,0,0
24571,492,21,4,1,1,1,0,-1
24572,492,22,3,1,1,0,0,1
24573,492,23,8,2,1,1,0,0
24574,492,24,8,2,1,1,0,-1
24575,492,25,7,2,1,0,-1,1
24576,492,26,6,2,0,1,0,0
24577,492,27,2,1,0,1,1,0
24578,492,28,4,1,1,1,0,0
24579,492,29,4,1,1,1,0,0
24580,492,30,4,1,1,1,0,0
24581,492,31,8,2,1,1,-1,-1
24582,492,32,1,1,0,0,0,1
24583,492,33,6,2,0,1,0,0
24584,492,34,2,1,0,1,0,-1
24585,492,35,5,2,0,0,1,0
24586,492,36,7,2,1,0,0,0
24587,492,37,3,1,1,0,0,0
24588,492,38,7,2,1,0,0,0
24589,492,39,7,2,1,0,0,0
24590,492,40,3,1,1,0,0,0
24591,492,41,3,1,1,0,0,0
24592,492,42,3,1,1,0,0,1
24593,492,43,4,1,1,1,0,0
24594,492,44,4,1,1,1,-1,0
24595,492,45,2,1,0,1,0,-1
24596,492,46,1,1,0,0,1,1
24597,492,47,8,2,1,1,0,0
24598,492,48,4,1,1,1,-1,0
24599,492,49,2,1,0,1,0,-1
24600,492,50,1,1,0,0,0,0
24601,493,1,4,1,1,1,0,-1
24602,493,2,7,2,1,0,0,0
24603,493,3,7,2,1,0,0,0
24604,493,4,3,1,1,0,0,0
24605,493,5,7,2,1,0,0,0
24606,493,6,7,2,1,0,0,0
24607,493,7,3,1,1,0,0,0
24608,493,8,7,2,1,0,0,0
24609,493,9,7,2,1,0,0,0
24610,493,10,3,1,1,0,0,1
24611,493,11,4,1,1,1,-1,-1
24612,493,12,1,1,0,0,1,0
24613,493,13,7,2,1,0,0,0
24614,493,14,7,2,1,0,-1,0
24615,493,15,1,1,0,0,0,1
24616,493,16,2,1,0,1,0,0
24617,493,17,6,2,0,1,0,0
24618,493,18,2,1,0,1,0,-1
24619,493,19,1,1,0,0,0,0
24620,493,20,5,2,0,0,0,0
24621,493,21,1,1,0,0,0,0
24622,493,22,1,1,0,0,1,1
24623,493,23,4,1,1,1,0,0
24624,493,24,4,1,1,1,0,0
24625,493,25,8,2,1,1,0,-1
24626,493,26,7,2,1,0,0,0
24627,493,27,7,2,1,0,0,0
24628,493,28,7,2,1,0,0,1
24629,493,29,8,2,1,1,0,0
24630,493,30,4,1,1,1,-1,0
24631,493,31,6,2,0,1,0,-1
24632,493,32,1,1,0,0,0,0
24633,493,33,1,1,0,0,0,0
24634,493,34,1,1,0,0,0,1
24635,493,35,2,1,0,1,0,0
24636,493,36,2,1,0,1,0,0
24637,493,37,2,1,0,1,0,0
24638,493,38,2,1,0,1,0,0
24639,493,39,6,2,0,1,0,0
24640,493,40,6,2,0,1,1,0
24641,493,41,8,2,1,1,-1,-1
24642,493,42,5,2,0,0,0,0
24643,493,43,5,2,0,0,0,0
24644,493,44,5,2,0,0,1,0
24645,493,45,7,2,1,0,0,0
24646,493,46,7,2,1,0,-1,0
24647,493,47,1,1,0,0,0,0
24648,493,48,1,1,0,0,0,0
24649,493,49,1,1,0,0,0,1
24650,493,50,2,1,0,1,0,-1
24651,494,1,5,2,0,0,0,0
24652,494,2,5,2,0,0,0,0
24653,494,3,5,2,0,0,1,1
24654,494,4,4,1,1,1,0,0
24655,494,5,4,1,1,1,0,0
24656,494,6,8,2,1,1,-1,0
24657,494,7,6,2,0,1,1,0
24658,494,8,4,1,1,1,0,0
24659,494,9,4,1,1,1,0,0
24660,494,10,8,2,1,1,0,0
24661,494,11,8,2,1,1,-1,0
24662,494,12,2,1,0,1,0,0
24663,494,13,6,2,0,1,0,0
24664,494,14,6,2,0,1,0,0
24665,494,15,6,2,0,1,1,0
24666,494,16,8,2,1,1,0,0
24667,494,17,8,2,1,1,-1,0
24668,494,18,2,1,0,1,0,0
24669,494,19,2,1,0,1,0,0
24670,494,20,6,2,0,1,1,-1
24671,494,21,3,1,1,0,-1,1
24672,494,22,6,2,0,1,0,0
24673,494,23,2,1,0,1,0,-1
24674,494,24,1,1,0,0,1,0
24675,494,25,3,1,1,0,0,1
24676,494,26,4,1,1,1,0,0
24677,494,27,4,1,1,1,0,-1
24678,494,28,3,1,1,0,0,0
24679,494,29,3,1,1,0,-1,0
24680,494,30,1,1,0,0,1,0
24681,494,31,3,1,1,0,0,0
24682,494,32,7,2,1,0,0,0
24683,494,33,3,1,1,0,0,0
24684,494,34,3,1,1,0,0,0
24685,494,35,3,1,1,0,0,0
24686,494,36,3,1,1,0,0,1
24687,494,37,4,1,1,1,0,0
24688,494,38,8,2,1,1,-1,0
24689,494,39,6,2,0,1,0,0
24690,494,40,6,2,0,1,1,0
24691,494,41,8,2,1,1,0,0
24692,494,42,4,1,1,1,-1,0
24693,494,43,2,1,0,1,0,-1
24694,494,44,5,2,0,0,0,0
24695,494,45,5,2,0,0,0,0
24696,494,46,5,2,0,0,0,0
24697,494,47,5,2,0,0,1,1
24698,494,48,8,2,1,1,0,0
24699,494,49,4,1,1,1,0,0
24700,494,50,4,1,1,1,0,0
24701,495,1,5,2,0,0,0,0
24702,495,2,5,2,0,0,1,0
24703,495,3,7,2,1,0,0,0
24704,495,4,3,1,1,0,0,1
24705,495,5,4,1,1,1,0,0
24706,495,6,4,1,1,1,0,0
24707,495,7,8,2,1,1,0,0
24708,495,8,8,2,1,1,0,0
24709,495,9,8,2,1,1,-1,0
24710,495,10,6,2,0,1,0,-1
24711,495,11,5,2,0,0,1,0
24712,495,12,3,1,1,0,0,0
24713,495,13,3,1,1,0,0,0
24714,495,14,3,1,1,0,-1,1
24715,495,15,2,1,0,1,0,0
24716,495,16,2,1,0,1,0,0
24717,495,17,2,1,0,1,0,0
24718,495,18,2,1,0,1,0,-1
24719,495,19,5,2,0,0,0,0
24720,495,20,1,1,0,0,0,0
24721,495,21,1,1,0,0,1,0
24722,495,22,3,1,1,0,0,0
24723,495,23,3,1,1,0,0,1
24724,495,24,8,2,1,1,-1,-1
24725,495,25,5,2,0,0,0,0
24726,495,26,1,1,0,0,0,0
24727,495,27,1,1,0,0,0,0
24728,495,28,5,2,0,0,1,0
24729,495,29,3,1,1,0,0,0
24730,495,30,7,2,1,0,0,0
24731,495,31,7,2,1,0,-1,0
24732,495,32,5,2,0,0,0,1
24733,495,33,6,2,0,1,0,0
24734,495,34,2,1,0,1,1,0
24735,495,35,8,2,1,1,0,0
24736,495,36,8,2,1,1,0,0
24737,495,37,4,1,1,1,0,0
24738,495,38,8,2,1,1,0,0
24739,495,39,8,2,1,1,-1,0
24740,495,40,6,2,0,1,0,0
24741,495,41,2,1,0,1,0,0
24742,495,42,2,1,0,1,0,0
24743,495,43,2,1,0,1,0,0
24744,495,44,6,2,0,1,0,0
24745,495,45,2,1,0,1,0,-1
24746,495,46,5,2,0,0,1,1
24747,495,47,8,2,1,1,0,-1
24748,495,48,7,2,1,0,0,0
24749,495,49,3,1,1,0,-1,1
24750,495,50,2,1,0,1,0,0
24751,496,1,5,2,0,0,0,1
24752,496,2,2,1,0,1,0,0
24753,496,3,2,1,0,1,0,0
24754,496,4,2,1,0,1,0,-1
24755,496,5,5,2,0,0,0,1
24756,496,6,6,2,0,1,0,0
24757,496,7,2,1,0,1,0,-1
24758,496,8,5,2,0,0,1,0
24759,496,9,7,2,1,0,0,0
24760,496,10,7,2,1,0,0,0
24761,496,11,3,1,1,0,0,1
24762,496,12,4,1,1,1,-1,0
24763,496,13,2,1,0,1,0,0
24764,496,14,2,1,0,1,0,0
24765,496,15,2,1,0,1,0,0
24766,496,16,2,1,0,1,1,-1
24767,496,17,3,1,1,0,0,0
24768,496,18,3,1,1,0,0,0
24769,496,19,3,1,1,0,-1,0
24770,496,20,5,2,0,0,0,0
24771,496,21,1,1,0,0,0,0
24772,496,22,5,2,0,0,0,0
24773,496,23,1,1,0,0,0,0
24774,496,24,1,1,0,0,0,0
24775,496,25,1,1,0,0,0,0
24776,496,26,1,1,0,0,0,0
24777,496,27,1,1,0,0,0,1
24778,496,28,2,1,0,1,0,-1
24779,496,29,1,1,0,0,0,0
24780,496,30,5,2,0,0,0,0
24781,496,31,5,2,0,0,0,0
24782,496,32,1,1,0,0,0,0
24783,496,33,1,1,0,0,1,0
24784,496,34,3,1,1,0,0,1
24785,496,35,4,1,1,1,0,-1
24786,496,36,7,2,1,0,0,0
24787,496,37,3,1,1,0,-1,0
24788,496,38,1,1,0,0,0,1
24789,496,39,2,1,0,1,1,0
24790,496,40,4,1,1,1,0,0
24791,496,41,4,1,1,1,0,0
24792,496,42,4,1,1,1,0,0
24793,496,43,4,1,1,1,0,-1
24794,496,44,3,1,1,0,0,0
24795,496,45,3,1,1,0,0,1
24796,496,46,8,2,1,1,0,0
24797,496,47,4,1,1,1,0,0
24798,496,48,4,1,1,1,0,-1
24799,496,49,3,1,1,0,0,0
24800,496,50,7,2,1,0,0,0
24801,497,1,2,1,0,1,0,0
24802,497,2,2,1,0,1,0,0
24803,497,3,2,1,0,1,0,0
24804,497,4,2,1,0,1,0,0
24805,497,5,6,2,0,1,0,-1
24806,497,6,1,1,0,0,1,0
24807,497,7,3,1,1,0,0,0
24808,497,8,3,1,1,0,0,1
24809,497,9,4,1,1,1,0,0
24810,497,10,4,1,1,1,0,0
24811,497,11,8,2,1,1,-1,0
24812,497,12,6,2,0,1,0,0
24813,497,13,6,2,0,1,0,0
24814,497,14,6,2,0,1,0,0
24815,497,15,6,2,0,1,1,0
24816,497,16,4,1,1,1,0,0
24817,497,17,4,1,1,1,0,0
24818,497,18,4,1,1,1,-1,0
24819,497,19,2,1,0,1,1,0
24820,497,20,8,2,1,1,0,0
24821,497,21,8,2,1,1,0,0
24822,497,22,4,1,1,1,-1,0
24823,497,23,2,1,0,1,0,0
24824,497,24,2,1,0,1,0,-1
24825,497,25,1,1,0,0,0,0
24826,497,26,1,1,0,0,0,0
24827,497,27,5,2,0,0,0,0
24828,497,28,5,2,0,0,0,0
24829,497,29,5,2,0,0,0,0
24830,497,30,5,2,0,0,0,0
24831,497,31,1,1,0,0,0,0
24832,497,32,1,1,0,0,0,0
24833,497,33,1,1,0,0,0,0
24834,497,34,1,1,0,0,0,0
24835,497,35,5,2,0,0,1,0
24836,497,36,7,2,1,0,0,0
24837,497,37,3,1,1,0,0,0
24838,497,38,3,1,1,0,0,1
24839,497,39,8,2,1,1,0,0
24840,497,40,8,2,1,1,0,0
24841,497,41,8,2,1,1,0,0
24842,497,42,8,2,1,1,0,0
24843,497,43,4,1,1,1,-1,0
24844,497,44,2,1,0,1,0,0
24845,497,45,2,1,0,1,1,0
24846,497,46,4,1,1,1,0,0
24847,497,47,4,1,1,1,0,0
24848,497,48,4,1,1,1,-1,0
24849,497,49,2,1,0,1,0,0
24850,497,50,2,1,0,1,0,0
24851,498,1,8,2,1,1,0,0
24852,498,2,4,1,1,1,0,-1
24853,498,3,3,1,1,0,0,0
24854,498,4,3,1,1,0,-1,0
24855,498,5,5,2,0,0,0,0
24856,498,6,5,2,0,0,0,1
24857,498,7,6,2,0,1,0,0
24858,498,8,6,2,0,1,0,-1
24859,498,9,1,1,0,0,0,0
24860,498,10,1,1,0,0,0,0
24861,498,11,5,2,0,0,0,0
24862,498,12,5,2,0,0,0,0
24863,498,13,5,2,0,0,0,1
24864,498,14,2,1,0,1,0,-1
24865,498,15,5,2,0,0,1,1
24866,498,16,4,1,1,1,-1,0
24867,498,17,6,2,0,1,1,0
24868,498,18,8,2,1,1,0,-1
24869,498,19,3,1,1,0,0,0
24870,498,20,7,2,1,0,0,1
24871,498,21,4,1,1,1,0,0
24872,498,22,4,1,1,1,0,-1
24873,498,23,3,1,1,0,0,1
24874,498,24,8,2,1,1,0,0
24875,498,25,8,2,1,1,0,0
24876,498,26,8,2,1,1,0,0
24877,498,27,8,2,1,1,0,0
24878,498,28,8,2,1,1,0,-1
24879,498,29,3,1,1,0,0,0
24880,498,30,3,1,1,0,0,0
24881,498,31,3,1,1,0,0,0
24882,498,32,7,2,1,0,0,0
24883,498,33,7,2,1,0,0,0
24884,498,34,7,2,1,0,-1,0
24885,498,35,5,2,0,0,0,0
24886,498,36,5,2,0,0,1,0
24887,498,37,3,1,1,0,0,1
24888,498,38,4,1,1,1,0,-1
24889,498,39,3,1,1,0,0,0
24890,498,40,3,1,1,0,0,0
24891,498,41,3,1,1,0,0,1
24892,498,42,4,1,1,1,0,0
24893,498,43,4,1,1,1,0,0
24894,498,44,4,1,1,1,0,0
24895,498,45,4,1,1,1,0,0
24896,498,46,4,1,1,1,0,0
24897,498,47,4,1,1,1,0,-1
24898,498,48,3,1,1,0,0,0
24899,498,49,3,1,1,0,-1,0
24900,498,50,1,1,0,0,0,1
24901,499,1,1,1,0,0,0,0
24902,499,2,5,2,0,0,1,0
24903,499,3,7,2,1,0,0,0
24904,499,4,7,2,1,0,0,1
24905,499,5,8,2,1,1,-1,-1
24906,499,6,1,1,0,0,0,0
24907,499,7,1,1,0,0,0,0
24908,499,8,1,1,0,0,0,0
24909,499,9,1,1,0,0,1,0
24910,499,10,3,1,1,0,0,1
24911,499,11,4,1,1,1,0,0
24912,499,12,4,1,1,1,0,0
24913,499,13,4,1,1,1,0,0
24914,499,14,4,1,1,1,0,0
24915,499,15,8,2,1,1,0,0
24916,499,16,8,2,1,1,0,0
24917,499,17,8,2,1,1,-1,0
24918,499,18,6,2,0,1,1,0
24919,499,19,4,1,1,1,-1,-1
24920,499,20,1,1,0,0,0,0
24921,499,21,1,1,0,0,0,0
24922,499,22,1,1,0,0,1,0
24923,499,23,3,1,1,0,0,0
24924,499,24,7,2,1,0,0,1
24925,499,25,4,1,1,1,0,0
24926,499,26,4,1,1,1,0,0
24927,499,27,8,2,1,1,0,0
24928,499,28,4,1,1,1,0,0
24929,499,29,4,1,1,1,0,0
24930,499,30,8,2,1,1,-1,0
24931,499,31,6,2,0,1,0,0
24932,499,32,6,2,0,1,0,-1
24933,499,33,1,1,0,0,1,1
24934,499,34,4,1,1,1,-1,0
24935,499,35,6,2,0,1,0,0
24936,499,36,6,2,0,1,0,0
24937,499,37,6,2,0,1,0,0
24938,499,38,6,2,0,1,1,-1
24939,499,39,3,1,1,0,-1,1
24940,499,40,6,2,0,1,0,0
24941,499,41,2,1,0,1,0,0
24942,499,42,2,1,0,1,0,-1
24943,499,43,5,2,0,0,1,0
24944,499,44,7,2,1,0,0,0
24945,499,45,7,2,1,0,0,0
24946,499,46,7,2,1,0,-1,0
24947,499,47,5,2,0,0,1,1
24948,499,48,4,1,1,1,0,0
24949,499,49,8,2,1,1,0,0
24950,499,50,8,2,1,1,0,0
24951,500,1,3,1,1,0,0,0
24952,500,2,3,1,1,0,0,0
24953,500,3,3,1,1,0,0,0
24954,500,4,7,2,1,0,0,0
24955,500,5,7,2,1,0,0,1
24956,500,6,4,1,1,1,0,0
24957,500,7,8,2,1,1,0,0
24958,500,8,4,1,1,1,-1,0
24959,500,9,2,1,0,1,0,0
24960,500,10,2,1,0,1,0,0
24961,500,11,6,2,0,1,1,0
24962,500,12,4,1,1,1,0,0
24963,500,13,4,1,1,1,0,-1
24964,500,14,3,1,1,0,0,0
24965,500,15,7,2,1,0,-1,1
24966,500,16,2,1,0,1,0,0
24967,500,17,2,1,0,1,0,0
24968,500,18,2,1,0,1,0,0
24969,500,19,6,2,0,1,1,0
24970,500,20,8,2,1,1,0,-1
24971,500,21,3,1,1,0,0,0
24972,500,22,7,2,1,0,0,1
24973,500,23,4,1,1,1,0,0
24974,500,24,4,1,1,1,0,-1
24975,500,25,7,2,1,0,0,0
24976,500,26,7,2,1,0,0,0
24977,500,27,3,1,1,0,0,0
24978,500,28,3,1,1,0,-1,0
24979,500,29,5,2,0,0,0,1
24980,500,30,2,1,0,1,1,0
24981,500,31,4,1,1,1,0,-1
24982,500,32,7,2,1,0,0,0
24983,500,33,7,2,1,0,0,0
24984,500,34,7,2,1,0,0,0
24985,500,35,7,2,1,0,0,0
24986,500,36,7,2,1,0,0,1
24987,500,37,8,2,1,1,0,0
24988,500,38,8,2,1,1,0,0
24989,500,39,8,2,1,1,0,0
24990,500,40,4,1,1,1,0,0
24991,500,41,4,1,1,1,0,0
24992,500,42,8,2,1,1,0,0
24993,500,43,8,2,1,1,0,-1
24994,500,44,3,1,1,0,-1,1
24995,500,45,2,1,0,1,0,0
24996,500,46,6,2,0,1,0,0
24997,500,47,2,1,0,1,0,0
24998,500,48,6,2,0,1,0,0
24999,500,49,6,2,0,1,1,0
25000,500,50,4,1,1,1,0,0
