1,1,8,2,1,1,0,-1
1,2,3,1,1,0,-1,0
1,3,1,1,0,0,0,0
1,4,5,2,0,0,1,0
1,5,7,2,1,0,0,0
1,6,3,1,1,0,-1,0
1,7,1,1,0,0,1,0
1,8,3,1,1,0,0,0
1,9,3,1,1,0,0,0
1,10,3,1,1,0,0,0
1,11,7,2,1,0,0,0
1,12,7,2,1,0,0,0
1,13,3,1,1,0,0,0
1,14,3,1,1,0,-1,0
1,15,1,1,0,0,0,0
1,16,1,1,0,0,0,1
1,17,2,1,0,1,0,-1
1,18,1,1,0,0,1,1
1,19,4,1,1,1,0,0
1,20,4,1,1,1,0,0
1,21,4,1,1,1,-1,0
1,22,2,1,0,1,0,0
1,23,2,1,0,1,0,0
1,24,2,1,0,1,0,0
1,25,2,1,0,1,0,0
1,26,2,1,0,1,1,0
1,27,4,1,1,1,0,-1
1,28,7,2,1,0,0,0
1,29,7,2,1,0,0,0
1,30,7,2,1,0,0,0
1,31,3,1,1,0,0,1
1,32,4,1,1,1,0,0
1,33,8,2,1,1,0,-1
1,34,3,1,1,0,-1,1
1,35,2,1,0,1,0,0
1,36,2,1,0,1,0,0
1,37,6,2,0,1,0,0
1,38,6,2,0,1,0,0
1,39,6,2,0,1,1,0
1,40,4,1,1,1,0,0
1,41,8,2,1,1,0,-1
1,42,7,2,1,0,0,0
1,43,3,1,1,0,0,0
1,44,3,1,1,0,0,1
1,45,4,1,1,1,0,0
1,46,8,2,1,1,0,0
1,47,8,2,1,1,0,0
1,48,4,1,1,1,0,0
1,49,8,2,1,1,-1,-1
1,50,5,2,0,0,0,0
2,1,2,1,0,1,1,0
2,2,8,2,1,1,0,0
2,3,8,2,1,1,0,0
2,4,8,2,1,1,-1,0
2,5,2,1,0,1,0,0
2,6,2,1,0,1,0,0
2,7,2,1,0,1,0,0
2,8,2,1,0,1,0,0
2,9,6,2,0,1,0,0
2,10,6,2,0,1,0,0
2,11,2,1,0,1,0,0
2,12,2,1,0,1,0,0
2,13,2,1,0,1,0,0
2,14,6,2,0,1,0,0
2,15,6,2,0,1,0,0
2,16,2,1,0,1,1,0
2,17,8,2,1,1,0,-1
2,18,3,1,1,0,0,0
2,19,3,1,1,0,0,0
2,20,7,2,1,0,-1,0
2,21,5,2,0,0,0,1
2,22,6,2,0,1,1,0
2,23,8,2,1,1,0,0
2,24,4,1,1,1,-1,0
2,25,2,1,0,1,1,0
2,26,8,2,1,1,-1,0
2,27,2,1,0,1,1,0
2,28,4,1,1,1,0,0
2,29,4,1,1,1,0,-1
2,30,3,1,1,0,0,0
2,31,3,1,1,0,0,1
2,32,4,1,1,1,0,0
2,33,4,1,1,1,0,-1
2,34,3,1,1,0,0,0
2,35,3,1,1,0,0,0
2,36,3,1,1,0,0,0
2,37,3,1,1,0,-1,1
2,38,2,1,0,1,0,0
2,39,2,1,0,1,1,-1
2,40,3,1,1,0,0,0
2,41,7,2,1,0,0,0
2,42,3,1,1,0,0,0
2,43,7,2,1,0,0,0
2,44,3,1,1,0,0,0
2,45,7,2,1,0,0,0
2,46,7,2,1,0,0,1
2,47,8,2,1,1,0,0
2,48,8,2,1,1,0,0
2,49,4,1,1,1,0,0
2,50,8,2,1,1,0,-1
3,1,7,2,1,0,0,0
3,2,7,2,1,0,0,0
3,3,3,1,1,0,0,1
3,4,8,2,1,1,0,0
3,5,4,1,1,1,-1,-1
3,6,5,2,0,0,0,1
3,7,6,2,0,1,0,0
3,8,2,1,0,1,0,0
3,9,6,2,0,1,0,0
3,10,6,2,0,1,0,-1
3,11,5,2,0,0,0,0
3,12,1,1,0,0,0,0
3,13,1,1,0,0,0,0
3,14,5,2,0,0,1,0
3,15,3,1,1,0,0,0
3,16,3,1,1,0,0,0
3,17,3,1,1,0,0,1
3,18,8,2,1,1,0,0
3,19,8,2,1,1,-1,-1
3,20,1,1,0,0,0,1
3,21,2,1,0,1,0,0
3,22,2,1,0,1,1,0
3,23,4,1,1,1,0,0
3,24,4,1,1,1,0,0
3,25,4,1,1,1,0,-1
3,26,7,2,1,0,0,0
3,27,7,2,1,0,0,0
3,28,3,1,1,0,0,1
3,29,4,1,1,1,-1,-1
3,30,1,1,0,0,0,0
3,31,5,2,0,0,0,0
3,32,5,2,0,0,0,1
3,33,6,2,0,1,1,-1
3,34,7,2,1,0,0,0
3,35,3,1,1,0,0,0
3,36,7,2,1,0,-1,1
3,37,6,2,0,1,1,0
3,38,4,1,1,1,0,0
3,39,4,1,1,1,0,0
3,40,8,2,1,1,0,0
3,41,8,2,1,1,-1,0
3,42,6,2,0,1,0,0
3,43,6,2,0,1,0,0
3,44,6,2,0,1,0,0
3,45,2,1,0,1,0,-1
3,46,1,1,0,0,0,0
3,47,1,1,0,0,0,0
3,48,5,2,0,0,1,0
3,49,7,2,1,0,0,0
3,50,3,1,1,0,0,0
4,1,8,2,1,1,-1,0
4,2,2,1,0,1,0,0
4,3,6,2,0,1,0,0
4,4,6,2,0,1,1,0
4,5,8,2,1,1,0,-1
4,6,7,2,1,0,0,1
4,7,8,2,1,1,0,0
4,8,4,1,1,1,0,0
4,9,4,1,1,1,0,0
4,10,4,1,1,1,0,0
4,11,4,1,1,1,0,0
4,12,4,1,1,1,-1,0
4,13,2,1,0,1,0,0
4,14,6,2,0,1,0,0
4,15,6,2,0,1,0,-1
4,16,1,1,0,0,1,0
4,17,3,1,1,0,0,0
4,18,3,1,1,0,0,1
4,19,8,2,1,1,0,-1
4,20,3,1,1,0,0,0
4,21,3,1,1,0,-1,1
4,22,6,2,0,1,0,-1
4,23,5,2,0,0,0,0
4,24,1,1,0,0,0,0
4,25,5,2,0,0,0,0
4,26,5,2,0,0,0,0
4,27,5,2,0,0,1,0
4,28,3,1,1,0,0,0
4,29,3,1,1,0,0,1
4,30,4,1,1,1,0,0
4,31,4,1,1,1,-1,0
4,32,2,1,0,1,1,0
4,33,4,1,1,1,0,0
4,34,8,2,1,1,0,0
4,35,8,2,1,1,-1,0
4,36,2,1,0,1,1,0
4,37,8,2,1,1,0,-1
4,38,7,2,1,0,0,0
4,39,7,2,1,0,0,0
4,40,7,2,1,0,0,0
4,41,7,2,1,0,0,0
4,42,7,2,1,0,0,0
4,43,3,1,1,0,-1,1
4,44,2,1,0,1,0,0
4,45,2,1,0,1,0,0
4,46,2,1,0,1,0,-1
4,47,1,1,0,0,0,1
4,48,2,1,0,1,1,0
4,49,4,1,1,1,0,0
4,50,8,2,1,1,0,0
5,1,2,1,0,1,0,0
5,2,6,2,0,1,0,-1
5,3,1,1,0,0,0,0
5,4,1,1,0,0,1,1
5,5,4,1,1,1,0,0
5,6,4,1,1,1,0,0
5,7,8,2,1,1,0,0
5,8,4,1,1,1,0,0
5,9,4,1,1,1,0,0
5,10,8,2,1,1,0,0
5,11,8,2,1,1,0,0
5,12,4,1,1,1,0,0
5,13,8,2,1,1,0,0
5,14,8,2,1,1,0,0
5,15,8,2,1,1,0,0
5,16,8,2,1,1,0,0
5,17,4,1,1,1,0,0
5,18,4,1,1,1,0,0
5,19,8,2,1,1,0,0
5,20,4,1,1,1,0,-1
5,21,7,2,1,0,0,0
5,22,7,2,1,0,0,0
5,23,7,2,1,0,0,0
5,24,7,2,1,0,0,0
5,25,3,1,1,0,0,0
5,26,7,2,1,0,0,0
5,27,3,1,1,0,0,0
5,28,3,1,1,0,-1,0
5,29,1,1,0,0,0,0
5,30,5,2,0,0,0,0
5,31,5,2,0,0,0,0
5,32,5,2,0,0,0,1
5,33,2,1,0,1,1,0
5,34,4,1,1,1,-1,0
5,35,2,1,0,1,1,0
5,36,4,1,1,1,0,-1
5,37,7,2,1,0,0,1
5,38,8,2,1,1,0,0
5,39,4,1,1,1,0,-1
5,40,3,1,1,0,0,1
5,41,8,2,1,1,0,0
5,42,4,1,1,1,0,-1
5,43,7,2,1,0,0,0
5,44,7,2,1,0,-1,0
5,45,1,1,0,0,1,0
5,46,3,1,1,0,0,0
5,47,3,1,1,0,0,0
5,48,3,1,1,0,0,0
5,49,3,1,1,0,0,0
5,50,3,1,1,0,0,0
6,1,5,2,0,0,0,0
6,2,5,2,0,0,1,0
6,3,7,2,1,0,0,0
6,4,3,1,1,0,0,0
6,5,3,1,1,0,0,0
6,6,3,1,1,0,0,1
6,7,4,1,1,1,0,0
6,8,4,1,1,1,0,0
6,9,8,2,1,1,0,0
6,10,8,2,1,1,0,-1
6,11,3,1,1,0,0,0
6,12,3,1,1,0,0,0
6,13,7,2,1,0,0,0
6,14,7,2,1,0,0,0
6,15,7,2,1,0,0,0
6,16,7,2,1,0,0,0
6,17,7,2,1,0,0,0
6,18,3,1,1,0,0,1
6,19,8,2,1,1,0,-1
6,20,3,1,1,0,0,1
6,21,4,1,1,1,0,0
6,22,4,1,1,1,0,-1
6,23,3,1,1,0,0,0
6,24,3,1,1,0,0,0
6,25,3,1,1,0,0,0
6,26,3,1,1,0,0,0
6,27,3,1,1,0,0,1
6,28,8,2,1,1,0,0
6,29,8,2,1,1,0,0
6,30,4,1,1,1,0,-1
6,31,3,1,1,0,0,1
6,32,8,2,1,1,0,-1
6,33,7,2,1,0,0,0
6,34,3,1,1,0,-1,0
6,35,5,2,0,0,1,1
6,36,8,2,1,1,-1,0
6,37,6,2,0,1,1,0
6,38,8,2,1,1,0,-1
6,39,3,1,1,0,0,1
6,40,4,1,1,1,0,-1
6,41,7,2,1,0,0,0
6,42,3,1,1,0,0,0
6,43,7,2,1,0,0,0
6,44,7,2,1,0,0,0
6,45,7,2,1,0,0,1
6,46,8,2,1,1,0,-1
6,47,7,2,1,0,0,1
6,48,8,2,1,1,0,0
6,49,8,2,1,1,-1,0
6,50,6,2,0,1,0,0
7,1,4,1,1,1,-1,0
7,2,2,1,0,1,0,-1
7,3,1,1,0,0,0,0
7,4,1,1,0,0,0,0
7,5,1,1,0,0,0,0
7,6,5,2,0,0,0,0
7,7,1,1,0,0,1,0
7,8,7,2,1,0,0,0
7,9,7,2,1,0,-1,1
7,10,2,1,0,1,1,0
7,11,8,2,1,1,-1,-1
7,12,1,1,0,0,0,0
7,13,5,2,0,0,0,1
7,14,6,2,0,1,0,0
7,15,2,1,0,1,0,-1
7,16,5,2,0,0,0,0
7,17,1,1,0,0,0,0
7,18,5,2,0,0,0,0
7,19,1,1,0,0,0,0
7,20,1,1,0,0,1,0
7,21,3,1,1,0,-1,0
7,22,1,1,0,0,0,0
7,23,1,1,0,0,0,0
7,24,5,2,0,0,0,0
7,25,5,2,0,0,1,0
7,26,7,2,1,0,0,0
7,27,7,2,1,0,0,1
7,28,4,1,1,1,0,0
7,29,8,2,1,1,0,-1
7,30,7,2,1,0,-1,0
7,31,1,1,0,0,1,0
7,32,3,1,1,0,0,0
7,33,3,1,1,0,0,0
7,34,3,1,1,0,0,0
7,35,3,1,1,0,-1,1
7,36,2,1,0,1,0,0
7,37,6,2,0,1,1,0
7,38,8,2,1,1,0,-1
7,39,3,1,1,0,0,1
7,40,4,1,1,1,0,-1
7,41,3,1,1,0,0,0
7,42,3,1,1,0,0,1
7,43,4,1,1,1,0,0
7,44,4,1,1,1,0,0
7,45,4,1,1,1,-1,0
7,46,2,1,0,1,0,0
7,47,2,1,0,1,0,0
7,48,2,1,0,1,0,0
7,49,2,1,0,1,0,0
7,50,2,1,0,1,1,0
8,1,5,2,0,0,0,0
8,2,1,1,0,0,0,0
8,3,5,2,0,0,0,0
8,4,1,1,0,0,1,0
8,5,7,2,1,0,0,0
8,6,7,2,1,0,0,0
8,7,7,2,1,0,0,0
8,8,3,1,1,0,0,0
8,9,3,1,1,0,0,0
8,10,3,1,1,0,-1,0
8,11,1,1,0,0,1,0
8,12,3,1,1,0,0,0
8,13,7,2,1,0,0,1
8,14,4,1,1,1,-1,0
8,15,6,2,0,1,0,-1
8,16,5,2,0,0,0,1
8,17,2,1,0,1,0,0
8,18,6,2,0,1,0,-1
8,19,1,1,0,0,1,0
8,20,7,2,1,0,0,0
8,21,7,2,1,0,0,1
8,22,4,1,1,1,0,0
8,23,4,1,1,1,0,-1
8,24,3,1,1,0,0,0
8,25,3,1,1,0,0,0
8,26,3,1,1,0,0,0
8,27,3,1,1,0,0,1
8,28,4,1,1,1,0,0
8,29,4,1,1,1,0,0
8,30,4,1,1,1,0,0
8,31,8,2,1,1,-1,0
8,32,2,1,0,1,0,0
8,33,2,1,0,1,0,0
8,34,2,1,0,1,0,0
8,35,2,1,0,1,0,-1
8,36,5,2,0,0,0,1
8,37,2,1,0,1,1,0
8,38,8,2,1,1,0,0
8,39,8,2,1,1,0,-1
8,40,7,2,1,0,0,0
8,41,7,2,1,0,0,0
8,42,3,1,1,0,0,0
8,43,3,1,1,0,0,0
8,44,3,1,1,0,0,0
8,45,3,1,1,0,0,0
8,46,7,2,1,0,0,0
8,47,3,1,1,0,0,0
8,48,3,1,1,0,0,0
8,49,3,1,1,0,0,1
8,50,4,1,1,1,0,0
9,1,5,2,0,0,0,0
9,2,5,2,0,0,0,0
9,3,5,2,0,0,1,0
9,4,7,2,1,0,0,0
9,5,7,2,1,0,0,0
9,6,7,2,1,0,0,1
9,7,8,2,1,1,-1,0
9,8,6,2,0,1,0,0
9,9,2,1,0,1,1,0
9,10,4,1,1,1,0,0
9,11,4,1,1,1,-1,0
9,12,2,1,0,1,1,0
9,13,4,1,1,1,0,0
9,14,8,2,1,1,0,-1
9,15,7,2,1,0,0,0
9,16,7,2,1,0,-1,0
9,17,1,1,0,0,0,0
9,18,5,2,0,0,0,0
9,19,1,1,0,0,1,0
9,20,3,1,1,0,0,0
9,21,3,1,1,0,0,0
9,22,3,1,1,0,0,0
9,23,3,1,1,0,0,1
9,24,4,1,1,1,-1,-1
9,25,1,1,0,0,0,0
9,26,1,1,0,0,0,1
9,27,2,1,0,1,1,0
9,28,4,1,1,1,0,-1
9,29,7,2,1,0,0,1
9,30,4,1,1,1,0,0
9,31,4,1,1,1,0,-1
9,32,7,2,1,0,0,0
9,33,3,1,1,0,0,0
9,34,3,1,1,0,0,0
9,35,3,1,1,0,0,1
9,36,8,2,1,1,0,-1
9,37,3,1,1,0,0,0
9,38,3,1,1,0,0,0
9,39,3,1,1,0,0,0
9,40,7,2,1,0,0,1
9,41,4,1,1,1,0,0
9,42,4,1,1,1,0,0
9,43,4,1,1,1,0,0
9,44,4,1,1,1,0,0
9,45,4,1,1,1,-1,0
9,46,2,1,0,1,0,0
9,47,2,1,0,1,0,-1
9,48,1,1,0,0,1,0
9,49,3,1,1,0,0,0
9,50,7,2,1,0,0,0
10,1,7,2,1,0,-1,0
10,2,1,1,0,0,0,0
10,3,5,2,0,0,0,0
10,4,5,2,0,0,1,0
10,5,7,2,1,0,0,0
10,6,7,2,1,0,0,0
10,7,7,2,1,0,0,0
10,8,7,2,1,0,0,0
10,9,7,2,1,0,0,0
10,10,3,1,1,0,0,1
10,11,4,1,1,1,0,0
10,12,8,2,1,1,0,0
10,13,8,2,1,1,-1,0
10,14,6,2,0,1,0,0
10,15,2,1,0,1,0,0
10,16,6,2,0,1,0,0
10,17,2,1,0,1,1,-1
10,18,7,2,1,0,0,0
10,19,7,2,1,0,0,1
10,20,4,1,1,1,0,-1
10,21,3,1,1,0,0,1
10,22,4,1,1,1,-1,-1
10,23,1,1,0,0,0,1
10,24,2,1,0,1,0,0
10,25,2,1,0,1,1,0
10,26,8,2,1,1,-1,-1
10,27,5,2,0,0,0,0
10,28,5,2,0,0,1,1
10,29,4,1,1,1,0,0
10,30,4,1,1,1,-1,0
10,31,6,2,0,1,1,0
10,32,8,2,1,1,0,0
10,33,4,1,1,1,0,0
10,34,4,1,1,1,0,0
10,35,4,1,1,1,0,0
10,36,4,1,1,1,-1,0
10,37,6,2,0,1,1,0
10,38,8,2,1,1,0,-1
10,39,3,1,1,0,0,0
10,40,3,1,1,0,0,0
10,41,3,1,1,0,0,1
10,42,4,1,1,1,-1,0
10,43,2,1,0,1,1,-1
10,44,3,1,1,0,0,0
10,45,3,1,1,0,0,0
10,46,3,1,1,0,0,0
10,47,7,2,1,0,0,0
10,48,7,2,1,0,0,0
10,49,7,2,1,0,0,1
10,50,4,1,1,1,-1,-1
11,1,6,2,0,1,0,0
11,2,6,2,0,1,1,-1
11,3,7,2,1,0,0,0
11,4,7,2,1,0,0,0
11,5,3,1,1,0,-1,1
11,6,2,1,0,1,0,0
11,7,2,1,0,1,0,0
11,8,2,1,0,1,0,0
11,9,6,2,0,1,0,0
11,10,6,2,0,1,1,0
11,11,4,1,1,1,0,0
11,12,4,1,1,1,0,0
11,13,4,1,1,1,0,0
11,14,4,1,1,1,0,0
11,15,4,1,1,1,0,0
11,16,4,1,1,1,0,0
11,17,8,2,1,1,-1,0
11,18,6,2,0,1,0,0
11,19,6,2,0,1,1,0
11,20,8,2,1,1,0,0
11,21,4,1,1,1,0,0
11,22,4,1,1,1,0,-1
11,23,3,1,1,0,0,1
11,24,4,1,1,1,0,0
11,25,8,2,1,1,-1,0
11,26,6,2,0,1,0,-1
11,27,5,2,0,0,0,0
11,28,5,2,0,0,0,0
11,29,5,2,0,0,0,0
11,30,5,2,0,0,1,0
11,31,3,1,1,0,0,1
11,32,4,1,1,1,0,0
11,33,4,1,1,1,-1,0
11,34,2,1,0,1,1,0
11,35,8,2,1,1,-1,-1
11,36,5,2,0,0,0,0
11,37,5,2,0,0,0,1
11,38,2,1,0,1,1,0
11,39,8,2,1,1,0,-1
11,40,3,1,1,0,0,1
11,41,4,1,1,1,0,0
11,42,4,1,1,1,0,0
11,43,4,1,1,1,0,0
11,44,4,1,1,1,0,0
11,45,4,1,1,1,0,0
11,46,4,1,1,1,-1,0
11,47,2,1,0,1,0,0
11,48,6,2,0,1,0,-1
11,49,1,1,0,0,0,1
11,50,6,2,0,1,0,0
12,1,1,1,0,0,0,1
12,2,2,1,0,1,0,0
12,3,6,2,0,1,1,0
12,4,8,2,1,1,0,-1
12,5,7,2,1,0,0,0
12,6,7,2,1,0,0,0
12,7,3,1,1,0,-1,0
12,8,5,2,0,0,0,0
12,9,5,2,0,0,0,0
12,10,5,2,0,0,0,0
12,11,5,2,0,0,1,0
12,12,7,2,1,0,0,0
12,13,3,1,1,0,0,0
12,14,3,1,1,0,-1,1
12,15,6,2,0,1,0,0
12,16,2,1,0,1,0,-1
12,17,5,2,0,0,0,0
12,18,5,2,0,0,1,0
12,19,7,2,1,0,0,0
12,20,3,1,1,0,0,0
12,21,7,2,1,0,0,0
12,22,7,2,1,0,0,0
12,23,3,1,1,0,0,1
12,24,4,1,1,1,0,0
12,25,4,1,1,1,0,0
12,26,4,1,1,1,0,0
12,27,4,1,1,1,0,0
12,28,8,2,1,1,0,0
12,29,4,1,1,1,0,-1
12,30,3,1,1,0,0,0
12,31,3,1,1,0,0,0
12,32,3,1,1,0,0,1
12,33,8,2,1,1,0,0
12,34,4,1,1,1,0,0
12,35,4,1,1,1,0,0
12,36,4,1,1,1,0,0
12,37,8,2,1,1,-1,-1
12,38,5,2,0,0,0,0
12,39,1,1,0,0,0,1
12,40,2,1,0,1,1,0
12,41,4,1,1,1,0,0
12,42,8,2,1,1,0,0
12,43,8,2,1,1,0,0
12,44,8,2,1,1,0,0
12,45,4,1,1,1,0,0
12,46,8,2,1,1,0,0
12,47,8,2,1,1,0,0
12,48,4,1,1,1,0,0
12,49,4,1,1,1,0,0
12,50,4,1,1,1,-1,0
13,1,7,2,1,0,0,0
13,2,3,1,1,0,-1,1
13,3,2,1,0,1,1,0
13,4,4,1,1,1,0,0
13,5,8,2,1,1,0,0
13,6,8,2,1,1,-1,-1
13,7,1,1,0,0,0,1
13,8,2,1,0,1,1,0
13,9,4,1,1,1,0,0
13,10,4,1,1,1,0,-1
13,11,3,1,1,0,0,0
13,12,3,1,1,0,0,0
13,13,3,1,1,0,0,0
13,14,7,2,1,0,0,0
13,15,3,1,1,0,0,0
13,16,7,2,1,0,0,0
13,17,3,1,1,0,0,0
13,18,3,1,1,0,0,1
13,19,4,1,1,1,0,0
13,20,8,2,1,1,0,0
13,21,4,1,1,1,-1,-1
13,22,5,2,0,0,0,0
13,23,1,1,0,0,0,0
13,24,5,2,0,0,1,0
13,25,3,1,1,0,0,1
13,26,8,2,1,1,-1,0
13,27,6,2,0,1,0,-1
13,28,1,1,0,0,0,0
13,29,1,1,0,0,0,0
13,30,5,2,0,0,0,0
13,31,1,1,0,0,0,0
13,32,5,2,0,0,0,0
13,33,5,2,0,0,0,0
13,34,5,2,0,0,0,0
13,35,5,2,0,0,1,1
13,36,8,2,1,1,0,-1
13,37,7,2,1,0,0,0
13,38,7,2,1,0,0,1
13,39,8,2,1,1,-1,0
13,40,2,1,0,1,1,0
13,41,4,1,1,1,0,0
13,42,4,1,1,1,-1,0
13,43,2,1,0,1,0,0
13,44,2,1,0,1,0,-1
13,45,1,1,0,0,0,0
13,46,5,2,0,0,0,1
13,47,6,2,0,1,0,0
13,48,6,2,0,1,1,0
13,49,4,1,1,1,0,0
13,50,8,2,1,1,-1,0
14,1,2,1,0,1,1,-1
14,2,7,2,1,0,0,0
14,3,7,2,1,0,0,0
14,4,7,2,1,0,-1,0
14,5,5,2,0,0,0,0
14,6,5,2,0,0,0,0
14,7,1,1,0,0,1,0
14,8,7,2,1,0,0,1
14,9,8,2,1,1,0,-1
14,10,3,1,1,0,-1,0
14,11,5,2,0,0,0,1
14,12,2,1,0,1,0,0
14,13,2,1,0,1,0,-1
14,14,5,2,0,0,0,1
14,15,2,1,0,1,0,0
14,16,6,2,0,1,1,0
14,17,8,2,1,1,0,0
14,18,8,2,1,1,0,0
14,19,8,2,1,1,0,0
14,20,8,2,1,1,0,0
14,21,8,2,1,1,0,0
14,22,8,2,1,1,0,0
14,23,4,1,1,1,0,0
14,24,4,1,1,1,0,0
14,25,8,2,1,1,0,0
14,26,8,2,1,1,-1,0
14,27,6,2,0,1,0,0
14,28,2,1,0,1,1,0
14,29,4,1,1,1,0,0
14,30,4,1,1,1,-1,0
14,31,2,1,0,1,1,-1
14,32,7,2,1,0,0,0
14,33,7,2,1,0,-1,1
14,34,2,1,0,1,1,-1
14,35,3,1,1,0,0,1
14,36,4,1,1,1,0,0
14,37,4,1,1,1,-1,0
14,38,2,1,0,1,0,0
14,39,2,1,0,1,1,0
14,40,4,1,1,1,0,0
14,41,4,1,1,1,0,0
14,42,8,2,1,1,0,0
14,43,8,2,1,1,0,0
14,44,8,2,1,1,0,0
14,45,4,1,1,1,0,0
14,46,8,2,1,1,-1,0
14,47,2,1,0,1,1,0
14,48,4,1,1,1,0,0
14,49,4,1,1,1,0,0
14,50,8,2,1,1,-1,0
15,1,8,2,1,1,-1,0
15,2,6,2,0,1,0,0
15,3,2,1,0,1,0,0
15,4,2,1,0,1,0,0
15,5,2,1,0,1,1,0
15,6,4,1,1,1,-1,0
15,7,2,1,0,1,0,0
15,8,2,1,0,1,0,0
15,9,2,1,0,1,0,-1
15,10,1,1,0,0,1,1
15,11,4,1,1,1,0,0
15,12,8,2,1,1,0,0
15,13,4,1,1,1,-1,0
15,14,2,1,0,1,1,-1
15,15,7,2,1,0,0,1
15,16,4,1,1,1,-1,-1
15,17,1,1,0,0,0,1
15,18,2,1,0,1,0,-1
15,19,1,1,0,0,0,0
15,20,1,1,0,0,0,1
15,21,2,1,0,1,0,-1
15,22,1,1,0,0,0,0
15,23,1,1,0,0,1,0
15,24,3,1,1,0,0,0
15,25,3,1,1,0,0,1
15,26,8,2,1,1,-1,0
15,27,6,2,0,1,0,0
15,28,6,2,0,1,0,0
15,29,2,1,0,1,0,-1
15,30,1,1,0,0,0,0
15,31,1,1,0,0,1,0
15,32,3,1,1,0,0,0
15,33,3,1,1,0,-1,1
15,34,6,2,0,1,0,0
15,35,6,2,0,1,0,0
15,36,6,2,0,1,0,-1
15,37,5,2,0,0,1,0
15,38,3,1,1,0,0,0
15,39,3,1,1,0,-1,1
15,40,6,2,0,1,1,0
15,41,8,2,1,1,0,0
15,42,8,2,1,1,0,0
15,43,4,1,1,1,0,0
15,44,4,1,1,1,0,0
15,45,4,1,1,1,0,0
15,46,4,1,1,1,0,0
15,47,8,2,1,1,0,0
15,48,8,2,1,1,-1,0
15,49,2,1,0,1,0,0
15,50,2,1,0,1,0,0
16,1,6,2,0,1,1,0
16,2,8,2,1,1,0,-1
16,3,3,1,1,0,-1,0
16,4,1,1,0,0,1,0
16,5,3,1,1,0,0,0
16,6,3,1,1,0,0,0
16,7,3,1,1,0,-1,0
16,8,1,1,0,0,0,0
16,9,1,1,0,0,1,0
16,10,3,1,1,0,0,0
16,11,3,1,1,0,0,0
16,12,3,1,1,0,0,1
16,13,4,1,1,1,-1,0
16,14,2,1,0,1,0,0
16,15,2,1,0,1,0,0
16,16,2,1,0,1,1,0
16,17,4,1,1,1,0,0
16,18,4,1,1,1,0,0
16,19,4,1,1,1,0,0
16,20,4,1,1,1,0,0
16,21,4,1,1,1,-1,0
16,22,2,1,0,1,0,-1
16,23,1,1,0,0,0,0
16,24,5,2,0,0,0,0
16,25,5,2,0,0,0,0
16,26,5,2,0,0,0,0
16,27,5,2,0,0,0,0
16,28,5,2,0,0,1,0
16,29,3,1,1,0,0,0
16,30,3,1,1,0,-1,0
16,31,5,2,0,0,0,0
16,32,5,2,0,0,1,0
16,33,3,1,1,0,0,0
16,34,3,1,1,0,0,0
16,35,3,1,1,0,-1,0
16,36,1,1,0,0,1,1
16,37,4,1,1,1,-1,-1
16,38,5,2,0,0,0,0
16,39,1,1,0,0,1,1
16,40,8,2,1,1,0,0
16,41,8,2,1,1,0,-1
16,42,3,1,1,0,-1,0
16,43,1,1,0,0,1,0
16,44,3,1,1,0,0,1
16,45,4,1,1,1,-1,0
16,46,2,1,0,1,1,0
16,47,4,1,1,1,0,-1
16,48,3,1,1,0,0,0
16,49,3,1,1,0,0,0
16,50,3,1,1,0,0,0
17,1,8,2,1,1,-1,0
17,2,6,2,0,1,0,-1
17,3,1,1,0,0,0,0
17,4,5,2,0,0,0,1
17,5,6,2,0,1,0,0
17,6,2,1,0,1,0,0
17,7,2,1,0,1,0,0
17,8,2,1,0,1,1,0
17,9,4,1,1,1,-1,0
17,10,6,2,0,1,0,0
17,11,2,1,0,1,0,0
17,12,6,2,0,1,1,0
17,13,8,2,1,1,-1,0
17,14,6,2,0,1,0,0
17,15,6,2,0,1,0,0
17,16,6,2,0,1,1,0
17,17,4,1,1,1,-1,0
17,18,2,1,0,1,0,-1
17,19,5,2,0,0,0,0
17,20,1,1,0,0,0,1
17,21,2,1,0,1,1,-1
17,22,7,2,1,0,0,0
17,23,7,2,1,0,0,1
17,24,8,2,1,1,-1,0
17,25,2,1,0,1,0,0
17,26,2,1,0,1,0,0
17,27,6,2,0,1,0,0
17,28,6,2,0,1,1,-1
17,29,3,1,1,0,0,0
17,30,3,1,1,0,0,0
17,31,7,2,1,0,-1,0
17,32,1,1,0,0,1,1
17,33,4,1,1,1,0,0
17,34,4,1,1,1,0,-1
17,35,7,2,1,0,0,0
17,36,3,1,1,0,0,0
17,37,7,2,1,0,0,1
17,38,8,2,1,1,-1,0
17,39,6,2,0,1,1,-1
17,40,7,2,1,0,0,0
17,41,7,2,1,0,0,0
17,42,7,2,1,0,-1,0
17,43,1,1,0,0,1,1
17,44,8,2,1,1,0,0
17,45,4,1,1,1,0,0
17,46,4,1,1,1,0,0
17,47,4,1,1,1,-1,0
17,48,6,2,0,1,0,0
17,49,6,2,0,1,1,0
17,50,8,2,1,1,0,0
18,1,6,2,0,1,0,0
18,2,6,2,0,1,1,0
18,3,4,1,1,1,-1,0
18,4,6,2,0,1,0,0
18,5,2,1,0,1,0,0
18,6,2,1,0,1,0,0
18,7,2,1,0,1,0,0
18,8,6,2,0,1,0,0
18,9,6,2,0,1,0,0
18,10,6,2,0,1,0,0
18,11,2,1,0,1,0,0
18,12,6,2,0,1,0,0
18,13,2,1,0,1,0,0
18,14,2,1,0,1,0,-1
18,15,1,1,0,0,1,0
18,16,3,1,1,0,0,1
18,17,4,1,1,1,0,0
18,18,8,2,1,1,0,0
18,19,8,2,1,1,0,0
18,20,4,1,1,1,0,0
18,21,4,1,1,1,0,0
18,22,4,1,1,1,0,0
18,23,4,1,1,1,0,0
18,24,4,1,1,1,-1,0
18,25,2,1,0,1,0,-1
18,26,1,1,0,0,1,0
18,27,3,1,1,0,0,0
18,28,3,1,1,0,-1,0
18,29,1,1,0,0,1,0
18,30,3,1,1,0,0,1
18,31,4,1,1,1,0,0
18,32,4,1,1,1,0,0
18,33,8,2,1,1,0,0
18,34,4,1,1,1,0,-1
18,35,3,1,1,0,0,0
18,36,7,2,1,0,0,0
18,37,7,2,1,0,0,0
18,38,3,1,1,0,-1,0
18,39,1,1,0,0,0,0
18,40,1,1,0,0,0,0
18,41,5,2,0,0,0,0
18,42,1,1,0,0,0,0
18,43,1,1,0,0,0,0
18,44,1,1,0,0,1,1
18,45,4,1,1,1,0,-1
18,46,3,1,1,0,0,1
18,47,8,2,1,1,0,0
18,48,8,2,1,1,0,0
18,49,4,1,1,1,-1,0
18,50,2,1,0,1,0,-1
19,1,8,2,1,1,0,-1
19,2,7,2,1,0,0,0
19,3,7,2,1,0,0,0
19,4,3,1,1,0,0,0
19,5,3,1,1,0,0,1
19,6,8,2,1,1,0,0
19,7,8,2,1,1,0,0
19,8,8,2,1,1,-1,-1
19,9,5,2,0,0,0,0
19,10,5,2,0,0,0,0
19,11,1,1,0,0,1,0
19,12,7,2,1,0,0,0
19,13,3,1,1,0,0,0
19,14,3,1,1,0,0,1
19,15,4,1,1,1,0,-1
19,16,7,2,1,0,0,0
19,17,7,2,1,0,0,0
19,18,7,2,1,0,0,0
19,19,3,1,1,0,0,0
19,20,3,1,1,0,0,0
19,21,3,1,1,0,0,1
19,22,4,1,1,1,0,0
19,23,4,1,1,1,0,0
19,24,4,1,1,1,-1,0
19,25,2,1,0,1,0,0
19,26,2,1,0,1,0,0
19,27,2,1,0,1,0,0
19,28,2,1,0,1,0,0
19,29,2,1,0,1,1,0
19,30,8,2,1,1,0,-1
19,31,7,2,1,0,0,0
19,32,7,2,1,0,0,0
19,33,3,1,1,0,0,1
19,34,4,1,1,1,0,0
19,35,8,2,1,1,-1,-1
19,36,1,1,0,0,0,1
19,37,2,1,0,1,0,-1
19,38,5,2,0,0,0,1
19,39,6,2,0,1,0,0
19,40,2,1,0,1,0,0
19,41,6,2,0,1,1,0
19,42,4,1,1,1,0,0
19,43,4,1,1,1,0,0
19,44,8,2,1,1,0,0
19,45,4,1,1,1,-1,0
19,46,2,1,0,1,1,0
19,47,4,1,1,1,-1,0
19,48,6,2,0,1,0,0
19,49,6,2,0,1,0,0
19,50,2,1,0,1,0,0
20,1,6,2,0,1,0,-1
20,2,5,2,0,0,0,0
20,3,5,2,0,0,0,0
20,4,5,2,0,0,1,0
20,5,3,1,1,0,0,0
20,6,3,1,1,0,0,0
20,7,3,1,1,0,0,0
20,8,3,1,1,0,0,0
20,9,7,2,1,0,-1,0
20,10,5,2,0,0,0,0
20,11,5,2,0,0,0,1
20,12,6,2,0,1,0,0
20,13,6,2,0,1,0,0
20,14,2,1,0,1,0,0
20,15,6,2,0,1,0,0
20,16,2,1,0,1,0,0
20,17,2,1,0,1,0,-1
20,18,1,1,0,0,0,1
20,19,2,1,0,1,0,0
20,20,6,2,0,1,0,0
20,21,6,2,0,1,0,-1
20,22,1,1,0,0,0,0
20,23,1,1,0,0,0,0
20,24,1,1,0,0,1,0
20,25,3,1,1,0,0,1
20,26,4,1,1,1,0,0
20,27,4,1,1,1,0,0
20,28,4,1,1,1,0,0
20,29,8,2,1,1,0,0
20,30,4,1,1,1,-1,0
20,31,2,1,0,1,0,0
20,32,2,1,0,1,0,0
20,33,2,1,0,1,1,0
20,34,4,1,1,1,0,-1
20,35,3,1,1,0,0,1
20,36,8,2,1,1,0,0
20,37,4,1,1,1,-1,0
20,38,6,2,0,1,0,0
20,39,6,2,0,1,1,-1
20,40,3,1,1,0,0,0
20,41,3,1,1,0,0,0
20,42,3,1,1,0,-1,1
20,43,2,1,0,1,1,0
20,44,4,1,1,1,0,-1
20,45,3,1,1,0,0,1
20,46,4,1,1,1,0,-1
20,47,7,2,1,0,-1,0
20,48,5,2,0,0,0,0
20,49,5,2,0,0,1,0
20,50,3,1,1,0,0,1
21,1,1,1,0,0,1,0
21,2,3,1,1,0,0,0
21,3,3,1,1,0,0,0
21,4,7,2,1,0,0,0
21,5,3,1,1,0,0,1
21,6,4,1,1,1,0,0
21,7,8,2,1,1,0,0
21,8,8,2,1,1,-1,-1
21,9,5,2,0,0,0,0
21,10,5,2,0,0,0,0
21,11,5,2,0,0,0,1
21,12,2,1,0,1,0,0
21,13,2,1,0,1,0,0
21,14,2,1,0,1,0,0
21,15,2,1,0,1,1,0
21,16,4,1,1,1,0,0
21,17,4,1,1,1,0,0
21,18,4,1,1,1,0,0
21,19,8,2,1,1,0,0
21,20,4,1,1,1,0,0
21,21,8,2,1,1,0,0
21,22,8,2,1,1,0,0
21,23,4,1,1,1,-1,0
21,24,2,1,0,1,1,0
21,25,4,1,1,1,0,0
21,26,8,2,1,1,0,0
21,27,8,2,1,1,0,0
21,28,4,1,1,1,0,0
21,29,8,2,1,1,0,0
21,30,4,1,1,1,0,-1
21,31,3,1,1,0,-1,0
21,32,1,1,0,0,0,0
21,33,1,1,0,0,0,0
21,34,1,1,0,0,0,0
21,35,1,1,0,0,0,1
21,36,2,1,0,1,0,0
21,37,2,1,0,1,0,0
21,38,2,1,0,1,0,0
21,39,2,1,0,1,0,0
21,40,6,2,0,1,1,-1
21,41,7,2,1,0,-1,0
21,42,1,1,0,0,0,0
21,43,1,1,0,0,1,0
21,44,3,1,1,0,0,0
21,45,3,1,1,0,0,0
21,46,3,1,1,0,0,0
21,47,7,2,1,0,0,0
21,48,7,2,1,0,0,1
21,49,4,1,1,1,0,-1
21,50,3,1,1,0,-1,1
22,1,3,1,1,0,0,0
22,2,3,1,1,0,0,0
22,3,7,2,1,0,-1,0
22,4,1,1,0,0,0,1
22,5,6,2,0,1,0,0
22,6,6,2,0,1,0,0
22,7,6,2,0,1,1,0
22,8,4,1,1,1,0,0
22,9,4,1,1,1,0,0
22,10,4,1,1,1,0,0
22,11,8,2,1,1,0,0
22,12,8,2,1,1,0,-1
22,13,3,1,1,0,-1,1
22,14,2,1,0,1,0,0
22,15,6,2,0,1,0,-1
22,16,5,2,0,0,0,0
22,17,5,2,0,0,1,0
22,18,7,2,1,0,-1,0
22,19,5,2,0,0,0,0
22,20,5,2,0,0,0,1
22,21,6,2,0,1,0,0
22,22,2,1,0,1,1,-1
22,23,3,1,1,0,0,0
22,24,7,2,1,0,0,0
22,25,7,2,1,0,-1,0
22,26,5,2,0,0,0,0
22,27,5,2,0,0,0,1
22,28,6,2,0,1,0,0
22,29,2,1,0,1,1,0
22,30,4,1,1,1,0,0
22,31,4,1,1,1,0,0
22,32,4,1,1,1,0,0
22,33,8,2,1,1,0,0
22,34,4,1,1,1,0,0
22,35,4,1,1,1,-1,0
22,36,2,1,0,1,0,0
22,37,6,2,0,1,0,0
22,38,6,2,0,1,1,0
22,39,8,2,1,1,0,0
22,40,4,1,1,1,0,0
22,41,4,1,1,1,0,0
22,42,4,1,1,1,0,0
22,43,4,1,1,1,-1,0
22,44,6,2,0,1,0,0
22,45,2,1,0,1,0,0
22,46,2,1,0,1,0,0
22,47,2,1,0,1,0,-1
22,48,1,1,0,0,0,1
22,49,6,2,0,1,1,0
22,50,8,2,1,1,-1,0
23,1,4,1,1,1,0,0
23,2,8,2,1,1,0,0
23,3,8,2,1,1,0,0
23,4,4,1,1,1,0,0
23,5,4,1,1,1,-1,0
23,6,6,2,0,1,1,0
23,7,4,1,1,1,0,-1
23,8,3,1,1,0,0,0
23,9,3,1,1,0,0,0
23,10,7,2,1,0,-1,0
23,11,1,1,0,0,1,0
23,12,3,1,1,0,0,0
23,13,7,2,1,0,0,0
23,14,7,2,1,0,0,0
23,15,7,2,1,0,0,0
23,16,7,2,1,0,0,1
23,17,4,1,1,1,-1,0
23,18,6,2,0,1,0,-1
23,19,5,2,0,0,0,0
23,20,5,2,0,0,0,0
23,21,5,2,0,0,0,0
23,22,5,2,0,0,1,0
23,23,3,1,1,0,0,0
23,24,7,2,1,0,0,0
23,25,7,2,1,0,0,0
23,26,3,1,1,0,0,0
23,27,7,2,1,0,0,0
23,28,7,2,1,0,-1,1
23,29,2,1,0,1,0,0
23,30,2,1,0,1,0,0
23,31,2,1,0,1,1,0
23,32,4,1,1,1,0,0
23,33,8,2,1,1,0,-1
23,34,3,1,1,0,0,0
23,35,3,1,1,0,0,0
23,36,7,2,1,0,0,0
23,37,3,1,1,0,0,1
23,38,8,2,1,1,0,-1
23,39,3,1,1,0,-1,0
23,40,1,1,0,0,1,0
23,41,7,2,1,0,0,0
23,42,7,2,1,0,0,0
23,43,7,2,1,0,0,0
23,44,7,2,1,0,0,0
23,45,7,2,1,0,0,0
23,46,7,2,1,0,0,0
23,47,3,1,1,0,0,1
23,48,4,1,1,1,0,0
23,49,4,1,1,1,0,0
23,50,4,1,1,1,0,-1
24,1,3,1,1,0,0,0
24,2,7,2,1,0,0,0
24,3,7,2,1,0,0,1
24,4,8,2,1,1,0,0
24,5,4,1,1,1,0,-1
24,6,3,1,1,0,0,0
24,7,3,1,1,0,0,0
24,8,3,1,1,0,0,1
24,9,4,1,1,1,0,0
24,10,4,1,1,1,-1,-1
24,11,5,2,0,0,0,0
24,12,5,2,0,0,0,1
24,13,6,2,0,1,0,0
24,14,6,2,0,1,0,0
24,15,6,2,0,1,0,0
24,16,6,2,0,1,1,-1
24,17,3,1,1,0,0,0
24,18,3,1,1,0,0,1
24,19,4,1,1,1,0,0
24,20,4,1,1,1,-1,0
24,21,2,1,0,1,0,0
24,22,6,2,0,1,1,0
24,23,8,2,1,1,0,-1
24,24,7,2,1,0,0,0
24,25,3,1,1,0,0,0
24,26,3,1,1,0,0,0
24,27,3,1,1,0,0,0
24,28,3,1,1,0,0,0
24,29,3,1,1,0,0,1
24,30,4,1,1,1,0,0
24,31,4,1,1,1,-1,-1
24,32,1,1,0,0,1,0
24,33,7,2,1,0,0,0
24,34,7,2,1,0,0,0
24,35,3,1,1,0,-1,0
24,36,1,1,0,0,0,1
24,37,2,1,0,1,0,0
24,38,2,1,0,1,0,-1
24,39,1,1,0,0,0,1
24,40,6,2,0,1,1,0
24,41,8,2,1,1,0,0
24,42,8,2,1,1,0,0
24,43,8,2,1,1,0,0
24,44,8,2,1,1,0,0
24,45,8,2,1,1,0,-1
24,46,3,1,1,0,0,1
24,47,4,1,1,1,0,0
24,48,4,1,1,1,0,0
24,49,4,1,1,1,0,0
24,50,8,2,1,1,0,0
25,1,5,2,0,0,0,1
25,2,6,2,0,1,1,0
25,3,8,2,1,1,0,-1
25,4,7,2,1,0,-1,0
25,5,5,2,0,0,1,0
25,6,3,1,1,0,0,0
25,7,7,2,1,0,0,0
25,8,3,1,1,0,0,0
25,9,3,1,1,0,0,0
25,10,7,2,1,0,0,1
25,11,8,2,1,1,0,0
25,12,4,1,1,1,0,0
25,13,8,2,1,1,-1,0
25,14,6,2,0,1,1,0
25,15,4,1,1,1,0,0
25,16,4,1,1,1,0,-1
25,17,7,2,1,0,0,0
25,18,7,2,1,0,0,0
25,19,3,1,1,0,0,0
25,20,3,1,1,0,-1,1
25,21,2,1,0,1,0,0
25,22,2,1,0,1,1,-1
25,23,3,1,1,0,0,0
25,24,3,1,1,0,0,0
25,25,3,1,1,0,0,0
25,26,7,2,1,0,0,0
25,27,3,1,1,0,0,0
25,28,3,1,1,0,0,0
25,29,7,2,1,0,-1,1
25,30,2,1,0,1,1,0
25,31,4,1,1,1,-1,-1
25,32,1,1,0,0,1,0
25,33,7,2,1,0,-1,0
25,34,5,2,0,0,0,1
25,35,2,1,0,1,0,-1
25,36,1,1,0,0,0,0
25,37,1,1,0,0,0,0
25,38,1,1,0,0,1,0
25,39,3,1,1,0,0,0
25,40,3,1,1,0,0,0
25,41,3,1,1,0,0,1
25,42,4,1,1,1,-1,0
25,43,2,1,0,1,0,-1
25,44,5,2,0,0,1,0
25,45,7,2,1,0,0,1
25,46,8,2,1,1,0,0
25,47,4,1,1,1,0,0
25,48,4,1,1,1,0,0
25,49,4,1,1,1,0,-1
25,50,3,1,1,0,-1,0
26,1,2,1,0,1,0,0
26,2,2,1,0,1,0,0
26,3,6,2,0,1,0,-1
26,4,1,1,0,0,0,0
26,5,1,1,0,0,0,1
26,6,6,2,0,1,0,-1
26,7,5,2,0,0,1,1
26,8,8,2,1,1,0,-1
26,9,3,1,1,0,0,0
26,10,7,2,1,0,0,0
26,11,3,1,1,0,0,0
26,12,3,1,1,0,0,0
26,13,3,1,1,0,0,1
26,14,4,1,1,1,0,-1
26,15,3,1,1,0,0,0
26,16,3,1,1,0,-1,0
26,17,1,1,0,0,0,0
26,18,5,2,0,0,1,1
26,19,4,1,1,1,0,0
26,20,4,1,1,1,-1,-1
26,21,1,1,0,0,0,0
26,22,5,2,0,0,0,0
26,23,1,1,0,0,0,0
26,24,1,1,0,0,0,0
26,25,1,1,0,0,1,0
26,26,7,2,1,0,0,0
26,27,7,2,1,0,0,0
26,28,3,1,1,0,-1,0
26,29,5,2,0,0,1,0
26,30,7,2,1,0,0,0
26,31,7,2,1,0,0,0
26,32,7,2,1,0,0,0
26,33,7,2,1,0,0,0
26,34,7,2,1,0,0,0
26,35,3,1,1,0,0,0
26,36,3,1,1,0,0,0
26,37,3,1,1,0,0,0
26,38,3,1,1,0,0,0
26,39,3,1,1,0,0,1
26,40,4,1,1,1,-1,0
26,41,2,1,0,1,0,0
26,42,6,2,0,1,0,0
26,43,2,1,0,1,1,0
26,44,4,1,1,1,0,0
26,45,4,1,1,1,0,-1
26,46,3,1,1,0,0,0
26,47,3,1,1,0,0,0
26,48,3,1,1,0,0,0
26,49,3,1,1,0,0,1
26,50,4,1,1,1,0,0
27,1,7,2,1,0,-1,0
27,2,5,2,0,0,1,0
27,3,7,2,1,0,0,1
27,4,8,2,1,1,-1,0
27,5,6,2,0,1,0,0
27,6,2,1,0,1,0,0
27,7,6,2,0,1,0,0
27,8,6,2,0,1,0,-1
27,9,5,2,0,0,1,1
27,10,4,1,1,1,0,0
27,11,4,1,1,1,0,-1
27,12,3,1,1,0,0,0
27,13,7,2,1,0,0,1
27,14,8,2,1,1,0,0
27,15,4,1,1,1,-1,0
27,16,2,1,0,1,0,0
27,17,2,1,0,1,0,0
27,18,2,1,0,1,1,0
27,19,4,1,1,1,0,0
27,20,4,1,1,1,-1,0
27,21,2,1,0,1,1,0
27,22,4,1,1,1,0,0
27,23,4,1,1,1,0,0
27,24,4,1,1,1,0,-1
27,25,7,2,1,0,0,0
27,26,3,1,1,0,0,0
27,27,3,1,1,0,0,0
27,28,3,1,1,0,0,0
27,29,3,1,1,0,0,0
27,30,3,1,1,0,-1,0
27,31,1,1,0,0,0,0
27,32,5,2,0,0,0,0
27,33,5,2,0,0,0,0
27,34,5,2,0,0,0,0
27,35,1,1,0,0,0,0
27,36,1,1,0,0,0,0
27,37,1,1,0,0,0,1
27,38,2,1,0,1,0,0
27,39,2,1,0,1,0,0
27,40,2,1,0,1,0,0
27,41,2,1,0,1,1,0
27,42,4,1,1,1,0,-1
27,43,7,2,1,0,0,0
27,44,3,1,1,0,0,1
27,45,4,1,1,1,0,-1
27,46,3,1,1,0,0,1
27,47,4,1,1,1,0,0
27,48,4,1,1,1,0,0
27,49,4,1,1,1,0,0
27,50,4,1,1,1,0,-1
28,1,1,1,0,0,1,0
28,2,3,1,1,0,0,0
28,3,3,1,1,0,0,1
28,4,4,1,1,1,0,0
28,5,4,1,1,1,0,-1
28,6,7,2,1,0,-1,0
28,7,5,2,0,0,1,1
28,8,4,1,1,1,0,0
28,9,8,2,1,1,0,-1
28,10,7,2,1,0,0,0
28,11,3,1,1,0,-1,0
28,12,1,1,0,0,0,0
28,13,1,1,0,0,0,0
28,14,5,2,0,0,0,0
28,15,1,1,0,0,0,0
28,16,1,1,0,0,1,1
28,17,4,1,1,1,0,0
28,18,8,2,1,1,0,0
28,19,4,1,1,1,0,0
28,20,4,1,1,1,0,-1
28,21,3,1,1,0,0,0
28,22,3,1,1,0,0,0
28,23,7,2,1,0,0,1
28,24,8,2,1,1,0,-1
28,25,7,2,1,0,0,0
28,26,3,1,1,0,0,1
28,27,8,2,1,1,0,0
28,28,4,1,1,1,0,0
28,29,4,1,1,1,0,0
28,30,4,1,1,1,0,0
28,31,4,1,1,1,-1,0
28,32,2,1,0,1,1,0
28,33,8,2,1,1,-1,0
28,34,6,2,0,1,0,0
28,35,6,2,0,1,1,0
28,36,8,2,1,1,0,0
28,37,4,1,1,1,0,-1
28,38,3,1,1,0,0,0
28,39,7,2,1,0,0,0
28,40,7,2,1,0,0,0
28,41,7,2,1,0,-1,1
28,42,6,2,0,1,0,0
28,43,6,2,0,1,1,0
28,44,8,2,1,1,0,0
28,45,4,1,1,1,0,0
28,46,4,1,1,1,-1,0
28,47,2,1,0,1,0,0
28,48,6,2,0,1,0,0
28,49,6,2,0,1,0,-1
28,50,1,1,0,0,1,0
29,1,8,2,1,1,0,0
29,2,4,1,1,1,0,0
29,3,8,2,1,1,0,0
29,4,4,1,1,1,0,-1
29,5,3,1,1,0,-1,0
29,6,5,2,0,0,0,0
29,7,5,2,0,0,0,1
29,8,6,2,0,1,0,0
29,9,6,2,0,1,0,-1
29,10,1,1,0,0,1,0
29,11,3,1,1,0,0,1
29,12,8,2,1,1,0,-1
29,13,7,2,1,0,0,0
29,14,7,2,1,0,0,1
29,15,8,2,1,1,0,0
29,16,4,1,1,1,0,0
29,17,8,2,1,1,-1,0
29,18,6,2,0,1,1,0
29,19,4,1,1,1,0,0
29,20,4,1,1,1,0,-1
29,21,3,1,1,0,0,1
29,22,4,1,1,1,0,0
29,23,4,1,1,1,0,0
29,24,4,1,1,1,-1,0
29,25,2,1,0,1,0,0
29,26,2,1,0,1,0,0
29,27,2,1,0,1,0,0
29,28,6,2,0,1,1,0
29,29,8,2,1,1,0,-1
29,30,3,1,1,0,0,0
29,31,3,1,1,0,-1,0
29,32,1,1,0,0,0,1
29,33,6,2,0,1,1,0
29,34,8,2,1,1,0,-1
29,35,7,2,1,0,-1,0
29,36,1,1,0,0,0,1
29,37,2,1,0,1,0,0
29,38,2,1,0,1,0,-1
29,39,5,2,0,0,1,1
29,40,8,2,1,1,0,-1
29,41,3,1,1,0,0,0
29,42,7,2,1,0,0,0
29,43,7,2,1,0,0,0
29,44,3,1,1,0,0,1
29,45,4,1,1,1,-1,0
29,46,2,1,0,1,0,0
29,47,2,1,0,1,0,0
29,48,2,1,0,1,0,0
29,49,2,1,0,1,0,0
29,50,2,1,0,1,0,-1
30,1,8,2,1,1,0,0
30,2,8,2,1,1,-1,0
30,3,2,1,0,1,1,0
30,4,4,1,1,1,0,0
30,5,4,1,1,1,0,0
30,6,4,1,1,1,0,0
30,7,8,2,1,1,0,0
30,8,4,1,1,1,0,0
30,9,4,1,1,1,0,0
30,10,8,2,1,1,-1,0
30,11,2,1,0,1,1,0
30,12,4,1,1,1,0,0
30,13,4,1,1,1,-1,0
30,14,2,1,0,1,0,0
30,15,2,1,0,1,0,-1
30,16,5,2,0,0,1,0
30,17,7,2,1,0,0,0
30,18,3,1,1,0,0,1
30,19,8,2,1,1,0,0
30,20,8,2,1,1,0,-1
30,21,7,2,1,0,0,0
30,22,7,2,1,0,0,0
30,23,7,2,1,0,0,0
30,24,7,2,1,0,0,0
30,25,7,2,1,0,0,0
30,26,3,1,1,0,0,1
30,27,4,1,1,1,0,0
30,28,4,1,1,1,0,-1
30,29,3,1,1,0,0,0
30,30,3,1,1,0,-1,0
30,31,1,1,0,0,0,0
30,32,1,1,0,0,0,0
30,33,1,1,0,0,0,0
30,34,1,1,0,0,0,0
30,35,5,2,0,0,0,1
30,36,2,1,0,1,1,0
30,37,8,2,1,1,0,0
30,38,4,1,1,1,0,0
30,39,8,2,1,1,0,-1
30,40,3,1,1,0,0,0
30,41,3,1,1,0,-1,0
30,42,1,1,0,0,1,1
30,43,4,1,1,1,0,-1
30,44,3,1,1,0,0,0
30,45,3,1,1,0,-1,0
30,46,1,1,0,0,1,1
30,47,4,1,1,1,0,0
30,48,8,2,1,1,0,-1
30,49,7,2,1,0,0,1
30,50,4,1,1,1,0,0
31,1,2,1,0,1,0,0
31,2,2,1,0,1,0,0
31,3,6,2,0,1,1,-1
31,4,7,2,1,0,0,0
31,5,3,1,1,0,0,0
31,6,3,1,1,0,0,0
31,7,3,1,1,0,0,1
31,8,4,1,1,1,0,0
31,9,8,2,1,1,0,0
31,10,8,2,1,1,0,0
31,11,8,2,1,1,-1,-1
31,12,5,2,0,0,0,0
31,13,5,2,0,0,0,0
31,14,1,1,0,0,1,0
31,15,3,1,1,0,-1,0
31,16,5,2,0,0,1,0
31,17,7,2,1,0,0,1
31,18,4,1,1,1,0,0
31,19,4,1,1,1,-1,0
31,20,2,1,0,1,1,-1
31,21,3,1,1,0,0,0
31,22,7,2,1,0,0,1
31,23,8,2,1,1,0,0
31,24,4,1,1,1,0,0
31,25,4,1,1,1,-1,-1
31,26,1,1,0,0,0,1
31,27,6,2,0,1,0,0
31,28,2,1,0,1,1,0
31,29,8,2,1,1,0,0
31,30,4,1,1,1,0,0
31,31,4,1,1,1,-1,0
31,32,2,1,0,1,0,-1
31,33,5,2,0,0,1,0
31,34,7,2,1,0,0,0
31,35,7,2,1,0,0,0
31,36,7,2,1,0,0,0
31,37,3,1,1,0,0,0
31,38,3,1,1,0,0,0
31,39,7,2,1,0,0,1
31,40,4,1,1,1,-1,0
31,41,2,1,0,1,1,-1
31,42,3,1,1,0,0,0
31,43,3,1,1,0,0,0
31,44,3,1,1,0,0,0
31,45,7,2,1,0,0,0
31,46,3,1,1,0,0,0
31,47,3,1,1,0,0,1
31,48,4,1,1,1,0,0
31,49,8,2,1,1,0,-1
31,50,3,1,1,0,0,0
32,1,1,1,0,0,0,1
32,2,2,1,0,1,0,0
32,3,6,2,0,1,0,0
32,4,2,1,0,1,1,-1
32,5,3,1,1,0,0,0
32,6,3,1,1,0,0,0
32,7,7,2,1,0,0,0
32,8,3,1,1,0,0,0
32,9,7,2,1,0,0,1
32,10,8,2,1,1,0,0
32,11,8,2,1,1,0,0
32,12,4,1,1,1,0,0
32,13,8,2,1,1,0,0
32,14,8,2,1,1,0,0
32,15,8,2,1,1,0,0
32,16,8,2,1,1,0,0
32,17,8,2,1,1,0,0
32,18,8,2,1,1,0,0
32,19,8,2,1,1,0,0
32,20,4,1,1,1,0,0
32,21,8,2,1,1,-1,-1
32,22,5,2,0,0,0,0
32,23,1,1,0,0,0,0
32,24,5,2,0,0,0,1
32,25,2,1,0,1,0,-1
32,26,1,1,0,0,0,0
32,27,1,1,0,0,0,1
32,28,2,1,0,1,0,-1
32,29,1,1,0,0,0,0
32,30,1,1,0,0,0,1
32,31,6,2,0,1,1,0
32,32,8,2,1,1,0,-1
32,33,7,2,1,0,0,0
32,34,7,2,1,0,0,1
32,35,8,2,1,1,0,-1
32,36,7,2,1,0,0,0
32,37,7,2,1,0,-1,0
32,38,5,2,0,0,0,0
32,39,1,1,0,0,0,0
32,40,5,2,0,0,0,0
32,41,1,1,0,0,0,0
32,42,1,1,0,0,0,1
32,43,2,1,0,1,0,-1
32,44,1,1,0,0,1,0
32,45,7,2,1,0,0,0
32,46,3,1,1,0,0,0
32,47,7,2,1,0,0,0
32,48,7,2,1,0,0,1
32,49,8,2,1,1,0,0
32,50,8,2,1,1,-1,0
33,1,3,1,1,0,0,1
33,2,8,2,1,1,0,-1
33,3,7,2,1,0,-1,0
33,4,1,1,0,0,0,0
33,5,5,2,0,0,1,0
33,6,7,2,1,0,0,0
33,7,7,2,1,0,0,0
33,8,7,2,1,0,0,0
33,9,7,2,1,0,0,0
33,10,7,2,1,0,0,0
33,11,3,1,1,0,0,0
33,12,3,1,1,0,0,0
33,13,7,2,1,0,0,1
33,14,4,1,1,1,0,0
33,15,4,1,1,1,0,-1
33,16,3,1,1,0,0,0
33,17,7,2,1,0,0,0
33,18,3,1,1,0,0,0
33,19,3,1,1,0,0,0
33,20,3,1,1,0,0,0
33,21,3,1,1,0,0,1
33,22,4,1,1,1,0,-1
33,23,3,1,1,0,0,0
33,24,3,1,1,0,-1,0
33,25,1,1,0,0,0,0
33,26,1,1,0,0,0,0
33,27,5,2,0,0,0,0
33,28,1,1,0,0,0,1
33,29,2,1,0,1,1,0
33,30,4,1,1,1,-1,0
33,31,2,1,0,1,1,0
33,32,4,1,1,1,0,-1
33,33,7,2,1,0,-1,0
33,34,5,2,0,0,0,0
33,35,5,2,0,0,1,1
33,36,4,1,1,1,0,0
33,37,4,1,1,1,-1,0
33,38,6,2,0,1,0,-1
33,39,5,2,0,0,0,0
33,40,5,2,0,0,0,0
33,41,5,2,0,0,0,0
33,42,5,2,0,0,0,1
33,43,2,1,0,1,0,-1
33,44,1,1,0,0,0,1
33,45,2,1,0,1,0,0
33,46,2,1,0,1,1,0
33,47,4,1,1,1,0,0
33,48,4,1,1,1,0,0
33,49,4,1,1,1,0,0
33,50,8,2,1,1,0,-1
34,1,4,1,1,1,0,0
34,2,4,1,1,1,0,0
34,3,8,2,1,1,0,0
34,4,8,2,1,1,-1,-1
34,5,5,2,0,0,0,1
34,6,2,1,0,1,0,-1
34,7,1,1,0,0,0,0
34,8,1,1,0,0,0,1
34,9,2,1,0,1,1,0
34,10,8,2,1,1,0,0
34,11,8,2,1,1,0,0
34,12,4,1,1,1,0,0
34,13,4,1,1,1,0,0
34,14,8,2,1,1,-1,-1
34,15,5,2,0,0,0,0
34,16,5,2,0,0,1,0
34,17,7,2,1,0,0,0
34,18,3,1,1,0,0,1
34,19,8,2,1,1,-1,0
34,20,2,1,0,1,0,0
34,21,2,1,0,1,0,0
34,22,2,1,0,1,0,0
34,23,2,1,0,1,1,0
34,24,4,1,1,1,-1,0
34,25,6,2,0,1,1,-1
34,26,7,2,1,0,0,0
34,27,3,1,1,0,0,0
34,28,7,2,1,0,0,1
34,29,8,2,1,1,0,0
34,30,8,2,1,1,0,0
34,31,4,1,1,1,0,-1
34,32,3,1,1,0,0,0
34,33,3,1,1,0,-1,0
34,34,1,1,0,0,0,1
34,35,2,1,0,1,0,-1
34,36,5,2,0,0,0,1
34,37,6,2,0,1,0,-1
34,38,5,2,0,0,0,1
34,39,6,2,0,1,0,-1
34,40,5,2,0,0,0,0
34,41,5,2,0,0,1,0
34,42,7,2,1,0,-1,0
34,43,1,1,0,0,0,1
34,44,6,2,0,1,1,0
34,45,8,2,1,1,-1,0
34,46,2,1,0,1,1,-1
34,47,7,2,1,0,0,0
34,48,3,1,1,0,0,0
34,49,3,1,1,0,-1,1
34,50,2,1,0,1,0,0
35,1,1,1,0,0,1,0
35,2,3,1,1,0,0,0
35,3,3,1,1,0,0,0
35,4,3,1,1,0,0,1
35,5,8,2,1,1,0,-1
35,6,7,2,1,0,0,0
35,7,7,2,1,0,-1,0
35,8,5,2,0,0,0,1
35,9,6,2,0,1,0,0
35,10,6,2,0,1,1,0
35,11,8,2,1,1,0,0
35,12,4,1,1,1,0,0
35,13,4,1,1,1,0,-1
35,14,3,1,1,0,0,1
35,15,4,1,1,1,0,-1
35,16,7,2,1,0,-1,1
35,17,6,2,0,1,0,0
35,18,6,2,0,1,0,0
35,19,2,1,0,1,0,0
35,20,2,1,0,1,1,0
35,21,4,1,1,1,0,0
35,22,4,1,1,1,-1,0
35,23,2,1,0,1,1,0
35,24,4,1,1,1,-1,-1
35,25,5,2,0,0,0,0
35,26,5,2,0,0,0,0
35,27,1,1,0,0,0,0
35,28,1,1,0,0,0,0
35,29,1,1,0,0,1,1
35,30,4,1,1,1,0,0
35,31,4,1,1,1,0,0
35,32,8,2,1,1,-1,0
35,33,2,1,0,1,0,-1
35,34,5,2,0,0,0,0
35,35,1,1,0,0,0,0
35,36,1,1,0,0,0,0
35,37,5,2,0,0,1,0
35,38,3,1,1,0,-1,0
35,39,1,1,0,0,0,1
35,40,6,2,0,1,1,0
35,41,8,2,1,1,0,0
35,42,8,2,1,1,0,0
35,43,4,1,1,1,0,-1
35,44,3,1,1,0,-1,0
35,45,1,1,0,0,0,0
35,46,1,1,0,0,0,1
35,47,2,1,0,1,1,0
35,48,8,2,1,1,0,-1
35,49,7,2,1,0,-1,0
35,50,1,1,0,0,1,0
36,1,6,2,0,1,1,0
36,2,8,2,1,1,0,-1
36,3,7,2,1,0,-1,0
36,4,1,1,0,0,0,1
36,5,2,1,0,1,0,-1
36,6,1,1,0,0,1,1
36,7,4,1,1,1,0,-1
36,8,3,1,1,0,-1,0
36,9,1,1,0,0,0,0
36,10,1,1,0,0,1,0
36,11,3,1,1,0,0,0
36,12,3,1,1,0,-1,0
36,13,5,2,0,0,0,0
36,14,5,2,0,0,0,0
36,15,5,2,0,0,0,0
36,16,1,1,0,0,0,0
36,17,1,1,0,0,0,0
36,18,1,1,0,0,0,1
36,19,2,1,0,1,0,0
36,20,6,2,0,1,1,0
36,21,8,2,1,1,0,-1
36,22,7,2,1,0,-1,1
36,23,6,2,0,1,1,-1
36,24,3,1,1,0,0,0
36,25,3,1,1,0,0,0
36,26,3,1,1,0,-1,0
36,27,1,1,0,0,0,0
36,28,1,1,0,0,0,1
36,29,2,1,0,1,0,0
36,30,2,1,0,1,0,0
36,31,2,1,0,1,0,0
36,32,2,1,0,1,1,0
36,33,8,2,1,1,0,0
36,34,8,2,1,1,0,0
36,35,8,2,1,1,-1,0
36,36,6,2,0,1,0,-1
36,37,5,2,0,0,1,0
36,38,3,1,1,0,-1,0
36,39,1,1,0,0,1,0
36,40,7,2,1,0,-1,0
36,41,1,1,0,0,0,1
36,42,6,2,0,1,0,0
36,43,6,2,0,1,0,0
36,44,6,2,0,1,1,-1
36,45,7,2,1,0,0,0
36,46,3,1,1,0,0,1
36,47,4,1,1,1,0,0
36,48,4,1,1,1,0,-1
36,49,3,1,1,0,0,1
36,50,4,1,1,1,0,0
37,1,2,1,0,1,1,-1
37,2,3,1,1,0,-1,0
37,3,1,1,0,0,0,0
37,4,5,2,0,0,0,0
37,5,5,2,0,0,0,0
37,6,5,2,0,0,0,0
37,7,1,1,0,0,0,0
37,8,1,1,0,0,0,1
37,9,2,1,0,1,0,-1
37,10,1,1,0,0,0,1
37,11,2,1,0,1,0,0
37,12,2,1,0,1,0,0
37,13,2,1,0,1,0,0
37,14,2,1,0,1,1,0
37,15,8,2,1,1,0,0
37,16,4,1,1,1,-1,0
37,17,2,1,0,1,0,0
37,18,2,1,0,1,0,0
37,19,2,1,0,1,0,0
37,20,2,1,0,1,0,-1
37,21,1,1,0,0,1,1
37,22,4,1,1,1,0,0
37,23,8,2,1,1,0,-1
37,24,7,2,1,0,0,0
37,25,3,1,1,0,0,0
37,26,3,1,1,0,0,0
37,27,3,1,1,0,0,0
37,28,7,2,1,0,0,1
37,29,8,2,1,1,-1,0
37,30,2,1,0,1,0,-1
37,31,1,1,0,0,0,0
37,32,1,1,0,0,1,0
37,33,3,1,1,0,0,0
37,34,3,1,1,0,-1,0
37,35,5,2,0,0,0,0
37,36,1,1,0,0,0,1
37,37,6,2,0,1,1,-1
37,38,7,2,1,0,0,0
37,39,7,2,1,0,-1,0
37,40,5,2,0,0,1,0
37,41,7,2,1,0,0,0
37,42,3,1,1,0,0,0
37,43,7,2,1,0,0,0
37,44,7,2,1,0,0,0
37,45,3,1,1,0,0,1
37,46,8,2,1,1,0,0
37,47,4,1,1,1,-1,0
37,48,2,1,0,1,0,0
37,49,2,1,0,1,0,-1
37,50,1,1,0,0,0,0
38,1,1,1,0,0,0,0
38,2,1,1,0,0,0,0
38,3,1,1,0,0,0,0
38,4,5,2,0,0,0,0
38,5,1,1,0,0,0,1
38,6,2,1,0,1,0,0
38,7,2,1,0,1,1,-1
38,8,3,1,1,0,0,0
38,9,3,1,1,0,-1,1
38,10,2,1,0,1,0,0
38,11,2,1,0,1,0,-1
38,12,1,1,0,0,0,0
38,13,1,1,0,0,0,0
38,14,1,1,0,0,0,0
38,15,1,1,0,0,0,0
38,16,5,2,0,0,1,0
38,17,7,2,1,0,0,0
38,18,3,1,1,0,0,1
38,19,4,1,1,1,0,-1
38,20,3,1,1,0,-1,0
38,21,1,1,0,0,0,0
38,22,5,2,0,0,0,0
38,23,5,2,0,0,1,0
38,24,7,2,1,0,-1,0
38,25,5,2,0,0,0,0
38,26,1,1,0,0,1,0
38,27,3,1,1,0,0,1
38,28,4,1,1,1,0,0
38,29,8,2,1,1,0,-1
38,30,7,2,1,0,0,0
38,31,3,1,1,0,0,1
38,32,8,2,1,1,0,0
38,33,8,2,1,1,0,0
38,34,4,1,1,1,-1,-1
38,35,1,1,0,0,0,1
38,36,2,1,0,1,1,0
38,37,8,2,1,1,0,0
38,38,8,2,1,1,0,-1
38,39,7,2,1,0,0,1
38,40,4,1,1,1,-1,-1
38,41,5,2,0,0,0,0
38,42,5,2,0,0,0,0
38,43,1,1,0,0,0,1
38,44,2,1,0,1,1,0
38,45,4,1,1,1,0,0
38,46,4,1,1,1,0,0
38,47,4,1,1,1,-1,0
38,48,6,2,0,1,0,0
38,49,2,1,0,1,0,0
38,50,2,1,0,1,1,0
39,1,2,1,0,1,0,0
39,2,2,1,0,1,0,0
39,3,2,1,0,1,0,0
39,4,6,2,0,1,0,0
39,5,6,2,0,1,0,0
39,6,6,2,0,1,1,0
39,7,8,2,1,1,-1,0
39,8,6,2,0,1,0,0
39,9,6,2,0,1,1,0
39,10,8,2,1,1,0,0
39,11,8,2,1,1,-1,-1
39,12,5,2,0,0,0,0
39,13,1,1,0,0,0,0
39,14,1,1,0,0,0,1
39,15,2,1,0,1,0,-1
39,16,1,1,0,0,1,0
39,17,3,1,1,0,0,0
39,18,3,1,1,0,0,0
39,19,7,2,1,0,-1,0
39,20,5,2,0,0,0,0
39,21,5,2,0,0,0,1
39,22,2,1,0,1,0,0
39,23,6,2,0,1,0,0
39,24,6,2,0,1,0,0
39,25,6,2,0,1,0,0
39,26,2,1,0,1,0,-1
39,27,1,1,0,0,0,0
39,28,5,2,0,0,0,0
39,29,5,2,0,0,0,0
39,30,5,2,0,0,0,0
39,31,5,2,0,0,0,0
39,32,5,2,0,0,0,0
39,33,5,2,0,0,1,0
39,34,3,1,1,0,-1,0
39,35,1,1,0,0,0,0
39,36,1,1,0,0,1,0
39,37,7,2,1,0,0,0
39,38,7,2,1,0,0,0
39,39,7,2,1,0,0,0
39,40,3,1,1,0,0,0
39,41,3,1,1,0,0,0
39,42,3,1,1,0,0,0
39,43,7,2,1,0,0,0
39,44,7,2,1,0,0,0
39,45,7,2,1,0,0,0
39,46,3,1,1,0,0,0
39,47,3,1,1,0,0,1
39,48,4,1,1,1,0,0
39,49,8,2,1,1,0,0
39,50,8,2,1,1,0,-1
40,1,3,1,1,0,0,1
40,2,4,1,1,1,-1,0
40,3,2,1,0,1,0,0
40,4,2,1,0,1,1,0
40,5,4,1,1,1,0,-1
40,6,3,1,1,0,-1,0
40,7,5,2,0,0,0,0
40,8,5,2,0,0,0,0
40,9,5,2,0,0,0,0
40,10,1,1,0,0,0,0
40,11,1,1,0,0,1,0
40,12,7,2,1,0,0,0
40,13,7,2,1,0,0,1
40,14,8,2,1,1,0,0
40,15,8,2,1,1,0,-1
40,16,3,1,1,0,0,0
40,17,3,1,1,0,0,1
40,18,8,2,1,1,0,0
40,19,8,2,1,1,0,-1
40,20,7,2,1,0,-1,1
40,21,6,2,0,1,0,0
40,22,6,2,0,1,1,-1
40,23,7,2,1,0,0,0
40,24,3,1,1,0,0,1
40,25,4,1,1,1,0,0
40,26,4,1,1,1,-1,0
40,27,2,1,0,1,0,0
40,28,2,1,0,1,0,0
40,29,2,1,0,1,0,-1
40,30,5,2,0,0,0,0
40,31,1,1,0,0,1,0
40,32,3,1,1,0,0,1
40,33,4,1,1,1,-1,0
40,34,6,2,0,1,1,0
40,35,4,1,1,1,-1,-1
40,36,1,1,0,0,0,0
40,37,5,2,0,0,1,0
40,38,7,2,1,0,0,1
40,39,4,1,1,1,0,0
40,40,8,2,1,1,0,0
40,41,8,2,1,1,-1,0
40,42,6,2,0,1,0,0
40,43,6,2,0,1,1,0
40,44,8,2,1,1,0,-1
40,45,7,2,1,0,0,0
40,46,3,1,1,0,0,0
40,47,3,1,1,0,0,0
40,48,3,1,1,0,-1,0
40,49,5,2,0,0,1,0
40,50,3,1,1,0,0,0
41,1,4,1,1,1,0,0
41,2,4,1,1,1,0,0
41,3,4,1,1,1,-1,0
41,4,2,1,0,1,1,0
41,5,8,2,1,1,0,0
41,6,4,1,1,1,0,0
41,7,8,2,1,1,0,-1
41,8,3,1,1,0,-1,0
41,9,1,1,0,0,0,0
41,10,5,2,0,0,1,0
41,11,3,1,1,0,0,1
41,12,8,2,1,1,0,0
41,13,4,1,1,1,-1,-1
41,14,5,2,0,0,0,0
41,15,5,2,0,0,0,0
41,16,5,2,0,0,0,0
41,17,5,2,0,0,1,1
41,18,8,2,1,1,0,-1
41,19,7,2,1,0,0,0
41,20,3,1,1,0,-1,1
41,21,2,1,0,1,0,0
41,22,6,2,0,1,1,0
41,23,4,1,1,1,0,-1
41,24,7,2,1,0,-1,0
41,25,1,1,0,0,0,0
41,26,1,1,0,0,1,0
41,27,3,1,1,0,0,0
41,28,3,1,1,0,0,1
41,29,4,1,1,1,0,0
41,30,4,1,1,1,0,0
41,31,4,1,1,1,0,0
41,32,4,1,1,1,0,0
41,33,4,1,1,1,0,0
41,34,4,1,1,1,0,0
41,35,4,1,1,1,0,0
41,36,8,2,1,1,-1,-1
41,37,1,1,0,0,0,0
41,38,5,2,0,0,0,0
41,39,1,1,0,0,0,0
41,40,1,1,0,0,0,0
41,41,5,2,0,0,1,1
41,42,8,2,1,1,0,0
41,43,8,2,1,1,0,0
41,44,8,2,1,1,-1,0
41,45,2,1,0,1,0,0
41,46,2,1,0,1,0,0
41,47,6,2,0,1,0,0
41,48,6,2,0,1,0,0
41,49,2,1,0,1,1,0
41,50,8,2,1,1,0,0
42,1,2,1,0,1,0,0
42,2,2,1,0,1,1,0
42,3,4,1,1,1,0,-1
42,4,3,1,1,0,0,1
42,5,4,1,1,1,0,0
42,6,4,1,1,1,0,-1
42,7,3,1,1,0,0,0
42,8,3,1,1,0,0,0
42,9,7,2,1,0,0,1
42,10,8,2,1,1,0,0
42,11,8,2,1,1,0,0
42,12,4,1,1,1,-1,0
42,13,2,1,0,1,0,0
42,14,2,1,0,1,0,-1
42,15,1,1,0,0,1,1
42,16,8,2,1,1,-1,-1
42,17,5,2,0,0,0,0
42,18,5,2,0,0,0,0
42,19,5,2,0,0,1,0
42,20,3,1,1,0,0,1
42,21,4,1,1,1,0,0
42,22,4,1,1,1,0,0
42,23,4,1,1,1,0,0
42,24,4,1,1,1,0,0
42,25,8,2,1,1,-1,-1
42,26,5,2,0,0,0,1
42,27,2,1,0,1,0,0
42,28,6,2,0,1,0,-1
42,29,5,2,0,0,1,0
42,30,3,1,1,0,0,1
42,31,4,1,1,1,0,0
42,32,4,1,1,1,0,0
42,33,8,2,1,1,0,0
42,34,8,2,1,1,-1,0
42,35,6,2,0,1,0,-1
42,36,5,2,0,0,0,0
42,37,5,2,0,0,0,1
42,38,6,2,0,1,0,-1
42,39,5,2,0,0,1,0
42,40,3,1,1,0,0,1
42,41,4,1,1,1,0,0
42,42,8,2,1,1,0,0
42,43,8,2,1,1,-1,-1
42,44,5,2,0,0,1,0
42,45,7,2,1,0,-1,0
42,46,5,2,0,0,0,0
42,47,5,2,0,0,1,1
42,48,8,2,1,1,-1,-1
42,49,5,2,0,0,0,1
42,50,6,2,0,1,0,0
43,1,1,1,0,0,1,0
43,2,3,1,1,0,-1,0
43,3,1,1,0,0,0,0
43,4,5,2,0,0,0,0
43,5,5,2,0,0,0,0
43,6,5,2,0,0,0,0
43,7,1,1,0,0,0,1
43,8,2,1,0,1,0,0
43,9,2,1,0,1,0,0
43,10,2,1,0,1,0,0
43,11,2,1,0,1,0,0
43,12,2,1,0,1,0,-1
43,13,1,1,0,0,1,0
43,14,3,1,1,0,0,0
43,15,3,1,1,0,0,0
43,16,3,1,1,0,-1,0
43,17,1,1,0,0,0,0
43,18,5,2,0,0,0,0
43,19,5,2,0,0,0,0
43,20,1,1,0,0,1,0
43,21,3,1,1,0,-1,1
43,22,2,1,0,1,1,0
43,23,4,1,1,1,0,-1
43,24,3,1,1,0,-1,0
43,25,1,1,0,0,0,1
43,26,2,1,0,1,0,0
43,27,2,1,0,1,0,0
43,28,2,1,0,1,0,0
43,29,6,2,0,1,1,0
43,30,8,2,1,1,-1,0
43,31,6,2,0,1,0,0
43,32,2,1,0,1,1,0
43,33,8,2,1,1,0,0
43,34,8,2,1,1,0,-1
43,35,7,2,1,0,-1,0
43,36,5,2,0,0,0,0
43,37,5,2,0,0,1,0
43,38,7,2,1,0,0,0
43,39,7,2,1,0,0,1
43,40,4,1,1,1,0,0
43,41,4,1,1,1,0,0
43,42,4,1,1,1,0,0
43,43,4,1,1,1,0,0
43,44,4,1,1,1,0,-1
43,45,3,1,1,0,-1,0
43,46,1,1,0,0,0,0
43,47,1,1,0,0,1,0
43,48,3,1,1,0,-1,0
43,49,1,1,0,0,0,0
43,50,1,1,0,0,0,0
44,1,2,1,0,1,0,-1
44,2,5,2,0,0,1,0
44,3,3,1,1,0,0,0
44,4,3,1,1,0,0,0
44,5,3,1,1,0,0,0
44,6,7,2,1,0,0,0
44,7,7,2,1,0,-1,0
44,8,1,1,0,0,0,1
44,9,2,1,0,1,1,0
44,10,8,2,1,1,-1,0
44,11,2,1,0,1,0,0
44,12,2,1,0,1,1,0
44,13,4,1,1,1,0,-1
44,14,3,1,1,0,0,1
44,15,8,2,1,1,0,0
44,16,4,1,1,1,0,-1
44,17,3,1,1,0,0,0
44,18,3,1,1,0,0,0
44,19,7,2,1,0,0,0
44,20,7,2,1,0,-1,1
44,21,2,1,0,1,0,0
44,22,6,2,0,1,0,0
44,23,2,1,0,1,0,-1
44,24,5,2,0,0,1,0
44,25,3,1,1,0,-1,0
44,26,1,1,0,0,0,0
44,27,1,1,0,0,1,0
44,28,3,1,1,0,0,0
44,29,3,1,1,0,0,0
44,30,3,1,1,0,-1,0
44,31,1,1,0,0,1,1
44,32,8,2,1,1,0,0
44,33,4,1,1,1,-1,0
44,34,6,2,0,1,0,0
44,35,6,2,0,1,0,0
44,36,6,2,0,1,0,0
44,37,6,2,0,1,1,0
44,38,4,1,1,1,0,0
44,39,4,1,1,1,0,0
44,40,8,2,1,1,0,-1
44,41,7,2,1,0,0,0
44,42,3,1,1,0,0,0
44,43,3,1,1,0,-1,1
44,44,6,2,0,1,0,0
44,45,6,2,0,1,1,0
44,46,8,2,1,1,0,0
44,47,4,1,1,1,0,0
44,48,4,1,1,1,0,0
44,49,8,2,1,1,0,0
44,50,4,1,1,1,-1,0
45,1,6,2,0,1,1,0
45,2,8,2,1,1,0,0
45,3,8,2,1,1,0,0
45,4,4,1,1,1,0,0
45,5,4,1,1,1,-1,-1
45,6,5,2,0,0,0,1
45,7,6,2,0,1,1,0
45,8,8,2,1,1,0,-1
45,9,7,2,1,0,0,0
45,10,7,2,1,0,-1,0
45,11,5,2,0,0,1,0
45,12,3,1,1,0,0,0
45,13,3,1,1,0,0,1
45,14,4,1,1,1,0,0
45,15,4,1,1,1,0,0
45,16,4,1,1,1,0,0
45,17,4,1,1,1,0,0
45,18,8,2,1,1,-1,0
45,19,6,2,0,1,0,0
45,20,2,1,0,1,0,-1
45,21,5,2,0,0,0,0
45,22,5,2,0,0,1,0
45,23,7,2,1,0,0,0
45,24,3,1,1,0,0,0
45,25,3,1,1,0,0,0
45,26,3,1,1,0,0,0
45,27,7,2,1,0,0,0
45,28,7,2,1,0,0,0
45,29,3,1,1,0,0,1
45,30,4,1,1,1,0,0
45,31,4,1,1,1,0,0
45,32,8,2,1,1,0,0
45,33,4,1,1,1,0,0
45,34,4,1,1,1,0,0
45,35,8,2,1,1,0,0
45,36,8,2,1,1,0,0
45,37,4,1,1,1,0,0
45,38,4,1,1,1,-1,0
45,39,2,1,0,1,0,0
45,40,2,1,0,1,0,0
45,41,6,2,0,1,0,0
45,42,2,1,0,1,0,0
45,43,2,1,0,1,0,0
45,44,2,1,0,1,0,0
45,45,2,1,0,1,0,-1
45,46,1,1,0,0,0,0
45,47,1,1,0,0,1,0
45,48,3,1,1,0,0,0
45,49,3,1,1,0,0,1
45,50,8,2,1,1,-1,0
46,1,7,2,1,0,0,0
46,2,3,1,1,0,0,0
46,3,7,2,1,0,-1,1
46,4,6,2,0,1,0,-1
46,5,5,2,0,0,0,1
46,6,6,2,0,1,1,0
46,7,8,2,1,1,0,0
46,8,8,2,1,1,0,-1
46,9,3,1,1,0,0,0
46,10,7,2,1,0,0,0
46,11,7,2,1,0,0,1
46,12,8,2,1,1,0,0
46,13,8,2,1,1,-1,0
46,14,6,2,0,1,0,0
46,15,6,2,0,1,0,0
46,16,6,2,0,1,0,0
46,17,6,2,0,1,0,0
46,18,2,1,0,1,0,0
46,19,2,1,0,1,0,0
46,20,2,1,0,1,0,0
46,21,2,1,0,1,0,0
46,22,2,1,0,1,1,0
46,23,4,1,1,1,-1,-1
46,24,1,1,0,0,0,0
46,25,1,1,0,0,1,0
46,26,7,2,1,0,0,0
46,27,3,1,1,0,-1,0
46,28,1,1,0,0,0,1
46,29,6,2,0,1,1,-1
46,30,7,2,1,0,0,0
46,31,3,1,1,0,0,0
46,32,3,1,1,0,0,0
46,33,7,2,1,0,0,0
46,34,7,2,1,0,-1,0
46,35,1,1,0,0,0,0
46,36,5,2,0,0,0,0
46,37,5,2,0,0,0,0
46,38,1,1,0,0,0,0
46,39,1,1,0,0,0,1
46,40,6,2,0,1,1,0
46,41,4,1,1,1,0,0
46,42,8,2,1,1,0,0
46,43,4,1,1,1,0,0
46,44,4,1,1,1,0,-1
46,45,3,1,1,0,-1,0
46,46,5,2,0,0,1,0
46,47,3,1,1,0,0,0
46,48,3,1,1,0,0,1
46,49,4,1,1,1,0,0
46,50,4,1,1,1,-1,0
47,1,5,2,0,0,0,0
47,2,5,2,0,0,0,0
47,3,5,2,0,0,1,0
47,4,3,1,1,0,0,0
47,5,7,2,1,0,-1,0
47,6,5,2,0,0,1,1
47,7,8,2,1,1,0,0
47,8,4,1,1,1,0,0
47,9,4,1,1,1,0,0
47,10,4,1,1,1,0,0
47,11,8,2,1,1,0,-1
47,12,7,2,1,0,-1,0
47,13,1,1,0,0,0,1
47,14,2,1,0,1,0,-1
47,15,1,1,0,0,0,0
47,16,1,1,0,0,1,1
47,17,8,2,1,1,0,-1
47,18,3,1,1,0,-1,0
47,19,5,2,0,0,0,0
47,20,5,2,0,0,0,0
47,21,5,2,0,0,0,0
47,22,5,2,0,0,0,0
47,23,5,2,0,0,0,0
47,24,5,2,0,0,0,0
47,25,5,2,0,0,1,0
47,26,7,2,1,0,0,1
47,27,8,2,1,1,-1,0
47,28,6,2,0,1,0,0
47,29,2,1,0,1,0,0
47,30,2,1,0,1,1,0
47,31,4,1,1,1,-1,0
47,32,2,1,0,1,0,0
47,33,6,2,0,1,0,0
47,34,2,1,0,1,1,0
47,35,8,2,1,1,0,0
47,36,4,1,1,1,0,0
47,37,4,1,1,1,0,0
47,38,4,1,1,1,-1,0
47,39,6,2,0,1,1,-1
47,40,7,2,1,0,-1,0
47,41,5,2,0,0,1,1
47,42,4,1,1,1,-1,0
47,43,6,2,0,1,1,0
47,44,8,2,1,1,0,0
47,45,8,2,1,1,0,0
47,46,4,1,1,1,0,0
47,47,4,1,1,1,-1,-1
47,48,5,2,0,0,1,0
47,49,3,1,1,0,0,0
47,50,3,1,1,0,0,1
48,1,7,2,1,0,0,0
48,2,3,1,1,0,0,0
48,3,3,1,1,0,0,0
48,4,3,1,1,0,0,1
48,5,4,1,1,1,0,-1
48,6,7,2,1,0,0,0
48,7,7,2,1,0,0,1
48,8,8,2,1,1,0,0
48,9,4,1,1,1,0,0
48,10,4,1,1,1,0,0
48,11,4,1,1,1,-1,0
48,12,2,1,0,1,0,0
48,13,2,1,0,1,0,-1
48,14,1,1,0,0,0,0
48,15,1,1,0,0,0,0
48,16,1,1,0,0,1,0
48,17,3,1,1,0,0,0
48,18,3,1,1,0,0,0
48,19,3,1,1,0,0,1
48,20,4,1,1,1,0,-1
48,21,7,2,1,0,0,0
48,22,3,1,1,0,0,0
48,23,3,1,1,0,-1,0
48,24,1,1,0,0,1,1
48,25,8,2,1,1,0,0
48,26,8,2,1,1,0,0
48,27,8,2,1,1,0,0
48,28,8,2,1,1,0,0
48,29,8,2,1,1,0,0
48,30,8,2,1,1,-1,-1
48,31,5,2,0,0,0,1
48,32,2,1,0,1,0,0
48,33,6,2,0,1,0,0
48,34,6,2,0,1,0,0
48,35,6,2,0,1,1,-1
48,36,7,2,1,0,0,0
48,37,7,2,1,0,0,1
48,38,4,1,1,1,-1,-1
48,39,1,1,0,0,0,1
48,40,2,1,0,1,1,-1
48,41,3,1,1,0,0,0
48,42,3,1,1,0,0,0
48,43,3,1,1,0,-1,0
48,44,1,1,0,0,1,0
48,45,7,2,1,0,0,0
48,46,7,2,1,0,0,0
48,47,7,2,1,0,0,0
48,48,7,2,1,0,-1,1
48,49,6,2,0,1,0,0
48,50,6,2,0,1,0,0
49,1,8,2,1,1,0,0
49,2,8,2,1,1,0,0
49,3,8,2,1,1,0,0
49,4,8,2,1,1,0,0
49,5,8,2,1,1,0,0
49,6,4,1,1,1,0,-1
49,7,3,1,1,0,0,0
49,8,7,2,1,0,0,0
49,9,3,1,1,0,0,1
49,10,4,1,1,1,0,-1
49,11,3,1,1,0,-1,1
49,12,2,1,0,1,1,-1
49,13,7,2,1,0,0,1
49,14,8,2,1,1,-1,0
49,15,2,1,0,1,0,0
49,16,2,1,0,1,0,0
49,17,2,1,0,1,1,0
49,18,4,1,1,1,-1,0
49,19,2,1,0,1,0,0
49,20,2,1,0,1,0,0
49,21,2,1,0,1,0,0
49,22,2,1,0,1,0,-1
49,23,1,1,0,0,0,1
49,24,2,1,0,1,0,-1
49,25,1,1,0,0,1,0
49,26,3,1,1,0,0,0
49,27,7,2,1,0,0,0
49,28,3,1,1,0,0,1
49,29,4,1,1,1,0,0
49,30,4,1,1,1,0,0
49,31,4,1,1,1,0,0
49,32,4,1,1,1,0,0
49,33,4,1,1,1,-1,0
49,34,2,1,0,1,0,0
49,35,2,1,0,1,0,0
49,36,6,2,0,1,0,0
49,37,6,2,0,1,1,0
49,38,4,1,1,1,0,0
49,39,8,2,1,1,0,0
49,40,8,2,1,1,0,0
49,41,4,1,1,1,0,0
49,42,8,2,1,1,0,-1
49,43,7,2,1,0,0,1
49,44,8,2,1,1,0,0
49,45,8,2,1,1,0,0
49,46,8,2,1,1,-1,-1
49,47,1,1,0,0,0,1
49,48,2,1,0,1,1,0
49,49,4,1,1,1,0,0
49,50,4,1,1,1,0,-1
50,1,8,2,1,1,0,0
50,2,8,2,1,1,-1,-1
50,3,5,2,0,0,0,0
50,4,5,2,0,0,0,0
50,5,5,2,0,0,0,0
50,6,5,2,0,0,1,1
50,7,8,2,1,1,0,0
50,8,4,1,1,1,0,0
50,9,8,2,1,1,0,0
50,10,8,2,1,1,-1,0
50,11,6,2,0,1,0,0
50,12,6,2,0,1,1,0
50,13,8,2,1,1,0,-1
50,14,7,2,1,0,0,0
50,15,7,2,1,0,0,0
50,16,7,2,1,0,0,0
50,17,7,2,1,0,0,1
50,18,4,1,1,1,-1,-1
50,19,5,2,0,0,1,1
50,20,8,2,1,1,0,0
50,21,4,1,1,1,0,-1
50,22,3,1,1,0,0,0
50,23,3,1,1,0,0,1
50,24,4,1,1,1,0,-1
50,25,3,1,1,0,-1,0
50,26,1,1,0,0,0,0
50,27,1,1,0,0,0,1
50,28,2,1,0,1,1,-1
50,29,3,1,1,0,0,1
50,30,4,1,1,1,0,-1
50,31,3,1,1,0,0,1
50,32,8,2,1,1,0,0
50,33,8,2,1,1,0,0
50,34,8,2,1,1,-1,0
50,35,6,2,0,1,0,0
50,36,2,1,0,1,0,0
50,37,2,1,0,1,0,-1
50,38,1,1,0,0,0,1
50,39,6,2,0,1,0,-1
50,40,5,2,0,0,1,1
50,41,8,2,1,1,0,0
50,42,8,2,1,1,0,-1
50,43,7,2,1,0,0,0
50,44,7,2,1,0,0,0
50,45,7,2,1,0,-1,0
50,46,5,2,0,0,1,0
50,47,7,2,1,0,0,0
50,48,7,2,1,0,-1,0
50,49,1,1,0,0,0,0
50,50,1,1,0,0,0,1
51,1,8,2,1,1,0,0
51,2,4,1,1,1,-1,0
51,3,2,1,0,1,1,-1
51,4,3,1,1,0,0,0
51,5,3,1,1,0,0,1
51,6,8,2,1,1,0,0
51,7,4,1,1,1,-1,0
51,8,2,1,0,1,0,0
51,9,2,1,0,1,0,0
51,10,2,1,0,1,0,-1
51,11,1,1,0,0,1,0
51,12,7,2,1,0,0,0
51,13,7,2,1,0,0,0
51,14,7,2,1,0,0,1
51,15,8,2,1,1,0,0
51,16,4,1,1,1,-1,0
51,17,2,1,0,1,0,0
51,18,2,1,0,1,0,0
51,19,2,1,0,1,0,-1
51,20,1,1,0,0,0,0
51,21,1,1,0,0,1,0
51,22,3,1,1,0,0,1
51,23,4,1,1,1,0,0
51,24,4,1,1,1,-1,0
51,25,6,2,0,1,0,0
51,26,6,2,0,1,0,0
51,27,6,2,0,1,0,0
51,28,2,1,0,1,0,0
51,29,2,1,0,1,0,0
51,30,6,2,0,1,0,0
51,31,2,1,0,1,0,0
51,32,2,1,0,1,0,-1
51,33,1,1,0,0,0,0
51,34,1,1,0,0,0,1
51,35,2,1,0,1,1,0
51,36,4,1,1,1,-1,-1
51,37,5,2,0,0,1,0
51,38,3,1,1,0,-1,0
51,39,1,1,0,0,0,0
51,40,5,2,0,0,0,0
51,41,5,2,0,0,0,0
51,42,5,2,0,0,0,0
51,43,5,2,0,0,1,0
51,44,7,2,1,0,0,1
51,45,4,1,1,1,0,0
51,46,4,1,1,1,0,0
51,47,4,1,1,1,0,-1
51,48,3,1,1,0,-1,0
51,49,1,1,0,0,1,0
51,50,3,1,1,0,-1,1
52,1,1,1,0,0,0,0
52,2,1,1,0,0,1,1
52,3,4,1,1,1,0,0
52,4,8,2,1,1,-1,-1
52,5,1,1,0,0,0,0
52,6,1,1,0,0,0,0
52,7,5,2,0,0,0,0
52,8,5,2,0,0,0,0
52,9,5,2,0,0,0,0
52,10,1,1,0,0,0,1
52,11,6,2,0,1,0,0
52,12,2,1,0,1,1,-1
52,13,7,2,1,0,0,0
52,14,3,1,1,0,0,0
52,15,7,2,1,0,-1,0
52,16,1,1,0,0,0,0
52,17,1,1,0,0,0,0
52,18,1,1,0,0,0,0
52,19,1,1,0,0,1,0
52,20,3,1,1,0,0,0
52,21,3,1,1,0,0,1
52,22,4,1,1,1,0,0
52,23,8,2,1,1,-1,-1
52,24,5,2,0,0,0,0
52,25,5,2,0,0,0,0
52,26,5,2,0,0,0,0
52,27,1,1,0,0,0,0
52,28,5,2,0,0,0,0
52,29,5,2,0,0,0,0
52,30,5,2,0,0,1,0
52,31,3,1,1,0,0,1
52,32,4,1,1,1,0,0
52,33,4,1,1,1,-1,0
52,34,2,1,0,1,0,-1
52,35,1,1,0,0,0,0
52,36,5,2,0,0,1,0
52,37,7,2,1,0,0,0
52,38,7,2,1,0,0,0
52,39,7,2,1,0,0,0
52,40,3,1,1,0,-1,0
52,41,5,2,0,0,0,0
52,42,5,2,0,0,0,0
52,43,5,2,0,0,0,0
52,44,1,1,0,0,1,0
52,45,3,1,1,0,0,0
52,46,7,2,1,0,0,1
52,47,8,2,1,1,0,0
52,48,8,2,1,1,0,0
52,49,8,2,1,1,0,0
52,50,8,2,1,1,-1,0
53,1,1,1,0,0,0,0
53,2,1,1,0,0,0,0
53,3,5,2,0,0,1,1
53,4,4,1,1,1,0,0
53,5,4,1,1,1,0,0
53,6,4,1,1,1,0,0
53,7,4,1,1,1,0,-1
53,8,7,2,1,0,0,0
53,9,7,2,1,0,-1,0
53,10,5,2,0,0,0,0
53,11,5,2,0,0,0,0
53,12,5,2,0,0,0,0
53,13,1,1,0,0,1,1
53,14,4,1,1,1,-1,0
53,15,2,1,0,1,0,0
53,16,6,2,0,1,0,0
53,17,2,1,0,1,0,-1
53,18,5,2,0,0,0,0
53,19,1,1,0,0,0,0
53,20,5,2,0,0,0,0
53,21,1,1,0,0,0,0
53,22,5,2,0,0,1,0
53,23,3,1,1,0,0,0
53,24,7,2,1,0,0,0
53,25,3,1,1,0,0,1
53,26,4,1,1,1,-1,0
53,27,6,2,0,1,1,0
53,28,8,2,1,1,0,-1
53,29,7,2,1,0,0,0
53,30,7,2,1,0,0,0
53,31,7,2,1,0,0,0
53,32,7,2,1,0,0,0
53,33,7,2,1,0,0,0
53,34,3,1,1,0,0,0
53,35,3,1,1,0,0,1
53,36,8,2,1,1,0,0
53,37,4,1,1,1,0,0
53,38,8,2,1,1,0,0
53,39,8,2,1,1,0,-1
53,40,7,2,1,0,-1,1
53,41,6,2,0,1,0,-1
53,42,5,2,0,0,1,0
53,43,3,1,1,0,0,1
53,44,4,1,1,1,0,0
53,45,4,1,1,1,0,0
53,46,4,1,1,1,0,0
53,47,8,2,1,1,0,0
53,48,4,1,1,1,0,0
53,49,4,1,1,1,-1,0
53,50,2,1,0,1,1,0
54,1,8,2,1,1,-1,0
54,2,2,1,0,1,0,0
54,3,6,2,0,1,1,0
54,4,4,1,1,1,0,0
54,5,4,1,1,1,0,0
54,6,4,1,1,1,0,-1
54,7,3,1,1,0,0,0
54,8,3,1,1,0,0,0
54,9,3,1,1,0,0,1
54,10,4,1,1,1,-1,0
54,11,6,2,0,1,0,0
54,12,6,2,0,1,0,0
54,13,6,2,0,1,0,-1
54,14,5,2,0,0,0,0
54,15,5,2,0,0,0,0
54,16,1,1,0,0,0,0
54,17,1,1,0,0,0,0
54,18,5,2,0,0,1,0
54,19,3,1,1,0,0,0
54,20,3,1,1,0,-1,0
54,21,1,1,0,0,0,0
54,22,1,1,0,0,0,0
54,23,1,1,0,0,0,1
54,24,2,1,0,1,1,0
54,25,4,1,1,1,0,0
54,26,4,1,1,1,0,0
54,27,8,2,1,1,0,-1
54,28,7,2,1,0,0,0
54,29,3,1,1,0,0,0
54,30,7,2,1,0,0,0
54,31,7,2,1,0,0,0
54,32,7,2,1,0,0,0
54,33,3,1,1,0,0,0
54,34,3,1,1,0,0,1
54,35,8,2,1,1,0,0
54,36,8,2,1,1,0,-1
54,37,7,2,1,0,0,0
54,38,3,1,1,0,0,0
54,39,7,2,1,0,0,0
54,40,3,1,1,0,0,1
54,41,4,1,1,1,0,-1
54,42,3,1,1,0,0,1
54,43,4,1,1,1,0,-1
54,44,3,1,1,0,-1,1
54,45,6,2,0,1,0,0
54,46,6,2,0,1,0,0
54,47,6,2,0,1,1,0
54,48,8,2,1,1,0,0
54,49,8,2,1,1,0,0
54,50,8,2,1,1,0,0
55,1,5,2,0,0,0,0
55,2,1,1,0,0,1,0
55,3,3,1,1,0,0,0
55,4,3,1,1,0,0,0
55,5,3,1,1,0,0,0
55,6,3,1,1,0,0,0
55,7,3,1,1,0,0,1
55,8,4,1,1,1,0,-1
55,9,3,1,1,0,0,0
55,10,3,1,1,0,0,1
55,11,4,1,1,1,-1,0
55,12,2,1,0,1,0,0
55,13,2,1,0,1,1,0
55,14,8,2,1,1,0,0
55,15,8,2,1,1,0,-1
55,16,7,2,1,0,0,0
55,17,7,2,1,0,0,0
55,18,7,2,1,0,0,1
55,19,4,1,1,1,0,0
55,20,4,1,1,1,0,0
55,21,4,1,1,1,0,0
55,22,4,1,1,1,0,0
55,23,4,1,1,1,0,0
55,24,4,1,1,1,0,-1
55,25,7,2,1,0,-1,0
55,26,5,2,0,0,0,0
55,27,1,1,0,0,0,1
55,28,6,2,0,1,1,0
55,29,8,2,1,1,-1,0
55,30,6,2,0,1,0,0
55,31,2,1,0,1,1,-1
55,32,3,1,1,0,0,0
55,33,3,1,1,0,-1,0
55,34,5,2,0,0,0,1
55,35,6,2,0,1,0,-1
55,36,5,2,0,0,0,0
55,37,1,1,0,0,0,0
55,38,1,1,0,0,0,1
55,39,2,1,0,1,0,0
55,40,2,1,0,1,1,0
55,41,8,2,1,1,0,0
55,42,4,1,1,1,0,0
55,43,4,1,1,1,0,0
55,44,4,1,1,1,-1,0
55,45,2,1,0,1,0,0
55,46,6,2,0,1,1,0
55,47,8,2,1,1,0,0
55,48,8,2,1,1,0,0
55,49,8,2,1,1,-1,0
55,50,2,1,0,1,0,0
56,1,2,1,0,1,0,0
56,2,6,2,0,1,0,-1
56,3,5,2,0,0,0,0
56,4,5,2,0,0,1,1
56,5,8,2,1,1,0,0
56,6,4,1,1,1,0,0
56,7,4,1,1,1,0,0
56,8,8,2,1,1,0,0
56,9,8,2,1,1,0,0
56,10,4,1,1,1,0,0
56,11,8,2,1,1,0,-1
56,12,3,1,1,0,0,0
56,13,3,1,1,0,0,1
56,14,4,1,1,1,0,0
56,15,4,1,1,1,0,0
56,16,4,1,1,1,0,0
56,17,4,1,1,1,0,0
56,18,4,1,1,1,-1,0
56,19,6,2,0,1,0,-1
56,20,5,2,0,0,1,0
56,21,3,1,1,0,0,0
56,22,3,1,1,0,0,0
56,23,3,1,1,0,-1,0
56,24,1,1,0,0,1,0
56,25,3,1,1,0,0,0
56,26,3,1,1,0,-1,0
56,27,5,2,0,0,0,1
56,28,2,1,0,1,0,0
56,29,2,1,0,1,0,0
56,30,2,1,0,1,0,0
56,31,2,1,0,1,0,0
56,32,2,1,0,1,0,0
56,33,2,1,0,1,0,0
56,34,2,1,0,1,0,0
56,35,2,1,0,1,0,-1
56,36,5,2,0,0,1,1
56,37,8,2,1,1,0,-1
56,38,7,2,1,0,0,0
56,39,3,1,1,0,0,0
56,40,3,1,1,0,0,0
56,41,3,1,1,0,0,0
56,42,3,1,1,0,0,0
56,43,7,2,1,0,-1,0
56,44,1,1,0,0,0,0
56,45,1,1,0,0,1,0
56,46,3,1,1,0,-1,0
56,47,1,1,0,0,0,0
56,48,1,1,0,0,0,0
56,49,1,1,0,0,0,0
56,50,5,2,0,0,0,0
57,1,8,2,1,1,0,0
57,2,8,2,1,1,0,0
57,3,8,2,1,1,0,0
57,4,4,1,1,1,0,0
57,5,8,2,1,1,0,0
57,6,4,1,1,1,0,0
57,7,4,1,1,1,0,0
57,8,4,1,1,1,0,-1
57,9,3,1,1,0,0,0
57,10,3,1,1,0,0,0
57,11,7,2,1,0,0,0
57,12,7,2,1,0,0,0
57,13,7,2,1,0,0,0
57,14,3,1,1,0,0,0
57,15,3,1,1,0,0,0
57,16,3,1,1,0,0,0
57,17,3,1,1,0,0,1
57,18,4,1,1,1,-1,0
57,19,2,1,0,1,1,0
57,20,4,1,1,1,0,0
57,21,4,1,1,1,0,-1
57,22,3,1,1,0,0,0
57,23,3,1,1,0,0,0
57,24,3,1,1,0,0,0
57,25,7,2,1,0,0,1
57,26,8,2,1,1,0,-1
57,27,7,2,1,0,0,0
57,28,7,2,1,0,-1,0
57,29,5,2,0,0,0,1
57,30,6,2,0,1,0,-1
57,31,1,1,0,0,0,1
57,32,2,1,0,1,0,0
57,33,2,1,0,1,0,0
57,34,2,1,0,1,0,-1
57,35,5,2,0,0,1,0
57,36,7,2,1,0,0,1
57,37,8,2,1,1,-1,0
57,38,6,2,0,1,0,0
57,39,6,2,0,1,0,0
57,40,6,2,0,1,0,0
57,41,6,2,0,1,0,0
57,42,6,2,0,1,1,0
57,43,4,1,1,1,0,-1
57,44,7,2,1,0,-1,1
57,45,6,2,0,1,0,-1
57,46,5,2,0,0,0,0
57,47,1,1,0,0,0,1
57,48,2,1,0,1,1,0
57,49,8,2,1,1,-1,-1
57,50,5,2,0,0,0,1
58,1,7,2,1,0,-1,0
58,2,5,2,0,0,0,1
58,3,6,2,0,1,0,-1
58,4,1,1,0,0,0,1
58,5,2,1,0,1,0,0
58,6,2,1,0,1,0,0
58,7,6,2,0,1,0,0
58,8,6,2,0,1,1,0
58,9,8,2,1,1,-1,0
58,10,6,2,0,1,0,-1
58,11,1,1,0,0,0,1
58,12,2,1,0,1,0,0
58,13,2,1,0,1,0,0
58,14,2,1,0,1,1,0
58,15,4,1,1,1,0,-1
58,16,7,2,1,0,0,0
58,17,7,2,1,0,0,0
58,18,7,2,1,0,0,1
58,19,4,1,1,1,0,0
58,20,8,2,1,1,0,0
58,21,8,2,1,1,-1,-1
58,22,1,1,0,0,1,1
58,23,4,1,1,1,-1,0
58,24,2,1,0,1,1,-1
58,25,7,2,1,0,0,1
58,26,8,2,1,1,0,0
58,27,8,2,1,1,0,0
58,28,4,1,1,1,0,0
58,29,4,1,1,1,-1,0
58,30,6,2,0,1,0,-1
58,31,1,1,0,0,0,0
58,32,1,1,0,0,0,0
58,33,1,1,0,0,1,0
58,34,3,1,1,0,0,1
58,35,4,1,1,1,0,0
58,36,4,1,1,1,0,0
58,37,4,1,1,1,0,0
58,38,4,1,1,1,-1,0
58,39,2,1,0,1,0,0
58,40,2,1,0,1,0,0
58,41,6,2,0,1,0,-1
58,42,1,1,0,0,1,0
58,43,3,1,1,0,0,0
58,44,3,1,1,0,0,0
58,45,3,1,1,0,0,1
58,46,4,1,1,1,0,0
58,47,8,2,1,1,0,0
58,48,8,2,1,1,0,0
58,49,4,1,1,1,-1,0
58,50,2,1,0,1,0,-1
59,1,6,2,0,1,1,-1
59,2,7,2,1,0,-1,1
59,3,2,1,0,1,1,0
59,4,4,1,1,1,0,0
59,5,4,1,1,1,0,-1
59,6,3,1,1,0,0,0
59,7,3,1,1,0,0,0
59,8,3,1,1,0,0,0
59,9,7,2,1,0,0,1
59,10,8,2,1,1,-1,-1
59,11,1,1,0,0,1,0
59,12,3,1,1,0,0,0
59,13,3,1,1,0,0,0
59,14,3,1,1,0,0,0
59,15,7,2,1,0,0,0
59,16,3,1,1,0,0,0
59,17,3,1,1,0,-1,0
59,18,1,1,0,0,1,0
59,19,3,1,1,0,0,0
59,20,3,1,1,0,0,0
59,21,3,1,1,0,0,0
59,22,3,1,1,0,0,0
59,23,3,1,1,0,0,0
59,24,3,1,1,0,0,1
59,25,4,1,1,1,0,-1
59,26,3,1,1,0,-1,0
59,27,1,1,0,0,0,0
59,28,1,1,0,0,0,1
59,29,2,1,0,1,0,-1
59,30,5,2,0,0,0,0
59,31,5,2,0,0,0,0
59,32,5,2,0,0,0,0
59,33,1,1,0,0,1,1
59,34,4,1,1,1,0,0
59,35,4,1,1,1,0,0
59,36,4,1,1,1,0,0
59,37,8,2,1,1,0,0
59,38,8,2,1,1,0,0
59,39,4,1,1,1,0,0
59,40,4,1,1,1,-1,0
59,41,2,1,0,1,1,0
59,42,4,1,1,1,-1,0
59,43,6,2,0,1,0,0
59,44,6,2,0,1,0,-1
59,45,1,1,0,0,0,0
59,46,5,2,0,0,0,0
59,47,1,1,0,0,0,0
59,48,1,1,0,0,0,0
59,49,1,1,0,0,1,1
59,50,4,1,1,1,0,0
60,1,8,2,1,1,0,0
60,2,4,1,1,1,0,0
60,3,4,1,1,1,-1,0
60,4,2,1,0,1,0,0
60,5,2,1,0,1,1,-1
60,6,3,1,1,0,0,0
60,7,7,2,1,0,0,1
60,8,4,1,1,1,0,0
60,9,4,1,1,1,0,0
60,10,4,1,1,1,-1,0
60,11,2,1,0,1,1,0
60,12,4,1,1,1,0,0
60,13,8,2,1,1,0,0
60,14,8,2,1,1,0,0
60,15,4,1,1,1,0,0
60,16,8,2,1,1,0,0
60,17,4,1,1,1,0,-1
60,18,3,1,1,0,0,0
60,19,3,1,1,0,0,0
60,20,7,2,1,0,0,0
60,21,7,2,1,0,0,1
60,22,4,1,1,1,0,0
60,23,4,1,1,1,0,-1
60,24,3,1,1,0,-1,0
60,25,1,1,0,0,0,0
60,26,1,1,0,0,0,0
60,27,1,1,0,0,1,0
60,28,7,2,1,0,0,0
60,29,3,1,1,0,-1,0
60,30,1,1,0,0,0,0
60,31,5,2,0,0,0,1
60,32,6,2,0,1,0,0
60,33,6,2,0,1,0,0
60,34,2,1,0,1,1,0
60,35,4,1,1,1,0,-1
60,36,3,1,1,0,0,1
60,37,8,2,1,1,0,-1
60,38,3,1,1,0,0,0
60,39,3,1,1,0,0,0
60,40,3,1,1,0,0,0
60,41,3,1,1,0,0,0
60,42,3,1,1,0,0,0
60,43,3,1,1,0,0,0
60,44,7,2,1,0,0,1
60,45,8,2,1,1,-1,0
60,46,6,2,0,1,0,-1
60,47,5,2,0,0,0,0
60,48,1,1,0,0,1,0
60,49,7,2,1,0,-1,0
60,50,5,2,0,0,0,1
61,1,6,2,0,1,0,-1
61,2,5,2,0,0,1,1
61,3,8,2,1,1,0,0
61,4,8,2,1,1,0,0
61,5,4,1,1,1,0,0
61,6,4,1,1,1,0,0
61,7,8,2,1,1,0,-1
61,8,7,2,1,0,0,1
61,9,8,2,1,1,-1,0
61,10,2,1,0,1,0,0
61,11,2,1,0,1,0,-1
61,12,1,1,0,0,1,0
61,13,7,2,1,0,-1,0
61,14,1,1,0,0,1,1
61,15,8,2,1,1,0,0
61,16,8,2,1,1,0,0
61,17,4,1,1,1,0,0
61,18,8,2,1,1,0,0
61,19,8,2,1,1,0,0
61,20,8,2,1,1,0,0
61,21,8,2,1,1,0,0
61,22,8,2,1,1,-1,0
61,23,2,1,0,1,0,0
61,24,2,1,0,1,0,0
61,25,2,1,0,1,1,0
61,26,8,2,1,1,0,0
61,27,4,1,1,1,0,0
61,28,4,1,1,1,0,0
61,29,4,1,1,1,0,0
61,30,4,1,1,1,0,0
61,31,8,2,1,1,0,0
61,32,8,2,1,1,-1,0
61,33,6,2,0,1,0,0
61,34,6,2,0,1,0,0
61,35,6,2,0,1,0,0
61,36,6,2,0,1,0,-1
61,37,5,2,0,0,1,1
61,38,8,2,1,1,0,0
61,39,4,1,1,1,0,0
61,40,8,2,1,1,0,0
61,41,8,2,1,1,0,-1
61,42,7,2,1,0,0,1
61,43,8,2,1,1,0,0
61,44,8,2,1,1,0,0
61,45,4,1,1,1,0,0
61,46,4,1,1,1,-1,0
61,47,6,2,0,1,1,0
61,48,4,1,1,1,0,0
61,49,4,1,1,1,0,0
61,50,4,1,1,1,0,0
62,1,5,2,0,0,1,1
62,2,8,2,1,1,0,0
62,3,8,2,1,1,-1,-1
62,4,5,2,0,0,0,1
62,5,6,2,0,1,1,0
62,6,4,1,1,1,0,0
62,7,8,2,1,1,0,0
62,8,8,2,1,1,0,0
62,9,8,2,1,1,0,0
62,10,8,2,1,1,0,0
62,11,4,1,1,1,0,-1
62,12,7,2,1,0,0,1
62,13,8,2,1,1,0,0
62,14,4,1,1,1,0,0
62,15,4,1,1,1,0,0
62,16,4,1,1,1,0,0
62,17,4,1,1,1,-1,0
62,18,2,1,0,1,0,0
62,19,6,2,0,1,1,0
62,20,8,2,1,1,0,0
62,21,4,1,1,1,0,0
62,22,4,1,1,1,-1,0
62,23,2,1,0,1,1,-1
62,24,3,1,1,0,0,0
62,25,7,2,1,0,0,0
62,26,7,2,1,0,-1,0
62,27,5,2,0,0,1,0
62,28,7,2,1,0,0,0
62,29,3,1,1,0,0,0
62,30,3,1,1,0,0,0
62,31,3,1,1,0,-1,0
62,32,1,1,0,0,1,1
62,33,8,2,1,1,0,0
62,34,8,2,1,1,0,0
62,35,4,1,1,1,0,0
62,36,4,1,1,1,0,-1
62,37,3,1,1,0,0,0
62,38,3,1,1,0,0,0
62,39,3,1,1,0,0,0
62,40,3,1,1,0,0,0
62,41,3,1,1,0,0,0
62,42,3,1,1,0,0,0
62,43,7,2,1,0,0,0
62,44,7,2,1,0,0,0
62,45,7,2,1,0,0,0
62,46,7,2,1,0,0,1
62,47,8,2,1,1,0,0
62,48,8,2,1,1,0,0
62,49,4,1,1,1,0,0
62,50,8,2,1,1,0,0
63,1,2,1,0,1,0,0
63,2,6,2,0,1,0,0
63,3,2,1,0,1,0,0
63,4,2,1,0,1,1,0
63,5,4,1,1,1,-1,0
63,6,2,1,0,1,1,0
63,7,8,2,1,1,0,-1
63,8,7,2,1,0,-1,0
63,9,1,1,0,0,0,0
63,10,1,1,0,0,0,0
63,11,1,1,0,0,0,0
63,12,1,1,0,0,0,0
63,13,1,1,0,0,0,0
63,14,1,1,0,0,1,0
63,15,3,1,1,0,-1,0
63,16,5,2,0,0,1,0
63,17,7,2,1,0,-1,0
63,18,5,2,0,0,0,0
63,19,1,1,0,0,0,0
63,20,1,1,0,0,0,0
63,21,1,1,0,0,0,0
63,22,1,1,0,0,1,1
63,23,8,2,1,1,0,0
63,24,8,2,1,1,0,0
63,25,4,1,1,1,0,0
63,26,4,1,1,1,0,0
63,27,8,2,1,1,0,0
63,28,8,2,1,1,0,0
63,29,8,2,1,1,-1,0
63,30,6,2,0,1,0,-1
63,31,1,1,0,0,0,1
63,32,6,2,0,1,0,0
63,33,2,1,0,1,1,0
63,34,8,2,1,1,0,0
63,35,4,1,1,1,0,0
63,36,4,1,1,1,0,0
63,37,8,2,1,1,-1,0
63,38,6,2,0,1,0,0
63,39,6,2,0,1,0,0
63,40,6,2,0,1,0,0
63,41,2,1,0,1,0,0
63,42,2,1,0,1,0,-1
63,43,1,1,0,0,1,0
63,44,3,1,1,0,0,0
63,45,3,1,1,0,0,0
63,46,3,1,1,0,0,0
63,47,7,2,1,0,0,1
63,48,4,1,1,1,0,0
63,49,8,2,1,1,0,-1
63,50,7,2,1,0,-1,0
64,1,3,1,1,0,0,0
64,2,3,1,1,0,-1,0
64,3,5,2,0,0,1,0
64,4,7,2,1,0,0,1
64,5,8,2,1,1,0,0
64,6,8,2,1,1,-1,0
64,7,2,1,0,1,0,-1
64,8,1,1,0,0,1,0
64,9,3,1,1,0,0,1
64,10,4,1,1,1,0,-1
64,11,3,1,1,0,0,0
64,12,3,1,1,0,0,1
64,13,8,2,1,1,-1,0
64,14,6,2,0,1,1,0
64,15,8,2,1,1,0,0
64,16,4,1,1,1,0,0
64,17,4,1,1,1,0,0
64,18,4,1,1,1,-1,0
64,19,2,1,0,1,0,0
64,20,6,2,0,1,0,0
64,21,2,1,0,1,0,0
64,22,2,1,0,1,0,0
64,23,6,2,0,1,1,0
64,24,8,2,1,1,0,-1
64,25,3,1,1,0,0,0
64,26,7,2,1,0,0,1
64,27,4,1,1,1,0,0
64,28,4,1,1,1,0,-1
64,29,7,2,1,0,0,0
64,30,7,2,1,0,-1,0
64,31,5,2,0,0,0,0
64,32,5,2,0,0,0,0
64,33,5,2,0,0,0,0
64,34,1,1,0,0,0,0
64,35,5,2,0,0,0,0
64,36,5,2,0,0,0,0
64,37,1,1,0,0,0,0
64,38,5,2,0,0,0,0
64,39,1,1,0,0,0,0
64,40,1,1,0,0,0,0
64,41,5,2,0,0,0,1
64,42,2,1,0,1,0,0
64,43,2,1,0,1,0,0
64,44,2,1,0,1,1,0
64,45,8,2,1,1,0,0
64,46,8,2,1,1,-1,0
64,47,6,2,0,1,0,-1
64,48,5,2,0,0,1,0
64,49,7,2,1,0,0,0
64,50,3,1,1,0,0,0
65,1,2,1,0,1,0,0
65,2,2,1,0,1,0,-1
65,3,1,1,0,0,1,0
65,4,3,1,1,0,0,0
65,5,3,1,1,0,0,0
65,6,7,2,1,0,0,0
65,7,3,1,1,0,0,0
65,8,3,1,1,0,0,0
65,9,7,2,1,0,0,0
65,10,7,2,1,0,-1,0
65,11,5,2,0,0,1,1
65,12,8,2,1,1,-1,0
65,13,6,2,0,1,0,-1
65,14,5,2,0,0,0,0
65,15,5,2,0,0,0,0
65,16,1,1,0,0,0,1
65,17,2,1,0,1,0,0
65,18,6,2,0,1,0,-1
65,19,5,2,0,0,0,1
65,20,2,1,0,1,0,0
65,21,2,1,0,1,1,0
65,22,8,2,1,1,-1,-1
65,23,5,2,0,0,0,0
65,24,1,1,0,0,0,0
65,25,1,1,0,0,1,0
65,26,3,1,1,0,0,1
65,27,8,2,1,1,0,0
65,28,8,2,1,1,0,0
65,29,8,2,1,1,0,-1
65,30,3,1,1,0,0,0
65,31,7,2,1,0,0,0
65,32,7,2,1,0,0,0
65,33,7,2,1,0,-1,0
65,34,5,2,0,0,0,0
65,35,1,1,0,0,1,1
65,36,8,2,1,1,-1,0
65,37,6,2,0,1,1,0
65,38,4,1,1,1,-1,0
65,39,2,1,0,1,0,-1
65,40,1,1,0,0,0,1
65,41,2,1,0,1,0,0
65,42,2,1,0,1,1,0
65,43,8,2,1,1,0,0
65,44,4,1,1,1,0,0
65,45,4,1,1,1,-1,-1
65,46,1,1,0,0,0,0
65,47,5,2,0,0,0,0
65,48,5,2,0,0,1,0
65,49,7,2,1,0,0,0
65,50,7,2,1,0,0,0
66,1,6,2,0,1,0,0
66,2,2,1,0,1,1,0
66,3,8,2,1,1,0,-1
66,4,7,2,1,0,0,0
66,5,7,2,1,0,0,0
66,6,7,2,1,0,0,0
66,7,7,2,1,0,0,0
66,8,3,1,1,0,0,0
66,9,7,2,1,0,0,1
66,10,4,1,1,1,0,0
66,11,8,2,1,1,0,0
66,12,8,2,1,1,0,0
66,13,8,2,1,1,0,0
66,14,4,1,1,1,0,0
66,15,4,1,1,1,-1,0
66,16,2,1,0,1,0,0
66,17,6,2,0,1,0,-1
66,18,5,2,0,0,1,0
66,19,3,1,1,0,0,0
66,20,3,1,1,0,0,0
66,21,3,1,1,0,-1,0
66,22,1,1,0,0,1,0
66,23,3,1,1,0,0,0
66,24,7,2,1,0,-1,0
66,25,5,2,0,0,0,0
66,26,1,1,0,0,0,0
66,27,5,2,0,0,0,0
66,28,5,2,0,0,0,0
66,29,5,2,0,0,1,0
66,30,7,2,1,0,0,1
66,31,8,2,1,1,-1,0
66,32,2,1,0,1,0,-1
66,33,5,2,0,0,0,1
66,34,6,2,0,1,1,0
66,35,8,2,1,1,0,-1
66,36,3,1,1,0,-1,1
66,37,2,1,0,1,0,0
66,38,2,1,0,1,0,0
66,39,6,2,0,1,0,-1
66,40,1,1,0,0,0,0
66,41,1,1,0,0,0,1
66,42,2,1,0,1,0,0
66,43,6,2,0,1,0,0
66,44,6,2,0,1,0,0
66,45,6,2,0,1,1,0
66,46,8,2,1,1,0,0
66,47,8,2,1,1,-1,0
66,48,6,2,0,1,1,0
66,49,4,1,1,1,0,0
66,50,8,2,1,1,0,0
67,1,1,1,0,0,0,1
67,2,2,1,0,1,0,0
67,3,6,2,0,1,0,0
67,4,2,1,0,1,0,0
67,5,2,1,0,1,0,0
67,6,6,2,0,1,1,0
67,7,8,2,1,1,0,-1
67,8,3,1,1,0,0,0
67,9,3,1,1,0,0,1
67,10,4,1,1,1,0,0
67,11,4,1,1,1,0,-1
67,12,3,1,1,0,0,0
67,13,3,1,1,0,0,1
67,14,4,1,1,1,-1,-1
67,15,1,1,0,0,0,1
67,16,2,1,0,1,0,0
67,17,6,2,0,1,0,0
67,18,2,1,0,1,0,0
67,19,6,2,0,1,1,0
67,20,4,1,1,1,0,0
67,21,4,1,1,1,-1,-1
67,22,5,2,0,0,0,1
67,23,6,2,0,1,0,0
67,24,6,2,0,1,0,0
67,25,6,2,0,1,0,-1
67,26,1,1,0,0,0,0
67,27,1,1,0,0,0,1
67,28,2,1,0,1,1,-1
67,29,3,1,1,0,0,1
67,30,4,1,1,1,-1,0
67,31,6,2,0,1,0,0
67,32,2,1,0,1,1,0
67,33,4,1,1,1,0,-1
67,34,3,1,1,0,0,1
67,35,4,1,1,1,-1,0
67,36,2,1,0,1,0,0
67,37,2,1,0,1,1,0
67,38,4,1,1,1,0,0
67,39,4,1,1,1,0,0
67,40,4,1,1,1,0,0
67,41,4,1,1,1,0,0
67,42,4,1,1,1,0,0
67,43,4,1,1,1,-1,0
67,44,2,1,0,1,1,0
67,45,4,1,1,1,0,-1
67,46,3,1,1,0,0,0
67,47,3,1,1,0,-1,0
67,48,1,1,0,0,0,0
67,49,1,1,0,0,0,0
67,50,5,2,0,0,0,0
68,1,7,2,1,0,0,0
68,2,7,2,1,0,0,0
68,3,7,2,1,0,0,0
68,4,3,1,1,0,0,0
68,5,3,1,1,0,0,0
68,6,3,1,1,0,0,1
68,7,8,2,1,1,0,0
68,8,8,2,1,1,0,0
68,9,8,2,1,1,-1,0
68,10,6,2,0,1,1,0
68,11,8,2,1,1,-1,-1
68,12,5,2,0,0,1,0
68,13,7,2,1,0,0,0
68,14,7,2,1,0,-1,0
68,15,1,1,0,0,0,1
68,16,2,1,0,1,0,-1
68,17,1,1,0,0,1,0
68,18,7,2,1,0,0,0
68,19,7,2,1,0,0,0
68,20,7,2,1,0,0,1
68,21,8,2,1,1,0,0
68,22,8,2,1,1,0,0
68,23,8,2,1,1,-1,-1
68,24,1,1,0,0,0,0
68,25,1,1,0,0,0,0
68,26,1,1,0,0,0,1
68,27,2,1,0,1,1,0
68,28,4,1,1,1,-1,-1
68,29,1,1,0,0,0,1
68,30,6,2,0,1,0,0
68,31,2,1,0,1,0,0
68,32,2,1,0,1,1,0
68,33,8,2,1,1,0,0
68,34,8,2,1,1,0,0
68,35,4,1,1,1,0,-1
68,36,3,1,1,0,-1,0
68,37,5,2,0,0,0,0
68,38,5,2,0,0,1,1
68,39,4,1,1,1,0,0
68,40,4,1,1,1,0,0
68,41,4,1,1,1,0,0
68,42,4,1,1,1,0,0
68,43,4,1,1,1,0,0
68,44,4,1,1,1,0,0
68,45,8,2,1,1,0,0
68,46,4,1,1,1,0,0
68,47,4,1,1,1,-1,0
68,48,6,2,0,1,0,0
68,49,2,1,0,1,1,0
68,50,8,2,1,1,-1,-1
69,1,4,1,1,1,0,0
69,2,8,2,1,1,0,0
69,3,8,2,1,1,0,-1
69,4,3,1,1,0,0,0
69,5,7,2,1,0,-1,0
69,6,5,2,0,0,0,1
69,7,2,1,0,1,0,0
69,8,2,1,0,1,0,0
69,9,2,1,0,1,0,0
69,10,2,1,0,1,1,0
69,11,4,1,1,1,0,0
69,12,4,1,1,1,-1,0
69,13,2,1,0,1,0,0
69,14,2,1,0,1,1,0
69,15,4,1,1,1,0,0
69,16,8,2,1,1,-1,0
69,17,2,1,0,1,0,-1
69,18,1,1,0,0,0,0
69,19,1,1,0,0,0,1
69,20,2,1,0,1,0,0
69,21,6,2,0,1,1,0
69,22,8,2,1,1,0,0
69,23,8,2,1,1,0,0
69,24,8,2,1,1,0,0
69,25,4,1,1,1,0,0
69,26,4,1,1,1,0,-1
69,27,3,1,1,0,0,1
69,28,4,1,1,1,0,0
69,29,4,1,1,1,-1,0
69,30,2,1,0,1,0,0
69,31,2,1,0,1,0,0
69,32,2,1,0,1,0,0
69,33,2,1,0,1,0,0
69,34,2,1,0,1,1,0
69,35,4,1,1,1,0,0
69,36,4,1,1,1,0,0
69,37,4,1,1,1,0,0
69,38,4,1,1,1,0,0
69,39,4,1,1,1,0,0
69,40,4,1,1,1,0,0
69,41,8,2,1,1,0,0
69,42,4,1,1,1,-1,0
69,43,2,1,0,1,0,0
69,44,2,1,0,1,0,0
69,45,6,2,0,1,0,0
69,46,6,2,0,1,0,0
69,47,2,1,0,1,1,0
69,48,4,1,1,1,0,0
69,49,8,2,1,1,0,0
69,50,4,1,1,1,0,0
70,1,5,2,0,0,0,0
70,2,5,2,0,0,0,0
70,3,1,1,0,0,0,1
70,4,2,1,0,1,0,0
70,5,2,1,0,1,1,0
70,6,4,1,1,1,0,0
70,7,4,1,1,1,0,0
70,8,4,1,1,1,0,-1
70,9,3,1,1,0,0,0
70,10,3,1,1,0,0,0
70,11,3,1,1,0,0,0
70,12,7,2,1,0,0,1
70,13,4,1,1,1,0,-1
70,14,3,1,1,0,-1,0
70,15,1,1,0,0,1,1
70,16,8,2,1,1,-1,0
70,17,2,1,0,1,0,0
70,18,2,1,0,1,0,0
70,19,2,1,0,1,0,-1
70,20,5,2,0,0,0,0
70,21,5,2,0,0,0,1
70,22,6,2,0,1,0,0
70,23,6,2,0,1,0,0
70,24,2,1,0,1,0,0
70,25,6,2,0,1,0,-1
70,26,1,1,0,0,0,0
70,27,5,2,0,0,1,0
70,28,7,2,1,0,0,0
70,29,3,1,1,0,0,0
70,30,7,2,1,0,0,0
70,31,3,1,1,0,0,1
70,32,8,2,1,1,0,0
70,33,8,2,1,1,-1,0
70,34,2,1,0,1,0,0
70,35,6,2,0,1,0,0
70,36,6,2,0,1,1,0
70,37,8,2,1,1,0,0
70,38,8,2,1,1,0,0
70,39,4,1,1,1,0,0
70,40,4,1,1,1,0,-1
70,41,3,1,1,0,0,0
70,42,7,2,1,0,-1,1
70,43,2,1,0,1,0,0
70,44,2,1,0,1,0,0
70,45,6,2,0,1,0,0
70,46,6,2,0,1,1,0
70,47,8,2,1,1,-1,0
70,48,6,2,0,1,0,0
70,49,2,1,0,1,1,0
70,50,4,1,1,1,0,0
71,1,4,1,1,1,0,-1
71,2,7,2,1,0,0,0
71,3,3,1,1,0,0,0
71,4,3,1,1,0,0,0
71,5,7,2,1,0,0,0
71,6,7,2,1,0,0,0
71,7,3,1,1,0,0,0
71,8,7,2,1,0,0,0
71,9,3,1,1,0,0,0
71,10,3,1,1,0,0,0
71,11,3,1,1,0,0,0
71,12,3,1,1,0,0,0
71,13,3,1,1,0,0,1
71,14,4,1,1,1,0,0
71,15,4,1,1,1,0,0
71,16,8,2,1,1,0,0
71,17,4,1,1,1,0,0
71,18,4,1,1,1,0,0
71,19,4,1,1,1,0,0
71,20,8,2,1,1,-1,0
71,21,6,2,0,1,0,-1
71,22,1,1,0,0,1,0
71,23,3,1,1,0,-1,1
71,24,6,2,0,1,0,0
71,25,6,2,0,1,0,0
71,26,2,1,0,1,0,-1
71,27,5,2,0,0,0,0
71,28,5,2,0,0,0,1
71,29,6,2,0,1,0,0
71,30,2,1,0,1,0,0
71,31,2,1,0,1,1,0
71,32,4,1,1,1,0,0
71,33,4,1,1,1,0,0
71,34,4,1,1,1,-1,0
71,35,6,2,0,1,1,-1
71,36,3,1,1,0,0,0
71,37,3,1,1,0,0,0
71,38,3,1,1,0,0,1
71,39,8,2,1,1,-1,0
71,40,6,2,0,1,0,-1
71,41,5,2,0,0,0,0
71,42,5,2,0,0,1,1
71,43,4,1,1,1,-1,0
71,44,2,1,0,1,0,0
71,45,2,1,0,1,0,-1
71,46,1,1,0,0,0,1
71,47,2,1,0,1,0,0
71,48,2,1,0,1,0,-1
71,49,1,1,0,0,0,0
71,50,1,1,0,0,1,0
72,1,4,1,1,1,0,0
72,2,4,1,1,1,0,0
72,3,4,1,1,1,0,0
72,4,8,2,1,1,0,-1
72,5,3,1,1,0,0,0
72,6,7,2,1,0,0,0
72,7,7,2,1,0,0,0
72,8,7,2,1,0,0,0
72,9,7,2,1,0,0,0
72,10,3,1,1,0,0,0
72,11,3,1,1,0,0,0
72,12,3,1,1,0,0,1
72,13,8,2,1,1,-1,0
72,14,2,1,0,1,1,0
72,15,4,1,1,1,0,0
72,16,4,1,1,1,-1,0
72,17,2,1,0,1,0,0
72,18,2,1,0,1,1,0
72,19,8,2,1,1,-1,0
72,20,2,1,0,1,1,0
72,21,8,2,1,1,0,0
72,22,8,2,1,1,0,0
72,23,8,2,1,1,0,0
72,24,8,2,1,1,-1,0
72,25,6,2,0,1,0,0
72,26,2,1,0,1,0,0
72,27,6,2,0,1,1,0
72,28,4,1,1,1,0,0
72,29,4,1,1,1,-1,0
72,30,2,1,0,1,1,0
72,31,8,2,1,1,-1,0
72,32,6,2,0,1,1,0
72,33,8,2,1,1,0,0
72,34,4,1,1,1,0,0
72,35,4,1,1,1,0,-1
72,36,3,1,1,0,0,1
72,37,4,1,1,1,0,-1
72,38,3,1,1,0,0,0
72,39,3,1,1,0,0,0
72,40,7,2,1,0,0,1
72,41,4,1,1,1,0,0
72,42,4,1,1,1,0,0
72,43,4,1,1,1,0,0
72,44,4,1,1,1,-1,-1
72,45,5,2,0,0,1,0
72,46,3,1,1,0,0,0
72,47,3,1,1,0,0,0
72,48,7,2,1,0,0,0
72,49,3,1,1,0,0,0
72,50,3,1,1,0,-1,1
73,1,8,2,1,1,-1,0
73,2,2,1,0,1,0,0
73,3,2,1,0,1,0,0
73,4,2,1,0,1,1,0
73,5,4,1,1,1,0,0
73,6,8,2,1,1,0,0
73,7,8,2,1,1,-1,0
73,8,6,2,0,1,0,0
73,9,6,2,0,1,0,0
73,10,6,2,0,1,0,-1
73,11,5,2,0,0,0,0
73,12,1,1,0,0,0,0
73,13,1,1,0,0,1,0
73,14,7,2,1,0,0,0
73,15,3,1,1,0,0,1
73,16,8,2,1,1,-1,0
73,17,2,1,0,1,1,0
73,18,4,1,1,1,0,0
73,19,4,1,1,1,-1,0
73,20,2,1,0,1,0,0
73,21,2,1,0,1,1,0
73,22,4,1,1,1,0,0
73,23,8,2,1,1,-1,0
73,24,2,1,0,1,1,0
73,25,8,2,1,1,0,-1
73,26,3,1,1,0,0,0
73,27,7,2,1,0,0,1
73,28,8,2,1,1,-1,0
73,29,6,2,0,1,0,0
73,30,2,1,0,1,0,0
73,31,2,1,0,1,0,-1
73,32,1,1,0,0,1,1
73,33,4,1,1,1,0,0
73,34,4,1,1,1,0,0
73,35,4,1,1,1,0,0
73,36,4,1,1,1,0,0
73,37,8,2,1,1,0,0
73,38,4,1,1,1,0,0
73,39,4,1,1,1,0,0
73,40,4,1,1,1,0,-1
73,41,3,1,1,0,0,1
73,42,8,2,1,1,-1,0
73,43,2,1,0,1,0,-1
73,44,1,1,0,0,0,0
73,45,1,1,0,0,0,1
73,46,2,1,0,1,0,0
73,47,2,1,0,1,0,0
73,48,6,2,0,1,0,0
73,49,6,2,0,1,0,0
73,50,6,2,0,1,1,0
74,1,6,2,0,1,0,0
74,2,2,1,0,1,1,0
74,3,4,1,1,1,-1,0
74,4,2,1,0,1,0,0
74,5,6,2,0,1,1,-1
74,6,7,2,1,0,0,0
74,7,7,2,1,0,0,1
74,8,8,2,1,1,0,0
74,9,8,2,1,1,0,0
74,10,8,2,1,1,0,0
74,11,4,1,1,1,-1,-1
74,12,1,1,0,0,0,1
74,13,6,2,0,1,0,-1
74,14,5,2,0,0,0,1
74,15,6,2,0,1,1,0
74,16,8,2,1,1,0,0
74,17,4,1,1,1,-1,0
74,18,2,1,0,1,1,-1
74,19,7,2,1,0,0,0
74,20,7,2,1,0,0,0
74,21,3,1,1,0,0,0
74,22,3,1,1,0,0,1
74,23,4,1,1,1,-1,0
74,24,2,1,0,1,0,0
74,25,2,1,0,1,0,0
74,26,6,2,0,1,0,0
74,27,6,2,0,1,1,-1
74,28,3,1,1,0,-1,0
74,29,1,1,0,0,1,1
74,30,4,1,1,1,0,0
74,31,4,1,1,1,0,0
74,32,4,1,1,1,0,0
74,33,8,2,1,1,0,0
74,34,4,1,1,1,0,0
74,35,4,1,1,1,0,0
74,36,4,1,1,1,-1,0
74,37,2,1,0,1,1,0
74,38,4,1,1,1,0,0
74,39,4,1,1,1,0,0
74,40,8,2,1,1,0,0
74,41,8,2,1,1,0,-1
74,42,3,1,1,0,0,0
74,43,3,1,1,0,0,0
74,44,3,1,1,0,0,0
74,45,3,1,1,0,0,0
74,46,3,1,1,0,-1,0
74,47,1,1,0,0,1,1
74,48,8,2,1,1,0,0
74,49,4,1,1,1,0,0
74,50,8,2,1,1,0,0
75,1,3,1,1,0,0,0
75,2,3,1,1,0,0,0
75,3,3,1,1,0,0,0
75,4,7,2,1,0,-1,0
75,5,5,2,0,0,0,0
75,6,1,1,0,0,0,0
75,7,1,1,0,0,0,0
75,8,1,1,0,0,0,0
75,9,5,2,0,0,1,0
75,10,3,1,1,0,0,0
75,11,3,1,1,0,0,1
75,12,8,2,1,1,0,0
75,13,8,2,1,1,0,0
75,14,8,2,1,1,0,0
75,15,8,2,1,1,0,-1
75,16,3,1,1,0,0,0
75,17,7,2,1,0,0,1
75,18,4,1,1,1,-1,0
75,19,6,2,0,1,1,0
75,20,8,2,1,1,0,0
75,21,8,2,1,1,-1,0
75,22,6,2,0,1,0,0
75,23,6,2,0,1,0,-1
75,24,5,2,0,0,0,0
75,25,5,2,0,0,0,1
75,26,2,1,0,1,0,-1
75,27,5,2,0,0,0,0
75,28,5,2,0,0,0,0
75,29,5,2,0,0,1,0
75,30,7,2,1,0,-1,0
75,31,5,2,0,0,0,0
75,32,5,2,0,0,0,1
75,33,2,1,0,1,1,0
75,34,4,1,1,1,0,0
75,35,8,2,1,1,-1,-1
75,36,5,2,0,0,1,0
75,37,7,2,1,0,0,0
75,38,3,1,1,0,0,0
75,39,3,1,1,0,0,0
75,40,3,1,1,0,0,1
75,41,4,1,1,1,0,-1
75,42,3,1,1,0,0,1
75,43,4,1,1,1,0,0
75,44,8,2,1,1,0,0
75,45,8,2,1,1,0,0
75,46,8,2,1,1,0,-1
75,47,3,1,1,0,0,0
75,48,7,2,1,0,0,0
75,49,7,2,1,0,-1,0
75,50,1,1,0,0,0,0
76,1,5,2,0,0,1,0
76,2,7,2,1,0,-1,1
76,3,2,1,0,1,0,-1
76,4,1,1,0,0,0,1
76,5,2,1,0,1,0,0
76,6,6,2,0,1,1,0
76,7,8,2,1,1,0,0
76,8,8,2,1,1,0,-1
76,9,7,2,1,0,0,0
76,10,7,2,1,0,0,0
76,11,7,2,1,0,0,0
76,12,7,2,1,0,0,0
76,13,3,1,1,0,0,0
76,14,3,1,1,0,0,0
76,15,7,2,1,0,0,1
76,16,8,2,1,1,0,0
76,17,8,2,1,1,0,0
76,18,8,2,1,1,0,0
76,19,4,1,1,1,0,0
76,20,4,1,1,1,0,0
76,21,4,1,1,1,0,0
76,22,4,1,1,1,0,0
76,23,4,1,1,1,0,0
76,24,4,1,1,1,0,0
76,25,8,2,1,1,0,0
76,26,8,2,1,1,0,0
76,27,8,2,1,1,0,0
76,28,8,2,1,1,-1,0
76,29,6,2,0,1,0,0
76,30,6,2,0,1,1,0
76,31,8,2,1,1,-1,-1
76,32,5,2,0,0,0,0
76,33,1,1,0,0,0,1
76,34,6,2,0,1,1,0
76,35,8,2,1,1,-1,0
76,36,2,1,0,1,0,0
76,37,2,1,0,1,0,0
76,38,2,1,0,1,0,0
76,39,2,1,0,1,1,0
76,40,4,1,1,1,0,0
76,41,4,1,1,1,-1,0
76,42,6,2,0,1,0,0
76,43,2,1,0,1,1,0
76,44,4,1,1,1,-1,-1
76,45,1,1,0,0,0,1
76,46,2,1,0,1,0,0
76,47,2,1,0,1,0,0
76,48,2,1,0,1,0,0
76,49,2,1,0,1,0,0
76,50,2,1,0,1,1,-1
77,1,1,1,0,0,0,0
77,2,5,2,0,0,0,0
77,3,5,2,0,0,0,0
77,4,1,1,0,0,1,0
77,5,3,1,1,0,0,0
77,6,3,1,1,0,0,0
77,7,3,1,1,0,0,0
77,8,3,1,1,0,0,1
77,9,4,1,1,1,-1,0
77,10,2,1,0,1,0,0
77,11,2,1,0,1,1,-1
77,12,3,1,1,0,0,0
77,13,3,1,1,0,0,0
77,14,3,1,1,0,0,1
77,15,8,2,1,1,0,0
77,16,4,1,1,1,0,0
77,17,4,1,1,1,0,0
77,18,8,2,1,1,0,0
77,19,8,2,1,1,0,-1
77,20,7,2,1,0,-1,1
77,21,6,2,0,1,0,0
77,22,6,2,0,1,0,0
77,23,6,2,0,1,1,0
77,24,8,2,1,1,0,-1
77,25,3,1,1,0,0,1
77,26,4,1,1,1,0,0
77,27,4,1,1,1,0,0
77,28,4,1,1,1,0,0
77,29,4,1,1,1,-1,0
77,30,6,2,0,1,0,0
77,31,2,1,0,1,0,0
77,32,2,1,0,1,0,-1
77,33,1,1,0,0,1,0
77,34,3,1,1,0,-1,0
77,35,5,2,0,0,0,1
77,36,6,2,0,1,1,0
77,37,8,2,1,1,0,0
77,38,4,1,1,1,0,0
77,39,4,1,1,1,-1,0
77,40,2,1,0,1,0,0
77,41,6,2,0,1,0,-1
77,42,1,1,0,0,0,0
77,43,1,1,0,0,0,0
77,44,5,2,0,0,0,1
77,45,6,2,0,1,0,0
77,46,6,2,0,1,1,0
77,47,8,2,1,1,0,0
77,48,8,2,1,1,0,0
77,49,8,2,1,1,0,0
77,50,8,2,1,1,0,0
78,1,7,2,1,0,-1,0
78,2,5,2,0,0,0,0
78,3,1,1,0,0,0,0
78,4,1,1,0,0,0,1
78,5,2,1,0,1,1,0
78,6,4,1,1,1,-1,-1
78,7,1,1,0,0,0,1
78,8,6,2,0,1,0,0
78,9,6,2,0,1,0,0
78,10,6,2,0,1,0,0
78,11,6,2,0,1,0,0
78,12,6,2,0,1,0,0
78,13,6,2,0,1,0,0
78,14,6,2,0,1,0,-1
78,15,5,2,0,0,0,0
78,16,5,2,0,0,0,1
78,17,2,1,0,1,0,0
78,18,2,1,0,1,0,-1
78,19,1,1,0,0,0,1
78,20,2,1,0,1,1,0
78,21,4,1,1,1,0,0
78,22,8,2,1,1,-1,0
78,23,2,1,0,1,1,0
78,24,4,1,1,1,0,0
78,25,4,1,1,1,-1,0
78,26,2,1,0,1,0,0
78,27,6,2,0,1,1,-1
78,28,7,2,1,0,0,0
78,29,3,1,1,0,0,1
78,30,4,1,1,1,0,0
78,31,4,1,1,1,0,-1
78,32,7,2,1,0,-1,0
78,33,5,2,0,0,0,0
78,34,1,1,0,0,0,0
78,35,1,1,0,0,0,0
78,36,5,2,0,0,1,0
78,37,7,2,1,0,0,0
78,38,3,1,1,0,-1,1
78,39,6,2,0,1,0,0
78,40,2,1,0,1,1,0
78,41,4,1,1,1,0,0
78,42,4,1,1,1,0,-1
78,43,3,1,1,0,0,0
78,44,7,2,1,0,0,0
78,45,7,2,1,0,-1,1
78,46,6,2,0,1,1,0
78,47,8,2,1,1,0,-1
78,48,7,2,1,0,0,0
78,49,7,2,1,0,0,1
78,50,8,2,1,1,-1,0
79,1,5,2,0,0,0,1
79,2,2,1,0,1,0,0
79,3,6,2,0,1,0,-1
79,4,5,2,0,0,0,0
79,5,5,2,0,0,0,0
79,6,5,2,0,0,0,1
79,7,6,2,0,1,0,0
79,8,2,1,0,1,0,0
79,9,6,2,0,1,1,0
79,10,8,2,1,1,0,0
79,11,8,2,1,1,0,-1
79,12,3,1,1,0,0,0
79,13,3,1,1,0,-1,0
79,14,5,2,0,0,0,1
79,15,6,2,0,1,0,0
79,16,6,2,0,1,0,0
79,17,2,1,0,1,1,0
79,18,4,1,1,1,0,0
79,19,4,1,1,1,0,0
79,20,4,1,1,1,-1,0
79,21,6,2,0,1,0,0
79,22,6,2,0,1,0,-1
79,23,5,2,0,0,0,0
79,24,5,2,0,0,0,1
79,25,2,1,0,1,0,-1
79,26,1,1,0,0,1,1
79,27,8,2,1,1,0,0
79,28,8,2,1,1,0,0
79,29,4,1,1,1,0,0
79,30,8,2,1,1,0,0
79,31,8,2,1,1,0,-1
79,32,3,1,1,0,-1,0
79,33,1,1,0,0,1,0
79,34,7,2,1,0,0,1
79,35,4,1,1,1,0,-1
79,36,3,1,1,0,0,0
79,37,3,1,1,0,-1,1
79,38,6,2,0,1,0,0
79,39,6,2,0,1,1,0
79,40,4,1,1,1,-1,-1
79,41,1,1,0,0,0,0
79,42,1,1,0,0,0,0
79,43,1,1,0,0,1,1
79,44,4,1,1,1,0,0
79,45,4,1,1,1,-1,0
79,46,2,1,0,1,0,-1
79,47,1,1,0,0,0,0
79,48,1,1,0,0,0,0
79,49,5,2,0,0,0,0
79,50,5,2,0,0,1,0
80,1,3,1,1,0,-1,1
80,2,2,1,0,1,0,0
80,3,2,1,0,1,0,0
80,4,2,1,0,1,0,-1
80,5,5,2,0,0,0,1
80,6,2,1,0,1,1,-1
80,7,7,2,1,0,0,0
80,8,7,2,1,0,0,0
80,9,7,2,1,0,0,0
80,10,7,2,1,0,0,1
80,11,4,1,1,1,0,0
80,12,4,1,1,1,0,-1
80,13,3,1,1,0,0,0
80,14,3,1,1,0,0,1
80,15,4,1,1,1,0,0
80,16,8,2,1,1,-1,0
80,17,6,2,0,1,0,-1
80,18,5,2,0,0,0,0
80,19,5,2,0,0,0,0
80,20,5,2,0,0,0,1
80,21,2,1,0,1,0,0
80,22,2,1,0,1,0,0
80,23,6,2,0,1,0,0
80,24,6,2,0,1,0,-1
80,25,5,2,0,0,0,0
80,26,1,1,0,0,0,0
80,27,1,1,0,0,1,0
80,28,3,1,1,0,-1,0
80,29,1,1,0,0,0,1
80,30,2,1,0,1,0,0
80,31,2,1,0,1,1,0
80,32,8,2,1,1,-1,0
80,33,2,1,0,1,1,0
80,34,4,1,1,1,-1,0
80,35,2,1,0,1,0,0
80,36,2,1,0,1,1,0
80,37,4,1,1,1,0,-1
80,38,3,1,1,0,0,0
80,39,7,2,1,0,0,0
80,40,3,1,1,0,0,0
80,41,7,2,1,0,0,0
80,42,7,2,1,0,0,0
80,43,3,1,1,0,0,1
80,44,8,2,1,1,-1,0
80,45,6,2,0,1,1,0
80,46,4,1,1,1,0,0
80,47,8,2,1,1,0,0
80,48,8,2,1,1,0,0
80,49,8,2,1,1,0,-1
80,50,7,2,1,0,-1,1
81,1,4,1,1,1,-1,0
81,2,6,2,0,1,0,0
81,3,6,2,0,1,1,0
81,4,4,1,1,1,0,-1
81,5,3,1,1,0,-1,1
81,6,2,1,0,1,0,0
81,7,2,1,0,1,0,-1
81,8,5,2,0,0,0,1
81,9,6,2,0,1,1,0
81,10,4,1,1,1,0,-1
81,11,7,2,1,0,0,0
81,12,3,1,1,0,0,0
81,13,3,1,1,0,0,1
81,14,8,2,1,1,0,-1
81,15,7,2,1,0,0,0
81,16,7,2,1,0,0,0
81,17,7,2,1,0,0,0
81,18,7,2,1,0,-1,1
81,19,6,2,0,1,0,0
81,20,6,2,0,1,0,0
81,21,6,2,0,1,1,0
81,22,4,1,1,1,0,0
81,23,4,1,1,1,0,0
81,24,4,1,1,1,0,0
81,25,4,1,1,1,0,0
81,26,8,2,1,1,0,0
81,27,8,2,1,1,0,0
81,28,8,2,1,1,0,-1
81,29,3,1,1,0,0,0
81,30,3,1,1,0,0,0
81,31,7,2,1,0,0,0
81,32,3,1,1,0,0,1
81,33,4,1,1,1,0,0
81,34,4,1,1,1,0,0
81,35,4,1,1,1,0,0
81,36,4,1,1,1,0,0
81,37,4,1,1,1,0,-1
81,38,3,1,1,0,0,0
81,39,3,1,1,0,0,0
81,40,3,1,1,0,0,1
81,41,8,2,1,1,0,0
81,42,8,2,1,1,0,0
81,43,4,1,1,1,-1,-1
81,44,1,1,0,0,0,0
81,45,5,2,0,0,0,0
81,46,5,2,0,0,0,0
81,47,1,1,0,0,0,0
81,48,5,2,0,0,0,0
81,49,1,1,0,0,0,0
81,50,1,1,0,0,0,0
82,1,7,2,1,0,0,0
82,2,7,2,1,0,0,0
82,3,3,1,1,0,0,1
82,4,4,1,1,1,0,0
82,5,4,1,1,1,0,0
82,6,8,2,1,1,0,0
82,7,4,1,1,1,0,0
82,8,4,1,1,1,-1,-1
82,9,1,1,0,0,0,1
82,10,6,2,0,1,0,-1
82,11,1,1,0,0,0,0
82,12,5,2,0,0,0,1
82,13,6,2,0,1,1,0
82,14,8,2,1,1,0,-1
82,15,7,2,1,0,0,0
82,16,3,1,1,0,0,1
82,17,4,1,1,1,0,0
82,18,4,1,1,1,0,0
82,19,8,2,1,1,-1,-1
82,20,5,2,0,0,0,1
82,21,6,2,0,1,0,0
82,22,2,1,0,1,0,0
82,23,2,1,0,1,0,0
82,24,2,1,0,1,1,-1
82,25,3,1,1,0,0,0
82,26,3,1,1,0,-1,0
82,27,1,1,0,0,0,0
82,28,1,1,0,0,0,1
82,29,6,2,0,1,1,0
82,30,4,1,1,1,-1,0
82,31,2,1,0,1,0,0
82,32,2,1,0,1,0,0
82,33,6,2,0,1,1,-1
82,34,7,2,1,0,-1,0
82,35,5,2,0,0,0,0
82,36,1,1,0,0,0,0
82,37,1,1,0,0,0,0
82,38,1,1,0,0,0,1
82,39,2,1,0,1,0,0
82,40,2,1,0,1,0,0
82,41,6,2,0,1,0,0
82,42,6,2,0,1,1,0
82,43,8,2,1,1,0,0
82,44,8,2,1,1,0,-1
82,45,3,1,1,0,0,1
82,46,4,1,1,1,0,0
82,47,8,2,1,1,0,0
82,48,8,2,1,1,0,0
82,49,8,2,1,1,0,-1
82,50,3,1,1,0,0,0
83,1,2,1,0,1,0,0
83,2,2,1,0,1,1,0
83,3,4,1,1,1,0,0
83,4,4,1,1,1,-1,0
83,5,2,1,0,1,0,0
83,6,2,1,0,1,0,0
83,7,2,1,0,1,0,0
83,8,2,1,0,1,0,0
83,9,2,1,0,1,1,0
83,10,4,1,1,1,0,0
83,11,8,2,1,1,-1,0
83,12,2,1,0,1,0,0
83,13,2,1,0,1,1,0
83,14,4,1,1,1,0,0
83,15,4,1,1,1,0,0
83,16,4,1,1,1,-1,0
83,17,2,1,0,1,0,0
83,18,6,2,0,1,0,0
83,19,2,1,0,1,0,0
83,20,2,1,0,1,0,0
83,21,2,1,0,1,0,0
83,22,2,1,0,1,0,0
83,23,6,2,0,1,1,-1
83,24,3,1,1,0,-1,0
83,25,5,2,0,0,0,0
83,26,5,2,0,0,1,0
83,27,7,2,1,0,0,0
83,28,3,1,1,0,0,0
83,29,3,1,1,0,-1,0
83,30,5,2,0,0,0,1
83,31,6,2,0,1,0,0
83,32,6,2,0,1,0,0
83,33,2,1,0,1,1,0
83,34,4,1,1,1,0,0
83,35,8,2,1,1,0,-1
83,36,3,1,1,0,0,1
83,37,4,1,1,1,0,0
83,38,4,1,1,1,0,-1
83,39,7,2,1,0,0,1
83,40,4,1,1,1,0,0
83,41,4,1,1,1,0,0
83,42,4,1,1,1,-1,-1
83,43,1,1,0,0,0,0
83,44,1,1,0,0,1,0
83,45,3,1,1,0,0,0
83,46,7,2,1,0,0,0
83,47,7,2,1,0,0,1
83,48,8,2,1,1,-1,-1
83,49,1,1,0,0,0,0
83,50,1,1,0,0,0,0
84,1,8,2,1,1,0,0
84,2,4,1,1,1,0,0
84,3,4,1,1,1,0,-1
84,4,7,2,1,0,0,1
84,5,4,1,1,1,0,0
84,6,4,1,1,1,-1,0
84,7,2,1,0,1,0,0
84,8,2,1,0,1,0,0
84,9,2,1,0,1,1,0
84,10,8,2,1,1,0,0
84,11,4,1,1,1,-1,-1
84,12,1,1,0,0,1,1
84,13,4,1,1,1,0,0
84,14,4,1,1,1,0,0
84,15,4,1,1,1,0,0
84,16,8,2,1,1,0,0
84,17,8,2,1,1,-1,-1
84,18,5,2,0,0,1,1
84,19,4,1,1,1,-1,-1
84,20,5,2,0,0,1,0
84,21,7,2,1,0,0,0
84,22,3,1,1,0,0,0
84,23,3,1,1,0,0,0
84,24,3,1,1,0,0,1
84,25,4,1,1,1,0,0
84,26,8,2,1,1,-1,0
84,27,6,2,0,1,0,0
84,28,2,1,0,1,1,0
84,29,4,1,1,1,0,0
84,30,4,1,1,1,0,-1
84,31,3,1,1,0,0,0
84,32,3,1,1,0,0,0
84,33,3,1,1,0,0,0
84,34,7,2,1,0,0,0
84,35,3,1,1,0,-1,0
84,36,1,1,0,0,0,0
84,37,1,1,0,0,1,1
84,38,8,2,1,1,-1,0
84,39,6,2,0,1,0,0
84,40,6,2,0,1,0,0
84,41,2,1,0,1,0,0
84,42,2,1,0,1,0,-1
84,43,1,1,0,0,0,0
84,44,1,1,0,0,1,1
84,45,4,1,1,1,0,0
84,46,4,1,1,1,0,0
84,47,4,1,1,1,-1,0
84,48,2,1,0,1,0,0
84,49,2,1,0,1,1,-1
84,50,3,1,1,0,-1,0
85,1,6,2,0,1,1,0
85,2,8,2,1,1,0,0
85,3,8,2,1,1,0,0
85,4,8,2,1,1,0,0
85,5,4,1,1,1,-1,0
85,6,2,1,0,1,0,0
85,7,2,1,0,1,1,0
85,8,4,1,1,1,0,0
85,9,8,2,1,1,0,0
85,10,4,1,1,1,0,0
85,11,4,1,1,1,0,0
85,12,4,1,1,1,0,0
85,13,4,1,1,1,0,-1
85,14,3,1,1,0,0,0
85,15,3,1,1,0,0,0
85,16,3,1,1,0,0,0
85,17,3,1,1,0,-1,1
85,18,2,1,0,1,0,0
85,19,2,1,0,1,0,-1
85,20,1,1,0,0,1,0
85,21,3,1,1,0,0,0
85,22,3,1,1,0,0,1
85,23,8,2,1,1,0,0
85,24,8,2,1,1,0,0
85,25,8,2,1,1,0,0
85,26,8,2,1,1,0,0
85,27,4,1,1,1,0,0
85,28,4,1,1,1,0,0
85,29,4,1,1,1,-1,0
85,30,2,1,0,1,0,0
85,31,2,1,0,1,1,0
85,32,4,1,1,1,0,-1
85,33,3,1,1,0,-1,1
85,34,2,1,0,1,0,-1
85,35,5,2,0,0,0,1
85,36,2,1,0,1,0,0
85,37,2,1,0,1,1,-1
85,38,3,1,1,0,0,0
85,39,7,2,1,0,0,0
85,40,7,2,1,0,0,0
85,41,7,2,1,0,0,0
85,42,7,2,1,0,0,0
85,43,3,1,1,0,-1,0
85,44,5,2,0,0,1,0
85,45,3,1,1,0,-1,1
85,46,2,1,0,1,0,0
85,47,2,1,0,1,1,-1
85,48,3,1,1,0,0,1
85,49,4,1,1,1,0,0
85,50,4,1,1,1,-1,-1
86,1,5,2,0,0,0,0
86,2,5,2,0,0,0,0
86,3,5,2,0,0,0,1
86,4,2,1,0,1,1,0
86,5,4,1,1,1,0,0
86,6,8,2,1,1,0,0
86,7,8,2,1,1,-1,0
86,8,6,2,0,1,0,0
86,9,6,2,0,1,1,0
86,10,4,1,1,1,0,0
86,11,4,1,1,1,0,0
86,12,8,2,1,1,0,0
86,13,8,2,1,1,0,0
86,14,8,2,1,1,0,0
86,15,4,1,1,1,-1,0
86,16,2,1,0,1,0,0
86,17,2,1,0,1,0,0
86,18,2,1,0,1,0,0
86,19,6,2,0,1,1,0
86,20,8,2,1,1,0,0
86,21,4,1,1,1,0,0
86,22,4,1,1,1,0,0
86,23,4,1,1,1,0,0
86,24,4,1,1,1,0,0
86,25,4,1,1,1,0,0
86,26,4,1,1,1,-1,-1
86,27,1,1,0,0,0,0
86,28,1,1,0,0,1,0
86,29,3,1,1,0,0,0
86,30,7,2,1,0,0,0
86,31,7,2,1,0,-1,0
86,32,1,1,0,0,1,0
86,33,3,1,1,0,0,0
86,34,7,2,1,0,-1,0
86,35,1,1,0,0,1,0
86,36,7,2,1,0,0,0
86,37,7,2,1,0,0,1
86,38,8,2,1,1,0,0
86,39,8,2,1,1,-1,-1
86,40,5,2,0,0,0,0
86,41,5,2,0,0,0,0
86,42,1,1,0,0,1,0
86,43,3,1,1,0,0,0
86,44,3,1,1,0,0,0
86,45,7,2,1,0,0,1
86,46,8,2,1,1,0,0
86,47,4,1,1,1,0,-1
86,48,3,1,1,0,-1,0
86,49,5,2,0,0,0,0
86,50,5,2,0,0,0,0
87,1,4,1,1,1,-1,-1
87,2,5,2,0,0,0,1
87,3,6,2,0,1,0,-1
87,4,5,2,0,0,0,1
87,5,2,1,0,1,0,0
87,6,6,2,0,1,1,0
87,7,8,2,1,1,0,-1
87,8,7,2,1,0,-1,1
87,9,6,2,0,1,0,0
87,10,6,2,0,1,0,-1
87,11,1,1,0,0,0,0
87,12,1,1,0,0,0,1
87,13,2,1,0,1,1,-1
87,14,7,2,1,0,0,0
87,15,3,1,1,0,0,0
87,16,7,2,1,0,-1,0
87,17,1,1,0,0,0,0
87,18,1,1,0,0,0,0
87,19,1,1,0,0,1,0
87,20,3,1,1,0,0,0
87,21,7,2,1,0,0,0
87,22,7,2,1,0,0,1
87,23,8,2,1,1,0,0
87,24,4,1,1,1,-1,0
87,25,6,2,0,1,0,0
87,26,6,2,0,1,0,0
87,27,6,2,0,1,0,-1
87,28,5,2,0,0,0,0
87,29,5,2,0,0,0,0
87,30,5,2,0,0,0,0
87,31,5,2,0,0,0,0
87,32,5,2,0,0,0,0
87,33,5,2,0,0,0,0
87,34,5,2,0,0,1,0
87,35,7,2,1,0,-1,0
87,36,5,2,0,0,0,0
87,37,1,1,0,0,0,0
87,38,1,1,0,0,0,0
87,39,1,1,0,0,0,1
87,40,2,1,0,1,0,0
87,41,2,1,0,1,0,-1
87,42,1,1,0,0,0,0
87,43,1,1,0,0,0,1
87,44,2,1,0,1,0,-1
87,45,1,1,0,0,0,1
87,46,2,1,0,1,0,0
87,47,2,1,0,1,0,-1
87,48,1,1,0,0,1,0
87,49,7,2,1,0,-1,0
87,50,5,2,0,0,1,0
88,1,4,1,1,1,0,0
88,2,8,2,1,1,0,0
88,3,8,2,1,1,0,0
88,4,8,2,1,1,-1,-1
88,5,1,1,0,0,0,0
88,6,1,1,0,0,0,1
88,7,2,1,0,1,0,0
88,8,2,1,0,1,0,0
88,9,2,1,0,1,1,0
88,10,8,2,1,1,0,0
88,11,8,2,1,1,0,0
88,12,8,2,1,1,0,-1
88,13,3,1,1,0,0,0
88,14,7,2,1,0,-1,0
88,15,5,2,0,0,0,0
88,16,1,1,0,0,0,0
88,17,1,1,0,0,0,0
88,18,1,1,0,0,0,0
88,19,1,1,0,0,0,1
88,20,6,2,0,1,0,0
88,21,6,2,0,1,0,0
88,22,2,1,0,1,0,0
88,23,2,1,0,1,0,-1
88,24,5,2,0,0,0,0
88,25,5,2,0,0,1,0
88,26,3,1,1,0,0,0
88,27,7,2,1,0,0,1
88,28,4,1,1,1,-1,0
88,29,2,1,0,1,0,0
88,30,2,1,0,1,0,0
88,31,2,1,0,1,0,-1
88,32,1,1,0,0,0,1
88,33,2,1,0,1,0,-1
88,34,5,2,0,0,0,0
88,35,5,2,0,0,0,1
88,36,6,2,0,1,1,0
88,37,8,2,1,1,0,0
88,38,8,2,1,1,-1,0
88,39,2,1,0,1,0,0
88,40,2,1,0,1,0,0
88,41,2,1,0,1,1,0
88,42,4,1,1,1,0,0
88,43,8,2,1,1,0,0
88,44,8,2,1,1,0,0
88,45,8,2,1,1,0,0
88,46,8,2,1,1,0,0
88,47,8,2,1,1,-1,-1
88,48,1,1,0,0,0,0
88,49,1,1,0,0,0,0
88,50,1,1,0,0,0,0
89,1,1,1,0,0,0,0
89,2,5,2,0,0,1,0
89,3,3,1,1,0,0,0
89,4,7,2,1,0,0,0
89,5,7,2,1,0,0,0
89,6,7,2,1,0,0,0
89,7,7,2,1,0,0,0
89,8,7,2,1,0,0,1
89,9,8,2,1,1,0,0
89,10,8,2,1,1,0,0
89,11,8,2,1,1,0,0
89,12,4,1,1,1,0,0
89,13,4,1,1,1,0,-1
89,14,3,1,1,0,-1,0
89,15,1,1,0,0,0,1
89,16,2,1,0,1,0,0
89,17,2,1,0,1,0,0
89,18,2,1,0,1,0,0
89,19,6,2,0,1,0,-1
89,20,1,1,0,0,0,0
89,21,1,1,0,0,1,0
89,22,3,1,1,0,0,0
89,23,3,1,1,0,0,0
89,24,3,1,1,0,0,0
89,25,3,1,1,0,0,0
89,26,3,1,1,0,0,0
89,27,3,1,1,0,0,0
89,28,3,1,1,0,0,1
89,29,4,1,1,1,0,0
89,30,4,1,1,1,0,-1
89,31,3,1,1,0,0,0
89,32,3,1,1,0,0,1
89,33,4,1,1,1,0,0
89,34,4,1,1,1,-1,0
89,35,2,1,0,1,1,0
89,36,4,1,1,1,-1,0
89,37,2,1,0,1,0,-1
89,38,5,2,0,0,1,1
89,39,8,2,1,1,-1,0
89,40,6,2,0,1,0,0
89,41,2,1,0,1,0,0
89,42,2,1,0,1,0,0
89,43,6,2,0,1,0,0
89,44,6,2,0,1,0,0
89,45,6,2,0,1,0,0
89,46,6,2,0,1,0,0
89,47,2,1,0,1,0,-1
89,48,1,1,0,0,1,0
89,49,7,2,1,0,-1,0
89,50,5,2,0,0,1,0
90,1,6,2,0,1,0,0
90,2,2,1,0,1,1,0
90,3,4,1,1,1,0,0
90,4,4,1,1,1,0,0
90,5,4,1,1,1,0,0
90,6,4,1,1,1,0,0
90,7,8,2,1,1,0,0
90,8,8,2,1,1,0,0
90,9,8,2,1,1,0,0
90,10,4,1,1,1,0,-1
90,11,3,1,1,0,0,0
90,12,3,1,1,0,0,0
90,13,3,1,1,0,0,0
90,14,7,2,1,0,-1,1
90,15,6,2,0,1,1,0
90,16,4,1,1,1,0,0
90,17,4,1,1,1,0,0
90,18,8,2,1,1,-1,0
90,19,2,1,0,1,0,0
90,20,6,2,0,1,1,0
90,21,8,2,1,1,-1,0
90,22,2,1,0,1,0,0
90,23,2,1,0,1,0,0
90,24,2,1,0,1,1,0
90,25,4,1,1,1,-1,0
90,26,2,1,0,1,0,0
90,27,2,1,0,1,1,0
90,28,8,2,1,1,-1,-1
90,29,1,1,0,0,1,0
90,30,3,1,1,0,-1,1
90,31,6,2,0,1,0,0
90,32,6,2,0,1,0,-1
90,33,1,1,0,0,1,1
90,34,8,2,1,1,0,0
90,35,8,2,1,1,0,0
90,36,8,2,1,1,0,0
90,37,8,2,1,1,0,0
90,38,8,2,1,1,0,0
90,39,8,2,1,1,-1,0
90,40,2,1,0,1,0,0
90,41,2,1,0,1,0,0
90,42,2,1,0,1,0,0
90,43,6,2,0,1,0,0
90,44,2,1,0,1,0,0
90,45,2,1,0,1,1,0
90,46,4,1,1,1,0,-1
90,47,7,2,1,0,0,0
90,48,3,1,1,0,0,0
90,49,3,1,1,0,0,0
90,50,3,1,1,0,0,0
91,1,8,2,1,1,0,-1
91,2,7,2,1,0,0,0
91,3,7,2,1,0,-1,0
91,4,1,1,0,0,1,0
91,5,7,2,1,0,0,0
91,6,3,1,1,0,-1,0
91,7,5,2,0,0,0,1
91,8,2,1,0,1,0,0
91,9,6,2,0,1,0,0
91,10,2,1,0,1,1,0
91,11,4,1,1,1,0,0
91,12,8,2,1,1,0,0
91,13,8,2,1,1,-1,0
91,14,6,2,0,1,1,0
91,15,4,1,1,1,0,0
91,16,8,2,1,1,0,0
91,17,8,2,1,1,0,0
91,18,4,1,1,1,-1,0
91,19,2,1,0,1,0,0
91,20,2,1,0,1,0,-1
91,21,5,2,0,0,0,0
91,22,5,2,0,0,0,0
91,23,1,1,0,0,0,1
91,24,6,2,0,1,1,0
91,25,8,2,1,1,-1,-1
91,26,5,2,0,0,0,0
91,27,5,2,0,0,1,0
91,28,3,1,1,0,0,0
91,29,3,1,1,0,0,0
91,30,3,1,1,0,0,1
91,31,4,1,1,1,0,0
91,32,8,2,1,1,-1,0
91,33,6,2,0,1,1,0
91,34,4,1,1,1,-1,-1
91,35,1,1,0,0,1,0
91,36,3,1,1,0,0,0
91,37,3,1,1,0,0,0
91,38,3,1,1,0,0,1
91,39,4,1,1,1,-1,-1
91,40,5,2,0,0,0,1
91,41,2,1,0,1,0,-1
91,42,1,1,0,0,0,0
91,43,1,1,0,0,1,1
91,44,4,1,1,1,0,-1
91,45,3,1,1,0,0,0
91,46,3,1,1,0,0,0
91,47,3,1,1,0,0,0
91,48,3,1,1,0,0,0
91,49,7,2,1,0,0,0
91,50,3,1,1,0,0,0
92,1,4,1,1,1,0,0
92,2,4,1,1,1,0,-1
92,3,3,1,1,0,0,0
92,4,3,1,1,0,0,1
92,5,8,2,1,1,0,0
92,6,8,2,1,1,0,0
92,7,4,1,1,1,0,-1
92,8,3,1,1,0,0,1
92,9,4,1,1,1,0,0
92,10,4,1,1,1,0,0
92,11,4,1,1,1,0,0
92,12,4,1,1,1,0,0
92,13,4,1,1,1,0,0
92,14,8,2,1,1,-1,-1
92,15,1,1,0,0,0,0
92,16,5,2,0,0,0,1
92,17,6,2,0,1,1,0
92,18,4,1,1,1,0,-1
92,19,7,2,1,0,0,0
92,20,3,1,1,0,0,0
92,21,3,1,1,0,0,0
92,22,3,1,1,0,0,0
92,23,7,2,1,0,-1,1
92,24,2,1,0,1,0,0
92,25,2,1,0,1,0,0
92,26,6,2,0,1,0,0
92,27,6,2,0,1,1,0
92,28,8,2,1,1,-1,0
92,29,6,2,0,1,0,0
92,30,2,1,0,1,0,0
92,31,6,2,0,1,1,0
92,32,8,2,1,1,0,0
92,33,8,2,1,1,0,0
92,34,8,2,1,1,0,0
92,35,8,2,1,1,-1,0
92,36,6,2,0,1,0,0
92,37,2,1,0,1,1,-1
92,38,3,1,1,0,0,0
92,39,7,2,1,0,0,0
92,40,3,1,1,0,0,0
92,41,3,1,1,0,0,0
92,42,7,2,1,0,0,0
92,43,7,2,1,0,0,0
92,44,3,1,1,0,0,1
92,45,4,1,1,1,0,-1
92,46,3,1,1,0,0,0
92,47,7,2,1,0,0,0
92,48,3,1,1,0,0,0
92,49,3,1,1,0,0,0
92,50,7,2,1,0,0,0
93,1,2,1,0,1,0,0
93,2,2,1,0,1,0,0
93,3,2,1,0,1,0,0
93,4,2,1,0,1,0,0
93,5,2,1,0,1,0,-1
93,6,1,1,0,0,0,0
93,7,1,1,0,0,0,0
93,8,1,1,0,0,1,0
93,9,7,2,1,0,0,0
93,10,3,1,1,0,0,0
93,11,3,1,1,0,0,1
93,12,8,2,1,1,0,0
93,13,8,2,1,1,-1,0
93,14,6,2,0,1,0,0
93,15,6,2,0,1,0,-1
93,16,5,2,0,0,0,1
93,17,6,2,0,1,0,0
93,18,6,2,0,1,0,0
93,19,6,2,0,1,1,-1
93,20,7,2,1,0,0,1
93,21,4,1,1,1,0,0
93,22,4,1,1,1,0,-1
93,23,3,1,1,0,0,0
93,24,3,1,1,0,-1,0
93,25,5,2,0,0,0,1
93,26,6,2,0,1,0,0
93,27,2,1,0,1,0,0
93,28,2,1,0,1,1,0
93,29,4,1,1,1,0,0
93,30,4,1,1,1,0,0
93,31,4,1,1,1,0,0
93,32,8,2,1,1,0,-1
93,33,3,1,1,0,-1,0
93,34,1,1,0,0,1,1
93,35,4,1,1,1,-1,0
93,36,2,1,0,1,1,0
93,37,4,1,1,1,0,0
93,38,4,1,1,1,0,-1
93,39,3,1,1,0,0,1
93,40,4,1,1,1,0,-1
93,41,3,1,1,0,0,0
93,42,7,2,1,0,0,0
93,43,7,2,1,0,0,0
93,44,3,1,1,0,0,0
93,45,7,2,1,0,0,0
93,46,3,1,1,0,0,0
93,47,3,1,1,0,0,0
93,48,3,1,1,0,0,0
93,49,7,2,1,0,-1,0
93,50,5,2,0,0,1,0
94,1,6,2,0,1,0,0
94,2,2,1,0,1,0,0
94,3,2,1,0,1,1,0
94,4,4,1,1,1,0,-1
94,5,3,1,1,0,-1,0
94,6,5,2,0,0,0,1
94,7,6,2,0,1,1,0
94,8,8,2,1,1,-1,0
94,9,2,1,0,1,1,0
94,10,4,1,1,1,0,0
94,11,8,2,1,1,0,-1
94,12,7,2,1,0,0,0
94,13,7,2,1,0,0,0
94,14,3,1,1,0,0,0
94,15,3,1,1,0,0,0
94,16,3,1,1,0,0,0
94,17,3,1,1,0,0,1
94,18,4,1,1,1,0,0
94,19,4,1,1,1,0,-1
94,20,7,2,1,0,0,1
94,21,4,1,1,1,0,0
94,22,8,2,1,1,-1,-1
94,23,5,2,0,0,0,1
94,24,6,2,0,1,0,0
94,25,2,1,0,1,0,0
94,26,2,1,0,1,0,0
94,27,2,1,0,1,0,0
94,28,6,2,0,1,0,0
94,29,6,2,0,1,0,0
94,30,6,2,0,1,1,0
94,31,8,2,1,1,0,-1
94,32,7,2,1,0,0,0
94,33,3,1,1,0,0,0
94,34,3,1,1,0,0,1
94,35,4,1,1,1,0,0
94,36,4,1,1,1,0,0
94,37,4,1,1,1,0,-1
94,38,3,1,1,0,0,1
94,39,4,1,1,1,0,-1
94,40,3,1,1,0,0,0
94,41,3,1,1,0,0,0
94,42,3,1,1,0,0,0
94,43,3,1,1,0,0,0
94,44,7,2,1,0,0,0
94,45,3,1,1,0,0,0
94,46,3,1,1,0,0,0
94,47,3,1,1,0,-1,0
94,48,1,1,0,0,0,0
94,49,5,2,0,0,0,0
94,50,5,2,0,0,1,0
95,1,3,1,1,0,0,0
95,2,3,1,1,0,0,0
95,3,3,1,1,0,-1,0
95,4,1,1,0,0,0,0
95,5,1,1,0,0,0,1
95,6,6,2,0,1,0,0
95,7,2,1,0,1,0,0
95,8,2,1,0,1,0,0
95,9,2,1,0,1,0,0
95,10,6,2,0,1,1,0
95,11,8,2,1,1,-1,0
95,12,6,2,0,1,0,-1
95,13,1,1,0,0,1,1
95,14,4,1,1,1,0,0
95,15,4,1,1,1,-1,0
95,16,2,1,0,1,0,0
95,17,2,1,0,1,0,-1
95,18,1,1,0,0,1,1
95,19,4,1,1,1,0,-1
95,20,3,1,1,0,-1,1
95,21,2,1,0,1,0,-1
95,22,1,1,0,0,0,0
95,23,1,1,0,0,1,0
95,24,3,1,1,0,0,0
95,25,3,1,1,0,0,0
95,26,3,1,1,0,-1,1
95,27,2,1,0,1,0,0
95,28,2,1,0,1,0,0
95,29,6,2,0,1,0,-1
95,30,1,1,0,0,0,0
95,31,1,1,0,0,0,0
95,32,5,2,0,0,0,1
95,33,2,1,0,1,0,0
95,34,2,1,0,1,1,0
95,35,4,1,1,1,-1,0
95,36,6,2,0,1,0,-1
95,37,1,1,0,0,0,0
95,38,1,1,0,0,0,0
95,39,1,1,0,0,0,0
95,40,1,1,0,0,1,0
95,41,3,1,1,0,0,1
95,42,8,2,1,1,0,0
95,43,4,1,1,1,0,0
95,44,8,2,1,1,-1,0
95,45,6,2,0,1,0,-1
95,46,5,2,0,0,0,0
95,47,5,2,0,0,0,1
95,48,2,1,0,1,0,0
95,49,2,1,0,1,0,-1
95,50,1,1,0,0,1,0
96,1,8,2,1,1,0,0
96,2,4,1,1,1,0,0
96,3,4,1,1,1,0,0
96,4,4,1,1,1,0,0
96,5,4,1,1,1,-1,0
96,6,2,1,0,1,0,0
96,7,6,2,0,1,1,0
96,8,4,1,1,1,0,0
96,9,8,2,1,1,0,-1
96,10,7,2,1,0,0,0
96,11,3,1,1,0,0,1
96,12,8,2,1,1,0,0
96,13,8,2,1,1,0,0
96,14,8,2,1,1,0,0
96,15,8,2,1,1,0,0
96,16,8,2,1,1,-1,-1
96,17,1,1,0,0,0,0
96,18,1,1,0,0,0,0
96,19,1,1,0,0,0,0
96,20,1,1,0,0,0,0
96,21,1,1,0,0,1,0
96,22,3,1,1,0,-1,1
96,23,2,1,0,1,0,-1
96,24,1,1,0,0,1,0
96,25,3,1,1,0,0,1
96,26,4,1,1,1,0,0
96,27,8,2,1,1,0,0
96,28,4,1,1,1,0,0
96,29,4,1,1,1,0,0
96,30,4,1,1,1,0,0
96,31,8,2,1,1,0,0
96,32,8,2,1,1,0,0
96,33,4,1,1,1,0,0
96,34,8,2,1,1,-1,0
96,35,6,2,0,1,0,-1
96,36,5,2,0,0,0,0
96,37,5,2,0,0,0,0
96,38,5,2,0,0,0,0
96,39,1,1,0,0,0,1
96,40,2,1,0,1,1,0
96,41,8,2,1,1,0,0
96,42,4,1,1,1,0,-1
96,43,7,2,1,0,0,0
96,44,7,2,1,0,0,0
96,45,3,1,1,0,0,0
96,46,3,1,1,0,0,0
96,47,3,1,1,0,0,1
96,48,4,1,1,1,0,0
96,49,4,1,1,1,0,0
96,50,8,2,1,1,0,-1
97,1,4,1,1,1,0,0
97,2,4,1,1,1,0,0
97,3,4,1,1,1,-1,0
97,4,2,1,0,1,0,-1
97,5,5,2,0,0,1,0
97,6,3,1,1,0,-1,1
97,7,2,1,0,1,0,-1
97,8,5,2,0,0,1,0
97,9,3,1,1,0,-1,0
97,10,1,1,0,0,1,0
97,11,3,1,1,0,0,0
97,12,3,1,1,0,0,0
97,13,3,1,1,0,0,0
97,14,3,1,1,0,0,0
97,15,3,1,1,0,0,0
97,16,7,2,1,0,0,1
97,17,4,1,1,1,0,0
97,18,8,2,1,1,0,0
97,19,8,2,1,1,0,-1
97,20,7,2,1,0,0,1
97,21,8,2,1,1,-1,-1
97,22,1,1,0,0,0,1
97,23,6,2,0,1,0,-1
97,24,5,2,0,0,1,0
97,25,3,1,1,0,-1,0
97,26,5,2,0,0,1,0
97,27,3,1,1,0,0,0
97,28,3,1,1,0,0,0
97,29,7,2,1,0,0,0
97,30,7,2,1,0,0,0
97,31,7,2,1,0,0,1
97,32,8,2,1,1,0,0
97,33,8,2,1,1,0,-1
97,34,7,2,1,0,0,1
97,35,8,2,1,1,0,0
97,36,4,1,1,1,-1,0
97,37,2,1,0,1,1,0
97,38,4,1,1,1,0,-1
97,39,3,1,1,0,0,0
97,40,7,2,1,0,0,0
97,41,7,2,1,0,0,0
97,42,7,2,1,0,0,0
97,43,3,1,1,0,0,0
97,44,7,2,1,0,0,0
97,45,7,2,1,0,-1,0
97,46,1,1,0,0,1,0
97,47,3,1,1,0,-1,0
97,48,1,1,0,0,1,0
97,49,7,2,1,0,0,1
97,50,8,2,1,1,0,-1
98,1,8,2,1,1,0,-1
98,2,3,1,1,0,0,0
98,3,3,1,1,0,0,1
98,4,4,1,1,1,0,0
98,5,4,1,1,1,0,0
98,6,8,2,1,1,-1,0
98,7,2,1,0,1,0,0
98,8,2,1,0,1,1,-1
98,9,7,2,1,0,0,0
98,10,7,2,1,0,0,0
98,11,7,2,1,0,0,0
98,12,7,2,1,0,0,0
98,13,7,2,1,0,0,0
98,14,7,2,1,0,-1,0
98,15,5,2,0,0,1,1
98,16,4,1,1,1,0,0
98,17,8,2,1,1,-1,0
98,18,6,2,0,1,0,0
98,19,2,1,0,1,0,0
98,20,6,2,0,1,0,0
98,21,2,1,0,1,0,0
98,22,2,1,0,1,1,-1
98,23,3,1,1,0,0,0
98,24,3,1,1,0,0,0
98,25,3,1,1,0,0,0
98,26,7,2,1,0,0,0
98,27,3,1,1,0,0,0
98,28,7,2,1,0,-1,0
98,29,1,1,0,0,1,0
98,30,3,1,1,0,0,1
98,31,4,1,1,1,0,0
98,32,4,1,1,1,0,0
98,33,4,1,1,1,0,0
98,34,4,1,1,1,0,-1
98,35,3,1,1,0,0,1
98,36,4,1,1,1,-1,-1
98,37,1,1,0,0,0,1
98,38,2,1,0,1,0,0
98,39,6,2,0,1,0,-1
98,40,1,1,0,0,0,0
98,41,1,1,0,0,1,0
98,42,7,2,1,0,-1,0
98,43,5,2,0,0,0,0
98,44,5,2,0,0,0,0
98,45,5,2,0,0,1,0
98,46,3,1,1,0,-1,0
98,47,5,2,0,0,0,0
98,48,5,2,0,0,0,0
98,49,1,1,0,0,0,0
98,50,1,1,0,0,0,0
99,1,6,2,0,1,1,0
99,2,8,2,1,1,0,-1
99,3,3,1,1,0,0,1
99,4,4,1,1,1,0,0
99,5,4,1,1,1,0,0
99,6,4,1,1,1,0,0
99,7,4,1,1,1,0,0
99,8,4,1,1,1,0,-1
99,9,3,1,1,0,0,0
99,10,3,1,1,0,0,0
99,11,7,2,1,0,-1,0
99,12,5,2,0,0,1,1
99,13,4,1,1,1,0,0
99,14,4,1,1,1,0,-1
99,15,7,2,1,0,-1,0
99,16,5,2,0,0,1,0
99,17,3,1,1,0,0,1
99,18,4,1,1,1,0,0
99,19,4,1,1,1,0,-1
99,20,3,1,1,0,0,0
99,21,3,1,1,0,0,0
99,22,3,1,1,0,0,0
99,23,7,2,1,0,-1,0
99,24,5,2,0,0,0,1
99,25,6,2,0,1,0,0
99,26,6,2,0,1,0,0
99,27,6,2,0,1,0,0
99,28,2,1,0,1,0,0
99,29,2,1,0,1,0,0
99,30,2,1,0,1,1,0
99,31,4,1,1,1,0,0
99,32,4,1,1,1,0,-1
99,33,3,1,1,0,0,0
99,34,7,2,1,0,0,0
99,35,7,2,1,0,0,0
99,36,7,2,1,0,0,1
99,37,8,2,1,1,0,0
99,38,4,1,1,1,0,-1
99,39,3,1,1,0,0,0
99,40,3,1,1,0,0,1
99,41,4,1,1,1,0,0
99,42,4,1,1,1,0,0
99,43,4,1,1,1,-1,-1
99,44,1,1,0,0,1,0
99,45,3,1,1,0,0,0
99,46,3,1,1,0,0,0
99,47,3,1,1,0,-1,0
99,48,1,1,0,0,0,0
99,49,1,1,0,0,0,0
99,50,1,1,0,0,0,0
100,1,8,2,1,1,0,0
100,2,8,2,1,1,-1,-1
100,3,5,2,0,0,0,0
100,4,5,2,0,0,0,0
100,5,5,2,0,0,0,0
100,6,5,2,0,0,1,0
100,7,7,2,1,0,0,0
100,8,7,2,1,0,0,0
100,9,3,1,1,0,0,1
100,10,4,1,1,1,-1,0
100,11,6,2,0,1,0,0
100,12,2,1,0,1,0,0
100,13,2,1,0,1,0,0
100,14,2,1,0,1,0,0
100,15,2,1,0,1,1,0
100,16,4,1,1,1,0,0
100,17,4,1,1,1,0,-1
100,18,3,1,1,0,-1,0
100,19,1,1,0,0,1,0
100,20,3,1,1,0,0,1
100,21,4,1,1,1,0,0
100,22,4,1,1,1,0,0
100,23,4,1,1,1,0,0
100,24,4,1,1,1,0,0
100,25,4,1,1,1,0,0
100,26,4,1,1,1,0,0
100,27,4,1,1,1,-1,0
100,28,2,1,0,1,0,0
100,29,2,1,0,1,0,0
100,30,6,2,0,1,0,0
100,31,6,2,0,1,1,0
100,32,8,2,1,1,0,-1
100,33,7,2,1,0,0,0
100,34,7,2,1,0,-1,0
100,35,1,1,0,0,0,1
100,36,2,1,0,1,0,0
100,37,2,1,0,1,0,0
100,38,2,1,0,1,0,0
100,39,2,1,0,1,0,0
100,40,2,1,0,1,0,0
100,41,6,2,0,1,0,0
100,42,2,1,0,1,0,0
100,43,2,1,0,1,0,0
100,44,2,1,0,1,0,0
100,45,6,2,0,1,0,0
100,46,2,1,0,1,1,-1
100,47,3,1,1,0,0,0
100,48,3,1,1,0,0,1
100,49,4,1,1,1,0,0
100,50,4,1,1,1,-1,0
101,1,7,2,1,0,0,0
101,2,7,2,1,0,-1,0
101,3,5,2,0,0,1,1
101,4,8,2,1,1,0,0
101,5,8,2,1,1,-1,0
101,6,2,1,0,1,0,0
101,7,2,1,0,1,0,0
101,8,2,1,0,1,0,0
101,9,2,1,0,1,0,0
101,10,2,1,0,1,0,0
101,11,6,2,0,1,1,0
101,12,4,1,1,1,0,0
101,13,8,2,1,1,-1,0
101,14,6,2,0,1,1,0
101,15,4,1,1,1,-1,0
101,16,2,1,0,1,0,-1
101,17,1,1,0,0,0,1
101,18,6,2,0,1,0,-1
101,19,5,2,0,0,1,0
101,20,7,2,1,0,0,0
101,21,7,2,1,0,0,0
101,22,7,2,1,0,-1,0
101,23,5,2,0,0,0,0
101,24,1,1,0,0,0,1
101,25,2,1,0,1,0,0
101,26,2,1,0,1,0,0
101,27,6,2,0,1,1,-1
101,28,3,1,1,0,0,0
101,29,3,1,1,0,-1,0
101,30,1,1,0,0,0,1
101,31,2,1,0,1,0,0
101,32,2,1,0,1,0,-1
101,33,1,1,0,0,0,1
101,34,6,2,0,1,0,0
101,35,2,1,0,1,0,0
101,36,2,1,0,1,0,0
101,37,6,2,0,1,1,0
101,38,8,2,1,1,0,0
101,39,4,1,1,1,-1,0
101,40,2,1,0,1,0,-1
101,41,1,1,0,0,1,0
101,42,3,1,1,0,0,0
101,43,3,1,1,0,0,0
101,44,3,1,1,0,0,0
101,45,3,1,1,0,-1,0
101,46,1,1,0,0,0,0
101,47,1,1,0,0,0,0
101,48,1,1,0,0,0,0
101,49,1,1,0,0,1,0
101,50,7,2,1,0,0,0
102,1,8,2,1,1,0,0
102,2,8,2,1,1,0,0
102,3,8,2,1,1,-1,-1
102,4,1,1,0,0,0,0
102,5,1,1,0,0,0,0
102,6,1,1,0,0,0,0
102,7,1,1,0,0,1,0
102,8,7,2,1,0,0,1
102,9,8,2,1,1,0,0
102,10,8,2,1,1,0,0
102,11,8,2,1,1,0,-1
102,12,7,2,1,0,0,0
102,13,7,2,1,0,0,0
102,14,7,2,1,0,0,0
102,15,7,2,1,0,0,0
102,16,3,1,1,0,0,0
102,17,3,1,1,0,0,0
102,18,3,1,1,0,0,0
102,19,3,1,1,0,0,1
102,20,8,2,1,1,0,0
102,21,4,1,1,1,0,0
102,22,4,1,1,1,0,0
102,23,8,2,1,1,0,0
102,24,8,2,1,1,0,-1
102,25,3,1,1,0,0,1
102,26,8,2,1,1,0,0
102,27,8,2,1,1,-1,-1
102,28,5,2,0,0,0,1
102,29,6,2,0,1,1,-1
102,30,3,1,1,0,0,0
102,31,7,2,1,0,0,0
102,32,7,2,1,0,0,1
102,33,4,1,1,1,0,0
102,34,8,2,1,1,0,0
102,35,4,1,1,1,0,0
102,36,8,2,1,1,0,0
102,37,8,2,1,1,0,0
102,38,8,2,1,1,0,0
102,39,8,2,1,1,0,0
102,40,4,1,1,1,0,0
102,41,8,2,1,1,0,-1
102,42,3,1,1,0,0,0
102,43,3,1,1,0,0,1
102,44,4,1,1,1,0,0
102,45,4,1,1,1,0,0
102,46,4,1,1,1,0,0
102,47,4,1,1,1,0,-1
102,48,3,1,1,0,0,1
102,49,8,2,1,1,-1,0
102,50,2,1,0,1,1,-1
103,1,2,1,0,1,0,0
103,2,6,2,0,1,0,0
103,3,6,2,0,1,0,0
103,4,2,1,0,1,0,0
103,5,2,1,0,1,0,0
103,6,2,1,0,1,1,-1
103,7,7,2,1,0,0,0
103,8,7,2,1,0,0,0
103,9,7,2,1,0,0,0
103,10,7,2,1,0,0,0
103,11,7,2,1,0,0,0
103,12,7,2,1,0,0,0
103,13,7,2,1,0,-1,0
103,14,5,2,0,0,0,0
103,15,1,1,0,0,0,0
103,16,1,1,0,0,0,1
103,17,2,1,0,1,0,0
103,18,2,1,0,1,0,0
103,19,6,2,0,1,1,0
103,20,8,2,1,1,0,0
103,21,4,1,1,1,0,0
103,22,4,1,1,1,0,0
103,23,4,1,1,1,0,0
103,24,4,1,1,1,0,0
103,25,8,2,1,1,0,0
103,26,4,1,1,1,0,-1
103,27,3,1,1,0,0,0
103,28,3,1,1,0,0,1
103,29,4,1,1,1,0,0
103,30,4,1,1,1,0,0
103,31,8,2,1,1,-1,0
103,32,6,2,0,1,0,0
103,33,2,1,0,1,0,-1
103,34,1,1,0,0,0,1
103,35,2,1,0,1,0,-1
103,36,1,1,0,0,1,0
103,37,3,1,1,0,0,0
103,38,3,1,1,0,0,0
103,39,3,1,1,0,-1,0
103,40,1,1,0,0,0,0
103,41,1,1,0,0,1,0
103,42,3,1,1,0,-1,0
103,43,1,1,0,0,1,0
103,44,7,2,1,0,0,0
103,45,7,2,1,0,0,0
103,46,3,1,1,0,0,0
103,47,7,2,1,0,0,0
103,48,3,1,1,0,-1,0
103,49,1,1,0,0,1,0
103,50,3,1,1,0,0,0
104,1,4,1,1,1,0,0
104,2,4,1,1,1,0,0
104,3,8,2,1,1,0,0
104,4,4,1,1,1,0,0
104,5,4,1,1,1,0,0
104,6,4,1,1,1,0,0
104,7,8,2,1,1,-1,0
104,8,6,2,0,1,0,0
104,9,6,2,0,1,0,0
104,10,6,2,0,1,0,-1
104,11,5,2,0,0,0,0
104,12,5,2,0,0,0,0
104,13,1,1,0,0,0,0
104,14,1,1,0,0,0,0
104,15,5,2,0,0,1,0
104,16,3,1,1,0,0,0
104,17,3,1,1,0,0,1
104,18,4,1,1,1,0,-1
104,19,3,1,1,0,0,0
104,20,3,1,1,0,0,0
104,21,7,2,1,0,0,0
104,22,3,1,1,0,-1,0
104,23,1,1,0,0,0,1
104,24,2,1,0,1,0,0
104,25,6,2,0,1,1,0
104,26,8,2,1,1,0,-1
104,27,7,2,1,0,0,0
104,28,7,2,1,0,-1,0
104,29,1,1,0,0,0,0
104,30,1,1,0,0,0,1
104,31,6,2,0,1,0,0
104,32,6,2,0,1,0,-1
104,33,5,2,0,0,0,0
104,34,5,2,0,0,0,1
104,35,6,2,0,1,0,0
104,36,2,1,0,1,0,0
104,37,2,1,0,1,0,0
104,38,2,1,0,1,0,0
104,39,2,1,0,1,1,0
104,40,4,1,1,1,0,0
104,41,8,2,1,1,0,0
104,42,8,2,1,1,0,-1
104,43,7,2,1,0,0,0
104,44,7,2,1,0,0,1
104,45,8,2,1,1,0,0
104,46,8,2,1,1,0,0
104,47,8,2,1,1,-1,0
104,48,2,1,0,1,0,0
104,49,6,2,0,1,0,0
104,50,6,2,0,1,0,0
105,1,5,2,0,0,0,0
105,2,5,2,0,0,0,0
105,3,1,1,0,0,0,0
105,4,1,1,0,0,1,1
105,5,8,2,1,1,-1,0
105,6,6,2,0,1,1,-1
105,7,3,1,1,0,0,0
105,8,7,2,1,0,0,0
105,9,3,1,1,0,0,0
105,10,3,1,1,0,-1,0
105,11,1,1,0,0,1,0
105,12,3,1,1,0,0,1
105,13,8,2,1,1,0,0
105,14,8,2,1,1,0,-1
105,15,3,1,1,0,-1,0
105,16,5,2,0,0,0,0
105,17,1,1,0,0,1,0
105,18,7,2,1,0,0,0
105,19,7,2,1,0,0,0
105,20,7,2,1,0,0,0
105,21,3,1,1,0,0,1
105,22,8,2,1,1,0,0
105,23,4,1,1,1,0,0
105,24,4,1,1,1,0,0
105,25,4,1,1,1,0,0
105,26,8,2,1,1,0,-1
105,27,7,2,1,0,-1,0
105,28,1,1,0,0,1,0
105,29,3,1,1,0,-1,0
105,30,5,2,0,0,0,0
105,31,5,2,0,0,1,0
105,32,3,1,1,0,0,1
105,33,4,1,1,1,-1,-1
105,34,1,1,0,0,1,0
105,35,7,2,1,0,0,0
105,36,7,2,1,0,0,0
105,37,7,2,1,0,0,0
105,38,7,2,1,0,0,1
105,39,8,2,1,1,0,0
105,40,4,1,1,1,0,0
105,41,8,2,1,1,0,-1
105,42,3,1,1,0,0,0
105,43,3,1,1,0,0,1
105,44,4,1,1,1,-1,0
105,45,2,1,0,1,0,0
105,46,6,2,0,1,0,-1
105,47,5,2,0,0,0,1
105,48,2,1,0,1,0,0
105,49,2,1,0,1,0,0
105,50,6,2,0,1,1,0
106,1,4,1,1,1,0,-1
106,2,3,1,1,0,0,1
106,3,8,2,1,1,0,0
106,4,8,2,1,1,0,-1
106,5,7,2,1,0,0,1
106,6,8,2,1,1,0,0
106,7,8,2,1,1,-1,0
106,8,6,2,0,1,1,0
106,9,8,2,1,1,0,0
106,10,8,2,1,1,-1,-1
106,11,5,2,0,0,1,1
106,12,8,2,1,1,0,0
106,13,4,1,1,1,0,0
106,14,4,1,1,1,0,-1
106,15,3,1,1,0,-1,0
106,16,5,2,0,0,0,0
106,17,5,2,0,0,1,0
106,18,3,1,1,0,0,0
106,19,7,2,1,0,-1,0
106,20,1,1,0,0,1,0
106,21,3,1,1,0,0,0
106,22,3,1,1,0,-1,0
106,23,5,2,0,0,0,0
106,24,1,1,0,0,1,1
106,25,4,1,1,1,0,-1
106,26,3,1,1,0,0,1
106,27,8,2,1,1,0,0
106,28,8,2,1,1,0,0
106,29,8,2,1,1,-1,-1
106,30,1,1,0,0,1,0
106,31,3,1,1,0,0,0
106,32,3,1,1,0,0,0
106,33,3,1,1,0,0,1
106,34,8,2,1,1,0,0
106,35,8,2,1,1,0,0
106,36,8,2,1,1,0,0
106,37,8,2,1,1,-1,0
106,38,6,2,0,1,0,0
106,39,2,1,0,1,0,0
106,40,2,1,0,1,1,0
106,41,8,2,1,1,0,-1
106,42,7,2,1,0,0,0
106,43,3,1,1,0,0,0
106,44,3,1,1,0,0,0
106,45,3,1,1,0,0,0
106,46,3,1,1,0,0,1
106,47,4,1,1,1,0,0
106,48,4,1,1,1,-1,0
106,49,2,1,0,1,0,0
106,50,2,1,0,1,0,0
107,1,7,2,1,0,0,0
107,2,7,2,1,0,-1,0
107,3,1,1,0,0,0,1
107,4,6,2,0,1,1,0
107,5,8,2,1,1,0,-1
107,6,3,1,1,0,0,0
107,7,3,1,1,0,0,0
107,8,3,1,1,0,0,0
107,9,3,1,1,0,-1,0
107,10,1,1,0,0,1,0
107,11,3,1,1,0,0,0
107,12,3,1,1,0,0,0
107,13,7,2,1,0,0,0
107,14,3,1,1,0,0,1
107,15,4,1,1,1,0,0
107,16,4,1,1,1,0,0
107,17,8,2,1,1,0,0
107,18,8,2,1,1,0,0
107,19,4,1,1,1,0,0
107,20,8,2,1,1,0,0
107,21,4,1,1,1,-1,-1
107,22,1,1,0,0,0,0
107,23,5,2,0,0,1,1
107,24,8,2,1,1,0,0
107,25,4,1,1,1,-1,0
107,26,2,1,0,1,0,0
107,27,6,2,0,1,0,0
107,28,6,2,0,1,0,0
107,29,2,1,0,1,0,0
107,30,2,1,0,1,0,0
107,31,2,1,0,1,0,0
107,32,6,2,0,1,0,0
107,33,6,2,0,1,0,0
107,34,6,2,0,1,0,0
107,35,2,1,0,1,0,0
107,36,2,1,0,1,0,0
107,37,6,2,0,1,0,0
107,38,2,1,0,1,1,0
107,39,8,2,1,1,0,0
107,40,8,2,1,1,0,0
107,41,4,1,1,1,-1,0
107,42,2,1,0,1,0,-1
107,43,1,1,0,0,0,1
107,44,6,2,0,1,0,0
107,45,6,2,0,1,1,0
107,46,4,1,1,1,0,0
107,47,4,1,1,1,0,-1
107,48,7,2,1,0,0,1
107,49,4,1,1,1,0,0
107,50,4,1,1,1,-1,0
108,1,7,2,1,0,0,0
108,2,3,1,1,0,-1,0
108,3,1,1,0,0,0,0
108,4,5,2,0,0,0,1
108,5,6,2,0,1,0,0
108,6,2,1,0,1,0,0
108,7,2,1,0,1,0,-1
108,8,5,2,0,0,1,0
108,9,3,1,1,0,0,0
108,10,3,1,1,0,0,0
108,11,3,1,1,0,0,0
108,12,7,2,1,0,0,0
108,13,3,1,1,0,0,0
108,14,3,1,1,0,0,0
108,15,3,1,1,0,0,1
108,16,8,2,1,1,0,0
108,17,8,2,1,1,0,0
108,18,8,2,1,1,0,0
108,19,8,2,1,1,0,0
108,20,8,2,1,1,0,0
108,21,8,2,1,1,0,0
108,22,8,2,1,1,0,0
108,23,8,2,1,1,0,0
108,24,4,1,1,1,0,0
108,25,4,1,1,1,0,-1
108,26,3,1,1,0,0,1
108,27,4,1,1,1,0,-1
108,28,7,2,1,0,0,0
108,29,3,1,1,0,0,0
108,30,3,1,1,0,0,0
108,31,3,1,1,0,-1,0
108,32,1,1,0,0,1,0
108,33,3,1,1,0,0,0
108,34,3,1,1,0,0,1
108,35,4,1,1,1,0,0
108,36,4,1,1,1,0,0
108,37,8,2,1,1,0,-1
108,38,3,1,1,0,0,0
108,39,3,1,1,0,-1,1
108,40,2,1,0,1,1,0
108,41,8,2,1,1,-1,-1
108,42,5,2,0,0,0,1
108,43,6,2,0,1,0,-1
108,44,1,1,0,0,1,0
108,45,3,1,1,0,0,0
108,46,7,2,1,0,0,1
108,47,4,1,1,1,0,-1
108,48,3,1,1,0,0,1
108,49,4,1,1,1,-1,0
108,50,2,1,0,1,0,0
109,1,6,2,0,1,0,0
109,2,6,2,0,1,1,0
109,3,4,1,1,1,-1,0
109,4,2,1,0,1,0,0
109,5,2,1,0,1,1,0
109,6,8,2,1,1,0,0
109,7,8,2,1,1,0,0
109,8,4,1,1,1,0,0
109,9,4,1,1,1,-1,0
109,10,2,1,0,1,0,0
109,11,2,1,0,1,0,0
109,12,2,1,0,1,0,0
109,13,2,1,0,1,0,0
109,14,2,1,0,1,0,-1
109,15,1,1,0,0,0,0
109,16,1,1,0,0,0,1
109,17,2,1,0,1,0,0
109,18,6,2,0,1,0,0
109,19,2,1,0,1,0,0
109,20,6,2,0,1,0,0
109,21,6,2,0,1,1,0
109,22,8,2,1,1,0,0
109,23,8,2,1,1,0,0
109,24,4,1,1,1,0,-1
109,25,3,1,1,0,0,0
109,26,7,2,1,0,0,0
109,27,7,2,1,0,0,1
109,28,8,2,1,1,0,0
109,29,4,1,1,1,0,0
109,30,8,2,1,1,0,0
109,31,4,1,1,1,0,0
109,32,4,1,1,1,-1,-1
109,33,1,1,0,0,0,0
109,34,1,1,0,0,1,1
109,35,4,1,1,1,0,0
109,36,4,1,1,1,0,0
109,37,8,2,1,1,0,0
109,38,4,1,1,1,0,0
109,39,4,1,1,1,0,0
109,40,8,2,1,1,0,0
109,41,8,2,1,1,0,0
109,42,4,1,1,1,0,0
109,43,8,2,1,1,0,0
109,44,4,1,1,1,-1,0
109,45,2,1,0,1,0,0
109,46,2,1,0,1,0,-1
109,47,5,2,0,0,0,0
109,48,1,1,0,0,1,0
109,49,3,1,1,0,0,0
109,50,3,1,1,0,-1,1
110,1,7,2,1,0,0,0
110,2,3,1,1,0,0,0
110,3,3,1,1,0,-1,0
110,4,1,1,0,0,1,1
110,5,8,2,1,1,0,-1
110,6,7,2,1,0,-1,0
110,7,5,2,0,0,1,0
110,8,7,2,1,0,0,1
110,9,8,2,1,1,0,0
110,10,8,2,1,1,0,0
110,11,8,2,1,1,0,0
110,12,8,2,1,1,0,0
110,13,4,1,1,1,0,0
110,14,8,2,1,1,-1,0
110,15,2,1,0,1,0,0
110,16,2,1,0,1,0,-1
110,17,1,1,0,0,0,0
110,18,5,2,0,0,0,0
110,19,1,1,0,0,0,0
110,20,5,2,0,0,0,0
110,21,5,2,0,0,1,0
110,22,7,2,1,0,0,1
110,23,8,2,1,1,0,0
110,24,4,1,1,1,0,0
110,25,4,1,1,1,0,0
110,26,4,1,1,1,0,0
110,27,8,2,1,1,-1,-1
110,28,5,2,0,0,1,0
110,29,3,1,1,0,0,0
110,30,3,1,1,0,-1,0
110,31,1,1,0,0,1,0
110,32,7,2,1,0,0,0
110,33,3,1,1,0,-1,0
110,34,5,2,0,0,0,0
110,35,5,2,0,0,0,0
110,36,5,2,0,0,1,1
110,37,8,2,1,1,0,-1
110,38,7,2,1,0,0,0
110,39,3,1,1,0,-1,0
110,40,1,1,0,0,0,0
110,41,1,1,0,0,1,0
110,42,3,1,1,0,0,0
110,43,7,2,1,0,0,0
110,44,3,1,1,0,0,0
110,45,3,1,1,0,0,0
110,46,7,2,1,0,-1,1
110,47,6,2,0,1,0,0
110,48,6,2,0,1,0,0
110,49,6,2,0,1,0,0
110,50,6,2,0,1,1,0
111,1,6,2,0,1,0,0
111,2,2,1,0,1,0,0
111,3,2,1,0,1,0,0
111,4,6,2,0,1,1,0
111,5,4,1,1,1,-1,0
111,6,2,1,0,1,0,0
111,7,2,1,0,1,0,0
111,8,2,1,0,1,0,0
111,9,2,1,0,1,1,0
111,10,8,2,1,1,-1,0
111,11,2,1,0,1,1,0
111,12,8,2,1,1,0,0
111,13,8,2,1,1,0,0
111,14,4,1,1,1,-1,-1
111,15,5,2,0,0,0,1
111,16,2,1,0,1,1,-1
111,17,3,1,1,0,0,0
111,18,3,1,1,0,0,0
111,19,7,2,1,0,0,0
111,20,7,2,1,0,0,1
111,21,8,2,1,1,0,0
111,22,8,2,1,1,0,0
111,23,8,2,1,1,0,-1
111,24,3,1,1,0,0,0
111,25,7,2,1,0,0,0
111,26,7,2,1,0,-1,0
111,27,1,1,0,0,0,0
111,28,1,1,0,0,0,1
111,29,2,1,0,1,0,0
111,30,6,2,0,1,0,0
111,31,6,2,0,1,0,0
111,32,6,2,0,1,0,-1
111,33,5,2,0,0,0,0
111,34,5,2,0,0,0,0
111,35,1,1,0,0,0,1
111,36,2,1,0,1,1,0
111,37,4,1,1,1,-1,-1
111,38,1,1,0,0,0,0
111,39,1,1,0,0,0,0
111,40,1,1,0,0,0,0
111,41,5,2,0,0,0,0
111,42,5,2,0,0,1,1
111,43,8,2,1,1,0,-1
111,44,7,2,1,0,-1,0
111,45,1,1,0,0,0,0
111,46,1,1,0,0,0,0
111,47,1,1,0,0,0,0
111,48,5,2,0,0,0,1
111,49,6,2,0,1,0,0
111,50,6,2,0,1,1,-1
112,1,8,2,1,1,0,0
112,2,8,2,1,1,0,0
112,3,8,2,1,1,0,0
112,4,4,1,1,1,0,0
112,5,8,2,1,1,-1,-1
112,6,5,2,0,0,1,0
112,7,7,2,1,0,0,1
112,8,8,2,1,1,-1,0
112,9,2,1,0,1,0,-1
112,10,1,1,0,0,0,0
112,11,1,1,0,0,0,1
112,12,2,1,0,1,0,0
112,13,2,1,0,1,0,0
112,14,2,1,0,1,0,0
112,15,2,1,0,1,1,0
112,16,4,1,1,1,0,0
112,17,4,1,1,1,0,0
112,18,4,1,1,1,-1,0
112,19,6,2,0,1,1,0
112,20,4,1,1,1,0,0
112,21,4,1,1,1,0,0
112,22,8,2,1,1,0,0
112,23,4,1,1,1,0,0
112,24,4,1,1,1,0,0
112,25,4,1,1,1,0,-1
112,26,3,1,1,0,0,1
112,27,4,1,1,1,0,0
112,28,4,1,1,1,0,0
112,29,4,1,1,1,-1,0
112,30,2,1,0,1,0,0
112,31,2,1,0,1,0,0
112,32,2,1,0,1,0,0
112,33,6,2,0,1,0,0
112,34,6,2,0,1,0,0
112,35,6,2,0,1,1,0
112,36,8,2,1,1,0,-1
112,37,3,1,1,0,0,0
112,38,3,1,1,0,0,0
112,39,3,1,1,0,0,1
112,40,8,2,1,1,0,-1
112,41,3,1,1,0,0,1
112,42,4,1,1,1,0,-1
112,43,7,2,1,0,0,1
112,44,8,2,1,1,0,-1
112,45,3,1,1,0,0,0
112,46,3,1,1,0,0,0
112,47,3,1,1,0,0,0
112,48,3,1,1,0,0,0
112,49,7,2,1,0,0,0
112,50,3,1,1,0,0,0
113,1,2,1,0,1,0,0
113,2,2,1,0,1,0,0
113,3,2,1,0,1,0,0
113,4,2,1,0,1,1,0
113,5,4,1,1,1,0,0
113,6,8,2,1,1,0,0
113,7,8,2,1,1,0,0
113,8,8,2,1,1,0,0
113,9,8,2,1,1,0,0
113,10,8,2,1,1,0,0
113,11,4,1,1,1,0,-1
113,12,3,1,1,0,0,0
113,13,3,1,1,0,-1,1
113,14,2,1,0,1,1,0
113,15,4,1,1,1,0,-1
113,16,3,1,1,0,0,0
113,17,3,1,1,0,0,0
113,18,7,2,1,0,0,0
113,19,3,1,1,0,0,0
113,20,7,2,1,0,0,0
113,21,3,1,1,0,0,0
113,22,3,1,1,0,0,0
113,23,3,1,1,0,0,0
113,24,3,1,1,0,-1,0
113,25,5,2,0,0,0,0
113,26,1,1,0,0,0,1
113,27,2,1,0,1,1,0
113,28,8,2,1,1,0,0
113,29,4,1,1,1,-1,0
113,30,2,1,0,1,1,0
113,31,4,1,1,1,0,0
113,32,4,1,1,1,0,-1
113,33,3,1,1,0,0,0
113,34,3,1,1,0,0,0
113,35,7,2,1,0,0,0
113,36,3,1,1,0,0,0
113,37,3,1,1,0,0,0
113,38,3,1,1,0,0,0
113,39,7,2,1,0,0,0
113,40,7,2,1,0,0,0
113,41,7,2,1,0,0,1
113,42,8,2,1,1,0,0
113,43,8,2,1,1,0,0
113,44,4,1,1,1,0,0
113,45,4,1,1,1,-1,0
113,46,2,1,0,1,1,-1
113,47,3,1,1,0,-1,0
113,48,1,1,0,0,0,1
113,49,6,2,0,1,0,0
113,50,6,2,0,1,0,-1
114,1,5,2,0,0,1,0
114,2,7,2,1,0,0,0
114,3,7,2,1,0,0,0
114,4,7,2,1,0,0,1
114,5,4,1,1,1,0,0
114,6,4,1,1,1,0,0
114,7,4,1,1,1,0,0
114,8,8,2,1,1,0,0
114,9,4,1,1,1,0,0
114,10,8,2,1,1,0,-1
114,11,3,1,1,0,0,1
114,12,8,2,1,1,0,-1
114,13,7,2,1,0,0,0
114,14,7,2,1,0,0,0
114,15,3,1,1,0,0,0
114,16,3,1,1,0,0,0
114,17,3,1,1,0,0,1
114,18,4,1,1,1,0,0
114,19,4,1,1,1,0,-1
114,20,3,1,1,0,0,0
114,21,7,2,1,0,-1,1
114,22,6,2,0,1,1,0
114,23,8,2,1,1,-1,0
114,24,2,1,0,1,0,0
114,25,2,1,0,1,1,-1
114,26,7,2,1,0,0,0
114,27,7,2,1,0,-1,0
114,28,5,2,0,0,0,0
114,29,1,1,0,0,1,0
114,30,3,1,1,0,0,0
114,31,3,1,1,0,0,0
114,32,7,2,1,0,0,1
114,33,8,2,1,1,0,0
114,34,4,1,1,1,-1,0
114,35,2,1,0,1,0,0
114,36,6,2,0,1,1,0
114,37,8,2,1,1,0,0
114,38,4,1,1,1,0,-1
114,39,7,2,1,0,0,0
114,40,3,1,1,0,0,1
114,41,4,1,1,1,0,0
114,42,8,2,1,1,0,-1
114,43,3,1,1,0,0,1
114,44,8,2,1,1,0,0
114,45,8,2,1,1,-1,0
114,46,2,1,0,1,1,0
114,47,8,2,1,1,0,-1
114,48,3,1,1,0,0,0
114,49,3,1,1,0,0,1
114,50,4,1,1,1,0,0
115,1,1,1,0,0,0,0
115,2,5,2,0,0,0,0
115,3,5,2,0,0,1,0
115,4,3,1,1,0,0,0
115,5,3,1,1,0,0,0
115,6,7,2,1,0,-1,0
115,7,1,1,0,0,0,0
115,8,5,2,0,0,0,0
115,9,1,1,0,0,1,0
115,10,3,1,1,0,0,0
115,11,3,1,1,0,0,0
115,12,7,2,1,0,0,0
115,13,7,2,1,0,0,0
115,14,7,2,1,0,0,0
115,15,7,2,1,0,0,0
115,16,3,1,1,0,0,0
115,17,7,2,1,0,0,1
115,18,4,1,1,1,0,0
115,19,4,1,1,1,-1,-1
115,20,1,1,0,0,0,1
115,21,2,1,0,1,0,0
115,22,6,2,0,1,0,0
115,23,6,2,0,1,1,0
115,24,8,2,1,1,0,0
115,25,4,1,1,1,0,0
115,26,4,1,1,1,-1,-1
115,27,1,1,0,0,1,0
115,28,7,2,1,0,0,0
115,29,7,2,1,0,0,0
115,30,3,1,1,0,-1,0
115,31,1,1,0,0,1,1
115,32,8,2,1,1,0,0
115,33,8,2,1,1,-1,-1
115,34,1,1,0,0,1,0
115,35,3,1,1,0,0,0
115,36,7,2,1,0,0,0
115,37,3,1,1,0,0,0
115,38,3,1,1,0,0,1
115,39,4,1,1,1,0,0
115,40,8,2,1,1,0,-1
115,41,7,2,1,0,-1,1
115,42,6,2,0,1,0,0
115,43,2,1,0,1,0,0
115,44,2,1,0,1,0,0
115,45,2,1,0,1,0,0
115,46,6,2,0,1,0,0
115,47,2,1,0,1,0,0
115,48,2,1,0,1,0,0
115,49,6,2,0,1,1,-1
115,50,3,1,1,0,0,0
116,1,6,2,0,1,0,-1
116,2,5,2,0,0,0,0
116,3,5,2,0,0,0,0
116,4,1,1,0,0,0,0
116,5,5,2,0,0,1,0
116,6,3,1,1,0,0,0
116,7,7,2,1,0,0,0
116,8,7,2,1,0,-1,0
116,9,1,1,0,0,0,1
116,10,6,2,0,1,0,-1
116,11,5,2,0,0,0,1
116,12,6,2,0,1,1,0
116,13,8,2,1,1,0,0
116,14,8,2,1,1,0,0
116,15,4,1,1,1,0,0
116,16,4,1,1,1,-1,0
116,17,2,1,0,1,0,-1
116,18,1,1,0,0,0,0
116,19,1,1,0,0,1,0
116,20,3,1,1,0,0,1
116,21,8,2,1,1,0,0
116,22,4,1,1,1,-1,0
116,23,2,1,0,1,1,0
116,24,8,2,1,1,-1,-1
116,25,5,2,0,0,0,1
116,26,2,1,0,1,0,0
116,27,2,1,0,1,1,0
116,28,4,1,1,1,0,0
116,29,4,1,1,1,0,-1
116,30,7,2,1,0,0,1
116,31,8,2,1,1,0,0
116,32,4,1,1,1,0,0
116,33,8,2,1,1,-1,0
116,34,6,2,0,1,1,-1
116,35,3,1,1,0,0,0
116,36,7,2,1,0,0,0
116,37,3,1,1,0,0,1
116,38,4,1,1,1,0,-1
116,39,3,1,1,0,0,0
116,40,3,1,1,0,0,0
116,41,7,2,1,0,0,1
116,42,4,1,1,1,0,-1
116,43,7,2,1,0,0,1
116,44,8,2,1,1,0,-1
116,45,7,2,1,0,-1,0
116,46,1,1,0,0,1,0
116,47,3,1,1,0,0,0
116,48,3,1,1,0,0,0
116,49,7,2,1,0,-1,0
116,50,5,2,0,0,0,0
117,1,3,1,1,0,0,0
117,2,7,2,1,0,-1,0
117,3,5,2,0,0,1,0
117,4,7,2,1,0,0,0
117,5,7,2,1,0,0,0
117,6,3,1,1,0,0,1
117,7,8,2,1,1,0,-1
117,8,3,1,1,0,0,0
117,9,3,1,1,0,0,0
117,10,3,1,1,0,-1,0
117,11,1,1,0,0,0,0
117,12,5,2,0,0,0,0
117,13,1,1,0,0,0,0
117,14,5,2,0,0,1,0
117,15,7,2,1,0,0,0
117,16,7,2,1,0,-1,0
117,17,5,2,0,0,0,0
117,18,1,1,0,0,0,0
117,19,1,1,0,0,0,0
117,20,1,1,0,0,0,0
117,21,1,1,0,0,1,0
117,22,7,2,1,0,0,0
117,23,3,1,1,0,0,1
117,24,4,1,1,1,-1,0
117,25,6,2,0,1,0,0
117,26,2,1,0,1,1,0
117,27,4,1,1,1,0,0
117,28,4,1,1,1,0,0
117,29,4,1,1,1,0,-1
117,30,3,1,1,0,-1,1
117,31,2,1,0,1,0,0
117,32,6,2,0,1,0,-1
117,33,5,2,0,0,0,0
117,34,1,1,0,0,0,1
117,35,6,2,0,1,0,0
117,36,6,2,0,1,0,0
117,37,6,2,0,1,1,0
117,38,8,2,1,1,0,-1
117,39,7,2,1,0,0,0
117,40,3,1,1,0,0,0
117,41,7,2,1,0,0,1
117,42,8,2,1,1,-1,0
117,43,6,2,0,1,0,-1
117,44,5,2,0,0,0,0
117,45,5,2,0,0,0,0
117,46,1,1,0,0,1,0
117,47,3,1,1,0,0,0
117,48,3,1,1,0,-1,0
117,49,1,1,0,0,0,0
117,50,1,1,0,0,1,0
118,1,6,2,0,1,1,0
118,2,8,2,1,1,-1,0
118,3,6,2,0,1,0,0
118,4,6,2,0,1,1,0
118,5,8,2,1,1,0,-1
118,6,3,1,1,0,0,0
118,7,7,2,1,0,0,0
118,8,3,1,1,0,-1,0
118,9,1,1,0,0,0,1
118,10,2,1,0,1,0,0
118,11,2,1,0,1,0,-1
118,12,1,1,0,0,0,1
118,13,2,1,0,1,0,0
118,14,2,1,0,1,1,0
118,15,4,1,1,1,0,0
118,16,4,1,1,1,0,-1
118,17,3,1,1,0,0,0
118,18,3,1,1,0,0,0
118,19,3,1,1,0,0,1
118,20,4,1,1,1,0,0
118,21,8,2,1,1,0,0
118,22,4,1,1,1,0,0
118,23,4,1,1,1,-1,0
118,24,2,1,0,1,0,0
118,25,2,1,0,1,1,0
118,26,4,1,1,1,0,0
118,27,4,1,1,1,-1,-1
118,28,1,1,0,0,0,0
118,29,1,1,0,0,0,0
118,30,1,1,0,0,0,1
118,31,2,1,0,1,1,0
118,32,8,2,1,1,0,-1
118,33,3,1,1,0,0,0
118,34,7,2,1,0,0,1
118,35,8,2,1,1,0,-1
118,36,7,2,1,0,0,0
118,37,7,2,1,0,0,0
118,38,7,2,1,0,0,0
118,39,7,2,1,0,-1,0
118,40,1,1,0,0,0,0
118,41,5,2,0,0,0,0
118,42,1,1,0,0,0,1
118,43,6,2,0,1,0,0
118,44,6,2,0,1,0,0
118,45,2,1,0,1,0,-1
118,46,1,1,0,0,0,1
118,47,2,1,0,1,1,0
118,48,4,1,1,1,0,0
118,49,4,1,1,1,-1,0
118,50,2,1,0,1,0,0
119,1,6,2,0,1,0,-1
119,2,5,2,0,0,0,0
119,3,5,2,0,0,0,0
119,4,5,2,0,0,0,0
119,5,1,1,0,0,0,0
119,6,5,2,0,0,1,0
119,7,3,1,1,0,0,0
119,8,3,1,1,0,0,1
119,9,4,1,1,1,0,0
119,10,8,2,1,1,0,-1
119,11,7,2,1,0,-1,0
119,12,1,1,0,0,0,0
119,13,1,1,0,0,0,0
119,14,5,2,0,0,0,1
119,15,6,2,0,1,1,0
119,16,4,1,1,1,0,0
119,17,4,1,1,1,0,0
119,18,4,1,1,1,0,0
119,19,8,2,1,1,0,0
119,20,8,2,1,1,0,0
119,21,4,1,1,1,0,0
119,22,4,1,1,1,0,0
119,23,8,2,1,1,0,0
119,24,8,2,1,1,-1,0
119,25,6,2,0,1,0,0
119,26,6,2,0,1,0,0
119,27,6,2,0,1,0,0
119,28,6,2,0,1,0,0
119,29,6,2,0,1,1,0
119,30,4,1,1,1,0,0
119,31,8,2,1,1,0,0
119,32,8,2,1,1,0,-1
119,33,7,2,1,0,0,1
119,34,4,1,1,1,0,0
119,35,4,1,1,1,0,0
119,36,4,1,1,1,0,0
119,37,4,1,1,1,0,0
119,38,8,2,1,1,0,0
119,39,4,1,1,1,0,0
119,40,4,1,1,1,0,0
119,41,8,2,1,1,-1,0
119,42,6,2,0,1,1,0
119,43,8,2,1,1,0,0
119,44,8,2,1,1,0,0
119,45,8,2,1,1,0,0
119,46,4,1,1,1,0,0
119,47,4,1,1,1,-1,0
119,48,2,1,0,1,1,0
119,49,4,1,1,1,0,0
119,50,8,2,1,1,0,-1
120,1,8,2,1,1,0,0
120,2,4,1,1,1,-1,0
120,3,2,1,0,1,0,-1
120,4,5,2,0,0,0,0
120,5,1,1,0,0,1,1
120,6,4,1,1,1,0,-1
120,7,3,1,1,0,0,0
120,8,7,2,1,0,0,0
120,9,7,2,1,0,0,0
120,10,7,2,1,0,0,1
120,11,4,1,1,1,0,0
120,12,4,1,1,1,0,0
120,13,8,2,1,1,0,0
120,14,4,1,1,1,0,0
120,15,4,1,1,1,0,0
120,16,4,1,1,1,0,0
120,17,4,1,1,1,-1,0
120,18,2,1,0,1,0,0
120,19,2,1,0,1,0,-1
120,20,5,2,0,0,0,0
120,21,5,2,0,0,0,1
120,22,6,2,0,1,0,-1
120,23,5,2,0,0,0,0
120,24,1,1,0,0,0,0
120,25,5,2,0,0,1,0
120,26,3,1,1,0,0,0
120,27,3,1,1,0,0,0
120,28,7,2,1,0,0,0
120,29,3,1,1,0,-1,0
120,30,5,2,0,0,0,0
120,31,1,1,0,0,1,0
120,32,3,1,1,0,-1,0
120,33,5,2,0,0,1,0
120,34,7,2,1,0,0,1
120,35,4,1,1,1,0,0
120,36,4,1,1,1,0,0
120,37,4,1,1,1,0,-1
120,38,3,1,1,0,0,1
120,39,4,1,1,1,0,-1
120,40,7,2,1,0,-1,1
120,41,2,1,0,1,1,0
120,42,8,2,1,1,0,0
120,43,8,2,1,1,-1,0
120,44,6,2,0,1,1,0
120,45,8,2,1,1,0,0
120,46,4,1,1,1,-1,-1
120,47,1,1,0,0,0,0
120,48,1,1,0,0,0,0
120,49,1,1,0,0,1,1
120,50,4,1,1,1,-1,-1
121,1,3,1,1,0,0,0
121,2,3,1,1,0,0,0
121,3,3,1,1,0,-1,0
121,4,5,2,0,0,0,0
121,5,5,2,0,0,1,0
121,6,7,2,1,0,0,1
121,7,4,1,1,1,0,0
121,8,4,1,1,1,0,0
121,9,4,1,1,1,0,-1
121,10,3,1,1,0,0,0
121,11,3,1,1,0,0,0
121,12,7,2,1,0,0,0
121,13,7,2,1,0,0,0
121,14,7,2,1,0,0,0
121,15,3,1,1,0,-1,0
121,16,1,1,0,0,0,0
121,17,1,1,0,0,0,0
121,18,5,2,0,0,0,1
121,19,2,1,0,1,0,0
121,20,6,2,0,1,0,-1
121,21,1,1,0,0,0,0
121,22,1,1,0,0,1,0
121,23,3,1,1,0,0,1
121,24,8,2,1,1,0,-1
121,25,3,1,1,0,0,0
121,26,3,1,1,0,0,0
121,27,3,1,1,0,0,0
121,28,3,1,1,0,0,0
121,29,3,1,1,0,0,0
121,30,3,1,1,0,0,1
121,31,4,1,1,1,0,0
121,32,8,2,1,1,0,0
121,33,8,2,1,1,-1,0
121,34,6,2,0,1,1,0
121,35,8,2,1,1,0,0
121,36,8,2,1,1,0,0
121,37,4,1,1,1,-1,0
121,38,2,1,0,1,0,0
121,39,2,1,0,1,1,0
121,40,4,1,1,1,-1,0
121,41,2,1,0,1,1,0
121,42,4,1,1,1,-1,0
121,43,6,2,0,1,0,-1
121,44,5,2,0,0,0,1
121,45,6,2,0,1,0,0
121,46,2,1,0,1,1,0
121,47,8,2,1,1,0,0
121,48,4,1,1,1,-1,0
121,49,6,2,0,1,0,0
121,50,6,2,0,1,1,0
122,1,2,1,0,1,1,-1
122,2,7,2,1,0,0,0
122,3,7,2,1,0,0,1
122,4,4,1,1,1,0,0
122,5,8,2,1,1,0,0
122,6,4,1,1,1,0,0
122,7,4,1,1,1,0,0
122,8,4,1,1,1,0,0
122,9,4,1,1,1,0,0
122,10,4,1,1,1,0,0
122,11,4,1,1,1,0,0
122,12,8,2,1,1,0,0
122,13,8,2,1,1,-1,0
122,14,6,2,0,1,0,-1
122,15,5,2,0,0,1,0
122,16,3,1,1,0,0,0
122,17,3,1,1,0,0,1
122,18,4,1,1,1,-1,0
122,19,6,2,0,1,0,0
122,20,6,2,0,1,0,0
122,21,6,2,0,1,0,0
122,22,6,2,0,1,0,0
122,23,2,1,0,1,1,0
122,24,8,2,1,1,0,0
122,25,8,2,1,1,0,0
122,26,4,1,1,1,0,0
122,27,8,2,1,1,-1,0
122,28,6,2,0,1,0,-1
122,29,5,2,0,0,0,0
122,30,5,2,0,0,0,1
122,31,2,1,0,1,0,0
122,32,6,2,0,1,0,0
122,33,2,1,0,1,0,0
122,34,6,2,0,1,0,0
122,35,6,2,0,1,1,-1
122,36,7,2,1,0,0,1
122,37,8,2,1,1,0,-1
122,38,3,1,1,0,0,1
122,39,4,1,1,1,0,0
122,40,8,2,1,1,0,-1
122,41,7,2,1,0,-1,0
122,42,5,2,0,0,0,1
122,43,6,2,0,1,0,0
122,44,2,1,0,1,0,-1
122,45,1,1,0,0,1,0
122,46,3,1,1,0,0,0
122,47,3,1,1,0,0,0
122,48,3,1,1,0,0,1
122,49,4,1,1,1,0,0
122,50,8,2,1,1,0,0
123,1,3,1,1,0,0,1
123,2,4,1,1,1,0,-1
123,3,3,1,1,0,0,0
123,4,3,1,1,0,0,0
123,5,7,2,1,0,0,0
123,6,3,1,1,0,0,1
123,7,4,1,1,1,0,0
123,8,8,2,1,1,0,-1
123,9,7,2,1,0,0,0
123,10,3,1,1,0,0,0
123,11,3,1,1,0,0,1
123,12,8,2,1,1,0,0
123,13,8,2,1,1,0,0
123,14,8,2,1,1,0,0
123,15,4,1,1,1,0,0
123,16,8,2,1,1,0,0
123,17,4,1,1,1,0,0
123,18,4,1,1,1,0,-1
123,19,3,1,1,0,0,0
123,20,3,1,1,0,0,0
123,21,3,1,1,0,0,0
123,22,7,2,1,0,-1,1
123,23,2,1,0,1,0,0
123,24,2,1,0,1,0,0
123,25,6,2,0,1,0,-1
123,26,5,2,0,0,1,0
123,27,7,2,1,0,0,0
123,28,7,2,1,0,0,0
123,29,7,2,1,0,0,0
123,30,7,2,1,0,0,0
123,31,3,1,1,0,0,0
123,32,3,1,1,0,0,1
123,33,8,2,1,1,0,-1
123,34,7,2,1,0,0,0
123,35,3,1,1,0,0,1
123,36,8,2,1,1,-1,0
123,37,6,2,0,1,0,0
123,38,2,1,0,1,0,0
123,39,2,1,0,1,0,0
123,40,2,1,0,1,0,0
123,41,2,1,0,1,1,-1
123,42,3,1,1,0,0,1
123,43,8,2,1,1,0,0
123,44,8,2,1,1,0,0
123,45,8,2,1,1,0,-1
123,46,7,2,1,0,0,1
123,47,4,1,1,1,0,0
123,48,8,2,1,1,0,0
123,49,8,2,1,1,0,-1
123,50,3,1,1,0,0,0
124,1,3,1,1,0,0,1
124,2,8,2,1,1,0,-1
124,3,7,2,1,0,0,0
124,4,3,1,1,0,0,0
124,5,7,2,1,0,0,0
124,6,3,1,1,0,0,0
124,7,3,1,1,0,0,1
124,8,8,2,1,1,0,-1
124,9,3,1,1,0,0,0
124,10,3,1,1,0,-1,0
124,11,5,2,0,0,0,1
124,12,6,2,0,1,0,0
124,13,2,1,0,1,0,0
124,14,2,1,0,1,1,-1
124,15,3,1,1,0,0,1
124,16,8,2,1,1,-1,0
124,17,2,1,0,1,0,-1
124,18,5,2,0,0,1,0
124,19,7,2,1,0,0,0
124,20,3,1,1,0,0,0
124,21,3,1,1,0,-1,0
124,22,1,1,0,0,0,1
124,23,6,2,0,1,0,0
124,24,6,2,0,1,0,0
124,25,2,1,0,1,0,-1
124,26,1,1,0,0,0,1
124,27,2,1,0,1,0,0
124,28,6,2,0,1,1,0
124,29,4,1,1,1,0,-1
124,30,7,2,1,0,0,0
124,31,7,2,1,0,0,0
124,32,3,1,1,0,0,1
124,33,4,1,1,1,0,-1
124,34,3,1,1,0,0,1
124,35,4,1,1,1,0,0
124,36,4,1,1,1,0,-1
124,37,3,1,1,0,0,0
124,38,3,1,1,0,0,0
124,39,7,2,1,0,0,0
124,40,3,1,1,0,0,0
124,41,7,2,1,0,0,0
124,42,3,1,1,0,0,0
124,43,3,1,1,0,0,1
124,44,8,2,1,1,0,0
124,45,8,2,1,1,0,0
124,46,8,2,1,1,0,0
124,47,4,1,1,1,-1,0
124,48,6,2,0,1,0,0
124,49,6,2,0,1,0,0
124,50,2,1,0,1,0,0
125,1,1,1,0,0,0,1
125,2,2,1,0,1,0,-1
125,3,1,1,0,0,0,1
125,4,2,1,0,1,1,0
125,5,8,2,1,1,0,0
125,6,8,2,1,1,0,-1
125,7,7,2,1,0,0,1
125,8,8,2,1,1,0,-1
125,9,7,2,1,0,0,1
125,10,4,1,1,1,0,0
125,11,4,1,1,1,0,0
125,12,8,2,1,1,0,0
125,13,4,1,1,1,0,0
125,14,4,1,1,1,0,0
125,15,4,1,1,1,0,0
125,16,4,1,1,1,0,-1
125,17,7,2,1,0,0,1
125,18,8,2,1,1,0,0
125,19,8,2,1,1,0,0
125,20,8,2,1,1,0,0
125,21,8,2,1,1,0,-1
125,22,7,2,1,0,0,1
125,23,8,2,1,1,0,0
125,24,8,2,1,1,-1,0
125,25,6,2,0,1,0,-1
125,26,1,1,0,0,0,1
125,27,2,1,0,1,0,0
125,28,2,1,0,1,0,0
125,29,2,1,0,1,0,0
125,30,2,1,0,1,1,0
125,31,8,2,1,1,0,0
125,32,4,1,1,1,0,0
125,33,4,1,1,1,0,0
125,34,4,1,1,1,0,0
125,35,8,2,1,1,0,0
125,36,4,1,1,1,-1,0
125,37,2,1,0,1,0,0
125,38,2,1,0,1,0,0
125,39,2,1,0,1,1,0
125,40,4,1,1,1,0,0
125,41,4,1,1,1,0,-1
125,42,3,1,1,0,0,0
125,43,3,1,1,0,0,0
125,44,3,1,1,0,0,1
125,45,4,1,1,1,-1,0
125,46,2,1,0,1,0,-1
125,47,1,1,0,0,0,0
125,48,1,1,0,0,1,0
125,49,7,2,1,0,0,0
125,50,7,2,1,0,0,0
126,1,5,2,0,0,1,0
126,2,7,2,1,0,-1,0
126,3,5,2,0,0,1,1
126,4,8,2,1,1,0,-1
126,5,7,2,1,0,0,0
126,6,3,1,1,0,0,0
126,7,3,1,1,0,0,1
126,8,4,1,1,1,0,0
126,9,4,1,1,1,0,-1
126,10,3,1,1,0,0,0
126,11,3,1,1,0,0,0
126,12,7,2,1,0,0,0
126,13,7,2,1,0,0,1
126,14,8,2,1,1,0,-1
126,15,7,2,1,0,0,0
126,16,7,2,1,0,0,0
126,17,3,1,1,0,0,0
126,18,3,1,1,0,0,0
126,19,3,1,1,0,-1,0
126,20,5,2,0,0,0,0
126,21,5,2,0,0,0,1
126,22,2,1,0,1,0,-1
126,23,1,1,0,0,1,0
126,24,7,2,1,0,-1,1
126,25,6,2,0,1,0,0
126,26,2,1,0,1,0,0
126,27,2,1,0,1,0,-1
126,28,1,1,0,0,0,1
126,29,2,1,0,1,0,-1
126,30,5,2,0,0,0,0
126,31,5,2,0,0,1,0
126,32,7,2,1,0,-1,0
126,33,5,2,0,0,0,0
126,34,5,2,0,0,1,0
126,35,7,2,1,0,0,0
126,36,3,1,1,0,0,0
126,37,3,1,1,0,0,0
126,38,3,1,1,0,0,0
126,39,7,2,1,0,0,0
126,40,7,2,1,0,0,0
126,41,3,1,1,0,0,1
126,42,8,2,1,1,0,-1
126,43,7,2,1,0,-1,0
126,44,1,1,0,0,0,0
126,45,1,1,0,0,0,0
126,46,5,2,0,0,0,1
126,47,6,2,0,1,1,0
126,48,8,2,1,1,0,0
126,49,8,2,1,1,0,0
126,50,4,1,1,1,0,0
127,1,5,2,0,0,0,0
127,2,1,1,0,0,0,0
127,3,1,1,0,0,0,1
127,4,2,1,0,1,0,0
127,5,2,1,0,1,0,0
127,6,2,1,0,1,0,-1
127,7,1,1,0,0,0,0
127,8,1,1,0,0,1,0
127,9,7,2,1,0,-1,0
127,10,1,1,0,0,1,0
127,11,3,1,1,0,0,1
127,12,4,1,1,1,0,-1
127,13,7,2,1,0,-1,0
127,14,1,1,0,0,0,0
127,15,5,2,0,0,0,0
127,16,5,2,0,0,0,0
127,17,1,1,0,0,0,0
127,18,1,1,0,0,1,0
127,19,7,2,1,0,0,1
127,20,8,2,1,1,0,-1
127,21,7,2,1,0,0,0
127,22,3,1,1,0,0,1
127,23,8,2,1,1,0,0
127,24,8,2,1,1,0,-1
127,25,7,2,1,0,0,0
127,26,3,1,1,0,0,1
127,27,4,1,1,1,-1,0
127,28,2,1,0,1,1,0
127,29,4,1,1,1,0,0
127,30,4,1,1,1,0,0
127,31,4,1,1,1,0,-1
127,32,7,2,1,0,0,0
127,33,7,2,1,0,0,1
127,34,4,1,1,1,-1,0
127,35,6,2,0,1,0,0
127,36,6,2,0,1,1,0
127,37,8,2,1,1,-1,-1
127,38,5,2,0,0,0,1
127,39,2,1,0,1,0,0
127,40,2,1,0,1,0,0
127,41,2,1,0,1,0,0
127,42,2,1,0,1,0,-1
127,43,1,1,0,0,0,0
127,44,5,2,0,0,0,0
127,45,1,1,0,0,0,1
127,46,2,1,0,1,0,0
127,47,2,1,0,1,0,0
127,48,6,2,0,1,0,0
127,49,2,1,0,1,1,-1
127,50,3,1,1,0,0,1
128,1,3,1,1,0,0,0
128,2,7,2,1,0,0,1
128,3,4,1,1,1,0,0
128,4,4,1,1,1,0,0
128,5,4,1,1,1,0,0
128,6,8,2,1,1,-1,-1
128,7,5,2,0,0,1,0
128,8,3,1,1,0,-1,0
128,9,1,1,0,0,0,0
128,10,5,2,0,0,0,0
128,11,5,2,0,0,0,0
128,12,5,2,0,0,0,0
128,13,5,2,0,0,0,0
128,14,5,2,0,0,1,1
128,15,8,2,1,1,-1,0
128,16,2,1,0,1,1,0
128,17,4,1,1,1,0,-1
128,18,3,1,1,0,0,1
128,19,8,2,1,1,0,0
128,20,4,1,1,1,-1,0
128,21,2,1,0,1,0,-1
128,22,1,1,0,0,0,0
128,23,5,2,0,0,0,0
128,24,5,2,0,0,0,0
128,25,5,2,0,0,1,0
128,26,7,2,1,0,0,0
128,27,7,2,1,0,0,0
128,28,7,2,1,0,-1,0
128,29,5,2,0,0,0,0
128,30,5,2,0,0,0,0
128,31,1,1,0,0,0,0
128,32,1,1,0,0,0,0
128,33,1,1,0,0,0,1
128,34,2,1,0,1,0,0
128,35,6,2,0,1,0,0
128,36,6,2,0,1,0,-1
128,37,1,1,0,0,1,1
128,38,4,1,1,1,0,0
128,39,4,1,1,1,0,0
128,40,4,1,1,1,0,0
128,41,4,1,1,1,0,0
128,42,8,2,1,1,-1,0
128,43,6,2,0,1,0,0
128,44,6,2,0,1,0,0
128,45,6,2,0,1,0,0
128,46,2,1,0,1,1,0
128,47,4,1,1,1,0,0
128,48,8,2,1,1,0,0
128,49,8,2,1,1,0,0
128,50,4,1,1,1,-1,0
129,1,7,2,1,0,0,1
129,2,4,1,1,1,0,-1
129,3,7,2,1,0,0,0
129,4,7,2,1,0,-1,0
129,5,5,2,0,0,0,0
129,6,5,2,0,0,0,1
129,7,2,1,0,1,1,-1
129,8,3,1,1,0,0,0
129,9,3,1,1,0,0,0
129,10,7,2,1,0,0,0
129,11,7,2,1,0,0,0
129,12,3,1,1,0,0,0
129,13,7,2,1,0,0,0
129,14,7,2,1,0,0,0
129,15,7,2,1,0,0,1
129,16,8,2,1,1,0,-1
129,17,3,1,1,0,0,0
129,18,3,1,1,0,0,0
129,19,3,1,1,0,0,0
129,20,3,1,1,0,0,0
129,21,7,2,1,0,0,1
129,22,8,2,1,1,-1,0
129,23,2,1,0,1,1,0
129,24,4,1,1,1,0,0
129,25,4,1,1,1,0,-1
129,26,3,1,1,0,0,0
129,27,7,2,1,0,-1,0
129,28,1,1,0,0,0,0
129,29,5,2,0,0,0,0
129,30,1,1,0,0,1,0
129,31,7,2,1,0,0,0
129,32,3,1,1,0,0,0
129,33,3,1,1,0,0,0
129,34,3,1,1,0,0,0
129,35,3,1,1,0,0,0
129,36,3,1,1,0,-1,0
129,37,5,2,0,0,0,1
129,38,6,2,0,1,0,0
129,39,6,2,0,1,0,-1
129,40,5,2,0,0,1,0
129,41,7,2,1,0,0,0
129,42,3,1,1,0,0,0
129,43,7,2,1,0,0,0
129,44,3,1,1,0,0,1
129,45,4,1,1,1,-1,0
129,46,6,2,0,1,0,-1
129,47,5,2,0,0,0,0
129,48,5,2,0,0,0,0
129,49,1,1,0,0,0,1
129,50,6,2,0,1,0,0
130,1,8,2,1,1,0,0
130,2,4,1,1,1,-1,0
130,3,2,1,0,1,0,-1
130,4,5,2,0,0,0,1
130,5,6,2,0,1,0,0
130,6,2,1,0,1,0,0
130,7,2,1,0,1,0,0
130,8,2,1,0,1,1,0
130,9,4,1,1,1,0,0
130,10,8,2,1,1,-1,-1
130,11,1,1,0,0,1,0
130,12,3,1,1,0,0,0
130,13,3,1,1,0,0,0
130,14,3,1,1,0,0,1
130,15,4,1,1,1,0,-1
130,16,3,1,1,0,0,0
130,17,3,1,1,0,0,0
130,18,3,1,1,0,-1,0
130,19,1,1,0,0,0,0
130,20,1,1,0,0,0,0
130,21,1,1,0,0,1,0
130,22,7,2,1,0,0,0
130,23,7,2,1,0,0,0
130,24,7,2,1,0,0,0
130,25,3,1,1,0,0,1
130,26,4,1,1,1,0,-1
130,27,7,2,1,0,0,1
130,28,8,2,1,1,-1,0
130,29,6,2,0,1,0,0
130,30,6,2,0,1,1,0
130,31,8,2,1,1,0,0
130,32,8,2,1,1,0,0
130,33,4,1,1,1,0,0
130,34,4,1,1,1,0,0
130,35,8,2,1,1,-1,0
130,36,6,2,0,1,1,0
130,37,8,2,1,1,-1,0
130,38,6,2,0,1,1,0
130,39,8,2,1,1,0,0
130,40,8,2,1,1,0,0
130,41,4,1,1,1,0,0
130,42,4,1,1,1,0,0
130,43,4,1,1,1,0,0
130,44,4,1,1,1,0,0
130,45,4,1,1,1,0,0
130,46,8,2,1,1,0,0
130,47,8,2,1,1,0,0
130,48,8,2,1,1,0,0
130,49,8,2,1,1,-1,0
130,50,6,2,0,1,0,-1
131,1,7,2,1,0,0,1
131,2,8,2,1,1,0,0
131,3,8,2,1,1,-1,0
131,4,2,1,0,1,0,-1
131,5,1,1,0,0,1,1
131,6,4,1,1,1,0,-1
131,7,3,1,1,0,0,0
131,8,3,1,1,0,0,1
131,9,8,2,1,1,0,0
131,10,4,1,1,1,0,0
131,11,4,1,1,1,0,-1
131,12,7,2,1,0,0,0
131,13,3,1,1,0,0,0
131,14,3,1,1,0,0,0
131,15,3,1,1,0,0,1
131,16,4,1,1,1,-1,0
131,17,2,1,0,1,0,0
131,18,2,1,0,1,0,0
131,19,6,2,0,1,0,0
131,20,6,2,0,1,0,0
131,21,6,2,0,1,1,0
131,22,4,1,1,1,0,0
131,23,4,1,1,1,0,0
131,24,8,2,1,1,0,0
131,25,8,2,1,1,0,0
131,26,8,2,1,1,0,0
131,27,8,2,1,1,0,0
131,28,8,2,1,1,0,0
131,29,8,2,1,1,0,-1
131,30,7,2,1,0,0,1
131,31,4,1,1,1,0,0
131,32,4,1,1,1,0,-1
131,33,3,1,1,0,0,0
131,34,3,1,1,0,0,0
131,35,3,1,1,0,0,1
131,36,4,1,1,1,0,-1
131,37,3,1,1,0,-1,0
131,38,1,1,0,0,0,0
131,39,1,1,0,0,0,0
131,40,5,2,0,0,0,0
131,41,1,1,0,0,0,0
131,42,1,1,0,0,1,0
131,43,3,1,1,0,0,0
131,44,3,1,1,0,0,0
131,45,7,2,1,0,0,0
131,46,7,2,1,0,-1,0
131,47,1,1,0,0,0,0
131,48,1,1,0,0,0,1
131,49,2,1,0,1,1,-1
131,50,3,1,1,0,0,0
132,1,5,2,0,0,0,0
132,2,5,2,0,0,0,0
132,3,5,2,0,0,0,0
132,4,5,2,0,0,0,0
132,5,1,1,0,0,0,0
132,6,5,2,0,0,0,0
132,7,5,2,0,0,0,1
132,8,2,1,0,1,1,0
132,9,4,1,1,1,0,0
132,10,4,1,1,1,0,0
132,11,4,1,1,1,0,0
132,12,4,1,1,1,0,0
132,13,4,1,1,1,-1,-1
132,14,1,1,0,0,0,1
132,15,2,1,0,1,0,0
132,16,6,2,0,1,0,0
132,17,2,1,0,1,1,0
132,18,8,2,1,1,0,0
132,19,4,1,1,1,0,0
132,20,4,1,1,1,0,-1
132,21,3,1,1,0,-1,1
132,22,2,1,0,1,0,0
132,23,2,1,0,1,1,0
132,24,8,2,1,1,0,0
132,25,8,2,1,1,0,0
132,26,4,1,1,1,0,0
132,27,4,1,1,1,0,0
132,28,4,1,1,1,0,0
132,29,8,2,1,1,0,0
132,30,8,2,1,1,0,0
132,31,8,2,1,1,0,0
132,32,8,2,1,1,0,0
132,33,8,2,1,1,0,0
132,34,8,2,1,1,0,-1
132,35,7,2,1,0,0,0
132,36,7,2,1,0,0,1
132,37,4,1,1,1,0,0
132,38,4,1,1,1,0,0
132,39,8,2,1,1,0,-1
132,40,3,1,1,0,0,1
132,41,8,2,1,1,0,0
132,42,8,2,1,1,0,0
132,43,8,2,1,1,0,0
132,44,8,2,1,1,0,0
132,45,4,1,1,1,0,0
132,46,8,2,1,1,-1,0
132,47,2,1,0,1,0,0
132,48,2,1,0,1,0,-1
132,49,5,2,0,0,0,1
132,50,6,2,0,1,0,0
133,1,1,1,0,0,0,1
133,2,6,2,0,1,0,0
133,3,2,1,0,1,1,0
133,4,8,2,1,1,0,-1
133,5,3,1,1,0,0,1
133,6,4,1,1,1,0,-1
133,7,3,1,1,0,0,0
133,8,3,1,1,0,0,1
133,9,8,2,1,1,0,0
133,10,8,2,1,1,-1,0
133,11,6,2,0,1,0,0
133,12,6,2,0,1,0,0
133,13,2,1,0,1,0,0
133,14,2,1,0,1,1,0
133,15,8,2,1,1,0,-1
133,16,3,1,1,0,0,0
133,17,3,1,1,0,0,0
133,18,3,1,1,0,0,1
133,19,4,1,1,1,0,0
133,20,4,1,1,1,0,0
133,21,4,1,1,1,0,0
133,22,4,1,1,1,0,0
133,23,4,1,1,1,0,0
133,24,4,1,1,1,0,0
133,25,4,1,1,1,0,0
133,26,4,1,1,1,0,-1
133,27,3,1,1,0,-1,0
133,28,1,1,0,0,0,0
133,29,5,2,0,0,0,0
133,30,1,1,0,0,1,0
133,31,3,1,1,0,0,0
133,32,3,1,1,0,0,0
133,33,7,2,1,0,0,0
133,34,3,1,1,0,0,1
133,35,4,1,1,1,0,0
133,36,4,1,1,1,0,0
133,37,8,2,1,1,-1,0
133,38,6,2,0,1,0,0
133,39,6,2,0,1,0,0
133,40,2,1,0,1,0,0
133,41,6,2,0,1,0,-1
133,42,5,2,0,0,1,0
133,43,7,2,1,0,0,0
133,44,7,2,1,0,-1,1
133,45,6,2,0,1,0,0
133,46,6,2,0,1,1,0
133,47,8,2,1,1,0,-1
133,48,7,2,1,0,0,0
133,49,7,2,1,0,-1,0
133,50,5,2,0,0,0,0
134,1,5,2,0,0,0,1
134,2,2,1,0,1,1,0
134,3,4,1,1,1,-1,0
134,4,2,1,0,1,0,0
134,5,2,1,0,1,0,0
134,6,2,1,0,1,1,0
134,7,4,1,1,1,-1,0
134,8,6,2,0,1,0,-1
134,9,1,1,0,0,0,0
134,10,5,2,0,0,0,0
134,11,5,2,0,0,1,1
134,12,8,2,1,1,0,0
134,13,4,1,1,1,0,0
134,14,4,1,1,1,-1,0
134,15,2,1,0,1,0,-1
134,16,1,1,0,0,0,1
134,17,2,1,0,1,0,-1
134,18,5,2,0,0,0,1
134,19,6,2,0,1,0,-1
134,20,5,2,0,0,0,1
134,21,6,2,0,1,1,0
134,22,8,2,1,1,0,0
134,23,8,2,1,1,0,0
134,24,8,2,1,1,-1,0
134,25,6,2,0,1,0,0
134,26,2,1,0,1,1,0
134,27,4,1,1,1,0,0
134,28,4,1,1,1,-1,0
134,29,2,1,0,1,0,0
134,30,6,2,0,1,0,-1
134,31,1,1,0,0,0,0
134,32,1,1,0,0,1,0
134,33,3,1,1,0,0,0
134,34,3,1,1,0,0,1
134,35,8,2,1,1,0,0
134,36,4,1,1,1,0,0
134,37,4,1,1,1,0,-1
134,38,7,2,1,0,0,0
134,39,7,2,1,0,0,0
134,40,7,2,1,0,0,1
134,41,4,1,1,1,0,-1
134,42,3,1,1,0,0,0
134,43,3,1,1,0,0,0
134,44,3,1,1,0,-1,0
134,45,5,2,0,0,0,1
134,46,2,1,0,1,0,0
134,47,2,1,0,1,0,-1
134,48,1,1,0,0,1,0
134,49,3,1,1,0,-1,0
134,50,1,1,0,0,0,0
135,1,2,1,0,1,1,0
135,2,4,1,1,1,-1,0
135,3,2,1,0,1,0,-1
135,4,1,1,0,0,0,1
135,5,2,1,0,1,1,0
135,6,4,1,1,1,0,-1
135,7,3,1,1,0,0,0
135,8,7,2,1,0,-1,0
135,9,5,2,0,0,0,0
135,10,5,2,0,0,0,0
135,11,5,2,0,0,0,1
135,12,2,1,0,1,0,0
135,13,2,1,0,1,0,0
135,14,2,1,0,1,0,0
135,15,6,2,0,1,0,0
135,16,2,1,0,1,1,-1
135,17,7,2,1,0,-1,0
135,18,1,1,0,0,1,0
135,19,7,2,1,0,0,0
135,20,3,1,1,0,-1,1
135,21,2,1,0,1,0,-1
135,22,5,2,0,0,1,1
135,23,4,1,1,1,-1,0
135,24,2,1,0,1,0,0
135,25,2,1,0,1,0,-1
135,26,1,1,0,0,0,1
135,27,2,1,0,1,0,0
135,28,6,2,0,1,0,-1
135,29,5,2,0,0,1,1
135,30,8,2,1,1,0,0
135,31,8,2,1,1,0,0
135,32,8,2,1,1,0,-1
135,33,3,1,1,0,-1,1
135,34,6,2,0,1,1,0
135,35,4,1,1,1,0,-1
135,36,3,1,1,0,0,1
135,37,4,1,1,1,0,-1
135,38,3,1,1,0,0,0
135,39,7,2,1,0,0,0
135,40,3,1,1,0,0,0
135,41,7,2,1,0,0,0
135,42,7,2,1,0,0,0
135,43,7,2,1,0,0,0
135,44,7,2,1,0,0,0
135,45,7,2,1,0,0,0
135,46,7,2,1,0,0,0
135,47,7,2,1,0,0,0
135,48,7,2,1,0,0,0
135,49,7,2,1,0,0,0
135,50,7,2,1,0,0,1
136,1,8,2,1,1,0,0
136,2,8,2,1,1,0,-1
136,3,3,1,1,0,-1,1
136,4,6,2,0,1,0,-1
136,5,1,1,0,0,0,0
136,6,1,1,0,0,1,1
136,7,8,2,1,1,-1,-1
136,8,1,1,0,0,0,0
136,9,1,1,0,0,0,0
136,10,1,1,0,0,1,0
136,11,3,1,1,0,0,0
136,12,7,2,1,0,0,1
136,13,8,2,1,1,0,0
136,14,4,1,1,1,-1,0
136,15,2,1,0,1,1,0
136,16,4,1,1,1,0,0
136,17,4,1,1,1,0,0
136,18,4,1,1,1,0,0
136,19,4,1,1,1,0,-1
136,20,3,1,1,0,0,1
136,21,4,1,1,1,0,0
136,22,4,1,1,1,0,0
136,23,4,1,1,1,0,0
136,24,8,2,1,1,0,-1
136,25,7,2,1,0,0,0
136,26,7,2,1,0,0,0
136,27,7,2,1,0,-1,0
136,28,5,2,0,0,1,0
136,29,7,2,1,0,0,0
136,30,7,2,1,0,0,1
136,31,8,2,1,1,0,-1
136,32,7,2,1,0,-1,0
136,33,5,2,0,0,1,0
136,34,7,2,1,0,0,0
136,35,7,2,1,0,0,0
136,36,3,1,1,0,-1,1
136,37,6,2,0,1,0,0
136,38,6,2,0,1,0,0
136,39,6,2,0,1,1,0
136,40,8,2,1,1,-1,0
136,41,2,1,0,1,0,0
136,42,2,1,0,1,1,0
136,43,4,1,1,1,0,0
136,44,4,1,1,1,0,0
136,45,4,1,1,1,0,0
136,46,8,2,1,1,0,-1
136,47,7,2,1,0,-1,0
136,48,5,2,0,0,0,0
136,49,5,2,0,0,0,0
136,50,5,2,0,0,0,0
137,1,4,1,1,1,-1,-1
137,2,5,2,0,0,0,1
137,3,6,2,0,1,0,-1
137,4,1,1,0,0,0,0
137,5,1,1,0,0,0,0
137,6,1,1,0,0,0,0
137,7,1,1,0,0,1,0
137,8,3,1,1,0,0,1
137,9,4,1,1,1,0,0
137,10,8,2,1,1,0,0
137,11,8,2,1,1,-1,-1
137,12,5,2,0,0,0,0
137,13,5,2,0,0,0,0
137,14,5,2,0,0,0,0
137,15,5,2,0,0,0,1
137,16,2,1,0,1,0,-1
137,17,1,1,0,0,1,0
137,18,3,1,1,0,0,0
137,19,3,1,1,0,0,0
137,20,3,1,1,0,-1,0
137,21,1,1,0,0,0,1
137,22,2,1,0,1,0,0
137,23,2,1,0,1,0,0
137,24,2,1,0,1,0,0
137,25,2,1,0,1,0,-1
137,26,5,2,0,0,0,1
137,27,6,2,0,1,0,0
137,28,6,2,0,1,0,-1
137,29,5,2,0,0,1,0
137,30,7,2,1,0,0,0
137,31,3,1,1,0,0,1
137,32,4,1,1,1,0,-1
137,33,3,1,1,0,-1,0
137,34,1,1,0,0,1,1
137,35,4,1,1,1,0,0
137,36,4,1,1,1,0,0
137,37,4,1,1,1,0,-1
137,38,3,1,1,0,0,1
137,39,4,1,1,1,-1,0
137,40,2,1,0,1,0,-1
137,41,5,2,0,0,0,0
137,42,5,2,0,0,0,0
137,43,5,2,0,0,0,0
137,44,1,1,0,0,0,0
137,45,1,1,0,0,1,0
137,46,7,2,1,0,0,0
137,47,3,1,1,0,0,0
137,48,7,2,1,0,0,0
137,49,7,2,1,0,0,0
137,50,3,1,1,0,0,1
138,1,5,2,0,0,1,0
138,2,7,2,1,0,-1,0
138,3,5,2,0,0,0,0
138,4,5,2,0,0,0,1
138,5,6,2,0,1,1,0
138,6,8,2,1,1,0,-1
138,7,7,2,1,0,-1,1
138,8,6,2,0,1,0,0
138,9,2,1,0,1,0,0
138,10,2,1,0,1,0,-1
138,11,1,1,0,0,0,1
138,12,2,1,0,1,0,0
138,13,6,2,0,1,1,0
138,14,4,1,1,1,0,0
138,15,4,1,1,1,-1,0
138,16,6,2,0,1,0,-1
138,17,5,2,0,0,0,0
138,18,5,2,0,0,1,0
138,19,7,2,1,0,-1,0
138,20,1,1,0,0,1,0
138,21,3,1,1,0,-1,0
138,22,5,2,0,0,1,0
138,23,7,2,1,0,0,0
138,24,7,2,1,0,-1,0
138,25,5,2,0,0,0,0
138,26,5,2,0,0,1,0
138,27,7,2,1,0,0,0
138,28,7,2,1,0,0,1
138,29,4,1,1,1,0,-1
138,30,7,2,1,0,0,0
138,31,7,2,1,0,0,0
138,32,7,2,1,0,0,0
138,33,3,1,1,0,-1,1
138,34,6,2,0,1,0,0
138,35,6,2,0,1,0,0
138,36,6,2,0,1,0,0
138,37,2,1,0,1,0,-1
138,38,5,2,0,0,0,0
138,39,5,2,0,0,0,0
138,40,5,2,0,0,0,0
138,41,5,2,0,0,0,0
138,42,1,1,0,0,1,1
138,43,4,1,1,1,0,0
138,44,4,1,1,1,0,0
138,45,8,2,1,1,0,0
138,46,8,2,1,1,0,0
138,47,4,1,1,1,0,0
138,48,8,2,1,1,0,0
138,49,4,1,1,1,0,-1
138,50,7,2,1,0,0,1
139,1,8,2,1,1,0,0
139,2,8,2,1,1,0,0
139,3,8,2,1,1,0,0
139,4,4,1,1,1,0,-1
139,5,7,2,1,0,-1,0
139,6,1,1,0,0,0,0
139,7,1,1,0,0,1,1
139,8,8,2,1,1,0,0
139,9,8,2,1,1,-1,0
139,10,6,2,0,1,0,0
139,11,6,2,0,1,0,0
139,12,2,1,0,1,1,0
139,13,4,1,1,1,0,0
139,14,4,1,1,1,0,0
139,15,8,2,1,1,0,0
139,16,8,2,1,1,0,0
139,17,4,1,1,1,0,0
139,18,8,2,1,1,0,-1
139,19,3,1,1,0,0,1
139,20,4,1,1,1,-1,0
139,21,2,1,0,1,0,-1
139,22,1,1,0,0,1,0
139,23,3,1,1,0,0,0
139,24,7,2,1,0,-1,0
139,25,5,2,0,0,0,0
139,26,5,2,0,0,1,0
139,27,7,2,1,0,0,0
139,28,3,1,1,0,0,0
139,29,3,1,1,0,0,0
139,30,7,2,1,0,0,0
139,31,7,2,1,0,0,0
139,32,3,1,1,0,0,1
139,33,8,2,1,1,0,0
139,34,8,2,1,1,0,0
139,35,4,1,1,1,-1,0
139,36,2,1,0,1,0,0
139,37,6,2,0,1,0,0
139,38,6,2,0,1,0,0
139,39,6,2,0,1,0,0
139,40,2,1,0,1,1,0
139,41,4,1,1,1,0,0
139,42,4,1,1,1,0,0
139,43,4,1,1,1,0,0
139,44,4,1,1,1,-1,0
139,45,2,1,0,1,1,0
139,46,4,1,1,1,0,0
139,47,4,1,1,1,0,-1
139,48,3,1,1,0,-1,0
139,49,1,1,0,0,0,0
139,50,1,1,0,0,0,1
140,1,7,2,1,0,-1,0
140,2,5,2,0,0,1,0
140,3,7,2,1,0,0,0
140,4,3,1,1,0,0,0
140,5,7,2,1,0,0,0
140,6,7,2,1,0,0,0
140,7,7,2,1,0,-1,0
140,8,5,2,0,0,0,0
140,9,1,1,0,0,1,0
140,10,7,2,1,0,0,0
140,11,3,1,1,0,0,0
140,12,7,2,1,0,0,0
140,13,7,2,1,0,0,1
140,14,8,2,1,1,0,-1
140,15,7,2,1,0,0,0
140,16,3,1,1,0,0,1
140,17,8,2,1,1,-1,-1
140,18,5,2,0,0,1,0
140,19,7,2,1,0,-1,1
140,20,6,2,0,1,0,0
140,21,6,2,0,1,1,0
140,22,8,2,1,1,0,0
140,23,8,2,1,1,0,0
140,24,8,2,1,1,0,0
140,25,4,1,1,1,0,0
140,26,4,1,1,1,-1,0
140,27,2,1,0,1,0,-1
140,28,5,2,0,0,0,0
140,29,1,1,0,0,0,0
140,30,1,1,0,0,1,1
140,31,4,1,1,1,0,0
140,32,8,2,1,1,0,0
140,33,4,1,1,1,-1,0
140,34,2,1,0,1,0,0
140,35,2,1,0,1,0,0
140,36,2,1,0,1,0,0
140,37,2,1,0,1,0,0
140,38,6,2,0,1,0,0
140,39,6,2,0,1,0,0
140,40,2,1,0,1,0,0
140,41,2,1,0,1,1,0
140,42,4,1,1,1,-1,0
140,43,2,1,0,1,0,0
140,44,2,1,0,1,0,-1
140,45,1,1,0,0,0,1
140,46,6,2,0,1,1,0
140,47,4,1,1,1,-1,-1
140,48,5,2,0,0,0,0
140,49,5,2,0,0,0,0
140,50,5,2,0,0,0,0
141,1,1,1,0,0,0,0
141,2,1,1,0,0,0,1
141,3,6,2,0,1,1,-1
141,4,3,1,1,0,0,0
141,5,3,1,1,0,0,0
141,6,7,2,1,0,0,0
141,7,7,2,1,0,-1,0
141,8,1,1,0,0,0,0
141,9,1,1,0,0,0,0
141,10,1,1,0,0,0,0
141,11,1,1,0,0,0,0
141,12,1,1,0,0,1,0
141,13,3,1,1,0,0,1
141,14,4,1,1,1,0,0
141,15,4,1,1,1,0,0
141,16,4,1,1,1,-1,0
141,17,2,1,0,1,0,-1
141,18,5,2,0,0,1,0
141,19,7,2,1,0,0,0
141,20,7,2,1,0,0,0
141,21,7,2,1,0,0,0
141,22,3,1,1,0,0,0
141,23,3,1,1,0,0,0
141,24,3,1,1,0,-1,0
141,25,1,1,0,0,1,1
141,26,8,2,1,1,0,0
141,27,4,1,1,1,0,0
141,28,4,1,1,1,0,-1
141,29,3,1,1,0,0,0
141,30,3,1,1,0,0,0
141,31,3,1,1,0,0,0
141,32,3,1,1,0,-1,1
141,33,6,2,0,1,1,0
141,34,4,1,1,1,0,-1
141,35,3,1,1,0,0,0
141,36,7,2,1,0,0,0
141,37,7,2,1,0,-1,0
141,38,1,1,0,0,1,1
141,39,8,2,1,1,0,0
141,40,8,2,1,1,0,0
141,41,4,1,1,1,0,0
141,42,4,1,1,1,0,0
141,43,4,1,1,1,0,0
141,44,4,1,1,1,0,0
141,45,4,1,1,1,-1,0
141,46,2,1,0,1,1,0
141,47,8,2,1,1,0,0
141,48,8,2,1,1,-1,-1
141,49,5,2,0,0,0,0
141,50,5,2,0,0,0,0
142,1,8,2,1,1,0,0
142,2,4,1,1,1,0,0
142,3,8,2,1,1,0,0
142,4,4,1,1,1,0,0
142,5,4,1,1,1,0,-1
142,6,7,2,1,0,0,1
142,7,8,2,1,1,0,-1
142,8,3,1,1,0,0,0
142,9,3,1,1,0,0,0
142,10,7,2,1,0,0,1
142,11,4,1,1,1,0,-1
142,12,3,1,1,0,0,0
142,13,7,2,1,0,0,0
142,14,7,2,1,0,0,0
142,15,7,2,1,0,0,1
142,16,4,1,1,1,-1,0
142,17,2,1,0,1,1,0
142,18,4,1,1,1,0,0
142,19,4,1,1,1,0,0
142,20,8,2,1,1,0,0
142,21,4,1,1,1,0,0
142,22,4,1,1,1,0,0
142,23,4,1,1,1,-1,-1
142,24,5,2,0,0,1,1
142,25,8,2,1,1,-1,0
142,26,6,2,0,1,0,-1
142,27,1,1,0,0,0,0
142,28,1,1,0,0,0,0
142,29,1,1,0,0,0,0
142,30,1,1,0,0,1,0
142,31,7,2,1,0,0,1
142,32,8,2,1,1,0,-1
142,33,7,2,1,0,0,0
142,34,3,1,1,0,-1,0
142,35,5,2,0,0,0,0
142,36,5,2,0,0,1,1
142,37,4,1,1,1,0,0
142,38,4,1,1,1,-1,-1
142,39,1,1,0,0,1,1
142,40,4,1,1,1,0,0
142,41,4,1,1,1,0,0
142,42,4,1,1,1,0,-1
142,43,3,1,1,0,0,0
142,44,3,1,1,0,-1,0
142,45,5,2,0,0,0,0
142,46,5,2,0,0,1,0
142,47,3,1,1,0,-1,0
142,48,1,1,0,0,0,1
142,49,2,1,0,1,0,0
142,50,6,2,0,1,0,-1
143,1,5,2,0,0,0,0
143,2,1,1,0,0,0,0
143,3,1,1,0,0,1,0
143,4,3,1,1,0,0,0
143,5,3,1,1,0,0,0
143,6,7,2,1,0,-1,0
143,7,5,2,0,0,0,0
143,8,1,1,0,0,1,1
143,9,4,1,1,1,0,0
143,10,8,2,1,1,0,0
143,11,8,2,1,1,-1,0
143,12,2,1,0,1,0,0
143,13,2,1,0,1,0,0
143,14,6,2,0,1,1,-1
143,15,7,2,1,0,0,0
143,16,7,2,1,0,-1,0
143,17,5,2,0,0,0,1
143,18,2,1,0,1,0,-1
143,19,1,1,0,0,0,0
143,20,1,1,0,0,0,0
143,21,1,1,0,0,1,0
143,22,3,1,1,0,0,1
143,23,4,1,1,1,-1,0
143,24,2,1,0,1,1,0
143,25,4,1,1,1,0,0
143,26,8,2,1,1,-1,0
143,27,6,2,0,1,0,0
143,28,6,2,0,1,1,0
143,29,8,2,1,1,0,0
143,30,8,2,1,1,0,0
143,31,4,1,1,1,0,0
143,32,4,1,1,1,-1,0
143,33,2,1,0,1,0,0
143,34,2,1,0,1,0,0
143,35,2,1,0,1,0,-1
143,36,1,1,0,0,0,0
143,37,5,2,0,0,0,0
143,38,1,1,0,0,1,0
143,39,7,2,1,0,0,1
143,40,8,2,1,1,0,0
143,41,4,1,1,1,0,0
143,42,8,2,1,1,0,-1
143,43,3,1,1,0,0,0
143,44,7,2,1,0,0,0
143,45,7,2,1,0,0,0
143,46,7,2,1,0,0,0
143,47,7,2,1,0,-1,0
143,48,1,1,0,0,0,0
143,49,1,1,0,0,0,0
143,50,1,1,0,0,0,0
144,1,7,2,1,0,0,1
144,2,8,2,1,1,0,0
144,3,4,1,1,1,0,0
144,4,8,2,1,1,0,0
144,5,8,2,1,1,0,0
144,6,4,1,1,1,0,0
144,7,8,2,1,1,-1,-1
144,8,1,1,0,0,0,0
144,9,1,1,0,0,0,1
144,10,2,1,0,1,0,0
144,11,2,1,0,1,0,0
144,12,6,2,0,1,0,0
144,13,6,2,0,1,0,0
144,14,2,1,0,1,0,0
144,15,2,1,0,1,0,0
144,16,2,1,0,1,1,0
144,17,4,1,1,1,-1,0
144,18,2,1,0,1,0,0
144,19,6,2,0,1,0,0
144,20,2,1,0,1,0,0
144,21,6,2,0,1,0,0
144,22,2,1,0,1,0,0
144,23,2,1,0,1,0,0
144,24,6,2,0,1,0,0
144,25,6,2,0,1,0,0
144,26,6,2,0,1,0,0
144,27,6,2,0,1,0,0
144,28,2,1,0,1,0,0
144,29,2,1,0,1,0,0
144,30,2,1,0,1,0,0
144,31,6,2,0,1,0,-1
144,32,5,2,0,0,0,1
144,33,2,1,0,1,0,0
144,34,2,1,0,1,0,0
144,35,2,1,0,1,0,-1
144,36,5,2,0,0,0,1
144,37,6,2,0,1,0,-1
144,38,5,2,0,0,0,0
144,39,5,2,0,0,0,0
144,40,5,2,0,0,0,1
144,41,2,1,0,1,0,0
144,42,6,2,0,1,0,-1
144,43,5,2,0,0,0,0
144,44,1,1,0,0,0,1
144,45,2,1,0,1,1,0
144,46,4,1,1,1,0,-1
144,47,3,1,1,0,0,0
144,48,3,1,1,0,0,1
144,49,4,1,1,1,-1,0
144,50,2,1,0,1,0,0
145,1,3,1,1,0,0,1
145,2,4,1,1,1,0,-1
145,3,3,1,1,0,0,0
145,4,7,2,1,0,0,0
145,5,3,1,1,0,0,0
145,6,7,2,1,0,0,0
145,7,3,1,1,0,0,0
145,8,3,1,1,0,0,1
145,9,4,1,1,1,0,0
145,10,8,2,1,1,0,0
145,11,8,2,1,1,-1,0
145,12,6,2,0,1,0,-1
145,13,5,2,0,0,1,1
145,14,8,2,1,1,0,0
145,15,8,2,1,1,-1,-1
145,16,1,1,0,0,1,0
145,17,3,1,1,0,0,1
145,18,4,1,1,1,0,0
145,19,4,1,1,1,0,-1
145,20,3,1,1,0,-1,0
145,21,1,1,0,0,0,0
145,22,5,2,0,0,0,0
145,23,5,2,0,0,0,0
145,24,5,2,0,0,0,1
145,25,2,1,0,1,0,0
145,26,2,1,0,1,0,-1
145,27,1,1,0,0,1,0
145,28,7,2,1,0,0,0
145,29,7,2,1,0,0,1
145,30,4,1,1,1,0,0
145,31,8,2,1,1,0,0
145,32,8,2,1,1,0,-1
145,33,7,2,1,0,0,1
145,34,8,2,1,1,-1,0
145,35,6,2,0,1,1,0
145,36,8,2,1,1,0,0
145,37,8,2,1,1,-1,0
145,38,6,2,0,1,0,0
145,39,6,2,0,1,0,0
145,40,6,2,0,1,0,0
145,41,2,1,0,1,0,0
145,42,6,2,0,1,1,0
145,43,4,1,1,1,-1,0
145,44,2,1,0,1,0,0
145,45,6,2,0,1,0,0
145,46,6,2,0,1,1,0
145,47,8,2,1,1,0,0
145,48,4,1,1,1,0,-1
145,49,3,1,1,0,0,0
145,50,3,1,1,0,0,0
146,1,7,2,1,0,0,1
146,2,4,1,1,1,0,-1
146,3,3,1,1,0,0,0
146,4,3,1,1,0,0,0
146,5,3,1,1,0,-1,0
146,6,1,1,0,0,0,0
146,7,1,1,0,0,0,0
146,8,1,1,0,0,0,1
146,9,6,2,0,1,0,0
146,10,2,1,0,1,1,0
146,11,4,1,1,1,-1,0
146,12,6,2,0,1,0,0
146,13,6,2,0,1,0,-1
146,14,5,2,0,0,1,0
146,15,3,1,1,0,-1,0
146,16,1,1,0,0,0,0
146,17,1,1,0,0,0,0
146,18,1,1,0,0,0,1
146,19,2,1,0,1,0,0
146,20,2,1,0,1,0,0
146,21,6,2,0,1,0,0
146,22,6,2,0,1,0,0
146,23,2,1,0,1,0,-1
146,24,5,2,0,0,0,0
146,25,5,2,0,0,1,0
146,26,7,2,1,0,-1,0
146,27,1,1,0,0,0,1
146,28,2,1,0,1,0,0
146,29,6,2,0,1,0,0
146,30,6,2,0,1,0,0
146,31,6,2,0,1,0,0
146,32,6,2,0,1,0,0
146,33,2,1,0,1,1,0
146,34,8,2,1,1,0,0
146,35,8,2,1,1,0,0
146,36,4,1,1,1,0,0
146,37,4,1,1,1,-1,0
146,38,6,2,0,1,0,0
146,39,6,2,0,1,0,-1
146,40,5,2,0,0,1,1
146,41,8,2,1,1,-1,-1
146,42,1,1,0,0,1,0
146,43,3,1,1,0,0,0
146,44,3,1,1,0,0,1
146,45,4,1,1,1,0,0
146,46,4,1,1,1,0,0
146,47,8,2,1,1,0,-1
146,48,3,1,1,0,-1,0
146,49,1,1,0,0,1,0
146,50,7,2,1,0,-1,1
147,1,8,2,1,1,0,0
147,2,8,2,1,1,0,0
147,3,4,1,1,1,0,0
147,4,4,1,1,1,-1,0
147,5,2,1,0,1,0,0
147,6,2,1,0,1,0,0
147,7,2,1,0,1,0,0
147,8,2,1,0,1,1,-1
147,9,3,1,1,0,-1,0
147,10,5,2,0,0,0,0
147,11,5,2,0,0,1,0
147,12,3,1,1,0,-1,1
147,13,2,1,0,1,0,0
147,14,2,1,0,1,0,0
147,15,2,1,0,1,0,0
147,16,2,1,0,1,1,0
147,17,4,1,1,1,0,0
147,18,8,2,1,1,0,0
147,19,4,1,1,1,0,-1
147,20,3,1,1,0,0,0
147,21,3,1,1,0,0,0
147,22,3,1,1,0,0,0
147,23,3,1,1,0,-1,0
147,24,1,1,0,0,0,0
147,25,5,2,0,0,0,1
147,26,6,2,0,1,0,0
147,27,2,1,0,1,0,-1
147,28,5,2,0,0,0,0
147,29,5,2,0,0,0,0
147,30,1,1,0,0,1,1
147,31,4,1,1,1,0,0
147,32,8,2,1,1,0,0
147,33,4,1,1,1,0,-1
147,34,3,1,1,0,0,1
147,35,4,1,1,1,0,0
147,36,4,1,1,1,0,0
147,37,8,2,1,1,0,-1
147,38,7,2,1,0,-1,0
147,39,1,1,0,0,0,0
147,40,1,1,0,0,0,0
147,41,1,1,0,0,0,0
147,42,5,2,0,0,0,0
147,43,1,1,0,0,0,1
147,44,2,1,0,1,0,0
147,45,2,1,0,1,0,0
147,46,2,1,0,1,1,0
147,47,4,1,1,1,0,0
147,48,8,2,1,1,0,0
147,49,4,1,1,1,0,0
147,50,4,1,1,1,-1,-1
148,1,5,2,0,0,1,1
148,2,4,1,1,1,0,0
148,3,4,1,1,1,0,-1
148,4,3,1,1,0,0,0
148,5,3,1,1,0,-1,0
148,6,1,1,0,0,1,1
148,7,8,2,1,1,0,0
148,8,8,2,1,1,0,-1
148,9,7,2,1,0,0,1
148,10,8,2,1,1,-1,-1
148,11,1,1,0,0,0,0
148,12,1,1,0,0,1,0
148,13,3,1,1,0,-1,0
148,14,1,1,0,0,0,0
148,15,1,1,0,0,1,0
148,16,7,2,1,0,0,0
148,17,7,2,1,0,0,0
148,18,3,1,1,0,0,0
148,19,7,2,1,0,0,0
148,20,3,1,1,0,0,0
148,21,3,1,1,0,0,1
148,22,4,1,1,1,0,0
148,23,4,1,1,1,0,0
148,24,8,2,1,1,0,0
148,25,8,2,1,1,0,-1
148,26,3,1,1,0,0,0
148,27,3,1,1,0,-1,0
148,28,1,1,0,0,0,0
148,29,1,1,0,0,0,0
148,30,1,1,0,0,0,1
148,31,6,2,0,1,1,0
148,32,8,2,1,1,0,0
148,33,8,2,1,1,-1,-1
148,34,5,2,0,0,0,0
148,35,5,2,0,0,1,0
148,36,7,2,1,0,0,1
148,37,4,1,1,1,0,0
148,38,4,1,1,1,0,0
148,39,4,1,1,1,-1,0
148,40,2,1,0,1,0,0
148,41,6,2,0,1,0,0
148,42,6,2,0,1,1,0
148,43,8,2,1,1,0,-1
148,44,7,2,1,0,0,0
148,45,3,1,1,0,0,0
148,46,3,1,1,0,0,0
148,47,3,1,1,0,0,0
148,48,7,2,1,0,0,1
148,49,8,2,1,1,0,-1
148,50,7,2,1,0,0,0
149,1,1,1,0,0,0,0
149,2,1,1,0,0,0,0
149,3,5,2,0,0,0,1
149,4,6,2,0,1,0,0
149,5,2,1,0,1,0,0
149,6,2,1,0,1,0,0
149,7,2,1,0,1,0,0
149,8,2,1,0,1,0,0
149,9,2,1,0,1,0,0
149,10,2,1,0,1,0,-1
149,11,5,2,0,0,0,0
149,12,1,1,0,0,0,0
149,13,5,2,0,0,0,1
149,14,6,2,0,1,0,0
149,15,6,2,0,1,0,0
149,16,6,2,0,1,0,-1
149,17,1,1,0,0,1,1
149,18,4,1,1,1,-1,0
149,19,6,2,0,1,0,0
149,20,2,1,0,1,0,0
149,21,2,1,0,1,0,0
149,22,2,1,0,1,0,0
149,23,2,1,0,1,0,0
149,24,6,2,0,1,1,-1
149,25,7,2,1,0,0,0
149,26,7,2,1,0,0,0
149,27,7,2,1,0,0,1
149,28,8,2,1,1,0,-1
149,29,3,1,1,0,0,0
149,30,3,1,1,0,0,1
149,31,8,2,1,1,-1,0
149,32,2,1,0,1,0,0
149,33,2,1,0,1,0,0
149,34,2,1,0,1,1,0
149,35,4,1,1,1,0,0
149,36,8,2,1,1,0,0
149,37,8,2,1,1,0,-1
149,38,3,1,1,0,0,0
149,39,3,1,1,0,0,0
149,40,3,1,1,0,0,1
149,41,4,1,1,1,0,0
149,42,4,1,1,1,-1,-1
149,43,1,1,0,0,0,0
149,44,5,2,0,0,0,1
149,45,2,1,0,1,0,0
149,46,2,1,0,1,0,0
149,47,6,2,0,1,0,-1
149,48,5,2,0,0,0,0
149,49,1,1,0,0,1,0
149,50,3,1,1,0,0,0
150,1,6,2,0,1,1,0
150,2,8,2,1,1,0,-1
150,3,7,2,1,0,0,0
150,4,3,1,1,0,0,0
150,5,7,2,1,0,0,1
150,6,8,2,1,1,-1,0
150,7,6,2,0,1,0,0
150,8,6,2,0,1,0,0
150,9,6,2,0,1,0,0
150,10,2,1,0,1,0,0
150,11,2,1,0,1,0,0
150,12,2,1,0,1,0,0
150,13,2,1,0,1,1,0
150,14,8,2,1,1,0,-1
150,15,7,2,1,0,0,1
150,16,8,2,1,1,-1,-1
150,17,5,2,0,0,0,0
150,18,5,2,0,0,1,0
150,19,3,1,1,0,0,1
150,20,4,1,1,1,0,0
150,21,4,1,1,1,0,0
150,22,4,1,1,1,0,-1
150,23,7,2,1,0,0,0
150,24,7,2,1,0,0,0
150,25,7,2,1,0,0,0
150,26,3,1,1,0,0,0
150,27,3,1,1,0,0,0
150,28,3,1,1,0,0,0
150,29,3,1,1,0,-1,0
150,30,1,1,0,0,0,0
150,31,1,1,0,0,1,0
150,32,3,1,1,0,0,0
150,33,3,1,1,0,-1,0
150,34,1,1,0,0,0,0
150,35,1,1,0,0,1,0
150,36,7,2,1,0,0,0
150,37,7,2,1,0,0,0
150,38,3,1,1,0,0,1
150,39,4,1,1,1,0,0
150,40,4,1,1,1,0,0
150,41,8,2,1,1,-1,-1
150,42,1,1,0,0,1,1
150,43,4,1,1,1,0,-1
150,44,3,1,1,0,0,0
150,45,7,2,1,0,0,1
150,46,8,2,1,1,0,0
150,47,4,1,1,1,0,0
150,48,4,1,1,1,0,0
150,49,8,2,1,1,-1,0
150,50,2,1,0,1,1,0
151,1,7,2,1,0,0,0
151,2,7,2,1,0,0,1
151,3,8,2,1,1,0,-1
151,4,7,2,1,0,0,1
151,5,8,2,1,1,0,-1
151,6,7,2,1,0,-1,1
151,7,2,1,0,1,0,0
151,8,6,2,0,1,0,0
151,9,6,2,0,1,0,0
151,10,6,2,0,1,0,0
151,11,2,1,0,1,0,0
151,12,6,2,0,1,0,0
151,13,2,1,0,1,0,-1
151,14,1,1,0,0,0,1
151,15,2,1,0,1,0,0
151,16,2,1,0,1,0,0
151,17,2,1,0,1,0,0
151,18,2,1,0,1,0,0
151,19,2,1,0,1,0,0
151,20,2,1,0,1,0,0
151,21,6,2,0,1,1,0
151,22,8,2,1,1,0,0
151,23,4,1,1,1,0,-1
151,24,3,1,1,0,0,0
151,25,3,1,1,0,-1,0
151,26,1,1,0,0,0,1
151,27,2,1,0,1,0,0
151,28,6,2,0,1,0,0
151,29,2,1,0,1,0,-1
151,30,1,1,0,0,1,1
151,31,4,1,1,1,0,0
151,32,8,2,1,1,0,0
151,33,8,2,1,1,0,0
151,34,4,1,1,1,-1,0
151,35,2,1,0,1,0,0
151,36,2,1,0,1,0,-1
151,37,1,1,0,0,0,0
151,38,5,2,0,0,0,0
151,39,5,2,0,0,1,1
151,40,8,2,1,1,0,0
151,41,4,1,1,1,0,-1
151,42,3,1,1,0,0,0
151,43,7,2,1,0,0,0
151,44,3,1,1,0,0,0
151,45,3,1,1,0,0,0
151,46,3,1,1,0,0,0
151,47,7,2,1,0,-1,1
151,48,6,2,0,1,1,0
151,49,8,2,1,1,0,-1
151,50,7,2,1,0,0,0
152,1,8,2,1,1,0,0
152,2,4,1,1,1,0,0
152,3,8,2,1,1,-1,0
152,4,6,2,0,1,0,0
152,5,6,2,0,1,0,0
152,6,6,2,0,1,1,0
152,7,8,2,1,1,0,0
152,8,4,1,1,1,0,0
152,9,8,2,1,1,0,-1
152,10,7,2,1,0,0,0
152,11,7,2,1,0,0,0
152,12,3,1,1,0,-1,1
152,13,2,1,0,1,0,0
152,14,2,1,0,1,1,0
152,15,8,2,1,1,0,0
152,16,8,2,1,1,-1,0
152,17,6,2,0,1,0,0
152,18,6,2,0,1,1,0
152,19,4,1,1,1,-1,0
152,20,2,1,0,1,1,-1
152,21,3,1,1,0,0,0
152,22,3,1,1,0,0,0
152,23,3,1,1,0,0,0
152,24,7,2,1,0,0,0
152,25,3,1,1,0,0,1
152,26,4,1,1,1,-1,-1
152,27,1,1,0,0,0,1
152,28,2,1,0,1,1,0
152,29,4,1,1,1,0,0
152,30,8,2,1,1,0,0
152,31,8,2,1,1,0,0
152,32,8,2,1,1,0,0
152,33,8,2,1,1,0,-1
152,34,7,2,1,0,-1,0
152,35,1,1,0,0,0,0
152,36,5,2,0,0,0,0
152,37,5,2,0,0,1,0
152,38,7,2,1,0,-1,0
152,39,5,2,0,0,0,1
152,40,6,2,0,1,0,0
152,41,6,2,0,1,0,0
152,42,6,2,0,1,0,0
152,43,2,1,0,1,1,0
152,44,4,1,1,1,0,0
152,45,4,1,1,1,0,0
152,46,4,1,1,1,0,0
152,47,4,1,1,1,0,0
152,48,4,1,1,1,-1,-1
152,49,1,1,0,0,0,0
152,50,1,1,0,0,0,0
153,1,8,2,1,1,0,-1
153,2,7,2,1,0,0,0
153,3,3,1,1,0,0,0
153,4,7,2,1,0,0,0
153,5,7,2,1,0,0,0
153,6,3,1,1,0,-1,0
153,7,1,1,0,0,1,0
153,8,3,1,1,0,0,0
153,9,3,1,1,0,0,1
153,10,4,1,1,1,0,0
153,11,8,2,1,1,0,-1
153,12,7,2,1,0,0,0
153,13,3,1,1,0,0,0
153,14,3,1,1,0,0,0
153,15,7,2,1,0,0,0
153,16,7,2,1,0,0,0
153,17,7,2,1,0,0,0
153,18,7,2,1,0,0,0
153,19,3,1,1,0,0,0
153,20,7,2,1,0,0,0
153,21,3,1,1,0,0,1
153,22,4,1,1,1,0,0
153,23,4,1,1,1,0,-1
153,24,3,1,1,0,0,0
153,25,3,1,1,0,-1,0
153,26,1,1,0,0,0,0
153,27,1,1,0,0,0,1
153,28,6,2,0,1,0,0
153,29,2,1,0,1,1,0
153,30,4,1,1,1,-1,-1
153,31,1,1,0,0,1,0
153,32,3,1,1,0,0,1
153,33,8,2,1,1,0,0
153,34,8,2,1,1,-1,0
153,35,2,1,0,1,1,0
153,36,8,2,1,1,0,0
153,37,4,1,1,1,0,0
153,38,4,1,1,1,-1,0
153,39,2,1,0,1,1,0
153,40,4,1,1,1,0,0
153,41,4,1,1,1,0,0
153,42,4,1,1,1,0,-1
153,43,7,2,1,0,0,0
153,44,7,2,1,0,-1,0
153,45,5,2,0,0,1,0
153,46,7,2,1,0,0,1
153,47,8,2,1,1,0,0
153,48,8,2,1,1,0,0
153,49,8,2,1,1,-1,0
153,50,2,1,0,1,0,0
154,1,1,1,0,0,1,0
154,2,7,2,1,0,0,1
154,3,8,2,1,1,0,0
154,4,4,1,1,1,0,0
154,5,4,1,1,1,0,0
154,6,4,1,1,1,-1,0
154,7,6,2,0,1,0,0
154,8,6,2,0,1,0,-1
154,9,5,2,0,0,1,0
154,10,7,2,1,0,0,0
154,11,7,2,1,0,0,0
154,12,7,2,1,0,-1,1
154,13,6,2,0,1,0,0
154,14,6,2,0,1,1,0
154,15,8,2,1,1,0,0
154,16,4,1,1,1,-1,0
154,17,6,2,0,1,0,0
154,18,2,1,0,1,1,0
154,19,8,2,1,1,0,0
154,20,8,2,1,1,0,-1
154,21,3,1,1,0,0,0
154,22,3,1,1,0,0,0
154,23,3,1,1,0,0,1
154,24,4,1,1,1,0,0
154,25,4,1,1,1,-1,0
154,26,2,1,0,1,0,0
154,27,2,1,0,1,0,0
154,28,2,1,0,1,0,0
154,29,2,1,0,1,0,0
154,30,2,1,0,1,0,0
154,31,2,1,0,1,0,0
154,32,2,1,0,1,1,-1
154,33,3,1,1,0,0,0
154,34,7,2,1,0,-1,0
154,35,5,2,0,0,0,0
154,36,1,1,0,0,1,0
154,37,3,1,1,0,0,1
154,38,8,2,1,1,0,0
154,39,8,2,1,1,0,0
154,40,4,1,1,1,0,0
154,41,4,1,1,1,0,0
154,42,4,1,1,1,0,0
154,43,4,1,1,1,0,-1
154,44,3,1,1,0,-1,1
154,45,2,1,0,1,0,0
154,46,2,1,0,1,0,0
154,47,2,1,0,1,1,0
154,48,4,1,1,1,0,0
154,49,4,1,1,1,0,0
154,50,8,2,1,1,0,0
155,1,3,1,1,0,-1,0
155,2,1,1,0,0,0,0
155,3,1,1,0,0,0,0
155,4,1,1,0,0,0,0
155,5,1,1,0,0,0,0
155,6,1,1,0,0,0,0
155,7,1,1,0,0,0,1
155,8,6,2,0,1,0,0
155,9,2,1,0,1,0,0
155,10,2,1,0,1,0,0
155,11,2,1,0,1,0,-1
155,12,1,1,0,0,0,0
155,13,1,1,0,0,0,0
155,14,1,1,0,0,0,0
155,15,1,1,0,0,0,1
155,16,6,2,0,1,0,0
155,17,6,2,0,1,0,0
155,18,6,2,0,1,0,0
155,19,6,2,0,1,0,-1
155,20,5,2,0,0,0,1
155,21,6,2,0,1,0,-1
155,22,5,2,0,0,1,0
155,23,3,1,1,0,0,0
155,24,7,2,1,0,0,0
155,25,7,2,1,0,-1,0
155,26,1,1,0,0,0,0
155,27,1,1,0,0,1,1
155,28,4,1,1,1,-1,0
155,29,6,2,0,1,0,0
155,30,2,1,0,1,0,0
155,31,2,1,0,1,1,0
155,32,4,1,1,1,0,0
155,33,4,1,1,1,0,0
155,34,4,1,1,1,0,0
155,35,4,1,1,1,0,0
155,36,4,1,1,1,-1,0
155,37,6,2,0,1,1,0
155,38,4,1,1,1,0,0
155,39,4,1,1,1,0,0
155,40,8,2,1,1,0,0
155,41,8,2,1,1,0,0
155,42,8,2,1,1,0,0
155,43,4,1,1,1,0,0
155,44,8,2,1,1,0,0
155,45,8,2,1,1,0,0
155,46,4,1,1,1,0,0
155,47,4,1,1,1,0,0
155,48,4,1,1,1,0,0
155,49,8,2,1,1,0,0
155,50,8,2,1,1,0,-1
156,1,1,1,0,0,0,0
156,2,1,1,0,0,1,0
156,3,3,1,1,0,0,0
156,4,7,2,1,0,0,0
156,5,7,2,1,0,0,1
156,6,8,2,1,1,0,-1
156,7,7,2,1,0,0,0
156,8,3,1,1,0,-1,1
156,9,2,1,0,1,0,0
156,10,2,1,0,1,0,0
156,11,6,2,0,1,0,0
156,12,6,2,0,1,1,0
156,13,8,2,1,1,0,0
156,14,8,2,1,1,0,0
156,15,8,2,1,1,0,0
156,16,8,2,1,1,0,0
156,17,8,2,1,1,0,0
156,18,8,2,1,1,0,0
156,19,8,2,1,1,-1,0
156,20,2,1,0,1,0,0
156,21,2,1,0,1,0,0
156,22,2,1,0,1,1,0
156,23,8,2,1,1,0,0
156,24,8,2,1,1,-1,0
156,25,2,1,0,1,1,0
156,26,4,1,1,1,-1,-1
156,27,5,2,0,0,0,0
156,28,5,2,0,0,1,1
156,29,8,2,1,1,0,0
156,30,8,2,1,1,0,-1
156,31,7,2,1,0,0,0
156,32,7,2,1,0,0,0
156,33,7,2,1,0,0,0
156,34,3,1,1,0,0,0
156,35,7,2,1,0,-1,0
156,36,1,1,0,0,1,1
156,37,4,1,1,1,-1,0
156,38,6,2,0,1,1,0
156,39,8,2,1,1,0,0
156,40,8,2,1,1,0,0
156,41,8,2,1,1,0,-1
156,42,7,2,1,0,0,0
156,43,3,1,1,0,0,0
156,44,3,1,1,0,-1,0
156,45,5,2,0,0,1,0
156,46,7,2,1,0,0,1
156,47,8,2,1,1,0,0
156,48,4,1,1,1,0,-1
156,49,3,1,1,0,-1,0
156,50,1,1,0,0,0,0
157,1,8,2,1,1,-1,0
157,2,6,2,0,1,0,0
157,3,2,1,0,1,0,0
157,4,2,1,0,1,1,0
157,5,4,1,1,1,0,-1
157,6,3,1,1,0,0,0
157,7,7,2,1,0,0,0
157,8,7,2,1,0,0,0
157,9,7,2,1,0,0,0
157,10,7,2,1,0,0,0
157,11,7,2,1,0,0,0
157,12,7,2,1,0,0,0
157,13,7,2,1,0,0,0
157,14,7,2,1,0,0,0
157,15,7,2,1,0,0,0
157,16,3,1,1,0,0,1
157,17,4,1,1,1,0,0
157,18,4,1,1,1,0,0
157,19,4,1,1,1,0,0
157,20,4,1,1,1,0,-1
157,21,7,2,1,0,-1,0
157,22,1,1,0,0,0,1
157,23,2,1,0,1,0,0
157,24,6,2,0,1,1,-1
157,25,7,2,1,0,0,0
157,26,7,2,1,0,0,0
157,27,3,1,1,0,0,0
157,28,3,1,1,0,0,0
157,29,7,2,1,0,0,0
157,30,7,2,1,0,0,0
157,31,7,2,1,0,0,0
157,32,7,2,1,0,0,0
157,33,7,2,1,0,0,0
157,34,3,1,1,0,0,0
157,35,3,1,1,0,0,1
157,36,8,2,1,1,-1,-1
157,37,5,2,0,0,1,0
157,38,3,1,1,0,0,0
157,39,7,2,1,0,0,0
157,40,7,2,1,0,0,1
157,41,4,1,1,1,-1,0
157,42,2,1,0,1,0,0
157,43,2,1,0,1,1,0
157,44,4,1,1,1,-1,-1
157,45,1,1,0,0,0,1
157,46,2,1,0,1,0,-1
157,47,1,1,0,0,0,0
157,48,1,1,0,0,0,1
157,49,6,2,0,1,0,0
157,50,6,2,0,1,0,0
158,1,8,2,1,1,-1,0
158,2,6,2,0,1,0,0
158,3,6,2,0,1,0,0
158,4,2,1,0,1,1,0
158,5,4,1,1,1,-1,0
158,6,2,1,0,1,0,0
158,7,2,1,0,1,0,0
158,8,2,1,0,1,1,-1
158,9,3,1,1,0,-1,0
158,10,5,2,0,0,1,0
158,11,3,1,1,0,-1,0
158,12,1,1,0,0,0,1
158,13,2,1,0,1,0,0
158,14,2,1,0,1,0,0
158,15,2,1,0,1,0,0
158,16,2,1,0,1,0,-1
158,17,1,1,0,0,1,1
158,18,4,1,1,1,0,0
158,19,4,1,1,1,0,0
158,20,4,1,1,1,-1,0
158,21,2,1,0,1,0,0
158,22,6,2,0,1,0,0
158,23,6,2,0,1,0,0
158,24,6,2,0,1,1,-1
158,25,3,1,1,0,0,0
158,26,3,1,1,0,0,0
158,27,7,2,1,0,-1,0
158,28,5,2,0,0,0,0
158,29,5,2,0,0,0,1
158,30,6,2,0,1,0,0
158,31,2,1,0,1,0,-1
158,32,5,2,0,0,0,0
158,33,1,1,0,0,0,0
158,34,1,1,0,0,0,0
158,35,1,1,0,0,0,0
158,36,5,2,0,0,0,0
158,37,5,2,0,0,0,0
158,38,5,2,0,0,0,0
158,39,5,2,0,0,0,1
158,40,2,1,0,1,0,0
158,41,2,1,0,1,0,0
158,42,2,1,0,1,0,0
158,43,2,1,0,1,0,0
158,44,2,1,0,1,1,0
158,45,4,1,1,1,0,0
158,46,8,2,1,1,0,0
158,47,4,1,1,1,0,0
158,48,8,2,1,1,0,0
158,49,4,1,1,1,-1,0
158,50,2,1,0,1,0,-1
159,1,8,2,1,1,0,0
159,2,8,2,1,1,0,-1
159,3,7,2,1,0,0,0
159,4,7,2,1,0,0,0
159,5,7,2,1,0,0,0
159,6,7,2,1,0,-1,0
159,7,5,2,0,0,0,1
159,8,2,1,0,1,1,0
159,9,4,1,1,1,0,0
159,10,4,1,1,1,0,0
159,11,4,1,1,1,0,0
159,12,4,1,1,1,0,0
159,13,4,1,1,1,0,0
159,14,8,2,1,1,0,0
159,15,4,1,1,1,0,0
159,16,8,2,1,1,0,0
159,17,8,2,1,1,0,0
159,18,8,2,1,1,0,-1
159,19,7,2,1,0,0,1
159,20,8,2,1,1,0,0
159,21,8,2,1,1,0,-1
159,22,7,2,1,0,0,0
159,23,3,1,1,0,0,1
159,24,4,1,1,1,0,0
159,25,8,2,1,1,0,0
159,26,8,2,1,1,0,0
159,27,8,2,1,1,0,-1
159,28,7,2,1,0,0,0
159,29,3,1,1,0,-1,0
159,30,1,1,0,0,1,0
159,31,3,1,1,0,0,0
159,32,3,1,1,0,0,1
159,33,8,2,1,1,0,0
159,34,4,1,1,1,-1,0
159,35,2,1,0,1,0,0
159,36,2,1,0,1,0,0
159,37,6,2,0,1,1,0
159,38,8,2,1,1,0,0
159,39,8,2,1,1,0,0
159,40,4,1,1,1,-1,0
159,41,6,2,0,1,1,-1
159,42,7,2,1,0,0,1
159,43,4,1,1,1,0,0
159,44,4,1,1,1,0,0
159,45,4,1,1,1,0,0
159,46,4,1,1,1,-1,-1
159,47,1,1,0,0,1,1
159,48,4,1,1,1,0,0
159,49,4,1,1,1,-1,0
159,50,2,1,0,1,0,0
160,1,8,2,1,1,-1,-1
160,2,1,1,0,0,1,0
160,3,3,1,1,0,0,0
160,4,3,1,1,0,0,0
160,5,3,1,1,0,0,0
160,6,3,1,1,0,0,1
160,7,4,1,1,1,0,0
160,8,4,1,1,1,0,-1
160,9,7,2,1,0,0,1
160,10,8,2,1,1,0,0
160,11,4,1,1,1,0,0
160,12,8,2,1,1,0,0
160,13,8,2,1,1,0,-1
160,14,3,1,1,0,0,1
160,15,4,1,1,1,0,0
160,16,4,1,1,1,0,0
160,17,4,1,1,1,0,-1
160,18,7,2,1,0,-1,0
160,19,1,1,0,0,1,0
160,20,3,1,1,0,0,0
160,21,3,1,1,0,0,0
160,22,3,1,1,0,0,1
160,23,8,2,1,1,0,-1
160,24,7,2,1,0,0,1
160,25,4,1,1,1,0,0
160,26,4,1,1,1,0,0
160,27,4,1,1,1,0,-1
160,28,3,1,1,0,0,0
160,29,3,1,1,0,0,0
160,30,3,1,1,0,-1,1
160,31,2,1,0,1,0,-1
160,32,5,2,0,0,0,0
160,33,5,2,0,0,0,0
160,34,5,2,0,0,1,0
160,35,7,2,1,0,0,0
160,36,7,2,1,0,0,0
160,37,7,2,1,0,0,1
160,38,8,2,1,1,-1,0
160,39,6,2,0,1,0,-1
160,40,5,2,0,0,1,0
160,41,7,2,1,0,0,1
160,42,8,2,1,1,0,0
160,43,4,1,1,1,0,0
160,44,4,1,1,1,0,0
160,45,8,2,1,1,0,-1
160,46,3,1,1,0,0,0
160,47,3,1,1,0,0,0
160,48,3,1,1,0,0,1
160,49,8,2,1,1,-1,0
160,50,6,2,0,1,0,-1
161,1,2,1,0,1,1,-1
161,2,3,1,1,0,0,0
161,3,7,2,1,0,0,0
161,4,7,2,1,0,0,0
161,5,3,1,1,0,-1,1
161,6,2,1,0,1,0,0
161,7,2,1,0,1,0,0
161,8,2,1,0,1,0,0
161,9,2,1,0,1,0,0
161,10,6,2,0,1,0,0
161,11,6,2,0,1,0,0
161,12,2,1,0,1,0,0
161,13,6,2,0,1,1,0
161,14,4,1,1,1,0,0
161,15,4,1,1,1,0,-1
161,16,3,1,1,0,0,1
161,17,4,1,1,1,-1,-1
161,18,1,1,0,0,0,0
161,19,5,2,0,0,1,0
161,20,3,1,1,0,-1,0
161,21,5,2,0,0,0,1
161,22,2,1,0,1,1,-1
161,23,3,1,1,0,0,1
161,24,8,2,1,1,0,-1
161,25,7,2,1,0,0,0
161,26,3,1,1,0,0,1
161,27,4,1,1,1,0,0
161,28,8,2,1,1,0,-1
161,29,7,2,1,0,0,0
161,30,7,2,1,0,0,0
161,31,7,2,1,0,0,1
161,32,8,2,1,1,-1,-1
161,33,5,2,0,0,0,0
161,34,5,2,0,0,1,0
161,35,7,2,1,0,0,1
161,36,4,1,1,1,0,-1
161,37,3,1,1,0,0,0
161,38,3,1,1,0,0,0
161,39,3,1,1,0,0,0
161,40,7,2,1,0,0,1
161,41,8,2,1,1,0,-1
161,42,7,2,1,0,0,0
161,43,3,1,1,0,0,0
161,44,7,2,1,0,0,0
161,45,3,1,1,0,0,0
161,46,3,1,1,0,-1,1
161,47,6,2,0,1,1,0
161,48,4,1,1,1,0,-1
161,49,3,1,1,0,0,1
161,50,8,2,1,1,0,0
162,1,1,1,0,0,0,1
162,2,2,1,0,1,0,0
162,3,2,1,0,1,0,-1
162,4,1,1,0,0,0,0
162,5,1,1,0,0,0,0
162,6,5,2,0,0,1,0
162,7,7,2,1,0,0,0
162,8,7,2,1,0,0,0
162,9,3,1,1,0,0,0
162,10,7,2,1,0,0,0
162,11,3,1,1,0,-1,0
162,12,1,1,0,0,0,1
162,13,2,1,0,1,0,0
162,14,2,1,0,1,0,0
162,15,2,1,0,1,1,0
162,16,4,1,1,1,0,0
162,17,4,1,1,1,0,0
162,18,4,1,1,1,-1,0
162,19,6,2,0,1,1,-1
162,20,3,1,1,0,0,1
162,21,4,1,1,1,0,0
162,22,4,1,1,1,0,-1
162,23,3,1,1,0,0,0
162,24,7,2,1,0,0,0
162,25,3,1,1,0,0,0
162,26,7,2,1,0,0,1
162,27,8,2,1,1,0,0
162,28,4,1,1,1,0,0
162,29,4,1,1,1,0,0
162,30,8,2,1,1,0,0
162,31,4,1,1,1,0,-1
162,32,3,1,1,0,0,0
162,33,7,2,1,0,0,0
162,34,7,2,1,0,0,0
162,35,7,2,1,0,0,0
162,36,3,1,1,0,0,0
162,37,3,1,1,0,0,0
162,38,3,1,1,0,0,0
162,39,3,1,1,0,0,0
162,40,7,2,1,0,0,0
162,41,7,2,1,0,0,0
162,42,3,1,1,0,0,0
162,43,3,1,1,0,0,1
162,44,4,1,1,1,-1,-1
162,45,1,1,0,0,1,0
162,46,3,1,1,0,0,0
162,47,3,1,1,0,0,1
162,48,8,2,1,1,0,0
162,49,8,2,1,1,0,0
162,50,8,2,1,1,0,-1
163,1,2,1,0,1,0,0
163,2,2,1,0,1,0,0
163,3,2,1,0,1,1,-1
163,4,7,2,1,0,0,1
163,5,8,2,1,1,-1,0
163,6,6,2,0,1,0,0
163,7,6,2,0,1,0,0
163,8,6,2,0,1,0,-1
163,9,5,2,0,0,0,0
163,10,5,2,0,0,0,0
163,11,5,2,0,0,0,0
163,12,5,2,0,0,0,0
163,13,5,2,0,0,0,0
163,14,5,2,0,0,1,0
163,15,7,2,1,0,0,0
163,16,7,2,1,0,0,0
163,17,3,1,1,0,0,0
163,18,3,1,1,0,0,0
163,19,3,1,1,0,0,1
163,20,8,2,1,1,0,0
163,21,8,2,1,1,0,0
163,22,8,2,1,1,0,0
163,23,8,2,1,1,0,-1
163,24,7,2,1,0,0,0
163,25,7,2,1,0,0,0
163,26,7,2,1,0,0,0
163,27,7,2,1,0,0,0
163,28,3,1,1,0,0,1
163,29,8,2,1,1,0,0
163,30,8,2,1,1,0,-1
163,31,7,2,1,0,0,0
163,32,7,2,1,0,0,0
163,33,3,1,1,0,0,0
163,34,7,2,1,0,0,0
163,35,3,1,1,0,0,0
163,36,3,1,1,0,0,0
163,37,7,2,1,0,0,0
163,38,3,1,1,0,-1,0
163,39,5,2,0,0,0,0
163,40,5,2,0,0,0,0
163,41,5,2,0,0,0,1
163,42,6,2,0,1,0,-1
163,43,5,2,0,0,0,1
163,44,6,2,0,1,1,-1
163,45,7,2,1,0,0,0
163,46,7,2,1,0,0,0
163,47,3,1,1,0,0,0
163,48,3,1,1,0,-1,0
163,49,1,1,0,0,1,0
163,50,3,1,1,0,-1,1
164,1,5,2,0,0,0,0
164,2,5,2,0,0,0,0
164,3,5,2,0,0,1,1
164,4,8,2,1,1,0,0
164,5,4,1,1,1,0,-1
164,6,3,1,1,0,0,0
164,7,7,2,1,0,0,0
164,8,3,1,1,0,-1,0
164,9,5,2,0,0,0,0
164,10,5,2,0,0,0,0
164,11,5,2,0,0,0,0
164,12,1,1,0,0,0,0
164,13,1,1,0,0,0,0
164,14,1,1,0,0,1,0
164,15,7,2,1,0,0,0
164,16,7,2,1,0,0,0
164,17,3,1,1,0,-1,0
164,18,1,1,0,0,0,1
164,19,2,1,0,1,1,0
164,20,4,1,1,1,-1,0
164,21,2,1,0,1,0,0
164,22,2,1,0,1,1,-1
164,23,3,1,1,0,0,1
164,24,8,2,1,1,0,0
164,25,8,2,1,1,0,0
164,26,8,2,1,1,0,0
164,27,4,1,1,1,0,0
164,28,8,2,1,1,-1,0
164,29,2,1,0,1,0,-1
164,30,1,1,0,0,0,0
164,31,1,1,0,0,1,0
164,32,3,1,1,0,0,0
164,33,7,2,1,0,0,0
164,34,3,1,1,0,0,1
164,35,4,1,1,1,0,0
164,36,8,2,1,1,0,-1
164,37,7,2,1,0,0,0
164,38,3,1,1,0,0,0
164,39,3,1,1,0,0,0
164,40,3,1,1,0,0,0
164,41,3,1,1,0,0,0
164,42,3,1,1,0,0,0
164,43,3,1,1,0,0,0
164,44,7,2,1,0,0,0
164,45,7,2,1,0,0,0
164,46,7,2,1,0,0,0
164,47,7,2,1,0,0,0
164,48,7,2,1,0,-1,0
164,49,5,2,0,0,0,0
164,50,5,2,0,0,1,0
165,1,4,1,1,1,0,0
165,2,4,1,1,1,0,0
165,3,8,2,1,1,0,-1
165,4,7,2,1,0,-1,0
165,5,1,1,0,0,0,0
165,6,1,1,0,0,0,0
165,7,1,1,0,0,0,0
165,8,1,1,0,0,0,0
165,9,1,1,0,0,0,0
165,10,1,1,0,0,1,1
165,11,8,2,1,1,0,0
165,12,8,2,1,1,-1,0
165,13,2,1,0,1,0,0
165,14,2,1,0,1,0,0
165,15,2,1,0,1,0,0
165,16,2,1,0,1,0,0
165,17,2,1,0,1,1,0
165,18,8,2,1,1,-1,0
165,19,2,1,0,1,0,0
165,20,2,1,0,1,0,0
165,21,6,2,0,1,0,0
165,22,6,2,0,1,0,-1
165,23,5,2,0,0,0,0
165,24,5,2,0,0,1,0
165,25,7,2,1,0,0,0
165,26,7,2,1,0,-1,0
165,27,1,1,0,0,1,0
165,28,3,1,1,0,0,0
165,29,3,1,1,0,-1,1
165,30,2,1,0,1,0,0
165,31,2,1,0,1,0,0
165,32,2,1,0,1,0,-1
165,33,1,1,0,0,0,0
165,34,1,1,0,0,0,0
165,35,1,1,0,0,1,0
165,36,7,2,1,0,-1,1
165,37,6,2,0,1,1,0
165,38,8,2,1,1,0,0
165,39,4,1,1,1,0,-1
165,40,7,2,1,0,0,1
165,41,4,1,1,1,0,0
165,42,4,1,1,1,-1,0
165,43,2,1,0,1,0,-1
165,44,5,2,0,0,0,1
165,45,2,1,0,1,0,0
165,46,2,1,0,1,0,-1
165,47,1,1,0,0,0,0
165,48,1,1,0,0,0,0
165,49,1,1,0,0,0,0
165,50,1,1,0,0,0,1
166,1,3,1,1,0,0,0
166,2,7,2,1,0,-1,1
166,3,2,1,0,1,1,0
166,4,4,1,1,1,-1,0
166,5,2,1,0,1,0,0
166,6,6,2,0,1,0,0
166,7,2,1,0,1,0,-1
166,8,5,2,0,0,0,0
166,9,1,1,0,0,0,0
166,10,5,2,0,0,1,0
166,11,3,1,1,0,0,0
166,12,7,2,1,0,-1,0
166,13,1,1,0,0,0,0
166,14,1,1,0,0,0,0
166,15,1,1,0,0,0,1
166,16,2,1,0,1,0,0
166,17,2,1,0,1,1,0
166,18,4,1,1,1,0,0
166,19,4,1,1,1,0,-1
166,20,3,1,1,0,0,0
166,21,7,2,1,0,-1,1
166,22,6,2,0,1,1,-1
166,23,7,2,1,0,0,0
166,24,7,2,1,0,0,0
166,25,3,1,1,0,0,0
166,26,3,1,1,0,0,0
166,27,3,1,1,0,-1,1
166,28,2,1,0,1,1,0
166,29,4,1,1,1,0,0
166,30,4,1,1,1,0,0
166,31,4,1,1,1,0,0
166,32,8,2,1,1,0,-1
166,33,3,1,1,0,0,0
166,34,3,1,1,0,0,0
166,35,3,1,1,0,0,0
166,36,3,1,1,0,0,0
166,37,3,1,1,0,0,0
166,38,3,1,1,0,-1,0
166,39,1,1,0,0,0,1
166,40,2,1,0,1,1,-1
166,41,7,2,1,0,0,0
166,42,7,2,1,0,0,0
166,43,7,2,1,0,0,1
166,44,4,1,1,1,0,0
166,45,4,1,1,1,0,0
166,46,8,2,1,1,0,0
166,47,8,2,1,1,0,-1
166,48,7,2,1,0,0,0
166,49,7,2,1,0,0,0
166,50,7,2,1,0,0,0
167,1,3,1,1,0,0,1
167,2,4,1,1,1,0,0
167,3,4,1,1,1,0,0
167,4,8,2,1,1,-1,0
167,5,6,2,0,1,0,-1
167,6,5,2,0,0,0,0
167,7,5,2,0,0,0,0
167,8,5,2,0,0,0,0
167,9,5,2,0,0,0,0
167,10,1,1,0,0,0,1
167,11,2,1,0,1,0,-1
167,12,1,1,0,0,0,0
167,13,5,2,0,0,0,0
167,14,5,2,0,0,0,0
167,15,5,2,0,0,0,0
167,16,1,1,0,0,1,0
167,17,3,1,1,0,0,0
167,18,3,1,1,0,0,1
167,19,4,1,1,1,0,0
167,20,4,1,1,1,0,0
167,21,4,1,1,1,0,0
167,22,8,2,1,1,0,-1
167,23,3,1,1,0,0,0
167,24,3,1,1,0,0,0
167,25,3,1,1,0,0,1
167,26,4,1,1,1,0,0
167,27,4,1,1,1,0,0
167,28,4,1,1,1,0,0
167,29,4,1,1,1,0,0
167,30,4,1,1,1,0,0
167,31,4,1,1,1,-1,0
167,32,2,1,0,1,0,0
167,33,2,1,0,1,0,-1
167,34,1,1,0,0,1,0
167,35,7,2,1,0,0,1
167,36,4,1,1,1,0,0
167,37,4,1,1,1,0,0
167,38,8,2,1,1,0,0
167,39,4,1,1,1,0,0
167,40,4,1,1,1,-1,0
167,41,2,1,0,1,0,-1
167,42,1,1,0,0,0,0
167,43,1,1,0,0,0,1
167,44,2,1,0,1,1,0
167,45,4,1,1,1,0,0
167,46,4,1,1,1,0,0
167,47,8,2,1,1,-1,-1
167,48,1,1,0,0,0,0
167,49,1,1,0,0,1,0
167,50,3,1,1,0,0,1
168,1,1,1,0,0,1,0
168,2,3,1,1,0,-1,0
168,3,1,1,0,0,0,1
168,4,2,1,0,1,0,0
168,5,2,1,0,1,0,-1
168,6,1,1,0,0,0,0
168,7,5,2,0,0,0,0
168,8,5,2,0,0,0,1
168,9,6,2,0,1,0,0
168,10,6,2,0,1,1,0
168,11,8,2,1,1,0,0
168,12,8,2,1,1,0,0
168,13,8,2,1,1,-1,0
168,14,6,2,0,1,0,0
168,15,2,1,0,1,1,0
168,16,4,1,1,1,0,0
168,17,4,1,1,1,0,-1
168,18,3,1,1,0,0,0
168,19,3,1,1,0,0,1
168,20,4,1,1,1,0,-1
168,21,7,2,1,0,0,0
168,22,7,2,1,0,0,0
168,23,7,2,1,0,0,0
168,24,7,2,1,0,0,0
168,25,7,2,1,0,0,0
168,26,7,2,1,0,-1,0
168,27,5,2,0,0,1,1
168,28,4,1,1,1,-1,0
168,29,6,2,0,1,0,0
168,30,6,2,0,1,0,0
168,31,2,1,0,1,1,-1
168,32,7,2,1,0,0,0
168,33,7,2,1,0,0,1
168,34,4,1,1,1,0,0
168,35,4,1,1,1,0,0
168,36,4,1,1,1,0,-1
168,37,3,1,1,0,0,0
168,38,3,1,1,0,-1,0
168,39,1,1,0,0,1,0
168,40,3,1,1,0,0,0
168,41,3,1,1,0,0,0
168,42,3,1,1,0,0,1
168,43,4,1,1,1,0,0
168,44,4,1,1,1,-1,0
168,45,6,2,0,1,0,0
168,46,2,1,0,1,0,0
168,47,6,2,0,1,0,0
168,48,2,1,0,1,0,-1
168,49,1,1,0,0,1,0
168,50,3,1,1,0,0,0
169,1,1,1,0,0,0,0
169,2,5,2,0,0,0,1
169,3,6,2,0,1,1,0
169,4,4,1,1,1,0,0
169,5,4,1,1,1,0,0
169,6,8,2,1,1,0,0
169,7,4,1,1,1,-1,0
169,8,2,1,0,1,1,-1
169,9,3,1,1,0,0,0
169,10,3,1,1,0,-1,0
169,11,1,1,0,0,0,0
169,12,1,1,0,0,1,0
169,13,7,2,1,0,0,1
169,14,8,2,1,1,0,0
169,15,8,2,1,1,0,0
169,16,4,1,1,1,0,0
169,17,4,1,1,1,0,-1
169,18,7,2,1,0,0,0
169,19,3,1,1,0,0,0
169,20,3,1,1,0,0,1
169,21,8,2,1,1,0,0
169,22,4,1,1,1,0,-1
169,23,7,2,1,0,0,0
169,24,7,2,1,0,0,0
169,25,7,2,1,0,0,0
169,26,7,2,1,0,0,1
169,27,4,1,1,1,0,-1
169,28,3,1,1,0,-1,0
169,29,1,1,0,0,1,0
169,30,7,2,1,0,0,0
169,31,7,2,1,0,0,1
169,32,4,1,1,1,0,0
169,33,4,1,1,1,-1,0
169,34,2,1,0,1,1,0
169,35,4,1,1,1,0,0
169,36,4,1,1,1,0,0
169,37,8,2,1,1,0,0
169,38,4,1,1,1,0,0
169,39,4,1,1,1,-1,0
169,40,6,2,0,1,0,0
169,41,6,2,0,1,1,0
169,42,8,2,1,1,0,0
169,43,8,2,1,1,-1,-1
169,44,5,2,0,0,1,0
169,45,3,1,1,0,0,0
169,46,3,1,1,0,0,0
169,47,3,1,1,0,0,0
169,48,7,2,1,0,0,0
169,49,7,2,1,0,0,0
169,50,7,2,1,0,0,0
170,1,7,2,1,0,0,1
170,2,8,2,1,1,0,0
170,3,4,1,1,1,0,0
170,4,8,2,1,1,0,0
170,5,8,2,1,1,0,0
170,6,4,1,1,1,0,-1
170,7,7,2,1,0,-1,0
170,8,1,1,0,0,0,0
170,9,1,1,0,0,1,0
170,10,3,1,1,0,0,1
170,11,4,1,1,1,-1,-1
170,12,5,2,0,0,1,0
170,13,7,2,1,0,-1,0
170,14,1,1,0,0,0,0
170,15,1,1,0,0,0,1
170,16,2,1,0,1,1,0
170,17,8,2,1,1,-1,0
170,18,2,1,0,1,0,0
170,19,2,1,0,1,0,-1
170,20,5,2,0,0,0,0
170,21,1,1,0,0,0,1
170,22,6,2,0,1,0,0
170,23,6,2,0,1,0,0
170,24,6,2,0,1,0,0
170,25,2,1,0,1,1,0
170,26,4,1,1,1,0,0
170,27,8,2,1,1,0,0
170,28,4,1,1,1,0,0
170,29,4,1,1,1,-1,0
170,30,2,1,0,1,0,0
170,31,2,1,0,1,1,0
170,32,4,1,1,1,0,0
170,33,8,2,1,1,0,0
170,34,8,2,1,1,-1,0
170,35,6,2,0,1,0,-1
170,36,5,2,0,0,1,0
170,37,3,1,1,0,0,0
170,38,3,1,1,0,0,0
170,39,3,1,1,0,0,0
170,40,3,1,1,0,0,0
170,41,3,1,1,0,0,0
170,42,7,2,1,0,0,0
170,43,7,2,1,0,-1,0
170,44,5,2,0,0,0,0
170,45,1,1,0,0,0,0
170,46,1,1,0,0,0,0
170,47,1,1,0,0,1,0
170,48,3,1,1,0,0,0
170,49,7,2,1,0,-1,1
170,50,2,1,0,1,0,0
171,1,7,2,1,0,0,0
171,2,3,1,1,0,0,0
171,3,3,1,1,0,0,0
171,4,3,1,1,0,0,0
171,5,3,1,1,0,0,1
171,6,4,1,1,1,0,0
171,7,8,2,1,1,0,-1
171,8,7,2,1,0,0,0
171,9,3,1,1,0,0,0
171,10,7,2,1,0,-1,1
171,11,2,1,0,1,0,0
171,12,2,1,0,1,1,0
171,13,4,1,1,1,0,0
171,14,4,1,1,1,0,0
171,15,4,1,1,1,0,0
171,16,8,2,1,1,-1,0
171,17,6,2,0,1,1,0
171,18,4,1,1,1,-1,0
171,19,2,1,0,1,1,0
171,20,4,1,1,1,0,-1
171,21,3,1,1,0,0,0
171,22,3,1,1,0,0,0
171,23,3,1,1,0,0,1
171,24,4,1,1,1,0,0
171,25,4,1,1,1,0,0
171,26,8,2,1,1,-1,0
171,27,2,1,0,1,1,0
171,28,8,2,1,1,0,0
171,29,4,1,1,1,0,0
171,30,4,1,1,1,0,0
171,31,8,2,1,1,0,0
171,32,4,1,1,1,0,0
171,33,4,1,1,1,-1,0
171,34,2,1,0,1,0,0
171,35,6,2,0,1,1,0
171,36,4,1,1,1,0,0
171,37,8,2,1,1,0,-1
171,38,7,2,1,0,0,0
171,39,3,1,1,0,0,0
171,40,3,1,1,0,0,0
171,41,7,2,1,0,0,0
171,42,7,2,1,0,0,0
171,43,7,2,1,0,0,0
171,44,3,1,1,0,0,0
171,45,3,1,1,0,-1,1
171,46,6,2,0,1,1,0
171,47,8,2,1,1,-1,0
171,48,6,2,0,1,0,-1
171,49,5,2,0,0,0,0
171,50,1,1,0,0,1,0
172,1,7,2,1,0,-1,1
172,2,6,2,0,1,1,-1
172,3,7,2,1,0,0,1
172,4,4,1,1,1,0,0
172,5,8,2,1,1,-1,-1
172,6,5,2,0,0,1,0
172,7,7,2,1,0,0,0
172,8,3,1,1,0,0,1
172,9,4,1,1,1,0,0
172,10,4,1,1,1,0,0
172,11,8,2,1,1,0,0
172,12,4,1,1,1,0,-1
172,13,3,1,1,0,-1,0
172,14,5,2,0,0,1,0
172,15,7,2,1,0,0,0
172,16,3,1,1,0,0,0
172,17,3,1,1,0,0,0
172,18,7,2,1,0,0,0
172,19,7,2,1,0,-1,0
172,20,5,2,0,0,0,1
172,21,6,2,0,1,0,0
172,22,6,2,0,1,0,-1
172,23,1,1,0,0,0,1
172,24,2,1,0,1,1,0
172,25,8,2,1,1,-1,0
172,26,2,1,0,1,1,0
172,27,4,1,1,1,0,0
172,28,8,2,1,1,0,-1
172,29,3,1,1,0,-1,0
172,30,1,1,0,0,1,0
172,31,7,2,1,0,0,0
172,32,7,2,1,0,-1,0
172,33,5,2,0,0,0,0
172,34,5,2,0,0,1,0
172,35,7,2,1,0,0,1
172,36,8,2,1,1,0,0
172,37,8,2,1,1,0,-1
172,38,3,1,1,0,-1,1
172,39,6,2,0,1,0,0
172,40,6,2,0,1,1,0
172,41,8,2,1,1,0,-1
172,42,3,1,1,0,0,1
172,43,8,2,1,1,-1,0
172,44,2,1,0,1,0,0
172,45,2,1,0,1,1,0
172,46,8,2,1,1,0,-1
172,47,3,1,1,0,0,0
172,48,3,1,1,0,0,0
172,49,3,1,1,0,0,0
172,50,3,1,1,0,0,1
173,1,6,2,0,1,1,-1
173,2,7,2,1,0,0,0
173,3,7,2,1,0,0,0
173,4,7,2,1,0,0,0
173,5,7,2,1,0,0,0
173,6,7,2,1,0,0,0
173,7,3,1,1,0,0,1
173,8,4,1,1,1,0,0
173,9,4,1,1,1,0,0
173,10,8,2,1,1,0,0
173,11,8,2,1,1,0,0
173,12,4,1,1,1,0,-1
173,13,3,1,1,0,0,0
173,14,3,1,1,0,0,1
173,15,4,1,1,1,0,0
173,16,8,2,1,1,0,-1
173,17,7,2,1,0,0,0
173,18,7,2,1,0,0,1
173,19,8,2,1,1,0,0
173,20,4,1,1,1,0,0
173,21,8,2,1,1,-1,0
173,22,6,2,0,1,0,0
173,23,2,1,0,1,0,0
173,24,2,1,0,1,1,0
173,25,4,1,1,1,0,-1
173,26,3,1,1,0,0,1
173,27,4,1,1,1,0,-1
173,28,3,1,1,0,0,0
173,29,3,1,1,0,0,0
173,30,3,1,1,0,0,0
173,31,7,2,1,0,0,0
173,32,3,1,1,0,0,0
173,33,7,2,1,0,0,0
173,34,7,2,1,0,-1,0
173,35,5,2,0,0,0,0
173,36,5,2,0,0,1,0
173,37,7,2,1,0,-1,0
173,38,1,1,0,0,0,0
173,39,5,2,0,0,0,0
173,40,5,2,0,0,0,1
173,41,2,1,0,1,0,0
173,42,2,1,0,1,0,0
173,43,6,2,0,1,0,0
173,44,2,1,0,1,1,0
173,45,4,1,1,1,0,0
173,46,8,2,1,1,0,0
173,47,4,1,1,1,0,-1
173,48,3,1,1,0,0,0
173,49,3,1,1,0,0,0
173,50,7,2,1,0,-1,0
174,1,6,2,0,1,0,-1
174,2,1,1,0,0,0,0
174,3,5,2,0,0,1,0
174,4,3,1,1,0,0,0
174,5,3,1,1,0,0,1
174,6,4,1,1,1,0,-1
174,7,3,1,1,0,-1,0
174,8,1,1,0,0,0,0
174,9,1,1,0,0,0,0
174,10,5,2,0,0,0,0
174,11,5,2,0,0,1,0
174,12,3,1,1,0,0,0
174,13,3,1,1,0,0,0
174,14,3,1,1,0,0,1
174,15,4,1,1,1,0,0
174,16,4,1,1,1,-1,0
174,17,2,1,0,1,0,0
174,18,2,1,0,1,0,0
174,19,6,2,0,1,1,0
174,20,8,2,1,1,0,-1
174,21,7,2,1,0,0,0
174,22,3,1,1,0,0,0
174,23,3,1,1,0,-1,0
174,24,5,2,0,0,1,1
174,25,8,2,1,1,0,0
174,26,8,2,1,1,0,0
174,27,4,1,1,1,0,0
174,28,4,1,1,1,0,0
174,29,4,1,1,1,0,0
174,30,4,1,1,1,0,0
174,31,4,1,1,1,0,0
174,32,8,2,1,1,0,0
174,33,8,2,1,1,0,-1
174,34,3,1,1,0,0,1
174,35,4,1,1,1,-1,0
174,36,2,1,0,1,0,0
174,37,2,1,0,1,0,0
174,38,6,2,0,1,0,0
174,39,6,2,0,1,0,0
174,40,6,2,0,1,1,-1
174,41,3,1,1,0,0,1
174,42,4,1,1,1,-1,0
174,43,2,1,0,1,1,0
174,44,8,2,1,1,-1,0
174,45,6,2,0,1,0,0
174,46,6,2,0,1,1,-1
174,47,7,2,1,0,0,1
174,48,8,2,1,1,0,0
174,49,8,2,1,1,0,-1
174,50,7,2,1,0,-1,0
175,1,6,2,0,1,0,0
175,2,6,2,0,1,0,0
175,3,6,2,0,1,0,0
175,4,6,2,0,1,0,0
175,5,6,2,0,1,0,0
175,6,6,2,0,1,0,-1
175,7,5,2,0,0,1,0
175,8,3,1,1,0,0,0
175,9,3,1,1,0,0,1
175,10,8,2,1,1,0,0
175,11,4,1,1,1,-1,0
175,12,2,1,0,1,1,0
175,13,4,1,1,1,0,0
175,14,4,1,1,1,0,0
175,15,8,2,1,1,0,-1
175,16,7,2,1,0,0,0
175,17,3,1,1,0,0,0
175,18,3,1,1,0,0,0
175,19,7,2,1,0,0,0
175,20,7,2,1,0,0,0
175,21,7,2,1,0,0,1
175,22,4,1,1,1,0,0
175,23,4,1,1,1,0,-1
175,24,3,1,1,0,0,1
175,25,4,1,1,1,0,-1
175,26,3,1,1,0,0,0
175,27,3,1,1,0,0,1
175,28,4,1,1,1,0,0
175,29,4,1,1,1,0,0
175,30,4,1,1,1,0,0
175,31,4,1,1,1,0,0
175,32,8,2,1,1,0,0
175,33,8,2,1,1,0,-1
175,34,7,2,1,0,0,0
175,35,3,1,1,0,0,1
175,36,4,1,1,1,0,0
175,37,8,2,1,1,-1,0
175,38,6,2,0,1,0,0
175,39,6,2,0,1,0,0
175,40,6,2,0,1,0,-1
175,41,5,2,0,0,1,0
175,42,3,1,1,0,0,1
175,43,4,1,1,1,0,0
175,44,4,1,1,1,0,0
175,45,8,2,1,1,0,-1
175,46,3,1,1,0,0,0
175,47,3,1,1,0,-1,0
175,48,1,1,0,0,0,0
175,49,5,2,0,0,0,1
175,50,6,2,0,1,1,0
176,1,4,1,1,1,0,0
176,2,4,1,1,1,0,0
176,3,4,1,1,1,0,0
176,4,4,1,1,1,0,0
176,5,4,1,1,1,0,-1
176,6,3,1,1,0,0,0
176,7,3,1,1,0,0,0
176,8,3,1,1,0,0,0
176,9,3,1,1,0,0,0
176,10,3,1,1,0,0,0
176,11,3,1,1,0,0,1
176,12,4,1,1,1,0,0
176,13,4,1,1,1,0,0
176,14,4,1,1,1,0,0
176,15,8,2,1,1,0,0
176,16,8,2,1,1,0,0
176,17,8,2,1,1,0,0
176,18,4,1,1,1,0,0
176,19,8,2,1,1,0,0
176,20,4,1,1,1,0,0
176,21,4,1,1,1,0,-1
176,22,3,1,1,0,0,0
176,23,7,2,1,0,-1,0
176,24,5,2,0,0,0,1
176,25,6,2,0,1,1,0
176,26,4,1,1,1,0,0
176,27,4,1,1,1,-1,0
176,28,6,2,0,1,1,0
176,29,8,2,1,1,-1,-1
176,30,5,2,0,0,1,1
176,31,8,2,1,1,-1,0
176,32,6,2,0,1,1,-1
176,33,3,1,1,0,-1,0
176,34,5,2,0,0,0,1
176,35,2,1,0,1,0,0
176,36,2,1,0,1,1,0
176,37,4,1,1,1,-1,0
176,38,6,2,0,1,1,0
176,39,8,2,1,1,0,0
176,40,4,1,1,1,0,0
176,41,4,1,1,1,0,0
176,42,4,1,1,1,0,0
176,43,4,1,1,1,0,0
176,44,8,2,1,1,0,0
176,45,8,2,1,1,0,-1
176,46,7,2,1,0,-1,1
176,47,6,2,0,1,1,-1
176,48,3,1,1,0,0,0
176,49,3,1,1,0,0,0
176,50,3,1,1,0,0,0
177,1,3,1,1,0,0,1
177,2,8,2,1,1,-1,0
177,3,2,1,0,1,0,-1
177,4,5,2,0,0,0,0
177,5,5,2,0,0,0,1
177,6,6,2,0,1,0,0
177,7,6,2,0,1,0,-1
177,8,1,1,0,0,1,1
177,9,4,1,1,1,0,-1
177,10,7,2,1,0,-1,0
177,11,5,2,0,0,0,1
177,12,2,1,0,1,1,0
177,13,8,2,1,1,0,0
177,14,8,2,1,1,-1,0
177,15,2,1,0,1,0,0
177,16,2,1,0,1,0,0
177,17,2,1,0,1,0,0
177,18,6,2,0,1,0,0
177,19,6,2,0,1,0,0
177,20,6,2,0,1,0,0
177,21,6,2,0,1,1,0
177,22,8,2,1,1,0,0
177,23,8,2,1,1,-1,0
177,24,6,2,0,1,1,-1
177,25,7,2,1,0,-1,0
177,26,5,2,0,0,0,0
177,27,1,1,0,0,0,0
177,28,5,2,0,0,1,0
177,29,3,1,1,0,0,0
177,30,3,1,1,0,0,0
177,31,3,1,1,0,0,0
177,32,3,1,1,0,0,0
177,33,3,1,1,0,0,0
177,34,3,1,1,0,0,0
177,35,3,1,1,0,0,0
177,36,3,1,1,0,0,1
177,37,8,2,1,1,-1,0
177,38,6,2,0,1,1,0
177,39,4,1,1,1,0,0
177,40,4,1,1,1,0,0
177,41,4,1,1,1,0,-1
177,42,7,2,1,0,0,1
177,43,8,2,1,1,-1,0
177,44,6,2,0,1,0,0
177,45,6,2,0,1,0,0
177,46,6,2,0,1,0,-1
177,47,5,2,0,0,0,1
177,48,6,2,0,1,0,0
177,49,6,2,0,1,1,0
177,50,4,1,1,1,0,0
178,1,8,2,1,1,-1,0
178,2,6,2,0,1,0,-1
178,3,5,2,0,0,0,0
178,4,1,1,0,0,0,0
178,5,1,1,0,0,1,0
178,6,3,1,1,0,0,0
178,7,3,1,1,0,0,0
178,8,3,1,1,0,0,1
178,9,4,1,1,1,0,0
178,10,4,1,1,1,-1,0
178,11,2,1,0,1,0,0
178,12,6,2,0,1,0,0
178,13,6,2,0,1,0,0
178,14,2,1,0,1,0,-1
178,15,1,1,0,0,0,0
178,16,1,1,0,0,0,0
178,17,1,1,0,0,1,0
178,18,7,2,1,0,0,0
178,19,7,2,1,0,0,0
178,20,7,2,1,0,-1,0
178,21,1,1,0,0,1,1
178,22,4,1,1,1,-1,-1
178,23,1,1,0,0,0,0
178,24,5,2,0,0,0,1
178,25,6,2,0,1,0,0
178,26,2,1,0,1,0,0
178,27,2,1,0,1,0,0
178,28,6,2,0,1,0,0
178,29,6,2,0,1,0,0
178,30,2,1,0,1,0,0
178,31,2,1,0,1,0,0
178,32,6,2,0,1,0,-1
178,33,1,1,0,0,0,0
178,34,1,1,0,0,0,0
178,35,1,1,0,0,0,0
178,36,1,1,0,0,1,1
178,37,4,1,1,1,0,0
178,38,4,1,1,1,0,-1
178,39,7,2,1,0,0,0
178,40,7,2,1,0,0,1
178,41,4,1,1,1,0,-1
178,42,3,1,1,0,0,0
178,43,7,2,1,0,-1,0
178,44,1,1,0,0,0,0
178,45,5,2,0,0,1,0
178,46,3,1,1,0,0,1
178,47,4,1,1,1,0,0
178,48,4,1,1,1,0,-1
178,49,3,1,1,0,0,0
178,50,3,1,1,0,0,1
179,1,5,2,0,0,1,0
179,2,7,2,1,0,-1,0
179,3,1,1,0,0,1,0
179,4,7,2,1,0,-1,0
179,5,5,2,0,0,0,0
179,6,5,2,0,0,0,0
179,7,5,2,0,0,1,1
179,8,4,1,1,1,0,-1
179,9,3,1,1,0,0,0
179,10,3,1,1,0,-1,0
179,11,1,1,0,0,0,0
179,12,5,2,0,0,0,1
179,13,2,1,0,1,1,-1
179,14,3,1,1,0,0,0
179,15,3,1,1,0,0,0
179,16,3,1,1,0,-1,0
179,17,5,2,0,0,0,0
179,18,5,2,0,0,0,0
179,19,5,2,0,0,1,1
179,20,4,1,1,1,0,0
179,21,4,1,1,1,0,0
179,22,4,1,1,1,0,0
179,23,4,1,1,1,0,0
179,24,8,2,1,1,-1,0
179,25,6,2,0,1,1,0
179,26,8,2,1,1,-1,0
179,27,2,1,0,1,1,0
179,28,4,1,1,1,0,0
179,29,4,1,1,1,0,-1
179,30,3,1,1,0,0,0
179,31,3,1,1,0,0,0
179,32,3,1,1,0,0,0
179,33,7,2,1,0,0,0
179,34,3,1,1,0,0,1
179,35,4,1,1,1,0,-1
179,36,7,2,1,0,0,0
179,37,7,2,1,0,0,0
179,38,7,2,1,0,0,0
179,39,7,2,1,0,0,0
179,40,7,2,1,0,-1,0
179,41,5,2,0,0,1,0
179,42,3,1,1,0,0,0
179,43,7,2,1,0,0,1
179,44,4,1,1,1,0,0
179,45,4,1,1,1,-1,-1
179,46,1,1,0,0,1,0
179,47,7,2,1,0,-1,0
179,48,5,2,0,0,1,1
179,49,4,1,1,1,0,0
179,50,4,1,1,1,-1,0
180,1,4,1,1,1,0,0
180,2,4,1,1,1,0,0
180,3,4,1,1,1,0,0
180,4,4,1,1,1,0,0
180,5,8,2,1,1,0,-1
180,6,7,2,1,0,0,0
180,7,3,1,1,0,-1,0
180,8,1,1,0,0,1,0
180,9,7,2,1,0,-1,0
180,10,1,1,0,0,0,0
180,11,5,2,0,0,0,0
180,12,1,1,0,0,1,1
180,13,4,1,1,1,-1,-1
180,14,1,1,0,0,0,0
180,15,1,1,0,0,1,0
180,16,7,2,1,0,0,0
180,17,3,1,1,0,0,0
180,18,3,1,1,0,-1,0
180,19,1,1,0,0,0,0
180,20,1,1,0,0,0,0
180,21,5,2,0,0,1,0
180,22,7,2,1,0,0,1
180,23,8,2,1,1,-1,0
180,24,2,1,0,1,0,0
180,25,2,1,0,1,0,0
180,26,2,1,0,1,0,0
180,27,6,2,0,1,0,0
180,28,2,1,0,1,0,0
180,29,6,2,0,1,0,0
180,30,6,2,0,1,1,-1
180,31,7,2,1,0,0,0
180,32,3,1,1,0,0,1
180,33,8,2,1,1,0,0
180,34,8,2,1,1,0,0
180,35,8,2,1,1,0,0
180,36,4,1,1,1,0,0
180,37,4,1,1,1,0,0
180,38,8,2,1,1,0,0
180,39,8,2,1,1,0,0
180,40,4,1,1,1,-1,0
180,41,2,1,0,1,0,0
180,42,2,1,0,1,0,0
180,43,6,2,0,1,0,0
180,44,6,2,0,1,1,0
180,45,4,1,1,1,0,0
180,46,4,1,1,1,-1,0
180,47,6,2,0,1,0,0
180,48,2,1,0,1,1,0
180,49,8,2,1,1,-1,0
180,50,6,2,0,1,1,0
181,1,5,2,0,0,0,0
181,2,5,2,0,0,0,1
181,3,6,2,0,1,0,0
181,4,6,2,0,1,1,0
181,5,8,2,1,1,0,0
181,6,8,2,1,1,0,-1
181,7,7,2,1,0,0,0
181,8,7,2,1,0,0,0
181,9,7,2,1,0,0,0
181,10,7,2,1,0,0,0
181,11,3,1,1,0,0,0
181,12,3,1,1,0,0,0
181,13,3,1,1,0,0,0
181,14,7,2,1,0,0,0
181,15,3,1,1,0,0,0
181,16,7,2,1,0,0,0
181,17,7,2,1,0,0,1
181,18,8,2,1,1,0,-1
181,19,7,2,1,0,0,0
181,20,7,2,1,0,0,0
181,21,3,1,1,0,0,1
181,22,4,1,1,1,0,0
181,23,4,1,1,1,0,0
181,24,8,2,1,1,0,0
181,25,8,2,1,1,0,0
181,26,4,1,1,1,0,0
181,27,4,1,1,1,-1,0
181,28,2,1,0,1,0,0
181,29,6,2,0,1,0,0
181,30,2,1,0,1,0,0
181,31,2,1,0,1,0,0
181,32,6,2,0,1,0,0
181,33,2,1,0,1,0,0
181,34,2,1,0,1,0,-1
181,35,5,2,0,0,0,0
181,36,5,2,0,0,1,1
181,37,8,2,1,1,0,-1
181,38,7,2,1,0,0,0
181,39,7,2,1,0,0,1
181,40,8,2,1,1,0,0
181,41,4,1,1,1,0,0
181,42,4,1,1,1,0,0
181,43,8,2,1,1,0,0
181,44,8,2,1,1,0,-1
181,45,7,2,1,0,0,1
181,46,4,1,1,1,0,-1
181,47,3,1,1,0,0,0
181,48,3,1,1,0,0,0
181,49,3,1,1,0,-1,0
181,50,1,1,0,0,0,0
182,1,7,2,1,0,0,0
182,2,7,2,1,0,0,0
182,3,3,1,1,0,0,0
182,4,7,2,1,0,0,0
182,5,7,2,1,0,0,0
182,6,7,2,1,0,0,1
182,7,4,1,1,1,0,0
182,8,4,1,1,1,0,0
182,9,4,1,1,1,0,0
182,10,8,2,1,1,0,0
182,11,4,1,1,1,0,0
182,12,4,1,1,1,0,0
182,13,4,1,1,1,0,0
182,14,4,1,1,1,0,0
182,15,4,1,1,1,0,-1
182,16,3,1,1,0,0,0
182,17,3,1,1,0,0,0
182,18,3,1,1,0,0,0
182,19,3,1,1,0,-1,1
182,20,2,1,0,1,1,0
182,21,4,1,1,1,-1,0
182,22,2,1,0,1,0,0
182,23,2,1,0,1,0,-1
182,24,5,2,0,0,0,1
182,25,6,2,0,1,1,0
182,26,4,1,1,1,0,0
182,27,4,1,1,1,0,0
182,28,4,1,1,1,0,0
182,29,8,2,1,1,-1,0
182,30,6,2,0,1,0,0
182,31,6,2,0,1,0,0
182,32,6,2,0,1,0,0
182,33,6,2,0,1,0,-1
182,34,5,2,0,0,0,0
182,35,1,1,0,0,0,1
182,36,2,1,0,1,0,0
182,37,2,1,0,1,1,0
182,38,4,1,1,1,0,0
182,39,8,2,1,1,0,-1
182,40,7,2,1,0,0,0
182,41,7,2,1,0,0,0
182,42,7,2,1,0,0,0
182,43,7,2,1,0,0,0
182,44,3,1,1,0,0,1
182,45,8,2,1,1,0,0
182,46,4,1,1,1,0,-1
182,47,3,1,1,0,-1,1
182,48,6,2,0,1,1,0
182,49,8,2,1,1,0,0
182,50,4,1,1,1,-1,0
183,1,5,2,0,0,0,1
183,2,2,1,0,1,0,-1
183,3,1,1,0,0,0,0
183,4,5,2,0,0,0,0
183,5,1,1,0,0,1,0
183,6,7,2,1,0,0,1
183,7,8,2,1,1,0,0
183,8,4,1,1,1,0,0
183,9,4,1,1,1,0,-1
183,10,3,1,1,0,0,0
183,11,3,1,1,0,0,0
183,12,3,1,1,0,0,0
183,13,3,1,1,0,-1,0
183,14,1,1,0,0,0,0
183,15,1,1,0,0,0,0
183,16,1,1,0,0,0,1
183,17,6,2,0,1,0,0
183,18,6,2,0,1,0,0
183,19,6,2,0,1,0,0
183,20,2,1,0,1,0,0
183,21,6,2,0,1,0,0
183,22,6,2,0,1,0,0
183,23,2,1,0,1,0,0
183,24,2,1,0,1,1,-1
183,25,7,2,1,0,0,0
183,26,3,1,1,0,0,0
183,27,3,1,1,0,0,0
183,28,3,1,1,0,0,0
183,29,7,2,1,0,-1,0
183,30,5,2,0,0,0,0
183,31,5,2,0,0,1,0
183,32,7,2,1,0,-1,0
183,33,1,1,0,0,1,0
183,34,3,1,1,0,0,0
183,35,3,1,1,0,0,1
183,36,4,1,1,1,-1,0
183,37,2,1,0,1,1,0
183,38,4,1,1,1,0,0
183,39,4,1,1,1,0,0
183,40,4,1,1,1,-1,0
183,41,6,2,0,1,0,0
183,42,2,1,0,1,1,0
183,43,4,1,1,1,0,-1
183,44,3,1,1,0,0,1
183,45,8,2,1,1,0,0
183,46,4,1,1,1,0,0
183,47,8,2,1,1,0,-1
183,48,3,1,1,0,0,0
183,49,7,2,1,0,-1,0
183,50,5,2,0,0,0,0
184,1,7,2,1,0,0,0
184,2,7,2,1,0,0,0
184,3,3,1,1,0,0,1
184,4,8,2,1,1,0,0
184,5,8,2,1,1,-1,-1
184,6,1,1,0,0,0,0
184,7,1,1,0,0,0,0
184,8,1,1,0,0,1,0
184,9,3,1,1,0,0,1
184,10,4,1,1,1,0,0
184,11,4,1,1,1,0,0
184,12,8,2,1,1,0,0
184,13,4,1,1,1,0,0
184,14,4,1,1,1,0,0
184,15,4,1,1,1,0,-1
184,16,3,1,1,0,0,0
184,17,3,1,1,0,0,1
184,18,4,1,1,1,0,0
184,19,4,1,1,1,-1,0
184,20,6,2,0,1,1,0
184,21,8,2,1,1,0,0
184,22,8,2,1,1,-1,0
184,23,6,2,0,1,0,0
184,24,2,1,0,1,1,-1
184,25,3,1,1,0,0,0
184,26,7,2,1,0,-1,0
184,27,1,1,0,0,0,1
184,28,2,1,0,1,0,0
184,29,2,1,0,1,0,0
184,30,6,2,0,1,0,0
184,31,2,1,0,1,1,0
184,32,8,2,1,1,0,0
184,33,8,2,1,1,0,0
184,34,8,2,1,1,0,0
184,35,8,2,1,1,0,0
184,36,8,2,1,1,0,0
184,37,8,2,1,1,0,0
184,38,8,2,1,1,0,0
184,39,8,2,1,1,0,0
184,40,8,2,1,1,0,-1
184,41,3,1,1,0,0,0
184,42,3,1,1,0,0,1
184,43,8,2,1,1,0,0
184,44,8,2,1,1,0,-1
184,45,7,2,1,0,-1,1
184,46,6,2,0,1,0,-1
184,47,1,1,0,0,0,0
184,48,5,2,0,0,0,0
184,49,5,2,0,0,0,0
184,50,5,2,0,0,0,0
185,1,5,2,0,0,0,0
185,2,5,2,0,0,1,0
185,3,3,1,1,0,0,0
185,4,3,1,1,0,0,0
185,5,3,1,1,0,0,0
185,6,3,1,1,0,0,1
185,7,4,1,1,1,0,-1
185,8,3,1,1,0,0,1
185,9,4,1,1,1,0,0
185,10,4,1,1,1,0,-1
185,11,3,1,1,0,0,0
185,12,3,1,1,0,-1,1
185,13,2,1,0,1,0,0
185,14,2,1,0,1,1,0
185,15,4,1,1,1,0,0
185,16,8,2,1,1,0,-1
185,17,7,2,1,0,0,1
185,18,8,2,1,1,0,0
185,19,8,2,1,1,-1,0
185,20,6,2,0,1,1,0
185,21,4,1,1,1,0,-1
185,22,3,1,1,0,0,0
185,23,3,1,1,0,0,0
185,24,3,1,1,0,-1,1
185,25,2,1,0,1,1,0
185,26,4,1,1,1,0,0
185,27,4,1,1,1,0,0
185,28,4,1,1,1,0,0
185,29,4,1,1,1,0,0
185,30,4,1,1,1,0,0
185,31,4,1,1,1,0,-1
185,32,7,2,1,0,0,0
185,33,3,1,1,0,0,0
185,34,3,1,1,0,0,1
185,35,4,1,1,1,0,0
185,36,4,1,1,1,0,0
185,37,8,2,1,1,-1,0
185,38,2,1,0,1,0,-1
185,39,1,1,0,0,1,1
185,40,4,1,1,1,0,0
185,41,4,1,1,1,0,0
185,42,4,1,1,1,0,-1
185,43,3,1,1,0,-1,0
185,44,5,2,0,0,0,0
185,45,1,1,0,0,1,0
185,46,3,1,1,0,0,0
185,47,3,1,1,0,-1,0
185,48,1,1,0,0,1,0
185,49,3,1,1,0,0,0
185,50,7,2,1,0,-1,0
186,1,2,1,0,1,0,0
186,2,2,1,0,1,1,0
186,3,4,1,1,1,-1,-1
186,4,1,1,0,0,0,1
186,5,2,1,0,1,0,0
186,6,6,2,0,1,0,0
186,7,6,2,0,1,0,0
186,8,2,1,0,1,1,0
186,9,4,1,1,1,0,-1
186,10,3,1,1,0,0,1
186,11,4,1,1,1,0,0
186,12,4,1,1,1,0,0
186,13,8,2,1,1,0,-1
186,14,7,2,1,0,0,0
186,15,7,2,1,0,0,0
186,16,7,2,1,0,0,1
186,17,4,1,1,1,0,0
186,18,4,1,1,1,0,0
186,19,4,1,1,1,0,0
186,20,8,2,1,1,0,0
186,21,8,2,1,1,0,-1
186,22,7,2,1,0,0,0
186,23,3,1,1,0,0,0
186,24,7,2,1,0,0,0
186,25,3,1,1,0,-1,0
186,26,1,1,0,0,1,0
186,27,3,1,1,0,0,0
186,28,7,2,1,0,0,0
186,29,7,2,1,0,0,0
186,30,7,2,1,0,0,0
186,31,7,2,1,0,0,1
186,32,8,2,1,1,0,-1
186,33,7,2,1,0,0,1
186,34,8,2,1,1,0,-1
186,35,7,2,1,0,0,0
186,36,3,1,1,0,0,0
186,37,3,1,1,0,0,0
186,38,3,1,1,0,0,0
186,39,3,1,1,0,-1,0
186,40,1,1,0,0,0,0
186,41,1,1,0,0,1,0
186,42,3,1,1,0,-1,0
186,43,1,1,0,0,0,0
186,44,1,1,0,0,0,0
186,45,1,1,0,0,1,0
186,46,7,2,1,0,0,0
186,47,7,2,1,0,0,0
186,48,7,2,1,0,0,0
186,49,3,1,1,0,0,0
186,50,7,2,1,0,0,0
187,1,7,2,1,0,0,1
187,2,4,1,1,1,0,0
187,3,8,2,1,1,0,-1
187,4,7,2,1,0,0,1
187,5,8,2,1,1,-1,0
187,6,6,2,0,1,0,0
187,7,2,1,0,1,0,0
187,8,2,1,0,1,0,0
187,9,2,1,0,1,0,0
187,10,2,1,0,1,1,0
187,11,4,1,1,1,0,0
187,12,4,1,1,1,0,0
187,13,4,1,1,1,0,0
187,14,8,2,1,1,0,-1
187,15,7,2,1,0,0,0
187,16,7,2,1,0,-1,1
187,17,6,2,0,1,0,0
187,18,2,1,0,1,0,0
187,19,6,2,0,1,0,-1
187,20,5,2,0,0,0,1
187,21,2,1,0,1,0,0
187,22,6,2,0,1,0,0
187,23,6,2,0,1,0,-1
187,24,1,1,0,0,0,0
187,25,1,1,0,0,1,0
187,26,3,1,1,0,0,0
187,27,3,1,1,0,0,0
187,28,3,1,1,0,0,1
187,29,4,1,1,1,-1,0
187,30,6,2,0,1,1,0
187,31,4,1,1,1,0,-1
187,32,3,1,1,0,0,0
187,33,7,2,1,0,0,0
187,34,3,1,1,0,0,1
187,35,4,1,1,1,0,0
187,36,4,1,1,1,0,-1
187,37,7,2,1,0,0,0
187,38,7,2,1,0,-1,0
187,39,5,2,0,0,0,0
187,40,1,1,0,0,0,1
187,41,2,1,0,1,0,0
187,42,2,1,0,1,1,0
187,43,4,1,1,1,0,0
187,44,4,1,1,1,-1,0
187,45,2,1,0,1,0,0
187,46,6,2,0,1,1,0
187,47,8,2,1,1,-1,0
187,48,6,2,0,1,0,0
187,49,2,1,0,1,0,-1
187,50,1,1,0,0,0,0
188,1,8,2,1,1,0,0
188,2,8,2,1,1,0,0
188,3,4,1,1,1,0,0
188,4,4,1,1,1,0,-1
188,5,3,1,1,0,0,0
188,6,3,1,1,0,-1,1
188,7,2,1,0,1,1,0
188,8,4,1,1,1,0,0
188,9,4,1,1,1,-1,0
188,10,2,1,0,1,0,0
188,11,2,1,0,1,0,0
188,12,2,1,0,1,1,0
188,13,4,1,1,1,0,0
188,14,8,2,1,1,0,0
188,15,8,2,1,1,0,0
188,16,8,2,1,1,0,-1
188,17,7,2,1,0,0,0
188,18,7,2,1,0,0,0
188,19,7,2,1,0,0,0
188,20,3,1,1,0,0,0
188,21,3,1,1,0,0,0
188,22,3,1,1,0,0,0
188,23,3,1,1,0,0,1
188,24,4,1,1,1,0,0
188,25,4,1,1,1,0,0
188,26,4,1,1,1,0,0
188,27,4,1,1,1,0,-1
188,28,3,1,1,0,0,0
188,29,3,1,1,0,0,1
188,30,8,2,1,1,0,-1
188,31,3,1,1,0,0,0
188,32,7,2,1,0,0,0
188,33,3,1,1,0,0,1
188,34,4,1,1,1,0,0
188,35,8,2,1,1,-1,0
188,36,2,1,0,1,0,-1
188,37,1,1,0,0,1,1
188,38,4,1,1,1,0,0
188,39,4,1,1,1,0,0
188,40,8,2,1,1,0,0
188,41,8,2,1,1,-1,-1
188,42,5,2,0,0,0,0
188,43,1,1,0,0,0,1
188,44,2,1,0,1,0,-1
188,45,1,1,0,0,0,0
188,46,1,1,0,0,0,1
188,47,6,2,0,1,0,-1
188,48,5,2,0,0,0,0
188,49,1,1,0,0,0,0
188,50,1,1,0,0,1,0
189,1,6,2,0,1,0,0
189,2,6,2,0,1,0,0
189,3,6,2,0,1,1,-1
189,4,7,2,1,0,-1,1
189,5,2,1,0,1,1,0
189,6,4,1,1,1,0,0
189,7,8,2,1,1,0,0
189,8,8,2,1,1,0,-1
189,9,3,1,1,0,0,0
189,10,3,1,1,0,0,1
189,11,8,2,1,1,0,0
189,12,4,1,1,1,0,0
189,13,4,1,1,1,-1,0
189,14,2,1,0,1,0,0
189,15,6,2,0,1,1,-1
189,16,7,2,1,0,0,0
189,17,3,1,1,0,0,0
189,18,7,2,1,0,-1,0
189,19,1,1,0,0,0,0
189,20,5,2,0,0,1,0
189,21,3,1,1,0,-1,1
189,22,2,1,0,1,0,0
189,23,2,1,0,1,0,0
189,24,6,2,0,1,0,0
189,25,6,2,0,1,0,-1
189,26,1,1,0,0,1,1
189,27,4,1,1,1,0,0
189,28,4,1,1,1,0,-1
189,29,3,1,1,0,0,0
189,30,3,1,1,0,0,0
189,31,3,1,1,0,0,0
189,32,7,2,1,0,0,0
189,33,3,1,1,0,-1,1
189,34,2,1,0,1,0,0
189,35,2,1,0,1,0,0
189,36,2,1,0,1,0,0
189,37,6,2,0,1,0,-1
189,38,5,2,0,0,0,0
189,39,5,2,0,0,1,0
189,40,3,1,1,0,0,0
189,41,3,1,1,0,0,0
189,42,7,2,1,0,0,0
189,43,3,1,1,0,0,0
189,44,3,1,1,0,0,1
189,45,4,1,1,1,-1,0
189,46,2,1,0,1,0,0
189,47,2,1,0,1,0,0
189,48,6,2,0,1,0,-1
189,49,1,1,0,0,1,0
189,50,3,1,1,0,-1,0
190,1,5,2,0,0,0,0
190,2,1,1,0,0,1,0
190,3,7,2,1,0,0,0
190,4,3,1,1,0,0,0
190,5,7,2,1,0,0,0
190,6,7,2,1,0,-1,0
190,7,5,2,0,0,0,1
190,8,2,1,0,1,0,-1
190,9,5,2,0,0,0,0
190,10,5,2,0,0,0,0
190,11,5,2,0,0,0,0
190,12,1,1,0,0,1,0
190,13,3,1,1,0,0,0
190,14,3,1,1,0,0,1
190,15,4,1,1,1,0,0
190,16,4,1,1,1,-1,0
190,17,2,1,0,1,1,0
190,18,4,1,1,1,-1,0
190,19,2,1,0,1,0,0
190,20,2,1,0,1,0,0
190,21,6,2,0,1,0,0
190,22,6,2,0,1,0,0
190,23,6,2,0,1,0,-1
190,24,5,2,0,0,1,0
190,25,3,1,1,0,0,0
190,26,3,1,1,0,0,1
190,27,4,1,1,1,0,0
190,28,4,1,1,1,0,-1
190,29,7,2,1,0,0,0
190,30,7,2,1,0,0,1
190,31,8,2,1,1,0,-1
190,32,7,2,1,0,0,0
190,33,3,1,1,0,0,0
190,34,3,1,1,0,0,0
190,35,3,1,1,0,-1,0
190,36,1,1,0,0,0,0
190,37,1,1,0,0,0,0
190,38,5,2,0,0,1,0
190,39,3,1,1,0,0,0
190,40,3,1,1,0,0,0
190,41,3,1,1,0,0,0
190,42,3,1,1,0,-1,0
190,43,1,1,0,0,1,0
190,44,3,1,1,0,0,0
190,45,3,1,1,0,0,0
190,46,7,2,1,0,0,0
190,47,7,2,1,0,0,0
190,48,7,2,1,0,0,0
190,49,3,1,1,0,0,0
190,50,7,2,1,0,0,1
191,1,4,1,1,1,0,0
191,2,4,1,1,1,0,0
191,3,8,2,1,1,0,0
191,4,8,2,1,1,-1,-1
191,5,1,1,0,0,0,0
191,6,1,1,0,0,0,0
191,7,1,1,0,0,0,0
191,8,5,2,0,0,0,0
191,9,5,2,0,0,0,0
191,10,1,1,0,0,0,0
191,11,1,1,0,0,1,0
191,12,7,2,1,0,-1,0
191,13,5,2,0,0,0,0
191,14,5,2,0,0,0,0
191,15,5,2,0,0,0,1
191,16,6,2,0,1,0,-1
191,17,1,1,0,0,1,0
191,18,3,1,1,0,0,0
191,19,3,1,1,0,0,0
191,20,3,1,1,0,0,0
191,21,3,1,1,0,0,0
191,22,3,1,1,0,0,0
191,23,3,1,1,0,0,0
191,24,3,1,1,0,0,0
191,25,7,2,1,0,0,0
191,26,3,1,1,0,0,0
191,27,7,2,1,0,-1,0
191,28,1,1,0,0,0,0
191,29,1,1,0,0,1,0
191,30,7,2,1,0,0,1
191,31,8,2,1,1,0,0
191,32,8,2,1,1,0,0
191,33,4,1,1,1,0,0
191,34,4,1,1,1,0,0
191,35,4,1,1,1,0,0
191,36,4,1,1,1,0,0
191,37,4,1,1,1,0,0
191,38,4,1,1,1,0,0
191,39,8,2,1,1,-1,0
191,40,6,2,0,1,0,-1
191,41,1,1,0,0,0,0
191,42,5,2,0,0,1,1
191,43,8,2,1,1,0,-1
191,44,7,2,1,0,0,0
191,45,7,2,1,0,0,0
191,46,3,1,1,0,-1,0
191,47,1,1,0,0,0,0
191,48,5,2,0,0,0,1
191,49,2,1,0,1,0,0
191,50,6,2,0,1,1,0
192,1,2,1,0,1,1,-1
192,2,7,2,1,0,0,0
192,3,3,1,1,0,0,0
192,4,3,1,1,0,0,1
192,5,4,1,1,1,0,0
192,6,4,1,1,1,0,0
192,7,4,1,1,1,0,0
192,8,8,2,1,1,0,-1
192,9,7,2,1,0,0,1
192,10,8,2,1,1,0,0
192,11,8,2,1,1,-1,-1
192,12,1,1,0,0,1,1
192,13,4,1,1,1,0,0
192,14,4,1,1,1,0,0
192,15,4,1,1,1,-1,0
192,16,2,1,0,1,1,0
192,17,8,2,1,1,-1,0
192,18,6,2,0,1,0,0
192,19,6,2,0,1,0,0
192,20,2,1,0,1,0,0
192,21,2,1,0,1,0,0
192,22,2,1,0,1,0,0
192,23,2,1,0,1,1,-1
192,24,3,1,1,0,0,0
192,25,7,2,1,0,0,0
192,26,3,1,1,0,0,0
192,27,3,1,1,0,0,1
192,28,8,2,1,1,0,-1
192,29,3,1,1,0,0,1
192,30,8,2,1,1,0,0
192,31,4,1,1,1,0,0
192,32,8,2,1,1,0,0
192,33,4,1,1,1,0,0
192,34,4,1,1,1,0,0
192,35,4,1,1,1,0,0
192,36,4,1,1,1,-1,0
192,37,2,1,0,1,0,0
192,38,2,1,0,1,0,0
192,39,2,1,0,1,0,0
192,40,2,1,0,1,0,-1
192,41,1,1,0,0,0,0
192,42,5,2,0,0,1,1
192,43,8,2,1,1,-1,0
192,44,6,2,0,1,0,0
192,45,2,1,0,1,0,0
192,46,6,2,0,1,1,-1
192,47,7,2,1,0,0,0
192,48,7,2,1,0,0,0
192,49,3,1,1,0,0,0
192,50,3,1,1,0,0,0
193,1,3,1,1,0,0,0
193,2,7,2,1,0,0,0
193,3,3,1,1,0,0,0
193,4,3,1,1,0,-1,0
193,5,1,1,0,0,1,0
193,6,3,1,1,0,-1,0
193,7,1,1,0,0,0,1
193,8,2,1,0,1,1,0
193,9,8,2,1,1,0,0
193,10,4,1,1,1,0,0
193,11,4,1,1,1,-1,0
193,12,6,2,0,1,1,0
193,13,8,2,1,1,-1,-1
193,14,1,1,0,0,0,0
193,15,1,1,0,0,0,0
193,16,1,1,0,0,0,0
193,17,1,1,0,0,0,1
193,18,2,1,0,1,0,-1
193,19,1,1,0,0,1,0
193,20,3,1,1,0,0,0
193,21,3,1,1,0,0,1
193,22,8,2,1,1,-1,-1
193,23,1,1,0,0,0,1
193,24,2,1,0,1,0,0
193,25,2,1,0,1,1,0
193,26,4,1,1,1,0,0
193,27,4,1,1,1,0,0
193,28,8,2,1,1,0,0
193,29,4,1,1,1,0,-1
193,30,7,2,1,0,0,0
193,31,7,2,1,0,0,1
193,32,8,2,1,1,0,0
193,33,4,1,1,1,0,-1
193,34,7,2,1,0,0,1
193,35,8,2,1,1,0,-1
193,36,3,1,1,0,0,1
193,37,8,2,1,1,-1,0
193,38,6,2,0,1,0,0
193,39,6,2,0,1,1,0
193,40,8,2,1,1,0,0
193,41,8,2,1,1,0,0
193,42,8,2,1,1,0,0
193,43,8,2,1,1,0,0
193,44,8,2,1,1,-1,0
193,45,6,2,0,1,0,0
193,46,2,1,0,1,1,0
193,47,8,2,1,1,0,0
193,48,4,1,1,1,0,0
193,49,4,1,1,1,0,0
193,50,4,1,1,1,0,-1
194,1,4,1,1,1,0,0
194,2,8,2,1,1,0,0
194,3,8,2,1,1,0,-1
194,4,7,2,1,0,0,0
194,5,7,2,1,0,0,0
194,6,7,2,1,0,0,0
194,7,7,2,1,0,-1,0
194,8,5,2,0,0,1,1
194,9,8,2,1,1,0,-1
194,10,3,1,1,0,-1,1
194,11,2,1,0,1,0,0
194,12,6,2,0,1,0,0
194,13,2,1,0,1,0,0
194,14,2,1,0,1,0,0
194,15,2,1,0,1,0,0
194,16,2,1,0,1,0,0
194,17,6,2,0,1,1,-1
194,18,7,2,1,0,0,1
194,19,4,1,1,1,0,0
194,20,4,1,1,1,0,-1
194,21,7,2,1,0,0,0
194,22,7,2,1,0,0,1
194,23,4,1,1,1,0,0
194,24,8,2,1,1,0,0
194,25,8,2,1,1,-1,-1
194,26,5,2,0,0,0,0
194,27,1,1,0,0,0,0
194,28,1,1,0,0,0,0
194,29,1,1,0,0,0,0
194,30,1,1,0,0,0,0
194,31,5,2,0,0,0,0
194,32,5,2,0,0,0,0
194,33,1,1,0,0,1,0
194,34,3,1,1,0,-1,0
194,35,5,2,0,0,0,0
194,36,5,2,0,0,0,0
194,37,1,1,0,0,1,0
194,38,3,1,1,0,0,0
194,39,3,1,1,0,0,1
194,40,4,1,1,1,0,0
194,41,4,1,1,1,-1,0
194,42,2,1,0,1,1,0
194,43,4,1,1,1,0,0
194,44,4,1,1,1,0,0
194,45,4,1,1,1,0,0
194,46,8,2,1,1,0,0
194,47,4,1,1,1,0,0
194,48,4,1,1,1,-1,0
194,49,6,2,0,1,0,0
194,50,6,2,0,1,0,0
195,1,2,1,0,1,0,-1
195,2,1,1,0,0,1,0
195,3,3,1,1,0,0,0
195,4,3,1,1,0,0,0
195,5,3,1,1,0,0,0
195,6,7,2,1,0,0,1
195,7,8,2,1,1,0,0
195,8,4,1,1,1,0,0
195,9,4,1,1,1,0,0
195,10,4,1,1,1,0,0
195,11,8,2,1,1,0,0
195,12,8,2,1,1,0,0
195,13,4,1,1,1,0,0
195,14,8,2,1,1,-1,0
195,15,2,1,0,1,0,0
195,16,2,1,0,1,1,-1
195,17,3,1,1,0,-1,1
195,18,6,2,0,1,0,-1
195,19,5,2,0,0,1,0
195,20,3,1,1,0,-1,1
195,21,2,1,0,1,0,0
195,22,6,2,0,1,1,0
195,23,8,2,1,1,-1,0
195,24,2,1,0,1,0,-1
195,25,1,1,0,0,1,1
195,26,8,2,1,1,0,-1
195,27,3,1,1,0,0,0
195,28,3,1,1,0,0,1
195,29,4,1,1,1,-1,0
195,30,2,1,0,1,0,0
195,31,2,1,0,1,0,0
195,32,6,2,0,1,1,0
195,33,8,2,1,1,0,-1
195,34,7,2,1,0,0,0
195,35,7,2,1,0,0,0
195,36,7,2,1,0,0,1
195,37,8,2,1,1,0,0
195,38,4,1,1,1,-1,0
195,39,2,1,0,1,0,-1
195,40,1,1,0,0,0,0
195,41,5,2,0,0,0,0
195,42,1,1,0,0,1,0
195,43,3,1,1,0,0,0
195,44,7,2,1,0,0,0
195,45,7,2,1,0,0,0
195,46,3,1,1,0,0,0
195,47,7,2,1,0,0,0
195,48,7,2,1,0,0,0
195,49,7,2,1,0,-1,1
195,50,6,2,0,1,1,0
196,1,3,1,1,0,0,0
196,2,7,2,1,0,-1,0
196,3,5,2,0,0,0,1
196,4,2,1,0,1,1,0
196,5,8,2,1,1,-1,0
196,6,6,2,0,1,0,0
196,7,6,2,0,1,0,0
196,8,6,2,0,1,1,0
196,9,4,1,1,1,0,0
196,10,4,1,1,1,-1,-1
196,11,1,1,0,0,1,0
196,12,3,1,1,0,0,1
196,13,8,2,1,1,0,0
196,14,8,2,1,1,0,-1
196,15,3,1,1,0,0,0
196,16,3,1,1,0,0,0
196,17,3,1,1,0,0,1
196,18,8,2,1,1,0,0
196,19,8,2,1,1,0,0
196,20,8,2,1,1,0,-1
196,21,7,2,1,0,0,1
196,22,8,2,1,1,-1,-1
196,23,5,2,0,0,0,1
196,24,6,2,0,1,0,0
196,25,2,1,0,1,0,0
196,26,2,1,0,1,0,-1
196,27,1,1,0,0,0,0
196,28,1,1,0,0,0,0
196,29,5,2,0,0,0,0
196,30,5,2,0,0,0,0
196,31,1,1,0,0,1,1
196,32,4,1,1,1,0,-1
196,33,3,1,1,0,0,0
196,34,3,1,1,0,0,0
196,35,3,1,1,0,0,0
196,36,3,1,1,0,0,1
196,37,4,1,1,1,0,0
196,38,4,1,1,1,0,0
196,39,8,2,1,1,-1,0
196,40,6,2,0,1,1,-1
196,41,7,2,1,0,0,0
196,42,7,2,1,0,-1,0
196,43,1,1,0,0,0,0
196,44,1,1,0,0,1,0
196,45,7,2,1,0,-1,0
196,46,1,1,0,0,0,0
196,47,1,1,0,0,1,1
196,48,4,1,1,1,0,0
196,49,4,1,1,1,0,0
196,50,4,1,1,1,0,0
197,1,2,1,0,1,1,0
197,2,4,1,1,1,0,0
197,3,4,1,1,1,-1,-1
197,4,1,1,0,0,0,1
197,5,2,1,0,1,1,-1
197,6,3,1,1,0,0,1
197,7,4,1,1,1,0,-1
197,8,7,2,1,0,0,0
197,9,7,2,1,0,0,0
197,10,3,1,1,0,0,1
197,11,8,2,1,1,0,-1
197,12,3,1,1,0,-1,0
197,13,1,1,0,0,0,0
197,14,1,1,0,0,0,0
197,15,5,2,0,0,1,0
197,16,7,2,1,0,0,0
197,17,7,2,1,0,0,0
197,18,3,1,1,0,-1,0
197,19,1,1,0,0,0,0
197,20,1,1,0,0,0,0
197,21,1,1,0,0,0,1
197,22,2,1,0,1,0,-1
197,23,1,1,0,0,1,0
197,24,3,1,1,0,0,0
197,25,7,2,1,0,0,0
197,26,7,2,1,0,0,0
197,27,7,2,1,0,0,0
197,28,7,2,1,0,0,0
197,29,7,2,1,0,0,0
197,30,3,1,1,0,0,0
197,31,3,1,1,0,0,0
197,32,3,1,1,0,-1,1
197,33,2,1,0,1,1,0
197,34,4,1,1,1,0,0
197,35,8,2,1,1,0,-1
197,36,7,2,1,0,-1,0
197,37,5,2,0,0,0,0
197,38,1,1,0,0,0,1
197,39,6,2,0,1,1,0
197,40,8,2,1,1,-1,-1
197,41,1,1,0,0,1,1
197,42,4,1,1,1,0,-1
197,43,3,1,1,0,-1,1
197,44,2,1,0,1,0,0
197,45,2,1,0,1,0,-1
197,46,1,1,0,0,0,0
197,47,1,1,0,0,0,1
197,48,2,1,0,1,1,0
197,49,8,2,1,1,0,0
197,50,8,2,1,1,0,0
198,1,3,1,1,0,0,1
198,2,4,1,1,1,0,-1
198,3,3,1,1,0,0,0
198,4,3,1,1,0,0,1
198,5,8,2,1,1,0,-1
198,6,7,2,1,0,0,0
198,7,7,2,1,0,0,0
198,8,7,2,1,0,0,0
198,9,7,2,1,0,-1,1
198,10,2,1,0,1,0,0
198,11,2,1,0,1,1,0
198,12,4,1,1,1,-1,0
198,13,6,2,0,1,0,-1
198,14,1,1,0,0,0,1
198,15,6,2,0,1,0,0
198,16,2,1,0,1,0,-1
198,17,1,1,0,0,1,1
198,18,4,1,1,1,0,0
198,19,8,2,1,1,-1,0
198,20,2,1,0,1,0,0
198,21,6,2,0,1,0,0
198,22,2,1,0,1,1,0
198,23,4,1,1,1,-1,0
198,24,6,2,0,1,0,0
198,25,2,1,0,1,0,0
198,26,2,1,0,1,0,0
198,27,2,1,0,1,0,0
198,28,2,1,0,1,0,-1
198,29,1,1,0,0,0,0
198,30,1,1,0,0,0,0
198,31,1,1,0,0,1,0
198,32,3,1,1,0,0,0
198,33,3,1,1,0,-1,0
198,34,1,1,0,0,0,1
198,35,2,1,0,1,0,0
198,36,2,1,0,1,1,0
198,37,4,1,1,1,-1,-1
198,38,1,1,0,0,0,0
198,39,5,2,0,0,0,1
198,40,6,2,0,1,0,-1
198,41,5,2,0,0,0,0
198,42,5,2,0,0,0,1
198,43,2,1,0,1,0,0
198,44,2,1,0,1,0,0
198,45,6,2,0,1,0,0
198,46,6,2,0,1,0,0
198,47,6,2,0,1,0,0
198,48,2,1,0,1,1,-1
198,49,3,1,1,0,0,0
198,50,3,1,1,0,0,1
199,1,6,2,0,1,0,0
199,2,6,2,0,1,0,0
199,3,2,1,0,1,1,0
199,4,4,1,1,1,-1,0
199,5,2,1,0,1,0,0
199,6,6,2,0,1,0,-1
199,7,5,2,0,0,1,0
199,8,7,2,1,0,0,0
199,9,3,1,1,0,0,0
199,10,7,2,1,0,0,1
199,11,4,1,1,1,0,0
199,12,8,2,1,1,0,-1
199,13,7,2,1,0,-1,0
199,14,5,2,0,0,0,0
199,15,5,2,0,0,0,0
199,16,1,1,0,0,0,0
199,17,1,1,0,0,0,1
199,18,6,2,0,1,0,0
199,19,6,2,0,1,0,0
199,20,6,2,0,1,1,0
199,21,4,1,1,1,0,0
199,22,4,1,1,1,0,0
199,23,4,1,1,1,-1,0
199,24,2,1,0,1,1,0
199,25,4,1,1,1,0,-1
199,26,3,1,1,0,0,0
199,27,7,2,1,0,0,0
199,28,7,2,1,0,0,0
199,29,3,1,1,0,0,0
199,30,7,2,1,0,0,0
199,31,3,1,1,0,0,0
199,32,3,1,1,0,0,0
199,33,3,1,1,0,0,0
199,34,3,1,1,0,0,0
199,35,7,2,1,0,0,0
199,36,3,1,1,0,-1,0
199,37,1,1,0,0,1,1
199,38,8,2,1,1,0,0
199,39,8,2,1,1,0,0
199,40,8,2,1,1,0,0
199,41,4,1,1,1,-1,0
199,42,2,1,0,1,0,0
199,43,6,2,0,1,0,-1
199,44,1,1,0,0,1,1
199,45,4,1,1,1,0,0
199,46,4,1,1,1,0,0
199,47,4,1,1,1,0,0
199,48,4,1,1,1,-1,0
199,49,2,1,0,1,0,0
199,50,2,1,0,1,0,0
200,1,7,2,1,0,0,0
200,2,7,2,1,0,-1,0
200,3,5,2,0,0,1,0
200,4,3,1,1,0,0,0
200,5,3,1,1,0,0,1
200,6,4,1,1,1,0,0
200,7,8,2,1,1,0,-1
200,8,7,2,1,0,-1,0
200,9,5,2,0,0,1,1
200,10,8,2,1,1,0,-1
200,11,3,1,1,0,0,0
200,12,3,1,1,0,0,0
200,13,3,1,1,0,0,0
200,14,3,1,1,0,-1,0
200,15,1,1,0,0,0,0
200,16,1,1,0,0,1,0
200,17,3,1,1,0,0,1
200,18,8,2,1,1,-1,0
200,19,2,1,0,1,0,0
200,20,2,1,0,1,1,0
200,21,4,1,1,1,-1,0
200,22,2,1,0,1,0,0
200,23,2,1,0,1,0,-1
200,24,1,1,0,0,1,0
200,25,7,2,1,0,0,0
200,26,3,1,1,0,0,0
200,27,3,1,1,0,-1,0
200,28,1,1,0,0,0,0
200,29,1,1,0,0,0,0
200,30,1,1,0,0,0,1
200,31,2,1,0,1,0,-1
200,32,1,1,0,0,1,0
200,33,3,1,1,0,0,0
200,34,3,1,1,0,0,1
200,35,4,1,1,1,0,0
200,36,4,1,1,1,0,0
200,37,4,1,1,1,0,-1
200,38,3,1,1,0,0,0
200,39,7,2,1,0,0,0
200,40,3,1,1,0,0,0
200,41,7,2,1,0,0,0
200,42,3,1,1,0,0,1
200,43,4,1,1,1,0,0
200,44,4,1,1,1,0,0
200,45,4,1,1,1,0,0
200,46,4,1,1,1,-1,-1
200,47,1,1,0,0,0,1
200,48,6,2,0,1,0,-1
200,49,1,1,0,0,1,1
200,50,8,2,1,1,0,0
201,1,8,2,1,1,0,0
201,2,4,1,1,1,0,0
201,3,8,2,1,1,0,0
201,4,8,2,1,1,-1,0
201,5,6,2,0,1,1,-1
201,6,3,1,1,0,-1,0
201,7,1,1,0,0,0,0
201,8,1,1,0,0,1,0
201,9,7,2,1,0,0,0
201,10,3,1,1,0,0,1
201,11,4,1,1,1,-1,0
201,12,2,1,0,1,0,-1
201,13,5,2,0,0,0,0
201,14,1,1,0,0,1,1
201,15,4,1,1,1,0,-1
201,16,3,1,1,0,0,1
201,17,4,1,1,1,0,-1
201,18,3,1,1,0,0,0
201,19,7,2,1,0,0,0
201,20,3,1,1,0,0,0
201,21,3,1,1,0,-1,1
201,22,6,2,0,1,0,0
201,23,2,1,0,1,0,-1
201,24,1,1,0,0,0,1
201,25,2,1,0,1,1,0
201,26,8,2,1,1,0,0
201,27,4,1,1,1,0,0
201,28,4,1,1,1,0,0
201,29,4,1,1,1,-1,0
201,30,2,1,0,1,0,0
201,31,6,2,0,1,0,0
201,32,6,2,0,1,0,0
201,33,6,2,0,1,1,0
201,34,8,2,1,1,-1,0
201,35,6,2,0,1,0,0
201,36,6,2,0,1,1,0
201,37,8,2,1,1,0,0
201,38,8,2,1,1,0,0
201,39,8,2,1,1,0,0
201,40,8,2,1,1,0,0
201,41,8,2,1,1,0,0
201,42,8,2,1,1,0,0
201,43,8,2,1,1,-1,0
201,44,6,2,0,1,1,0
201,45,8,2,1,1,0,0
201,46,8,2,1,1,0,0
201,47,8,2,1,1,0,0
201,48,4,1,1,1,-1,0
201,49,2,1,0,1,0,0
201,50,2,1,0,1,0,0
202,1,3,1,1,0,0,0
202,2,3,1,1,0,0,1
202,3,8,2,1,1,0,0
202,4,8,2,1,1,-1,0
202,5,6,2,0,1,0,0
202,6,6,2,0,1,0,-1
202,7,1,1,0,0,0,1
202,8,2,1,0,1,0,0
202,9,2,1,0,1,1,0
202,10,4,1,1,1,-1,0
202,11,6,2,0,1,0,-1
202,12,5,2,0,0,1,0
202,13,3,1,1,0,0,0
202,14,7,2,1,0,0,0
202,15,7,2,1,0,-1,0
202,16,5,2,0,0,0,0
202,17,5,2,0,0,1,0
202,18,3,1,1,0,0,0
202,19,7,2,1,0,0,0
202,20,7,2,1,0,0,0
202,21,7,2,1,0,0,0
202,22,3,1,1,0,0,0
202,23,3,1,1,0,0,0
202,24,7,2,1,0,0,0
202,25,3,1,1,0,-1,0
202,26,1,1,0,0,1,0
202,27,3,1,1,0,0,0
202,28,7,2,1,0,0,0
202,29,3,1,1,0,0,0
202,30,3,1,1,0,0,1
202,31,4,1,1,1,0,0
202,32,4,1,1,1,0,-1
202,33,3,1,1,0,0,0
202,34,7,2,1,0,0,1
202,35,8,2,1,1,0,-1
202,36,7,2,1,0,0,0
202,37,7,2,1,0,0,0
202,38,3,1,1,0,0,0
202,39,7,2,1,0,0,0
202,40,7,2,1,0,-1,0
202,41,1,1,0,0,1,0
202,42,3,1,1,0,0,0
202,43,3,1,1,0,0,1
202,44,4,1,1,1,0,0
202,45,4,1,1,1,-1,0
202,46,2,1,0,1,1,0
202,47,4,1,1,1,0,0
202,48,8,2,1,1,0,0
202,49,8,2,1,1,0,-1
202,50,7,2,1,0,0,0
203,1,6,2,0,1,1,0
203,2,8,2,1,1,-1,0
203,3,2,1,0,1,1,0
203,4,8,2,1,1,0,0
203,5,8,2,1,1,-1,0
203,6,6,2,0,1,1,-1
203,7,7,2,1,0,-1,0
203,8,1,1,0,0,0,1
203,9,6,2,0,1,0,0
203,10,6,2,0,1,0,0
203,11,2,1,0,1,0,-1
203,12,1,1,0,0,1,1
203,13,8,2,1,1,0,-1
203,14,7,2,1,0,0,1
203,15,8,2,1,1,0,0
203,16,4,1,1,1,-1,0
203,17,2,1,0,1,0,0
203,18,6,2,0,1,0,-1
203,19,5,2,0,0,1,1
203,20,8,2,1,1,0,0
203,21,8,2,1,1,-1,0
203,22,2,1,0,1,1,-1
203,23,7,2,1,0,0,0
203,24,7,2,1,0,0,0
203,25,3,1,1,0,0,1
203,26,8,2,1,1,0,-1
203,27,3,1,1,0,0,0
203,28,3,1,1,0,0,0
203,29,7,2,1,0,-1,1
203,30,6,2,0,1,1,0
203,31,8,2,1,1,0,0
203,32,8,2,1,1,0,0
203,33,4,1,1,1,0,0
203,34,4,1,1,1,0,0
203,35,8,2,1,1,0,0
203,36,8,2,1,1,0,0
203,37,4,1,1,1,0,0
203,38,4,1,1,1,0,0
203,39,8,2,1,1,-1,0
203,40,6,2,0,1,1,0
203,41,8,2,1,1,-1,-1
203,42,1,1,0,0,0,0
203,43,1,1,0,0,0,1
203,44,2,1,0,1,1,0
203,45,4,1,1,1,0,0
203,46,8,2,1,1,0,0
203,47,8,2,1,1,0,0
203,48,4,1,1,1,0,0
203,49,8,2,1,1,0,0
203,50,8,2,1,1,-1,0
204,1,6,2,0,1,0,-1
204,2,1,1,0,0,1,1
204,3,4,1,1,1,-1,0
204,4,2,1,0,1,0,0
204,5,2,1,0,1,1,0
204,6,4,1,1,1,0,0
204,7,4,1,1,1,0,0
204,8,8,2,1,1,-1,-1
204,9,5,2,0,0,0,1
204,10,6,2,0,1,0,0
204,11,6,2,0,1,0,0
204,12,2,1,0,1,1,0
204,13,4,1,1,1,0,0
204,14,4,1,1,1,0,0
204,15,4,1,1,1,-1,-1
204,16,1,1,0,0,0,1
204,17,6,2,0,1,0,0
204,18,6,2,0,1,1,0
204,19,4,1,1,1,-1,0
204,20,6,2,0,1,0,0
204,21,2,1,0,1,0,0
204,22,2,1,0,1,0,0
204,23,2,1,0,1,0,0
204,24,6,2,0,1,0,0
204,25,2,1,0,1,1,0
204,26,4,1,1,1,0,-1
204,27,7,2,1,0,-1,0
204,28,5,2,0,0,0,0
204,29,1,1,0,0,0,0
204,30,1,1,0,0,0,0
204,31,5,2,0,0,0,0
204,32,1,1,0,0,0,0
204,33,1,1,0,0,1,0
204,34,7,2,1,0,0,0
204,35,7,2,1,0,0,0
204,36,7,2,1,0,0,1
204,37,4,1,1,1,0,0
204,38,4,1,1,1,0,0
204,39,4,1,1,1,-1,0
204,40,2,1,0,1,0,-1
204,41,1,1,0,0,1,1
204,42,4,1,1,1,0,0
204,43,8,2,1,1,0,0
204,44,8,2,1,1,0,0
204,45,4,1,1,1,0,-1
204,46,3,1,1,0,0,0
204,47,3,1,1,0,0,0
204,48,3,1,1,0,0,0
204,49,3,1,1,0,0,0
204,50,7,2,1,0,0,0
205,1,6,2,0,1,0,0
205,2,6,2,0,1,0,0
205,3,2,1,0,1,1,0
205,4,4,1,1,1,0,-1
205,5,3,1,1,0,0,0
205,6,3,1,1,0,0,0
205,7,3,1,1,0,0,0
205,8,7,2,1,0,0,1
205,9,8,2,1,1,0,-1
205,10,7,2,1,0,0,1
205,11,4,1,1,1,0,0
205,12,4,1,1,1,0,0
205,13,4,1,1,1,0,0
205,14,4,1,1,1,0,0
205,15,4,1,1,1,-1,0
205,16,2,1,0,1,1,-1
205,17,7,2,1,0,0,0
205,18,7,2,1,0,0,0
205,19,3,1,1,0,0,0
205,20,3,1,1,0,-1,0
205,21,1,1,0,0,0,0
205,22,5,2,0,0,0,1
205,23,2,1,0,1,0,0
205,24,2,1,0,1,0,0
205,25,2,1,0,1,0,0
205,26,2,1,0,1,1,-1
205,27,3,1,1,0,0,0
205,28,3,1,1,0,0,0
205,29,3,1,1,0,0,0
205,30,3,1,1,0,0,0
205,31,7,2,1,0,0,0
205,32,7,2,1,0,0,0
205,33,3,1,1,0,0,0
205,34,7,2,1,0,0,0
205,35,3,1,1,0,0,0
205,36,3,1,1,0,0,1
205,37,8,2,1,1,0,-1
205,38,7,2,1,0,0,0
205,39,7,2,1,0,0,1
205,40,4,1,1,1,-1,-1
205,41,5,2,0,0,0,0
205,42,5,2,0,0,0,0
205,43,5,2,0,0,1,0
205,44,7,2,1,0,0,0
205,45,3,1,1,0,0,1
205,46,4,1,1,1,0,-1
205,47,3,1,1,0,0,0
205,48,3,1,1,0,0,1
205,49,4,1,1,1,0,0
205,50,4,1,1,1,0,0
206,1,3,1,1,0,0,0
206,2,3,1,1,0,0,1
206,3,4,1,1,1,0,0
206,4,4,1,1,1,-1,0
206,5,2,1,0,1,0,0
206,6,6,2,0,1,1,0
206,7,8,2,1,1,0,0
206,8,8,2,1,1,0,0
206,9,4,1,1,1,0,0
206,10,4,1,1,1,-1,0
206,11,2,1,0,1,0,0
206,12,2,1,0,1,1,-1
206,13,7,2,1,0,0,0
206,14,3,1,1,0,0,0
206,15,3,1,1,0,0,0
206,16,7,2,1,0,0,0
206,17,7,2,1,0,0,0
206,18,3,1,1,0,0,0
206,19,3,1,1,0,0,1
206,20,8,2,1,1,-1,0
206,21,2,1,0,1,0,0
206,22,6,2,0,1,0,0
206,23,6,2,0,1,1,-1
206,24,3,1,1,0,-1,0
206,25,5,2,0,0,0,0
206,26,5,2,0,0,0,0
206,27,5,2,0,0,1,0
206,28,7,2,1,0,0,0
206,29,7,2,1,0,0,0
206,30,7,2,1,0,0,0
206,31,3,1,1,0,0,0
206,32,3,1,1,0,0,1
206,33,4,1,1,1,0,0
206,34,8,2,1,1,-1,0
206,35,6,2,0,1,1,-1
206,36,3,1,1,0,0,0
206,37,3,1,1,0,-1,1
206,38,2,1,0,1,0,0
206,39,2,1,0,1,1,-1
206,40,7,2,1,0,0,0
206,41,7,2,1,0,-1,0
206,42,1,1,0,0,1,1
206,43,4,1,1,1,-1,0
206,44,2,1,0,1,0,0
206,45,2,1,0,1,0,0
206,46,6,2,0,1,0,0
206,47,2,1,0,1,0,0
206,48,2,1,0,1,1,0
206,49,4,1,1,1,0,0
206,50,8,2,1,1,0,0
207,1,5,2,0,0,0,0
207,2,5,2,0,0,0,0
207,3,1,1,0,0,1,1
207,4,4,1,1,1,0,0
207,5,4,1,1,1,0,0
207,6,4,1,1,1,0,0
207,7,4,1,1,1,0,0
207,8,4,1,1,1,0,-1
207,9,7,2,1,0,0,0
207,10,7,2,1,0,0,0
207,11,7,2,1,0,-1,0
207,12,1,1,0,0,1,0
207,13,3,1,1,0,0,0
207,14,7,2,1,0,0,1
207,15,8,2,1,1,0,0
207,16,8,2,1,1,0,0
207,17,8,2,1,1,0,0
207,18,8,2,1,1,0,0
207,19,8,2,1,1,0,0
207,20,8,2,1,1,0,-1
207,21,7,2,1,0,-1,1
207,22,6,2,0,1,0,0
207,23,6,2,0,1,0,-1
207,24,1,1,0,0,0,1
207,25,2,1,0,1,0,-1
207,26,1,1,0,0,1,0
207,27,3,1,1,0,0,0
207,28,7,2,1,0,0,1
207,29,8,2,1,1,0,-1
207,30,7,2,1,0,0,1
207,31,8,2,1,1,-1,0
207,32,2,1,0,1,1,0
207,33,4,1,1,1,0,-1
207,34,3,1,1,0,0,0
207,35,7,2,1,0,0,0
207,36,3,1,1,0,-1,0
207,37,1,1,0,0,0,0
207,38,1,1,0,0,0,0
207,39,1,1,0,0,0,0
207,40,1,1,0,0,0,0
207,41,1,1,0,0,0,1
207,42,6,2,0,1,0,0
207,43,2,1,0,1,0,0
207,44,2,1,0,1,0,0
207,45,2,1,0,1,0,0
207,46,2,1,0,1,0,0
207,47,2,1,0,1,0,0
207,48,2,1,0,1,1,0
207,49,4,1,1,1,0,0
207,50,4,1,1,1,0,0
208,1,1,1,0,0,1,0
208,2,3,1,1,0,0,0
208,3,7,2,1,0,0,0
208,4,7,2,1,0,0,1
208,5,8,2,1,1,-1,0
208,6,2,1,0,1,0,0
208,7,6,2,0,1,0,0
208,8,6,2,0,1,0,0
208,9,2,1,0,1,0,-1
208,10,1,1,0,0,0,0
208,11,1,1,0,0,1,0
208,12,3,1,1,0,0,0
208,13,3,1,1,0,-1,0
208,14,5,2,0,0,0,0
208,15,5,2,0,0,1,0
208,16,7,2,1,0,0,1
208,17,8,2,1,1,0,0
208,18,8,2,1,1,0,0
208,19,8,2,1,1,-1,-1
208,20,5,2,0,0,1,0
208,21,7,2,1,0,0,0
208,22,3,1,1,0,0,0
208,23,7,2,1,0,0,0
208,24,7,2,1,0,0,1
208,25,4,1,1,1,-1,0
208,26,2,1,0,1,0,0
208,27,2,1,0,1,0,0
208,28,2,1,0,1,0,0
208,29,2,1,0,1,0,0
208,30,2,1,0,1,0,0
208,31,2,1,0,1,0,0
208,32,2,1,0,1,0,0
208,33,2,1,0,1,1,0
208,34,4,1,1,1,0,-1
208,35,3,1,1,0,-1,0
208,36,1,1,0,0,0,1
208,37,2,1,0,1,1,-1
208,38,3,1,1,0,-1,1
208,39,2,1,0,1,0,0
208,40,2,1,0,1,0,-1
208,41,5,2,0,0,0,0
208,42,5,2,0,0,1,0
208,43,7,2,1,0,0,0
208,44,7,2,1,0,0,0
208,45,7,2,1,0,0,1
208,46,8,2,1,1,0,0
208,47,8,2,1,1,0,-1
208,48,7,2,1,0,0,0
208,49,3,1,1,0,0,1
208,50,8,2,1,1,0,-1
209,1,7,2,1,0,0,0
209,2,3,1,1,0,0,0
209,3,3,1,1,0,0,1
209,4,4,1,1,1,0,-1
209,5,7,2,1,0,0,0
209,6,7,2,1,0,-1,0
209,7,1,1,0,0,1,0
209,8,7,2,1,0,0,1
209,9,8,2,1,1,0,0
209,10,4,1,1,1,0,0
209,11,4,1,1,1,0,0
209,12,4,1,1,1,0,-1
209,13,3,1,1,0,0,0
209,14,7,2,1,0,0,1
209,15,8,2,1,1,0,-1
209,16,3,1,1,0,0,1
209,17,4,1,1,1,0,0
209,18,4,1,1,1,0,0
209,19,4,1,1,1,-1,0
209,20,2,1,0,1,0,-1
209,21,5,2,0,0,1,0
209,22,3,1,1,0,0,0
209,23,3,1,1,0,-1,1
209,24,6,2,0,1,0,0
209,25,6,2,0,1,1,-1
209,26,3,1,1,0,0,0
209,27,3,1,1,0,0,0
209,28,7,2,1,0,0,0
209,29,7,2,1,0,0,1
209,30,8,2,1,1,0,0
209,31,8,2,1,1,0,-1
209,32,7,2,1,0,0,0
209,33,7,2,1,0,0,0
209,34,7,2,1,0,0,1
209,35,8,2,1,1,0,0
209,36,8,2,1,1,0,0
209,37,8,2,1,1,0,-1
209,38,7,2,1,0,0,1
209,39,8,2,1,1,0,-1
209,40,7,2,1,0,0,0
209,41,7,2,1,0,0,1
209,42,8,2,1,1,0,0
209,43,8,2,1,1,0,-1
209,44,7,2,1,0,0,0
209,45,3,1,1,0,0,0
209,46,3,1,1,0,0,1
209,47,4,1,1,1,-1,0
209,48,6,2,0,1,0,0
209,49,2,1,0,1,1,-1
209,50,7,2,1,0,0,0
210,1,4,1,1,1,0,0
210,2,4,1,1,1,0,0
210,3,8,2,1,1,0,-1
210,4,3,1,1,0,0,0
210,5,3,1,1,0,0,0
210,6,3,1,1,0,-1,0
210,7,1,1,0,0,0,0
210,8,1,1,0,0,0,0
210,9,1,1,0,0,1,0
210,10,3,1,1,0,0,0
210,11,3,1,1,0,-1,0
210,12,1,1,0,0,1,0
210,13,3,1,1,0,0,1
210,14,4,1,1,1,0,0
210,15,8,2,1,1,0,-1
210,16,7,2,1,0,0,1
210,17,4,1,1,1,0,0
210,18,4,1,1,1,0,-1
210,19,7,2,1,0,0,0
210,20,7,2,1,0,-1,0
210,21,1,1,0,0,0,0
210,22,5,2,0,0,0,0
210,23,1,1,0,0,0,1
210,24,6,2,0,1,0,0
210,25,2,1,0,1,0,0
210,26,2,1,0,1,0,0
210,27,6,2,0,1,0,0
210,28,2,1,0,1,0,0
210,29,6,2,0,1,0,0
210,30,6,2,0,1,1,0
210,31,8,2,1,1,0,0
210,32,4,1,1,1,0,-1
210,33,7,2,1,0,0,0
210,34,3,1,1,0,0,1
210,35,4,1,1,1,0,0
210,36,4,1,1,1,0,0
210,37,4,1,1,1,-1,0
210,38,6,2,0,1,0,0
210,39,6,2,0,1,0,0
210,40,6,2,0,1,0,-1
210,41,5,2,0,0,0,1
210,42,2,1,0,1,0,-1
210,43,1,1,0,0,0,0
210,44,1,1,0,0,1,0
210,45,3,1,1,0,0,0
210,46,3,1,1,0,0,1
210,47,4,1,1,1,0,0
210,48,4,1,1,1,-1,0
210,49,2,1,0,1,1,0
210,50,4,1,1,1,0,0
211,1,8,2,1,1,0,0
211,2,4,1,1,1,-1,0
211,3,2,1,0,1,0,0
211,4,2,1,0,1,1,0
211,5,4,1,1,1,0,-1
211,6,3,1,1,0,0,1
211,7,4,1,1,1,0,-1
211,8,3,1,1,0,0,1
211,9,4,1,1,1,-1,0
211,10,2,1,0,1,0,0
211,11,6,2,0,1,0,-1
211,12,5,2,0,0,0,1
211,13,6,2,0,1,0,0
211,14,2,1,0,1,0,0
211,15,2,1,0,1,0,-1
211,16,1,1,0,0,0,0
211,17,1,1,0,0,0,0
211,18,1,1,0,0,0,0
211,19,1,1,0,0,0,0
211,20,5,2,0,0,1,0
211,21,3,1,1,0,0,1
211,22,8,2,1,1,0,0
211,23,8,2,1,1,-1,0
211,24,2,1,0,1,0,-1
211,25,1,1,0,0,0,0
211,26,1,1,0,0,0,1
211,27,2,1,0,1,0,-1
211,28,1,1,0,0,1,1
211,29,8,2,1,1,0,-1
211,30,3,1,1,0,0,0
211,31,3,1,1,0,-1,0
211,32,1,1,0,0,0,0
211,33,1,1,0,0,1,0
211,34,3,1,1,0,0,0
211,35,3,1,1,0,0,1
211,36,4,1,1,1,0,-1
211,37,7,2,1,0,0,0
211,38,3,1,1,0,0,0
211,39,3,1,1,0,0,0
211,40,3,1,1,0,0,0
211,41,3,1,1,0,-1,0
211,42,5,2,0,0,0,0
211,43,1,1,0,0,0,0
211,44,5,2,0,0,0,0
211,45,1,1,0,0,0,0
211,46,1,1,0,0,0,0
211,47,1,1,0,0,0,0
211,48,1,1,0,0,0,0
211,49,5,2,0,0,0,0
211,50,5,2,0,0,1,0
212,1,3,1,1,0,0,0
212,2,3,1,1,0,0,0
212,3,3,1,1,0,0,1
212,4,4,1,1,1,0,-1
212,5,3,1,1,0,0,0
212,6,3,1,1,0,-1,0
212,7,5,2,0,0,0,1
212,8,2,1,0,1,0,0
212,9,6,2,0,1,0,0
212,10,6,2,0,1,0,0
212,11,6,2,0,1,0,-1
212,12,5,2,0,0,0,0
212,13,1,1,0,0,1,0
212,14,7,2,1,0,0,1
212,15,4,1,1,1,0,-1
212,16,7,2,1,0,0,0
212,17,7,2,1,0,0,1
212,18,8,2,1,1,0,0
212,19,4,1,1,1,0,0
212,20,4,1,1,1,-1,0
212,21,2,1,0,1,1,-1
212,22,3,1,1,0,0,0
212,23,7,2,1,0,-1,1
212,24,6,2,0,1,0,-1
212,25,5,2,0,0,0,0
212,26,1,1,0,0,0,0
212,27,1,1,0,0,0,1
212,28,6,2,0,1,1,0
212,29,8,2,1,1,0,0
212,30,8,2,1,1,-1,0
212,31,6,2,0,1,0,0
212,32,6,2,0,1,0,0
212,33,6,2,0,1,0,-1
212,34,1,1,0,0,0,0
212,35,5,2,0,0,0,1
212,36,2,1,0,1,0,0
212,37,2,1,0,1,0,0
212,38,2,1,0,1,0,0
212,39,2,1,0,1,1,0
212,40,8,2,1,1,0,-1
212,41,3,1,1,0,0,0
212,42,7,2,1,0,0,1
212,43,4,1,1,1,-1,0
212,44,2,1,0,1,1,0
212,45,4,1,1,1,0,-1
212,46,3,1,1,0,0,0
212,47,3,1,1,0,0,0
212,48,3,1,1,0,0,0
212,49,3,1,1,0,0,0
212,50,3,1,1,0,0,0
213,1,6,2,0,1,1,-1
213,2,3,1,1,0,0,0
213,3,3,1,1,0,0,1
213,4,4,1,1,1,0,-1
213,5,7,2,1,0,0,1
213,6,4,1,1,1,0,0
213,7,8,2,1,1,0,-1
213,8,3,1,1,0,0,0
213,9,7,2,1,0,0,1
213,10,8,2,1,1,-1,0
213,11,6,2,0,1,0,0
213,12,6,2,0,1,0,0
213,13,6,2,0,1,0,-1
213,14,5,2,0,0,0,0
213,15,5,2,0,0,1,0
213,16,3,1,1,0,0,0
213,17,3,1,1,0,0,0
213,18,3,1,1,0,-1,0
213,19,5,2,0,0,0,0
213,20,5,2,0,0,1,0
213,21,7,2,1,0,0,0
213,22,7,2,1,0,0,0
213,23,3,1,1,0,-1,0
213,24,1,1,0,0,0,0
213,25,1,1,0,0,1,0
213,26,7,2,1,0,0,0
213,27,3,1,1,0,0,1
213,28,4,1,1,1,-1,0
213,29,2,1,0,1,0,0
213,30,2,1,0,1,0,0
213,31,2,1,0,1,0,0
213,32,2,1,0,1,1,0
213,33,4,1,1,1,0,0
213,34,4,1,1,1,0,0
213,35,8,2,1,1,0,0
213,36,4,1,1,1,0,-1
213,37,7,2,1,0,0,0
213,38,7,2,1,0,0,1
213,39,4,1,1,1,0,0
213,40,8,2,1,1,0,-1
213,41,7,2,1,0,0,0
213,42,3,1,1,0,0,1
213,43,4,1,1,1,-1,0
213,44,6,2,0,1,0,0
213,45,2,1,0,1,0,0
213,46,2,1,0,1,1,0
213,47,4,1,1,1,0,-1
213,48,3,1,1,0,0,1
213,49,8,2,1,1,-1,0
213,50,2,1,0,1,0,0
214,1,7,2,1,0,0,0
214,2,7,2,1,0,0,0
214,3,3,1,1,0,0,0
214,4,3,1,1,0,0,1
214,5,4,1,1,1,0,0
214,6,4,1,1,1,-1,0
214,7,6,2,0,1,0,0
214,8,2,1,0,1,1,0
214,9,4,1,1,1,0,0
214,10,4,1,1,1,0,0
214,11,4,1,1,1,0,0
214,12,8,2,1,1,0,0
214,13,8,2,1,1,0,0
214,14,8,2,1,1,0,0
214,15,8,2,1,1,0,0
214,16,4,1,1,1,0,0
214,17,8,2,1,1,0,0
214,18,4,1,1,1,0,0
214,19,8,2,1,1,0,0
214,20,4,1,1,1,-1,0
214,21,2,1,0,1,0,0
214,22,2,1,0,1,0,-1
214,23,1,1,0,0,0,0
214,24,1,1,0,0,0,0
214,25,1,1,0,0,0,0
214,26,1,1,0,0,0,0
214,27,1,1,0,0,1,0
214,28,7,2,1,0,0,0
214,29,3,1,1,0,0,1
214,30,8,2,1,1,0,0
214,31,8,2,1,1,-1,0
214,32,2,1,0,1,0,-1
214,33,1,1,0,0,1,0
214,34,3,1,1,0,0,1
214,35,4,1,1,1,-1,0
214,36,2,1,0,1,0,0
214,37,6,2,0,1,1,-1
214,38,3,1,1,0,-1,0
214,39,1,1,0,0,1,1
214,40,4,1,1,1,0,-1
214,41,3,1,1,0,0,1
214,42,4,1,1,1,-1,0
214,43,6,2,0,1,0,0
214,44,2,1,0,1,0,0
214,45,6,2,0,1,1,0
214,46,4,1,1,1,-1,-1
214,47,1,1,0,0,1,0
214,48,3,1,1,0,0,1
214,49,4,1,1,1,0,0
214,50,4,1,1,1,0,0
215,1,6,2,0,1,1,-1
215,2,3,1,1,0,0,0
215,3,3,1,1,0,0,1
215,4,8,2,1,1,0,0
215,5,4,1,1,1,-1,-1
215,6,5,2,0,0,0,0
215,7,1,1,0,0,0,1
215,8,2,1,0,1,0,0
215,9,2,1,0,1,0,0
215,10,2,1,0,1,0,-1
215,11,1,1,0,0,0,0
215,12,1,1,0,0,0,1
215,13,6,2,0,1,0,-1
215,14,5,2,0,0,0,0
215,15,5,2,0,0,0,0
215,16,1,1,0,0,1,0
215,17,3,1,1,0,0,1
215,18,4,1,1,1,0,0
215,19,8,2,1,1,0,-1
215,20,3,1,1,0,-1,0
215,21,1,1,0,0,1,1
215,22,4,1,1,1,0,0
215,23,4,1,1,1,-1,0
215,24,2,1,0,1,0,-1
215,25,1,1,0,0,0,1
215,26,2,1,0,1,0,0
215,27,2,1,0,1,0,-1
215,28,1,1,0,0,0,1
215,29,2,1,0,1,1,0
215,30,4,1,1,1,0,0
215,31,4,1,1,1,0,0
215,32,4,1,1,1,-1,0
215,33,2,1,0,1,0,0
215,34,2,1,0,1,0,0
215,35,6,2,0,1,0,0
215,36,6,2,0,1,1,0
215,37,8,2,1,1,-1,0
215,38,2,1,0,1,0,-1
215,39,1,1,0,0,1,0
215,40,7,2,1,0,0,0
215,41,3,1,1,0,0,0
215,42,7,2,1,0,0,0
215,43,7,2,1,0,0,1
215,44,4,1,1,1,0,0
215,45,4,1,1,1,0,0
215,46,8,2,1,1,0,0
215,47,4,1,1,1,0,-1
215,48,3,1,1,0,0,0
215,49,3,1,1,0,0,0
215,50,7,2,1,0,0,0
216,1,4,1,1,1,0,0
216,2,4,1,1,1,0,-1
216,3,7,2,1,0,0,0
216,4,7,2,1,0,-1,0
216,5,5,2,0,0,0,0
216,6,5,2,0,0,0,0
216,7,5,2,0,0,1,1
216,8,4,1,1,1,0,0
216,9,4,1,1,1,-1,0
216,10,2,1,0,1,1,-1
216,11,3,1,1,0,0,0
216,12,3,1,1,0,0,1
216,13,4,1,1,1,-1,0
216,14,2,1,0,1,0,0
216,15,2,1,0,1,1,0
216,16,4,1,1,1,-1,-1
216,17,1,1,0,0,1,1
216,18,8,2,1,1,0,0
216,19,8,2,1,1,-1,-1
216,20,5,2,0,0,1,0
216,21,7,2,1,0,0,0
216,22,7,2,1,0,-1,0
216,23,5,2,0,0,1,1
216,24,4,1,1,1,0,0
216,25,8,2,1,1,0,0
216,26,8,2,1,1,0,0
216,27,8,2,1,1,0,0
216,28,8,2,1,1,0,-1
216,29,7,2,1,0,-1,1
216,30,6,2,0,1,0,0
216,31,6,2,0,1,0,0
216,32,2,1,0,1,0,0
216,33,6,2,0,1,0,-1
216,34,5,2,0,0,0,0
216,35,5,2,0,0,0,1
216,36,6,2,0,1,1,0
216,37,4,1,1,1,0,0
216,38,4,1,1,1,0,0
216,39,8,2,1,1,0,0
216,40,8,2,1,1,0,0
216,41,8,2,1,1,-1,0
216,42,6,2,0,1,0,0
216,43,2,1,0,1,0,0
216,44,2,1,0,1,0,0
216,45,2,1,0,1,1,0
216,46,4,1,1,1,0,0
216,47,4,1,1,1,0,0
216,48,4,1,1,1,0,0
216,49,4,1,1,1,0,0
216,50,4,1,1,1,0,-1
217,1,4,1,1,1,0,0
217,2,4,1,1,1,0,-1
217,3,7,2,1,0,0,0
217,4,7,2,1,0,0,0
217,5,3,1,1,0,0,0
217,6,7,2,1,0,0,0
217,7,7,2,1,0,0,0
217,8,3,1,1,0,0,0
217,9,3,1,1,0,0,0
217,10,3,1,1,0,0,0
217,11,7,2,1,0,-1,0
217,12,5,2,0,0,0,1
217,13,6,2,0,1,0,0
217,14,2,1,0,1,0,0
217,15,2,1,0,1,1,0
217,16,4,1,1,1,-1,0
217,17,2,1,0,1,0,0
217,18,2,1,0,1,1,-1
217,19,7,2,1,0,-1,0
217,20,5,2,0,0,1,0
217,21,7,2,1,0,0,0
217,22,3,1,1,0,0,0
217,23,7,2,1,0,0,0
217,24,7,2,1,0,0,0
217,25,3,1,1,0,0,1
217,26,8,2,1,1,0,0
217,27,8,2,1,1,0,0
217,28,8,2,1,1,-1,0
217,29,6,2,0,1,0,0
217,30,2,1,0,1,0,-1
217,31,1,1,0,0,0,1
217,32,2,1,0,1,1,0
217,33,8,2,1,1,0,-1
217,34,3,1,1,0,0,0
217,35,3,1,1,0,-1,0
217,36,5,2,0,0,1,0
217,37,7,2,1,0,-1,0
217,38,5,2,0,0,0,1
217,39,6,2,0,1,1,0
217,40,8,2,1,1,0,-1
217,41,7,2,1,0,0,0
217,42,7,2,1,0,-1,0
217,43,5,2,0,0,0,0
217,44,1,1,0,0,0,1
217,45,2,1,0,1,0,0
217,46,2,1,0,1,0,0
217,47,6,2,0,1,0,0
217,48,2,1,0,1,0,-1
217,49,5,2,0,0,0,1
217,50,6,2,0,1,0,0
218,1,4,1,1,1,0,0
218,2,4,1,1,1,0,0
218,3,4,1,1,1,0,-1
218,4,3,1,1,0,-1,0
218,5,5,2,0,0,0,0
218,6,1,1,0,0,0,0
218,7,1,1,0,0,0,0
218,8,5,2,0,0,1,0
218,9,7,2,1,0,-1,0
218,10,1,1,0,0,0,1
218,11,2,1,0,1,0,0
218,12,2,1,0,1,1,0
218,13,4,1,1,1,0,0
218,14,8,2,1,1,0,0
218,15,4,1,1,1,0,-1
218,16,7,2,1,0,-1,0
218,17,5,2,0,0,0,1
218,18,2,1,0,1,0,0
218,19,2,1,0,1,1,0
218,20,4,1,1,1,0,0
218,21,4,1,1,1,-1,0
218,22,6,2,0,1,0,-1
218,23,1,1,0,0,0,0
218,24,5,2,0,0,1,0
218,25,7,2,1,0,0,0
218,26,7,2,1,0,0,0
218,27,3,1,1,0,0,0
218,28,3,1,1,0,0,0
218,29,7,2,1,0,0,1
218,30,8,2,1,1,0,0
218,31,8,2,1,1,-1,0
218,32,6,2,0,1,1,0
218,33,8,2,1,1,0,0
218,34,8,2,1,1,0,0
218,35,8,2,1,1,-1,0
218,36,6,2,0,1,0,0
218,37,6,2,0,1,0,0
218,38,2,1,0,1,0,0
218,39,2,1,0,1,0,0
218,40,2,1,0,1,0,0
218,41,6,2,0,1,0,0
218,42,2,1,0,1,1,0
218,43,8,2,1,1,0,-1
218,44,3,1,1,0,0,0
218,45,7,2,1,0,0,0
218,46,7,2,1,0,0,0
218,47,7,2,1,0,-1,0
218,48,5,2,0,0,0,0
218,49,5,2,0,0,0,1
218,50,2,1,0,1,1,0
219,1,6,2,0,1,0,0
219,2,2,1,0,1,0,0
219,3,2,1,0,1,1,0
219,4,4,1,1,1,0,0
219,5,4,1,1,1,0,0
219,6,8,2,1,1,0,0
219,7,8,2,1,1,-1,0
219,8,2,1,0,1,0,0
219,9,2,1,0,1,0,0
219,10,2,1,0,1,0,0
219,11,6,2,0,1,0,0
219,12,6,2,0,1,1,0
219,13,4,1,1,1,0,0
219,14,8,2,1,1,0,-1
219,15,3,1,1,0,0,0
219,16,3,1,1,0,-1,0
219,17,1,1,0,0,1,0
219,18,7,2,1,0,0,0
219,19,3,1,1,0,0,1
219,20,4,1,1,1,0,0
219,21,8,2,1,1,0,0
219,22,4,1,1,1,0,0
219,23,4,1,1,1,-1,0
219,24,6,2,0,1,1,0
219,25,4,1,1,1,0,0
219,26,8,2,1,1,0,0
219,27,8,2,1,1,0,-1
219,28,7,2,1,0,0,0
219,29,7,2,1,0,0,0
219,30,3,1,1,0,0,0
219,31,7,2,1,0,-1,1
219,32,6,2,0,1,0,0
219,33,6,2,0,1,1,0
219,34,8,2,1,1,0,-1
219,35,3,1,1,0,0,0
219,36,7,2,1,0,0,1
219,37,4,1,1,1,0,0
219,38,8,2,1,1,0,0
219,39,8,2,1,1,0,-1
219,40,7,2,1,0,-1,0
219,41,1,1,0,0,0,1
219,42,2,1,0,1,0,-1
219,43,1,1,0,0,0,1
219,44,2,1,0,1,0,0
219,45,6,2,0,1,0,0
219,46,2,1,0,1,0,0
219,47,2,1,0,1,0,0
219,48,2,1,0,1,1,0
219,49,8,2,1,1,0,0
219,50,8,2,1,1,0,-1
220,1,5,2,0,0,0,1
220,2,6,2,0,1,1,0
220,3,4,1,1,1,0,-1
220,4,3,1,1,0,0,0
220,5,3,1,1,0,-1,0
220,6,1,1,0,0,0,1
220,7,6,2,0,1,1,0
220,8,4,1,1,1,-1,0
220,9,2,1,0,1,1,-1
220,10,7,2,1,0,0,0
220,11,7,2,1,0,0,0
220,12,3,1,1,0,0,0
220,13,3,1,1,0,-1,0
220,14,1,1,0,0,1,0
220,15,3,1,1,0,0,0
220,16,3,1,1,0,0,1
220,17,4,1,1,1,0,0
220,18,8,2,1,1,0,0
220,19,8,2,1,1,0,-1
220,20,7,2,1,0,0,0
220,21,7,2,1,0,0,0
220,22,3,1,1,0,0,0
220,23,3,1,1,0,0,0
220,24,3,1,1,0,-1,0
220,25,5,2,0,0,1,0
220,26,3,1,1,0,0,0
220,27,7,2,1,0,0,0
220,28,7,2,1,0,0,0
220,29,7,2,1,0,0,0
220,30,3,1,1,0,0,0
220,31,3,1,1,0,0,0
220,32,3,1,1,0,0,1
220,33,4,1,1,1,-1,0
220,34,2,1,0,1,0,0
220,35,2,1,0,1,0,0
220,36,2,1,0,1,0,0
220,37,2,1,0,1,1,0
220,38,4,1,1,1,0,0
220,39,4,1,1,1,0,0
220,40,8,2,1,1,0,0
220,41,8,2,1,1,-1,0
220,42,6,2,0,1,0,0
220,43,2,1,0,1,0,0
220,44,2,1,0,1,0,0
220,45,2,1,0,1,1,0
220,46,4,1,1,1,-1,0
220,47,6,2,0,1,0,0
220,48,2,1,0,1,0,0
220,49,2,1,0,1,0,0
220,50,6,2,0,1,1,-1
221,1,1,1,0,0,0,1
221,2,2,1,0,1,0,-1
221,3,1,1,0,0,0,1
221,4,6,2,0,1,0,0
221,5,6,2,0,1,0,0
221,6,2,1,0,1,0,0
221,7,6,2,0,1,0,0
221,8,2,1,0,1,1,0
221,9,4,1,1,1,-1,-1
221,10,1,1,0,0,1,1
221,11,4,1,1,1,0,0
221,12,4,1,1,1,0,0
221,13,8,2,1,1,0,0
221,14,8,2,1,1,0,0
221,15,8,2,1,1,0,-1
221,16,7,2,1,0,0,0
221,17,3,1,1,0,0,0
221,18,7,2,1,0,0,1
221,19,8,2,1,1,-1,0
221,20,6,2,0,1,1,0
221,21,4,1,1,1,0,-1
221,22,7,2,1,0,0,0
221,23,7,2,1,0,0,1
221,24,8,2,1,1,0,-1
221,25,7,2,1,0,0,1
221,26,4,1,1,1,0,0
221,27,8,2,1,1,0,0
221,28,4,1,1,1,-1,0
221,29,2,1,0,1,0,0
221,30,6,2,0,1,0,0
221,31,2,1,0,1,0,0
221,32,2,1,0,1,0,0
221,33,2,1,0,1,0,0
221,34,2,1,0,1,0,0
221,35,2,1,0,1,1,0
221,36,8,2,1,1,0,0
221,37,4,1,1,1,0,0
221,38,4,1,1,1,0,0
221,39,4,1,1,1,-1,0
221,40,6,2,0,1,0,0
221,41,6,2,0,1,1,0
221,42,4,1,1,1,0,-1
221,43,3,1,1,0,0,0
221,44,3,1,1,0,0,1
221,45,4,1,1,1,0,0
221,46,4,1,1,1,0,-1
221,47,3,1,1,0,0,0
221,48,3,1,1,0,-1,0
221,49,1,1,0,0,0,0
221,50,1,1,0,0,0,1
222,1,6,2,0,1,0,0
222,2,6,2,0,1,0,-1
222,3,1,1,0,0,0,0
222,4,5,2,0,0,1,1
222,5,8,2,1,1,0,0
222,6,4,1,1,1,0,0
222,7,4,1,1,1,0,0
222,8,4,1,1,1,-1,-1
222,9,1,1,0,0,1,1
222,10,8,2,1,1,0,0
222,11,4,1,1,1,-1,0
222,12,2,1,0,1,0,0
222,13,6,2,0,1,1,0
222,14,8,2,1,1,0,-1
222,15,3,1,1,0,-1,0
222,16,1,1,0,0,0,0
222,17,1,1,0,0,0,0
222,18,1,1,0,0,0,1
222,19,2,1,0,1,0,0
222,20,2,1,0,1,1,0
222,21,8,2,1,1,-1,0
222,22,6,2,0,1,1,-1
222,23,7,2,1,0,0,0
222,24,7,2,1,0,0,0
222,25,3,1,1,0,0,0
222,26,3,1,1,0,0,0
222,27,3,1,1,0,-1,1
222,28,2,1,0,1,1,-1
222,29,3,1,1,0,0,1
222,30,8,2,1,1,0,0
222,31,8,2,1,1,0,-1
222,32,7,2,1,0,0,0
222,33,3,1,1,0,-1,1
222,34,6,2,0,1,0,0
222,35,6,2,0,1,1,0
222,36,4,1,1,1,0,0
222,37,4,1,1,1,0,0
222,38,4,1,1,1,-1,0
222,39,6,2,0,1,0,0
222,40,6,2,0,1,0,0
222,41,6,2,0,1,1,0
222,42,8,2,1,1,-1,0
222,43,6,2,0,1,1,0
222,44,4,1,1,1,0,0
222,45,8,2,1,1,-1,0
222,46,6,2,0,1,0,0
222,47,6,2,0,1,0,0
222,48,6,2,0,1,0,0
222,49,6,2,0,1,1,0
222,50,8,2,1,1,0,0
223,1,5,2,0,0,1,0
223,2,7,2,1,0,-1,0
223,3,5,2,0,0,0,1
223,4,6,2,0,1,1,0
223,5,4,1,1,1,-1,0
223,6,2,1,0,1,0,0
223,7,2,1,0,1,0,0
223,8,2,1,0,1,1,0
223,9,4,1,1,1,0,0
223,10,8,2,1,1,-1,0
223,11,6,2,0,1,1,-1
223,12,7,2,1,0,0,0
223,13,7,2,1,0,0,0
223,14,3,1,1,0,0,0
223,15,3,1,1,0,0,1
223,16,4,1,1,1,0,-1
223,17,7,2,1,0,0,1
223,18,4,1,1,1,0,0
223,19,4,1,1,1,0,0
223,20,8,2,1,1,0,0
223,21,4,1,1,1,0,0
223,22,4,1,1,1,0,0
223,23,4,1,1,1,0,0
223,24,4,1,1,1,0,0
223,25,8,2,1,1,0,0
223,26,4,1,1,1,-1,0
223,27,2,1,0,1,0,0
223,28,2,1,0,1,1,0
223,29,4,1,1,1,0,0
223,30,8,2,1,1,0,-1
223,31,3,1,1,0,-1,0
223,32,1,1,0,0,0,0
223,33,5,2,0,0,0,0
223,34,1,1,0,0,0,0
223,35,1,1,0,0,0,0
223,36,1,1,0,0,1,0
223,37,3,1,1,0,0,1
223,38,4,1,1,1,0,-1
223,39,3,1,1,0,-1,1
223,40,2,1,0,1,0,0
223,41,6,2,0,1,0,0
223,42,6,2,0,1,1,-1
223,43,3,1,1,0,0,0
223,44,3,1,1,0,0,0
223,45,3,1,1,0,0,0
223,46,7,2,1,0,0,0
223,47,7,2,1,0,0,0
223,48,7,2,1,0,0,0
223,49,3,1,1,0,-1,0
223,50,1,1,0,0,0,1
224,1,2,1,0,1,0,0
224,2,6,2,0,1,0,0
224,3,2,1,0,1,0,0
224,4,2,1,0,1,0,-1
224,5,5,2,0,0,0,0
224,6,5,2,0,0,0,0
224,7,5,2,0,0,1,0
224,8,3,1,1,0,0,1
224,9,4,1,1,1,0,-1
224,10,7,2,1,0,0,0
224,11,7,2,1,0,0,0
224,12,7,2,1,0,0,0
224,13,3,1,1,0,0,0
224,14,3,1,1,0,0,1
224,15,4,1,1,1,0,-1
224,16,3,1,1,0,-1,1
224,17,2,1,0,1,0,0
224,18,2,1,0,1,0,0
224,19,2,1,0,1,0,0
224,20,2,1,0,1,0,0
224,21,2,1,0,1,1,-1
224,22,3,1,1,0,0,1
224,23,4,1,1,1,-1,0
224,24,2,1,0,1,1,0
224,25,4,1,1,1,-1,0
224,26,6,2,0,1,0,-1
224,27,1,1,0,0,1,1
224,28,8,2,1,1,0,0
224,29,8,2,1,1,0,0
224,30,8,2,1,1,0,0
224,31,8,2,1,1,0,-1
224,32,3,1,1,0,0,0
224,33,7,2,1,0,-1,0
224,34,1,1,0,0,0,0
224,35,5,2,0,0,0,0
224,36,1,1,0,0,0,1
224,37,2,1,0,1,0,0
224,38,2,1,0,1,0,-1
224,39,1,1,0,0,0,0
224,40,1,1,0,0,0,1
224,41,2,1,0,1,0,0
224,42,2,1,0,1,0,-1
224,43,1,1,0,0,0,0
224,44,1,1,0,0,0,0
224,45,1,1,0,0,0,0
224,46,1,1,0,0,0,1
224,47,6,2,0,1,0,0
224,48,2,1,0,1,1,0
224,49,4,1,1,1,-1,0
224,50,6,2,0,1,0,0
225,1,5,2,0,0,1,1
225,2,8,2,1,1,0,0
225,3,8,2,1,1,-1,0
225,4,2,1,0,1,1,0
225,5,8,2,1,1,0,0
225,6,8,2,1,1,0,0
225,7,4,1,1,1,0,0
225,8,4,1,1,1,0,0
225,9,4,1,1,1,0,-1
225,10,3,1,1,0,0,0
225,11,3,1,1,0,0,0
225,12,3,1,1,0,-1,1
225,13,2,1,0,1,0,0
225,14,2,1,0,1,0,0
225,15,2,1,0,1,0,0
225,16,2,1,0,1,1,0
225,17,4,1,1,1,0,0
225,18,4,1,1,1,0,0
225,19,4,1,1,1,0,-1
225,20,3,1,1,0,0,1
225,21,4,1,1,1,0,-1
225,22,3,1,1,0,0,0
225,23,3,1,1,0,-1,1
225,24,2,1,0,1,0,-1
225,25,1,1,0,0,0,0
225,26,1,1,0,0,0,1
225,27,6,2,0,1,0,-1
225,28,5,2,0,0,0,0
225,29,5,2,0,0,0,0
225,30,5,2,0,0,1,0
225,31,3,1,1,0,0,0
225,32,3,1,1,0,-1,0
225,33,1,1,0,0,0,0
225,34,5,2,0,0,1,0
225,35,7,2,1,0,0,1
225,36,8,2,1,1,-1,-1
225,37,1,1,0,0,0,0
225,38,1,1,0,0,1,0
225,39,3,1,1,0,0,0
225,40,3,1,1,0,0,0
225,41,3,1,1,0,0,0
225,42,3,1,1,0,0,1
225,43,8,2,1,1,0,0
225,44,8,2,1,1,0,0
225,45,8,2,1,1,0,0
225,46,4,1,1,1,-1,0
225,47,2,1,0,1,0,-1
225,48,5,2,0,0,1,0
225,49,7,2,1,0,0,0
225,50,7,2,1,0,0,0
226,1,4,1,1,1,0,-1
226,2,3,1,1,0,0,0
226,3,3,1,1,0,0,0
226,4,3,1,1,0,0,0
226,5,3,1,1,0,0,0
226,6,7,2,1,0,-1,0
226,7,5,2,0,0,0,0
226,8,1,1,0,0,1,0
226,9,3,1,1,0,0,0
226,10,7,2,1,0,0,0
226,11,7,2,1,0,-1,0
226,12,1,1,0,0,0,1
226,13,2,1,0,1,0,0
226,14,6,2,0,1,0,0
226,15,2,1,0,1,1,0
226,16,4,1,1,1,0,0
226,17,4,1,1,1,0,0
226,18,8,2,1,1,-1,0
226,19,2,1,0,1,1,0
226,20,4,1,1,1,0,0
226,21,4,1,1,1,0,0
226,22,4,1,1,1,0,-1
226,23,3,1,1,0,-1,0
226,24,5,2,0,0,0,0
226,25,1,1,0,0,0,0
226,26,1,1,0,0,0,0
226,27,1,1,0,0,0,1
226,28,2,1,0,1,0,0
226,29,2,1,0,1,1,0
226,30,8,2,1,1,0,0
226,31,8,2,1,1,0,0
226,32,4,1,1,1,0,-1
226,33,3,1,1,0,0,1
226,34,4,1,1,1,0,0
226,35,4,1,1,1,0,0
226,36,8,2,1,1,0,0
226,37,8,2,1,1,0,0
226,38,4,1,1,1,0,0
226,39,4,1,1,1,0,0
226,40,4,1,1,1,0,0
226,41,4,1,1,1,-1,0
226,42,2,1,0,1,0,0
226,43,2,1,0,1,0,0
226,44,2,1,0,1,1,0
226,45,8,2,1,1,-1,0
226,46,6,2,0,1,0,0
226,47,6,2,0,1,1,0
226,48,4,1,1,1,0,-1
226,49,3,1,1,0,0,1
226,50,8,2,1,1,0,0
227,1,4,1,1,1,-1,0
227,2,2,1,0,1,0,0
227,3,6,2,0,1,0,-1
227,4,5,2,0,0,0,0
227,5,5,2,0,0,0,1
227,6,2,1,0,1,0,-1
227,7,5,2,0,0,1,0
227,8,7,2,1,0,0,1
227,9,4,1,1,1,-1,0
227,10,2,1,0,1,0,0
227,11,2,1,0,1,0,0
227,12,2,1,0,1,0,0
227,13,2,1,0,1,1,0
227,14,8,2,1,1,0,0
227,15,8,2,1,1,-1,0
227,16,2,1,0,1,1,0
227,17,4,1,1,1,-1,0
227,18,2,1,0,1,0,0
227,19,2,1,0,1,0,0
227,20,2,1,0,1,0,0
227,21,2,1,0,1,1,0
227,22,8,2,1,1,0,0
227,23,4,1,1,1,0,0
227,24,4,1,1,1,0,0
227,25,4,1,1,1,0,-1
227,26,3,1,1,0,0,0
227,27,7,2,1,0,0,0
227,28,7,2,1,0,0,0
227,29,3,1,1,0,0,0
227,30,3,1,1,0,0,0
227,31,3,1,1,0,0,0
227,32,7,2,1,0,0,1
227,33,4,1,1,1,0,0
227,34,8,2,1,1,0,-1
227,35,7,2,1,0,0,0
227,36,3,1,1,0,0,1
227,37,8,2,1,1,0,-1
227,38,7,2,1,0,0,0
227,39,3,1,1,0,0,0
227,40,7,2,1,0,0,0
227,41,7,2,1,0,0,0
227,42,7,2,1,0,0,1
227,43,8,2,1,1,0,0
227,44,4,1,1,1,-1,0
227,45,2,1,0,1,0,0
227,46,2,1,0,1,0,0
227,47,2,1,0,1,0,-1
227,48,5,2,0,0,1,0
227,49,7,2,1,0,0,0
227,50,7,2,1,0,-1,0
228,1,4,1,1,1,0,0
228,2,4,1,1,1,0,-1
228,3,3,1,1,0,0,1
228,4,4,1,1,1,0,0
228,5,4,1,1,1,0,0
228,6,4,1,1,1,0,0
228,7,8,2,1,1,0,0
228,8,8,2,1,1,0,-1
228,9,7,2,1,0,0,0
228,10,7,2,1,0,-1,0
228,11,1,1,0,0,0,1
228,12,2,1,0,1,0,0
228,13,2,1,0,1,1,0
228,14,8,2,1,1,0,0
228,15,8,2,1,1,0,0
228,16,4,1,1,1,0,-1
228,17,3,1,1,0,0,0
228,18,3,1,1,0,0,0
228,19,3,1,1,0,0,0
228,20,3,1,1,0,-1,0
228,21,1,1,0,0,0,0
228,22,1,1,0,0,0,0
228,23,5,2,0,0,0,0
228,24,5,2,0,0,1,0
228,25,7,2,1,0,0,0
228,26,7,2,1,0,0,0
228,27,7,2,1,0,0,0
228,28,7,2,1,0,0,0
228,29,3,1,1,0,-1,1
228,30,2,1,0,1,0,-1
228,31,5,2,0,0,1,0
228,32,7,2,1,0,-1,0
228,33,1,1,0,0,0,0
228,34,1,1,0,0,0,0
228,35,1,1,0,0,1,1
228,36,4,1,1,1,0,0
228,37,4,1,1,1,-1,0
228,38,2,1,0,1,0,0
228,39,2,1,0,1,0,0
228,40,2,1,0,1,1,0
228,41,4,1,1,1,0,0
228,42,4,1,1,1,0,0
228,43,8,2,1,1,0,0
228,44,8,2,1,1,0,-1
228,45,7,2,1,0,-1,0
228,46,1,1,0,0,0,1
228,47,2,1,0,1,0,0
228,48,6,2,0,1,0,0
228,49,6,2,0,1,1,-1
228,50,7,2,1,0,-1,0
229,1,7,2,1,0,0,0
229,2,7,2,1,0,0,0
229,3,7,2,1,0,0,1
229,4,4,1,1,1,0,-1
229,5,3,1,1,0,-1,1
229,6,2,1,0,1,0,0
229,7,2,1,0,1,0,0
229,8,2,1,0,1,1,0
229,9,4,1,1,1,-1,0
229,10,6,2,0,1,0,0
229,11,6,2,0,1,1,0
229,12,4,1,1,1,0,0
229,13,8,2,1,1,-1,0
229,14,6,2,0,1,0,0
229,15,6,2,0,1,0,0
229,16,6,2,0,1,1,0
229,17,8,2,1,1,-1,0
229,18,2,1,0,1,1,0
229,19,8,2,1,1,0,0
229,20,4,1,1,1,-1,0
229,21,6,2,0,1,0,0
229,22,6,2,0,1,0,-1
229,23,5,2,0,0,0,0
229,24,1,1,0,0,0,1
229,25,2,1,0,1,1,0
229,26,4,1,1,1,0,0
229,27,8,2,1,1,0,0
229,28,4,1,1,1,0,-1
229,29,3,1,1,0,0,0
229,30,7,2,1,0,0,0
229,31,7,2,1,0,0,0
229,32,7,2,1,0,0,0
229,33,7,2,1,0,0,0
229,34,7,2,1,0,0,1
229,35,4,1,1,1,0,0
229,36,4,1,1,1,-1,0
229,37,6,2,0,1,1,-1
229,38,7,2,1,0,0,0
229,39,7,2,1,0,-1,0
229,40,1,1,0,0,1,0
229,41,7,2,1,0,0,0
229,42,7,2,1,0,0,0
229,43,7,2,1,0,0,0
229,44,7,2,1,0,0,0
229,45,7,2,1,0,0,1
229,46,4,1,1,1,0,0
229,47,8,2,1,1,0,-1
229,48,3,1,1,0,0,0
229,49,3,1,1,0,0,0
229,50,3,1,1,0,0,0
230,1,5,2,0,0,0,0
230,2,5,2,0,0,0,0
230,3,5,2,0,0,1,1
230,4,8,2,1,1,0,0
230,5,8,2,1,1,0,0
230,6,4,1,1,1,0,0
230,7,8,2,1,1,0,-1
230,8,3,1,1,0,0,0
230,9,7,2,1,0,0,0
230,10,3,1,1,0,0,0
230,11,7,2,1,0,0,0
230,12,7,2,1,0,0,0
230,13,7,2,1,0,0,0
230,14,7,2,1,0,0,0
230,15,3,1,1,0,0,1
230,16,8,2,1,1,0,0
230,17,4,1,1,1,0,-1
230,18,7,2,1,0,0,0
230,19,3,1,1,0,0,0
230,20,3,1,1,0,-1,0
230,21,1,1,0,0,1,0
230,22,3,1,1,0,0,0
230,23,3,1,1,0,0,0
230,24,3,1,1,0,0,0
230,25,7,2,1,0,-1,0
230,26,5,2,0,0,0,0
230,27,5,2,0,0,0,0
230,28,5,2,0,0,1,0
230,29,7,2,1,0,0,0
230,30,3,1,1,0,0,0
230,31,3,1,1,0,0,0
230,32,7,2,1,0,-1,0
230,33,5,2,0,0,1,0
230,34,7,2,1,0,-1,1
230,35,6,2,0,1,0,0
230,36,2,1,0,1,1,-1
230,37,7,2,1,0,-1,0
230,38,5,2,0,0,0,1
230,39,6,2,0,1,0,-1
230,40,1,1,0,0,0,0
230,41,5,2,0,0,0,1
230,42,6,2,0,1,0,0
230,43,6,2,0,1,1,0
230,44,4,1,1,1,-1,0
230,45,6,2,0,1,0,-1
230,46,1,1,0,0,0,1
230,47,2,1,0,1,0,0
230,48,2,1,0,1,1,0
230,49,4,1,1,1,0,0
230,50,4,1,1,1,0,-1
231,1,5,2,0,0,0,0
231,2,1,1,0,0,1,0
231,3,3,1,1,0,0,0
231,4,3,1,1,0,0,0
231,5,7,2,1,0,0,0
231,6,7,2,1,0,-1,0
231,7,5,2,0,0,1,0
231,8,3,1,1,0,0,0
231,9,7,2,1,0,0,0
231,10,3,1,1,0,0,0
231,11,3,1,1,0,-1,1
231,12,6,2,0,1,0,0
231,13,6,2,0,1,1,0
231,14,8,2,1,1,0,0
231,15,4,1,1,1,0,0
231,16,4,1,1,1,0,0
231,17,4,1,1,1,0,0
231,18,4,1,1,1,0,0
231,19,8,2,1,1,0,-1
231,20,3,1,1,0,0,0
231,21,7,2,1,0,0,0
231,22,3,1,1,0,0,1
231,23,4,1,1,1,0,0
231,24,8,2,1,1,0,0
231,25,4,1,1,1,0,0
231,26,4,1,1,1,-1,-1
231,27,1,1,0,0,1,0
231,28,7,2,1,0,0,0
231,29,7,2,1,0,0,0
231,30,3,1,1,0,-1,0
231,31,1,1,0,0,0,0
231,32,1,1,0,0,0,0
231,33,1,1,0,0,0,1
231,34,2,1,0,1,1,-1
231,35,3,1,1,0,-1,0
231,36,1,1,0,0,1,0
231,37,7,2,1,0,0,1
231,38,4,1,1,1,-1,0
231,39,2,1,0,1,0,0
231,40,6,2,0,1,0,0
231,41,6,2,0,1,0,0
231,42,6,2,0,1,1,0
231,43,4,1,1,1,0,0
231,44,4,1,1,1,0,0
231,45,8,2,1,1,0,0
231,46,8,2,1,1,0,0
231,47,8,2,1,1,0,-1
231,48,3,1,1,0,0,0
231,49,3,1,1,0,0,0
231,50,7,2,1,0,0,0
232,1,6,2,0,1,0,0
232,2,2,1,0,1,0,-1
232,3,5,2,0,0,0,0
232,4,1,1,0,0,0,0
232,5,1,1,0,0,1,0
232,6,3,1,1,0,0,0
232,7,3,1,1,0,0,1
232,8,8,2,1,1,0,0
232,9,8,2,1,1,0,-1
232,10,3,1,1,0,0,0
232,11,3,1,1,0,-1,0
232,12,5,2,0,0,0,1
232,13,2,1,0,1,1,0
232,14,8,2,1,1,0,-1
232,15,7,2,1,0,0,1
232,16,8,2,1,1,0,-1
232,17,7,2,1,0,0,0
232,18,3,1,1,0,0,0
232,19,7,2,1,0,-1,0
232,20,5,2,0,0,0,0
232,21,5,2,0,0,0,0
232,22,1,1,0,0,0,1
232,23,2,1,0,1,0,0
232,24,6,2,0,1,0,0
232,25,2,1,0,1,0,0
232,26,2,1,0,1,0,0
232,27,2,1,0,1,0,0
232,28,2,1,0,1,0,-1
232,29,1,1,0,0,0,0
232,30,1,1,0,0,0,0
232,31,1,1,0,0,0,0
232,32,1,1,0,0,1,1
232,33,4,1,1,1,0,0
232,34,8,2,1,1,0,-1
232,35,3,1,1,0,0,0
232,36,3,1,1,0,0,1
232,37,8,2,1,1,-1,0
232,38,6,2,0,1,1,-1
232,39,7,2,1,0,0,0
232,40,3,1,1,0,0,1
232,41,8,2,1,1,-1,0
232,42,6,2,0,1,0,0
232,43,6,2,0,1,0,0
232,44,6,2,0,1,1,0
232,45,8,2,1,1,0,0
232,46,8,2,1,1,0,-1
232,47,3,1,1,0,0,0
232,48,3,1,1,0,0,0
232,49,3,1,1,0,0,1
232,50,4,1,1,1,0,0
233,1,8,2,1,1,-1,-1
233,2,1,1,0,0,0,0
233,3,1,1,0,0,1,0
233,4,3,1,1,0,0,0
233,5,3,1,1,0,0,0
233,6,3,1,1,0,0,0
233,7,3,1,1,0,0,0
233,8,7,2,1,0,0,0
233,9,3,1,1,0,0,1
233,10,4,1,1,1,0,0
233,11,8,2,1,1,0,0
233,12,4,1,1,1,0,0
233,13,8,2,1,1,0,-1
233,14,7,2,1,0,0,0
233,15,7,2,1,0,0,0
233,16,7,2,1,0,0,0
233,17,7,2,1,0,0,0
233,18,7,2,1,0,0,0
233,19,3,1,1,0,0,0
233,20,3,1,1,0,0,0
233,21,3,1,1,0,0,0
233,22,7,2,1,0,0,0
233,23,7,2,1,0,-1,0
233,24,5,2,0,0,0,0
233,25,1,1,0,0,0,1
233,26,2,1,0,1,0,-1
233,27,1,1,0,0,1,0
233,28,3,1,1,0,0,0
233,29,3,1,1,0,-1,0
233,30,1,1,0,0,0,1
233,31,2,1,0,1,0,0
233,32,6,2,0,1,0,0
233,33,6,2,0,1,0,-1
233,34,5,2,0,0,1,0
233,35,3,1,1,0,0,0
233,36,7,2,1,0,0,1
233,37,4,1,1,1,0,0
233,38,4,1,1,1,-1,0
233,39,2,1,0,1,0,0
233,40,6,2,0,1,0,0
233,41,6,2,0,1,0,0
233,42,2,1,0,1,0,-1
233,43,5,2,0,0,1,1
233,44,8,2,1,1,-1,-1
233,45,5,2,0,0,0,0
233,46,1,1,0,0,1,0
233,47,7,2,1,0,0,0
233,48,3,1,1,0,0,0
233,49,3,1,1,0,-1,0
233,50,1,1,0,0,0,1
234,1,4,1,1,1,-1,0
234,2,6,2,0,1,0,0
234,3,6,2,0,1,0,0
234,4,6,2,0,1,0,0
234,5,6,2,0,1,1,0
234,6,4,1,1,1,0,0
234,7,4,1,1,1,0,0
234,8,8,2,1,1,0,-1
234,9,7,2,1,0,0,0
234,10,7,2,1,0,-1,0
234,11,5,2,0,0,0,0
234,12,5,2,0,0,0,0
234,13,5,2,0,0,1,0
234,14,7,2,1,0,0,0
234,15,7,2,1,0,0,1
234,16,4,1,1,1,-1,-1
234,17,1,1,0,0,0,1
234,18,2,1,0,1,0,0
234,19,2,1,0,1,0,0
234,20,2,1,0,1,1,0
234,21,8,2,1,1,0,0
234,22,4,1,1,1,0,0
234,23,4,1,1,1,0,0
234,24,4,1,1,1,0,0
234,25,4,1,1,1,0,0
234,26,4,1,1,1,-1,0
234,27,6,2,0,1,1,0
234,28,8,2,1,1,-1,-1
234,29,5,2,0,0,0,0
234,30,1,1,0,0,0,0
234,31,1,1,0,0,0,1
234,32,6,2,0,1,0,0
234,33,2,1,0,1,0,0
234,34,2,1,0,1,0,0
234,35,2,1,0,1,0,-1
234,36,1,1,0,0,0,0
234,37,1,1,0,0,1,0
234,38,3,1,1,0,-1,1
234,39,2,1,0,1,1,0
234,40,4,1,1,1,0,0
234,41,4,1,1,1,0,0
234,42,4,1,1,1,0,0
234,43,4,1,1,1,-1,0
234,44,2,1,0,1,0,0
234,45,2,1,0,1,1,0
234,46,4,1,1,1,0,0
234,47,4,1,1,1,-1,0
234,48,6,2,0,1,0,0
234,49,2,1,0,1,0,0
234,50,2,1,0,1,0,-1
235,1,1,1,0,0,0,0
235,2,5,2,0,0,0,0
235,3,5,2,0,0,0,1
235,4,6,2,0,1,0,0
235,5,6,2,0,1,1,0
235,6,8,2,1,1,0,-1
235,7,7,2,1,0,0,1
235,8,8,2,1,1,-1,0
235,9,6,2,0,1,0,0
235,10,6,2,0,1,0,-1
235,11,1,1,0,0,0,1
235,12,6,2,0,1,0,0
235,13,6,2,0,1,0,0
235,14,6,2,0,1,0,-1
235,15,1,1,0,0,1,1
235,16,8,2,1,1,0,-1
235,17,7,2,1,0,0,1
235,18,8,2,1,1,0,0
235,19,8,2,1,1,0,0
235,20,8,2,1,1,0,-1
235,21,7,2,1,0,0,1
235,22,4,1,1,1,-1,0
235,23,6,2,0,1,0,0
235,24,6,2,0,1,0,0
235,25,2,1,0,1,0,0
235,26,6,2,0,1,0,0
235,27,6,2,0,1,0,0
235,28,6,2,0,1,0,0
235,29,6,2,0,1,0,0
235,30,6,2,0,1,0,-1
235,31,1,1,0,0,0,0
235,32,1,1,0,0,0,0
235,33,5,2,0,0,0,0
235,34,5,2,0,0,0,1
235,35,6,2,0,1,0,0
235,36,2,1,0,1,0,-1
235,37,5,2,0,0,0,0
235,38,1,1,0,0,0,0
235,39,5,2,0,0,1,0
235,40,3,1,1,0,0,0
235,41,3,1,1,0,-1,0
235,42,1,1,0,0,1,0
235,43,3,1,1,0,0,0
235,44,7,2,1,0,0,1
235,45,4,1,1,1,0,0
235,46,4,1,1,1,0,0
235,47,4,1,1,1,-1,0
235,48,2,1,0,1,0,-1
235,49,1,1,0,0,1,0
235,50,3,1,1,0,-1,0
236,1,8,2,1,1,-1,-1
236,2,5,2,0,0,1,1
236,3,8,2,1,1,0,0
236,4,4,1,1,1,0,0
236,5,4,1,1,1,-1,0
236,6,2,1,0,1,0,0
236,7,6,2,0,1,1,-1
236,8,7,2,1,0,0,0
236,9,3,1,1,0,0,0
236,10,7,2,1,0,0,1
236,11,4,1,1,1,0,0
236,12,4,1,1,1,0,0
236,13,4,1,1,1,0,0
236,14,8,2,1,1,0,-1
236,15,7,2,1,0,0,0
236,16,7,2,1,0,0,0
236,17,7,2,1,0,-1,0
236,18,5,2,0,0,0,0
236,19,5,2,0,0,0,0
236,20,1,1,0,0,0,1
236,21,2,1,0,1,1,0
236,22,4,1,1,1,0,0
236,23,4,1,1,1,0,0
236,24,8,2,1,1,0,-1
236,25,7,2,1,0,-1,0
236,26,5,2,0,0,0,0
236,27,5,2,0,0,0,0
236,28,5,2,0,0,0,0
236,29,5,2,0,0,0,0
236,30,5,2,0,0,0,0
236,31,1,1,0,0,1,0
236,32,7,2,1,0,-1,0
236,33,5,2,0,0,1,0
236,34,7,2,1,0,0,0
236,35,7,2,1,0,-1,0
236,36,1,1,0,0,0,0
236,37,5,2,0,0,0,0
236,38,5,2,0,0,0,0
236,39,5,2,0,0,0,0
236,40,5,2,0,0,0,0
236,41,1,1,0,0,0,1
236,42,2,1,0,1,1,0
236,43,8,2,1,1,0,0
236,44,4,1,1,1,0,0
236,45,4,1,1,1,-1,0
236,46,2,1,0,1,0,-1
236,47,1,1,0,0,1,0
236,48,3,1,1,0,0,0
236,49,3,1,1,0,0,0
236,50,7,2,1,0,0,1
237,1,2,1,0,1,0,0
237,2,2,1,0,1,0,-1
237,3,1,1,0,0,0,1
237,4,2,1,0,1,0,0
237,5,6,2,0,1,0,-1
237,6,5,2,0,0,0,0
237,7,5,2,0,0,1,0
237,8,7,2,1,0,-1,1
237,9,6,2,0,1,1,0
237,10,8,2,1,1,0,0
237,11,8,2,1,1,0,0
237,12,8,2,1,1,0,-1
237,13,7,2,1,0,0,0
237,14,7,2,1,0,0,0
237,15,3,1,1,0,0,1
237,16,4,1,1,1,0,0
237,17,8,2,1,1,-1,0
237,18,6,2,0,1,0,0
237,19,6,2,0,1,0,0
237,20,2,1,0,1,0,-1
237,21,5,2,0,0,0,0
237,22,1,1,0,0,1,0
237,23,3,1,1,0,0,0
237,24,7,2,1,0,0,0
237,25,7,2,1,0,0,0
237,26,7,2,1,0,0,0
237,27,3,1,1,0,0,0
237,28,3,1,1,0,0,0
237,29,7,2,1,0,0,0
237,30,3,1,1,0,0,1
237,31,8,2,1,1,0,-1
237,32,3,1,1,0,0,0
237,33,7,2,1,0,0,0
237,34,3,1,1,0,0,0
237,35,7,2,1,0,0,0
237,36,7,2,1,0,0,0
237,37,3,1,1,0,-1,0
237,38,1,1,0,0,1,1
237,39,4,1,1,1,0,0
237,40,4,1,1,1,0,0
237,41,4,1,1,1,-1,-1
237,42,1,1,0,0,0,0
237,43,1,1,0,0,1,0
237,44,3,1,1,0,0,0
237,45,3,1,1,0,0,1
237,46,4,1,1,1,0,0
237,47,8,2,1,1,0,-1
237,48,3,1,1,0,0,0
237,49,3,1,1,0,0,0
237,50,7,2,1,0,0,0
238,1,4,1,1,1,0,0
238,2,4,1,1,1,0,0
238,3,4,1,1,1,0,0
238,4,4,1,1,1,0,0
238,5,8,2,1,1,0,0
238,6,4,1,1,1,0,0
238,7,4,1,1,1,0,0
238,8,8,2,1,1,0,0
238,9,8,2,1,1,0,0
238,10,8,2,1,1,0,0
238,11,8,2,1,1,0,0
238,12,8,2,1,1,0,0
238,13,8,2,1,1,0,0
238,14,4,1,1,1,0,0
238,15,4,1,1,1,0,-1
238,16,3,1,1,0,0,1
238,17,4,1,1,1,-1,0
238,18,6,2,0,1,0,0
238,19,6,2,0,1,0,0
238,20,6,2,0,1,1,0
238,21,4,1,1,1,-1,0
238,22,6,2,0,1,0,-1
238,23,5,2,0,0,0,0
238,24,5,2,0,0,0,1
238,25,6,2,0,1,0,-1
238,26,1,1,0,0,0,0
238,27,5,2,0,0,0,0
238,28,5,2,0,0,0,0
238,29,5,2,0,0,0,0
238,30,5,2,0,0,1,0
238,31,3,1,1,0,0,0
238,32,7,2,1,0,0,0
238,33,3,1,1,0,0,0
238,34,7,2,1,0,0,0
238,35,7,2,1,0,0,0
238,36,3,1,1,0,-1,1
238,37,6,2,0,1,0,-1
238,38,1,1,0,0,1,1
238,39,8,2,1,1,0,0
238,40,4,1,1,1,0,0
238,41,4,1,1,1,0,0
238,42,4,1,1,1,0,-1
238,43,3,1,1,0,0,0
238,44,7,2,1,0,0,0
238,45,3,1,1,0,0,0
238,46,3,1,1,0,0,0
238,47,3,1,1,0,-1,0
238,48,5,2,0,0,0,0
238,49,5,2,0,0,0,0
238,50,5,2,0,0,1,0
239,1,1,1,0,0,1,1
239,2,4,1,1,1,0,0
239,3,4,1,1,1,0,-1
239,4,3,1,1,0,-1,0
239,5,1,1,0,0,0,0
239,6,1,1,0,0,1,0
239,7,3,1,1,0,-1,0
239,8,1,1,0,0,1,1
239,9,4,1,1,1,-1,-1
239,10,5,2,0,0,1,0
239,11,7,2,1,0,0,0
239,12,7,2,1,0,0,1
239,13,8,2,1,1,0,-1
239,14,7,2,1,0,0,0
239,15,7,2,1,0,0,0
239,16,3,1,1,0,-1,1
239,17,2,1,0,1,0,0
239,18,2,1,0,1,1,0
239,19,4,1,1,1,0,0
239,20,8,2,1,1,0,0
239,21,8,2,1,1,0,0
239,22,4,1,1,1,0,0
239,23,4,1,1,1,0,0
239,24,4,1,1,1,0,0
239,25,4,1,1,1,0,-1
239,26,3,1,1,0,0,0
239,27,3,1,1,0,0,1
239,28,4,1,1,1,0,0
239,29,4,1,1,1,0,-1
239,30,7,2,1,0,-1,0
239,31,5,2,0,0,0,1
239,32,6,2,0,1,1,0
239,33,8,2,1,1,0,-1
239,34,7,2,1,0,0,0
239,35,7,2,1,0,-1,0
239,36,1,1,0,0,0,0
239,37,1,1,0,0,0,0
239,38,1,1,0,0,0,0
239,39,5,2,0,0,1,0
239,40,7,2,1,0,0,0
239,41,3,1,1,0,0,0
239,42,3,1,1,0,0,0
239,43,7,2,1,0,-1,0
239,44,1,1,0,0,0,0
239,45,1,1,0,0,1,1
239,46,4,1,1,1,0,-1
239,47,7,2,1,0,0,0
239,48,3,1,1,0,0,1
239,49,8,2,1,1,-1,0
239,50,6,2,0,1,1,-1
240,1,3,1,1,0,0,0
240,2,3,1,1,0,0,0
240,3,3,1,1,0,0,0
240,4,3,1,1,0,0,0
240,5,3,1,1,0,0,0
240,6,7,2,1,0,0,1
240,7,4,1,1,1,0,0
240,8,4,1,1,1,0,0
240,9,8,2,1,1,-1,-1
240,10,1,1,0,0,0,1
240,11,2,1,0,1,1,0
240,12,4,1,1,1,0,0
240,13,4,1,1,1,-1,0
240,14,2,1,0,1,0,-1
240,15,1,1,0,0,1,0
240,16,3,1,1,0,-1,0
240,17,5,2,0,0,0,1
240,18,6,2,0,1,0,0
240,19,2,1,0,1,0,0
240,20,6,2,0,1,0,0
240,21,2,1,0,1,0,0
240,22,2,1,0,1,1,0
240,23,4,1,1,1,0,-1
240,24,3,1,1,0,0,1
240,25,4,1,1,1,0,0
240,26,4,1,1,1,0,-1
240,27,3,1,1,0,0,0
240,28,3,1,1,0,0,0
240,29,3,1,1,0,0,0
240,30,3,1,1,0,0,0
240,31,3,1,1,0,0,0
240,32,3,1,1,0,0,1
240,33,4,1,1,1,0,0
240,34,4,1,1,1,0,0
240,35,4,1,1,1,0,-1
240,36,3,1,1,0,0,1
240,37,8,2,1,1,0,0
240,38,8,2,1,1,0,0
240,39,4,1,1,1,0,-1
240,40,3,1,1,0,0,0
240,41,3,1,1,0,-1,0
240,42,5,2,0,0,0,0
240,43,1,1,0,0,1,0
240,44,3,1,1,0,0,0
240,45,7,2,1,0,-1,0
240,46,1,1,0,0,0,0
240,47,1,1,0,0,0,0
240,48,5,2,0,0,0,0
240,49,1,1,0,0,1,1
240,50,4,1,1,1,-1,0
241,1,2,1,0,1,0,0
241,2,6,2,0,1,0,0
241,3,2,1,0,1,0,-1
241,4,5,2,0,0,0,0
241,5,5,2,0,0,0,0
241,6,5,2,0,0,0,0
241,7,1,1,0,0,0,0
241,8,5,2,0,0,0,1
241,9,2,1,0,1,0,0
241,10,6,2,0,1,1,0
241,11,4,1,1,1,0,-1
241,12,3,1,1,0,0,0
241,13,3,1,1,0,0,0
241,14,3,1,1,0,0,0
241,15,7,2,1,0,0,1
241,16,4,1,1,1,0,0
241,17,4,1,1,1,0,0
241,18,8,2,1,1,0,-1
241,19,7,2,1,0,0,0
241,20,7,2,1,0,-1,1
241,21,6,2,0,1,0,-1
241,22,5,2,0,0,0,0
241,23,5,2,0,0,1,1
241,24,8,2,1,1,0,0
241,25,4,1,1,1,-1,0
241,26,2,1,0,1,0,0
241,27,2,1,0,1,0,0
241,28,2,1,0,1,0,0
241,29,6,2,0,1,0,0
241,30,2,1,0,1,0,0
241,31,2,1,0,1,0,0
241,32,2,1,0,1,1,0
241,33,8,2,1,1,0,0
241,34,8,2,1,1,-1,0
241,35,2,1,0,1,1,-1
241,36,3,1,1,0,0,0
241,37,3,1,1,0,-1,0
241,38,1,1,0,0,0,0
241,39,1,1,0,0,0,1
241,40,2,1,0,1,0,0
241,41,2,1,0,1,0,0
241,42,2,1,0,1,1,0
241,43,4,1,1,1,0,0
241,44,4,1,1,1,-1,0
241,45,2,1,0,1,0,-1
241,46,5,2,0,0,0,0
241,47,5,2,0,0,0,0
241,48,5,2,0,0,1,0
241,49,3,1,1,0,0,0
241,50,3,1,1,0,0,1
242,1,5,2,0,0,0,0
242,2,5,2,0,0,1,0
242,3,7,2,1,0,0,0
242,4,3,1,1,0,0,0
242,5,7,2,1,0,-1,0
242,6,5,2,0,0,1,0
242,7,7,2,1,0,0,1
242,8,8,2,1,1,0,0
242,9,8,2,1,1,0,-1
242,10,7,2,1,0,0,0
242,11,3,1,1,0,-1,0
242,12,5,2,0,0,0,0
242,13,5,2,0,0,0,0
242,14,5,2,0,0,0,0
242,15,5,2,0,0,1,0
242,16,7,2,1,0,0,1
242,17,8,2,1,1,0,0
242,18,4,1,1,1,-1,0
242,19,2,1,0,1,0,0
242,20,2,1,0,1,0,0
242,21,6,2,0,1,0,0
242,22,6,2,0,1,1,-1
242,23,7,2,1,0,0,0
242,24,7,2,1,0,-1,1
242,25,6,2,0,1,1,0
242,26,4,1,1,1,-1,0
242,27,2,1,0,1,0,-1
242,28,1,1,0,0,1,0
242,29,3,1,1,0,0,1
242,30,4,1,1,1,0,-1
242,31,3,1,1,0,0,0
242,32,3,1,1,0,-1,0
242,33,5,2,0,0,0,1
242,34,6,2,0,1,0,0
242,35,6,2,0,1,0,-1
242,36,5,2,0,0,1,1
242,37,4,1,1,1,0,0
242,38,8,2,1,1,0,-1
242,39,3,1,1,0,0,0
242,40,3,1,1,0,0,1
242,41,8,2,1,1,0,-1
242,42,7,2,1,0,0,1
242,43,8,2,1,1,0,-1
242,44,3,1,1,0,-1,0
242,45,1,1,0,0,0,1
242,46,6,2,0,1,0,0
242,47,6,2,0,1,0,0
242,48,2,1,0,1,0,0
242,49,6,2,0,1,0,0
242,50,6,2,0,1,1,0
243,1,4,1,1,1,0,-1
243,2,3,1,1,0,0,0
243,3,3,1,1,0,0,0
243,4,7,2,1,0,0,0
243,5,3,1,1,0,0,1
243,6,4,1,1,1,0,0
243,7,4,1,1,1,0,-1
243,8,7,2,1,0,0,0
243,9,3,1,1,0,0,0
243,10,7,2,1,0,-1,0
243,11,5,2,0,0,1,0
243,12,7,2,1,0,0,0
243,13,7,2,1,0,0,0
243,14,3,1,1,0,0,0
243,15,3,1,1,0,0,1
243,16,4,1,1,1,0,0
243,17,8,2,1,1,0,0
243,18,8,2,1,1,0,0
243,19,8,2,1,1,0,0
243,20,8,2,1,1,0,0
243,21,4,1,1,1,0,0
243,22,4,1,1,1,0,0
243,23,4,1,1,1,0,0
243,24,8,2,1,1,0,0
243,25,4,1,1,1,0,0
243,26,4,1,1,1,0,0
243,27,4,1,1,1,0,0
243,28,4,1,1,1,-1,0
243,29,2,1,0,1,1,0
243,30,4,1,1,1,0,0
243,31,8,2,1,1,0,0
243,32,8,2,1,1,0,-1
243,33,7,2,1,0,0,1
243,34,4,1,1,1,0,-1
243,35,3,1,1,0,-1,0
243,36,1,1,0,0,0,0
243,37,5,2,0,0,0,0
243,38,1,1,0,0,0,1
243,39,6,2,0,1,0,-1
243,40,5,2,0,0,0,0
243,41,1,1,0,0,1,0
243,42,3,1,1,0,-1,0
243,43,5,2,0,0,1,0
243,44,7,2,1,0,0,0
243,45,3,1,1,0,-1,0
243,46,1,1,0,0,1,0
243,47,3,1,1,0,0,0
243,48,7,2,1,0,0,0
243,49,3,1,1,0,0,1
243,50,4,1,1,1,0,0
244,1,4,1,1,1,0,0
244,2,4,1,1,1,-1,0
244,3,2,1,0,1,0,-1
244,4,5,2,0,0,1,0
244,5,7,2,1,0,0,0
244,6,7,2,1,0,0,1
244,7,4,1,1,1,0,0
244,8,8,2,1,1,0,0
244,9,8,2,1,1,0,-1
244,10,7,2,1,0,0,0
244,11,3,1,1,0,0,1
244,12,4,1,1,1,0,-1
244,13,7,2,1,0,0,0
244,14,7,2,1,0,0,0
244,15,3,1,1,0,0,1
244,16,4,1,1,1,0,-1
244,17,3,1,1,0,0,0
244,18,3,1,1,0,0,0
244,19,3,1,1,0,0,0
244,20,3,1,1,0,0,1
244,21,4,1,1,1,0,0
244,22,4,1,1,1,-1,0
244,23,2,1,0,1,0,0
244,24,2,1,0,1,0,0
244,25,2,1,0,1,0,-1
244,26,1,1,0,0,0,0
244,27,1,1,0,0,1,0
244,28,3,1,1,0,0,1
244,29,4,1,1,1,0,0
244,30,4,1,1,1,0,0
244,31,4,1,1,1,-1,0
244,32,2,1,0,1,1,0
244,33,8,2,1,1,0,-1
244,34,3,1,1,0,0,0
244,35,3,1,1,0,-1,0
244,36,5,2,0,0,0,0
244,37,5,2,0,0,0,1
244,38,6,2,0,1,0,0
244,39,6,2,0,1,0,0
244,40,6,2,0,1,0,0
244,41,2,1,0,1,0,0
244,42,2,1,0,1,0,0
244,43,2,1,0,1,0,-1
244,44,1,1,0,0,0,0
244,45,1,1,0,0,1,0
244,46,3,1,1,0,0,1
244,47,4,1,1,1,-1,0
244,48,2,1,0,1,1,0
244,49,8,2,1,1,0,0
244,50,4,1,1,1,0,0
245,1,4,1,1,1,0,0
245,2,4,1,1,1,0,-1
245,3,3,1,1,0,-1,0
245,4,1,1,0,0,0,1
245,5,2,1,0,1,0,0
245,6,2,1,0,1,0,0
245,7,2,1,0,1,0,0
245,8,2,1,0,1,0,0
245,9,6,2,0,1,0,0
245,10,2,1,0,1,0,0
245,11,6,2,0,1,0,-1
245,12,5,2,0,0,0,0
245,13,5,2,0,0,0,0
245,14,1,1,0,0,0,0
245,15,5,2,0,0,0,0
245,16,5,2,0,0,1,0
245,17,7,2,1,0,0,0
245,18,3,1,1,0,0,0
245,19,7,2,1,0,0,0
245,20,7,2,1,0,0,0
245,21,7,2,1,0,0,1
245,22,4,1,1,1,0,0
245,23,8,2,1,1,0,0
245,24,8,2,1,1,0,0
245,25,8,2,1,1,0,0
245,26,8,2,1,1,0,0
245,27,8,2,1,1,0,0
245,28,8,2,1,1,0,0
245,29,8,2,1,1,0,-1
245,30,3,1,1,0,0,1
245,31,4,1,1,1,0,0
245,32,4,1,1,1,0,-1
245,33,7,2,1,0,0,0
245,34,3,1,1,0,-1,1
245,35,6,2,0,1,0,0
245,36,6,2,0,1,0,-1
245,37,1,1,0,0,0,1
245,38,2,1,0,1,1,-1
245,39,3,1,1,0,0,0
245,40,7,2,1,0,-1,0
245,41,5,2,0,0,0,1
245,42,6,2,0,1,1,0
245,43,8,2,1,1,0,-1
245,44,3,1,1,0,-1,0
245,45,1,1,0,0,0,0
245,46,1,1,0,0,1,1
245,47,4,1,1,1,0,-1
245,48,7,2,1,0,0,0
245,49,7,2,1,0,-1,0
245,50,5,2,0,0,0,1
246,1,2,1,0,1,0,-1
246,2,1,1,0,0,0,1
246,3,2,1,0,1,0,0
246,4,2,1,0,1,0,0
246,5,2,1,0,1,0,0
246,6,2,1,0,1,0,-1
246,7,5,2,0,0,0,1
246,8,2,1,0,1,0,0
246,9,2,1,0,1,0,0
246,10,2,1,0,1,1,0
246,11,8,2,1,1,-1,-1
246,12,1,1,0,0,0,0
246,13,1,1,0,0,0,0
246,14,1,1,0,0,0,0
246,15,1,1,0,0,1,0
246,16,3,1,1,0,0,0
246,17,3,1,1,0,0,0
246,18,3,1,1,0,0,0
246,19,3,1,1,0,0,0
246,20,3,1,1,0,0,0
246,21,3,1,1,0,0,0
246,22,3,1,1,0,0,0
246,23,3,1,1,0,0,1
246,24,4,1,1,1,0,0
246,25,4,1,1,1,0,0
246,26,4,1,1,1,0,-1
246,27,3,1,1,0,0,1
246,28,4,1,1,1,0,0
246,29,4,1,1,1,0,0
246,30,4,1,1,1,-1,0
246,31,6,2,0,1,1,-1
246,32,7,2,1,0,0,0
246,33,7,2,1,0,0,0
246,34,3,1,1,0,0,1
246,35,4,1,1,1,0,0
246,36,8,2,1,1,0,0
246,37,8,2,1,1,0,0
246,38,4,1,1,1,-1,0
246,39,2,1,0,1,0,0
246,40,6,2,0,1,0,0
246,41,6,2,0,1,1,0
246,42,4,1,1,1,0,0
246,43,4,1,1,1,0,0
246,44,4,1,1,1,0,0
246,45,4,1,1,1,0,0
246,46,4,1,1,1,0,0
246,47,4,1,1,1,0,0
246,48,4,1,1,1,0,0
246,49,4,1,1,1,0,0
246,50,8,2,1,1,0,0
247,1,8,2,1,1,0,0
247,2,4,1,1,1,0,0
247,3,4,1,1,1,0,0
247,4,4,1,1,1,-1,0
247,5,2,1,0,1,0,-1
247,6,1,1,0,0,1,1
247,7,8,2,1,1,0,-1
247,8,7,2,1,0,0,0
247,9,3,1,1,0,0,1
247,10,4,1,1,1,0,0
247,11,4,1,1,1,0,-1
247,12,3,1,1,0,0,0
247,13,3,1,1,0,0,0
247,14,3,1,1,0,-1,0
247,15,5,2,0,0,0,0
247,16,1,1,0,0,0,1
247,17,2,1,0,1,0,0
247,18,2,1,0,1,1,0
247,19,8,2,1,1,0,-1
247,20,7,2,1,0,-1,0
247,21,5,2,0,0,0,0
247,22,5,2,0,0,0,1
247,23,6,2,0,1,0,0
247,24,2,1,0,1,0,0
247,25,6,2,0,1,0,0
247,26,6,2,0,1,1,-1
247,27,3,1,1,0,0,1
247,28,4,1,1,1,0,0
247,29,4,1,1,1,0,0
247,30,8,2,1,1,-1,0
247,31,6,2,0,1,0,0
247,32,6,2,0,1,0,-1
247,33,5,2,0,0,0,0
247,34,1,1,0,0,0,0
247,35,1,1,0,0,1,0
247,36,3,1,1,0,0,0
247,37,3,1,1,0,0,1
247,38,4,1,1,1,0,0
247,39,4,1,1,1,0,0
247,40,4,1,1,1,0,0
247,41,4,1,1,1,0,0
247,42,8,2,1,1,-1,-1
247,43,1,1,0,0,0,0
247,44,1,1,0,0,0,1
247,45,2,1,0,1,0,-1
247,46,1,1,0,0,0,1
247,47,2,1,0,1,1,0
247,48,4,1,1,1,0,0
247,49,4,1,1,1,0,-1
247,50,3,1,1,0,0,0
248,1,5,2,0,0,0,0
248,2,5,2,0,0,0,0
248,3,5,2,0,0,0,0
248,4,1,1,0,0,1,0
248,5,3,1,1,0,0,1
248,6,4,1,1,1,0,0
248,7,4,1,1,1,-1,0
248,8,6,2,0,1,1,0
248,9,8,2,1,1,0,-1
248,10,7,2,1,0,0,0
248,11,3,1,1,0,-1,1
248,12,2,1,0,1,1,-1
248,13,7,2,1,0,0,0
248,14,7,2,1,0,0,0
248,15,7,2,1,0,0,0
248,16,3,1,1,0,0,1
248,17,4,1,1,1,0,0
248,18,4,1,1,1,0,-1
248,19,3,1,1,0,0,0
248,20,3,1,1,0,0,1
248,21,4,1,1,1,-1,0
248,22,2,1,0,1,0,-1
248,23,1,1,0,0,1,0
248,24,3,1,1,0,0,1
248,25,4,1,1,1,-1,-1
248,26,1,1,0,0,0,1
248,27,2,1,0,1,0,0
248,28,2,1,0,1,0,0
248,29,6,2,0,1,0,-1
248,30,1,1,0,0,0,0
248,31,1,1,0,0,0,1
248,32,2,1,0,1,1,0
248,33,8,2,1,1,0,0
248,34,4,1,1,1,0,0
248,35,4,1,1,1,-1,0
248,36,6,2,0,1,0,0
248,37,6,2,0,1,0,0
248,38,2,1,0,1,0,0
248,39,6,2,0,1,1,0
248,40,8,2,1,1,0,0
248,41,4,1,1,1,-1,-1
248,42,1,1,0,0,1,0
248,43,3,1,1,0,0,0
248,44,7,2,1,0,0,0
248,45,7,2,1,0,-1,0
248,46,1,1,0,0,0,0
248,47,1,1,0,0,0,0
248,48,1,1,0,0,1,0
248,49,3,1,1,0,-1,1
248,50,6,2,0,1,0,0
249,1,2,1,0,1,0,0
249,2,6,2,0,1,0,0
249,3,2,1,0,1,0,0
249,4,2,1,0,1,0,-1
249,5,1,1,0,0,0,1
249,6,2,1,0,1,1,0
249,7,4,1,1,1,0,0
249,8,8,2,1,1,0,0
249,9,8,2,1,1,-1,0
249,10,2,1,0,1,0,0
249,11,2,1,0,1,1,0
249,12,4,1,1,1,0,0
249,13,8,2,1,1,0,0
249,14,8,2,1,1,-1,-1
249,15,1,1,0,0,0,1
249,16,2,1,0,1,1,0
249,17,4,1,1,1,-1,-1
249,18,1,1,0,0,0,0
249,19,1,1,0,0,1,0
249,20,7,2,1,0,0,1
249,21,4,1,1,1,0,0
249,22,8,2,1,1,0,0
249,23,8,2,1,1,0,0
249,24,4,1,1,1,0,0
249,25,4,1,1,1,0,0
249,26,4,1,1,1,0,0
249,27,4,1,1,1,-1,0
249,28,2,1,0,1,1,0
249,29,4,1,1,1,-1,-1
249,30,1,1,0,0,0,1
249,31,2,1,0,1,0,0
249,32,6,2,0,1,0,0
249,33,6,2,0,1,0,0
249,34,6,2,0,1,1,0
249,35,8,2,1,1,0,0
249,36,8,2,1,1,-1,0
249,37,6,2,0,1,0,0
249,38,6,2,0,1,0,0
249,39,6,2,0,1,0,0
249,40,2,1,0,1,1,0
249,41,4,1,1,1,-1,-1
249,42,1,1,0,0,0,0
249,43,1,1,0,0,0,0
249,44,5,2,0,0,0,0
249,45,1,1,0,0,0,0
249,46,1,1,0,0,0,0
249,47,1,1,0,0,0,0
249,48,1,1,0,0,0,1
249,49,6,2,0,1,1,0
249,50,8,2,1,1,0,-1
250,1,4,1,1,1,-1,0
250,2,6,2,0,1,0,0
250,3,6,2,0,1,0,-1
250,4,1,1,0,0,0,0
250,5,1,1,0,0,0,0
250,6,1,1,0,0,0,0
250,7,1,1,0,0,0,1
250,8,6,2,0,1,0,0
250,9,6,2,0,1,0,0
250,10,6,2,0,1,0,0
250,11,6,2,0,1,0,0
250,12,6,2,0,1,0,0
250,13,6,2,0,1,0,0
250,14,2,1,0,1,1,0
250,15,8,2,1,1,-1,0
250,16,6,2,0,1,0,0
250,17,6,2,0,1,0,0
250,18,6,2,0,1,0,0
250,19,6,2,0,1,0,0
250,20,6,2,0,1,0,0
250,21,2,1,0,1,0,-1
250,22,1,1,0,0,1,1
250,23,4,1,1,1,0,0
250,24,4,1,1,1,0,0
250,25,4,1,1,1,0,0
250,26,8,2,1,1,-1,0
250,27,6,2,0,1,0,-1
250,28,5,2,0,0,0,0
250,29,1,1,0,0,0,0
250,30,1,1,0,0,1,0
250,31,7,2,1,0,0,0
250,32,7,2,1,0,-1,1
250,33,2,1,0,1,0,0
250,34,2,1,0,1,1,0
250,35,4,1,1,1,0,0
250,36,4,1,1,1,0,0
250,37,4,1,1,1,-1,0
250,38,2,1,0,1,1,0
250,39,4,1,1,1,-1,0
250,40,6,2,0,1,0,0
250,41,2,1,0,1,0,-1
250,42,1,1,0,0,0,1
250,43,2,1,0,1,1,-1
250,44,3,1,1,0,0,0
250,45,3,1,1,0,0,1
250,46,8,2,1,1,-1,-1
250,47,1,1,0,0,0,0
250,48,1,1,0,0,0,0
250,49,1,1,0,0,0,0
250,50,1,1,0,0,1,0
251,1,5,2,0,0,0,1
251,2,2,1,0,1,1,0
251,3,4,1,1,1,0,0
251,4,4,1,1,1,0,-1
251,5,7,2,1,0,0,0
251,6,3,1,1,0,-1,0
251,7,1,1,0,0,0,0
251,8,1,1,0,0,0,0
251,9,1,1,0,0,1,1
251,10,4,1,1,1,0,0
251,11,4,1,1,1,0,0
251,12,4,1,1,1,0,0
251,13,4,1,1,1,-1,-1
251,14,1,1,0,0,0,1
251,15,2,1,0,1,0,0
251,16,2,1,0,1,0,0
251,17,2,1,0,1,0,0
251,18,2,1,0,1,0,0
251,19,6,2,0,1,1,0
251,20,4,1,1,1,-1,0
251,21,2,1,0,1,0,0
251,22,6,2,0,1,1,-1
251,23,7,2,1,0,0,0
251,24,7,2,1,0,0,0
251,25,7,2,1,0,0,0
251,26,3,1,1,0,0,0
251,27,3,1,1,0,0,0
251,28,3,1,1,0,0,0
251,29,7,2,1,0,0,0
251,30,7,2,1,0,0,0
251,31,7,2,1,0,0,0
251,32,7,2,1,0,0,0
251,33,3,1,1,0,-1,0
251,34,1,1,0,0,1,0
251,35,7,2,1,0,0,0
251,36,3,1,1,0,0,0
251,37,3,1,1,0,0,0
251,38,7,2,1,0,0,0
251,39,7,2,1,0,0,0
251,40,7,2,1,0,0,1
251,41,4,1,1,1,-1,0
251,42,2,1,0,1,0,-1
251,43,1,1,0,0,1,1
251,44,4,1,1,1,0,0
251,45,4,1,1,1,-1,0
251,46,2,1,0,1,1,0
251,47,4,1,1,1,0,0
251,48,4,1,1,1,-1,-1
251,49,5,2,0,0,0,0
251,50,1,1,0,0,0,0
252,1,7,2,1,0,0,1
252,2,8,2,1,1,0,0
252,3,8,2,1,1,0,-1
252,4,7,2,1,0,0,1
252,5,8,2,1,1,-1,-1
252,6,5,2,0,0,0,1
252,7,6,2,0,1,1,0
252,8,8,2,1,1,0,0
252,9,8,2,1,1,0,-1
252,10,7,2,1,0,0,0
252,11,7,2,1,0,0,1
252,12,8,2,1,1,0,0
252,13,8,2,1,1,0,0
252,14,4,1,1,1,0,0
252,15,4,1,1,1,-1,0
252,16,2,1,0,1,0,0
252,17,6,2,0,1,0,0
252,18,6,2,0,1,0,0
252,19,6,2,0,1,0,-1
252,20,5,2,0,0,0,0
252,21,1,1,0,0,0,0
252,22,1,1,0,0,0,0
252,23,5,2,0,0,0,1
252,24,6,2,0,1,0,-1
252,25,5,2,0,0,0,0
252,26,5,2,0,0,0,0
252,27,5,2,0,0,0,1
252,28,2,1,0,1,0,0
252,29,6,2,0,1,0,0
252,30,6,2,0,1,1,0
252,31,4,1,1,1,0,0
252,32,4,1,1,1,0,0
252,33,4,1,1,1,0,0
252,34,4,1,1,1,0,-1
252,35,3,1,1,0,0,1
252,36,8,2,1,1,0,-1
252,37,7,2,1,0,0,1
252,38,4,1,1,1,0,0
252,39,4,1,1,1,0,0
252,40,4,1,1,1,0,0
252,41,8,2,1,1,-1,0
252,42,2,1,0,1,0,0
252,43,2,1,0,1,1,0
252,44,8,2,1,1,-1,0
252,45,2,1,0,1,0,0
252,46,2,1,0,1,1,0
252,47,8,2,1,1,0,0
252,48,8,2,1,1,0,0
252,49,8,2,1,1,0,0
252,50,4,1,1,1,0,0
253,1,6,2,0,1,0,0
253,2,6,2,0,1,1,0
253,3,8,2,1,1,0,0
253,4,4,1,1,1,0,-1
253,5,3,1,1,0,0,0
253,6,3,1,1,0,-1,0
253,7,1,1,0,0,0,0
253,8,1,1,0,0,0,0
253,9,5,2,0,0,1,0
253,10,3,1,1,0,0,1
253,11,4,1,1,1,0,0
253,12,4,1,1,1,0,0
253,13,8,2,1,1,-1,0
253,14,2,1,0,1,1,0
253,15,8,2,1,1,0,0
253,16,8,2,1,1,-1,-1
253,17,5,2,0,0,0,0
253,18,5,2,0,0,0,0
253,19,1,1,0,0,1,0
253,20,7,2,1,0,0,0
253,21,7,2,1,0,0,0
253,22,7,2,1,0,0,0
253,23,7,2,1,0,0,0
253,24,7,2,1,0,0,1
253,25,8,2,1,1,0,0
253,26,4,1,1,1,0,-1
253,27,3,1,1,0,0,0
253,28,3,1,1,0,-1,0
253,29,1,1,0,0,0,1
253,30,2,1,0,1,0,-1
253,31,1,1,0,0,0,0
253,32,1,1,0,0,0,0
253,33,1,1,0,0,0,1
253,34,2,1,0,1,0,0
253,35,2,1,0,1,0,-1
253,36,1,1,0,0,1,1
253,37,4,1,1,1,0,0
253,38,4,1,1,1,0,0
253,39,4,1,1,1,0,-1
253,40,3,1,1,0,-1,0
253,41,1,1,0,0,1,0
253,42,3,1,1,0,-1,1
253,43,2,1,0,1,0,0
253,44,2,1,0,1,0,0
253,45,2,1,0,1,1,0
253,46,4,1,1,1,0,0
253,47,4,1,1,1,0,0
253,48,4,1,1,1,0,0
253,49,4,1,1,1,0,0
253,50,4,1,1,1,0,0
254,1,8,2,1,1,0,0
254,2,4,1,1,1,0,-1
254,3,7,2,1,0,0,1
254,4,4,1,1,1,0,-1
254,5,3,1,1,0,0,1
254,6,4,1,1,1,0,0
254,7,8,2,1,1,-1,0
254,8,2,1,0,1,0,0
254,9,2,1,0,1,0,0
254,10,2,1,0,1,0,0
254,11,6,2,0,1,0,0
254,12,2,1,0,1,0,-1
254,13,5,2,0,0,0,1
254,14,2,1,0,1,1,-1
254,15,7,2,1,0,0,0
254,16,7,2,1,0,0,1
254,17,8,2,1,1,0,0
254,18,4,1,1,1,0,0
254,19,4,1,1,1,-1,0
254,20,2,1,0,1,0,-1
254,21,1,1,0,0,0,1
254,22,2,1,0,1,0,0
254,23,2,1,0,1,1,0
254,24,4,1,1,1,0,0
254,25,4,1,1,1,-1,0
254,26,2,1,0,1,1,-1
254,27,3,1,1,0,0,0
254,28,3,1,1,0,0,1
254,29,4,1,1,1,-1,0
254,30,2,1,0,1,0,0
254,31,6,2,0,1,0,0
254,32,2,1,0,1,0,0
254,33,6,2,0,1,0,0
254,34,2,1,0,1,0,0
254,35,2,1,0,1,0,0
254,36,2,1,0,1,0,0
254,37,6,2,0,1,0,-1
254,38,5,2,0,0,0,0
254,39,1,1,0,0,1,1
254,40,4,1,1,1,0,0
254,41,4,1,1,1,0,0
254,42,4,1,1,1,-1,0
254,43,2,1,0,1,0,0
254,44,2,1,0,1,0,0
254,45,2,1,0,1,1,0
254,46,4,1,1,1,0,0
254,47,4,1,1,1,0,-1
254,48,3,1,1,0,0,0
254,49,3,1,1,0,0,0
254,50,3,1,1,0,0,0
255,1,6,2,0,1,0,0
255,2,2,1,0,1,1,0
255,3,4,1,1,1,-1,0
255,4,6,2,0,1,0,0
255,5,2,1,0,1,0,0
255,6,2,1,0,1,0,0
255,7,2,1,0,1,0,0
255,8,2,1,0,1,1,-1
255,9,3,1,1,0,0,0
255,10,7,2,1,0,0,0
255,11,7,2,1,0,0,1
255,12,4,1,1,1,-1,-1
255,13,5,2,0,0,1,0
255,14,3,1,1,0,-1,0
255,15,5,2,0,0,0,0
255,16,5,2,0,0,1,0
255,17,3,1,1,0,0,0
255,18,3,1,1,0,0,0
255,19,3,1,1,0,0,0
255,20,3,1,1,0,0,1
255,21,4,1,1,1,-1,0
255,22,2,1,0,1,0,0
255,23,2,1,0,1,0,0
255,24,2,1,0,1,1,-1
255,25,7,2,1,0,0,0
255,26,3,1,1,0,0,1
255,27,4,1,1,1,0,0
255,28,4,1,1,1,0,-1
255,29,3,1,1,0,0,0
255,30,3,1,1,0,0,0
255,31,3,1,1,0,0,0
255,32,7,2,1,0,0,0
255,33,7,2,1,0,0,0
255,34,7,2,1,0,0,0
255,35,7,2,1,0,0,0
255,36,7,2,1,0,0,0
255,37,7,2,1,0,0,0
255,38,3,1,1,0,-1,1
255,39,2,1,0,1,1,0
255,40,4,1,1,1,0,-1
255,41,3,1,1,0,0,0
255,42,3,1,1,0,0,0
255,43,3,1,1,0,0,0
255,44,3,1,1,0,0,0
255,45,3,1,1,0,0,0
255,46,3,1,1,0,0,0
255,47,3,1,1,0,-1,0
255,48,1,1,0,0,1,0
255,49,3,1,1,0,0,0
255,50,7,2,1,0,0,0
256,1,2,1,0,1,0,0
256,2,6,2,0,1,0,0
256,3,2,1,0,1,0,0
256,4,6,2,0,1,0,-1
256,5,5,2,0,0,0,1
256,6,2,1,0,1,0,0
256,7,2,1,0,1,1,0
256,8,8,2,1,1,0,0
256,9,8,2,1,1,0,0
256,10,8,2,1,1,0,0
256,11,8,2,1,1,0,0
256,12,8,2,1,1,0,0
256,13,8,2,1,1,-1,0
256,14,2,1,0,1,0,0
256,15,2,1,0,1,1,-1
256,16,3,1,1,0,0,0
256,17,3,1,1,0,0,0
256,18,3,1,1,0,-1,0
256,19,1,1,0,0,0,0
256,20,1,1,0,0,1,0
256,21,3,1,1,0,0,1
256,22,4,1,1,1,0,0
256,23,4,1,1,1,0,-1
256,24,3,1,1,0,-1,0
256,25,5,2,0,0,0,0
256,26,1,1,0,0,0,0
256,27,1,1,0,0,0,0
256,28,1,1,0,0,0,1
256,29,2,1,0,1,0,0
256,30,2,1,0,1,0,0
256,31,6,2,0,1,0,-1
256,32,1,1,0,0,0,0
256,33,5,2,0,0,1,0
256,34,3,1,1,0,0,0
256,35,7,2,1,0,-1,1
256,36,6,2,0,1,1,0
256,37,4,1,1,1,0,-1
256,38,3,1,1,0,0,1
256,39,4,1,1,1,0,0
256,40,8,2,1,1,0,0
256,41,8,2,1,1,0,0
256,42,4,1,1,1,0,-1
256,43,7,2,1,0,0,0
256,44,3,1,1,0,0,1
256,45,4,1,1,1,0,0
256,46,4,1,1,1,0,0
256,47,8,2,1,1,0,0
256,48,4,1,1,1,0,-1
256,49,3,1,1,0,0,1
256,50,8,2,1,1,-1,0
257,1,5,2,0,0,0,0
257,2,1,1,0,0,0,1
257,3,2,1,0,1,1,0
257,4,4,1,1,1,0,0
257,5,8,2,1,1,0,0
257,6,8,2,1,1,0,-1
257,7,3,1,1,0,0,1
257,8,4,1,1,1,0,0
257,9,4,1,1,1,-1,0
257,10,2,1,0,1,0,-1
257,11,1,1,0,0,0,1
257,12,2,1,0,1,0,0
257,13,2,1,0,1,0,0
257,14,2,1,0,1,0,0
257,15,6,2,0,1,0,0
257,16,6,2,0,1,0,-1
257,17,1,1,0,0,0,0
257,18,1,1,0,0,1,0
257,19,7,2,1,0,0,1
257,20,8,2,1,1,-1,0
257,21,6,2,0,1,0,0
257,22,6,2,0,1,0,0
257,23,6,2,0,1,1,0
257,24,4,1,1,1,0,-1
257,25,3,1,1,0,-1,0
257,26,1,1,0,0,1,1
257,27,8,2,1,1,-1,0
257,28,6,2,0,1,0,-1
257,29,5,2,0,0,0,0
257,30,1,1,0,0,1,0
257,31,7,2,1,0,0,1
257,32,4,1,1,1,-1,0
257,33,2,1,0,1,0,0
257,34,6,2,0,1,0,0
257,35,6,2,0,1,0,0
257,36,6,2,0,1,0,0
257,37,2,1,0,1,0,0
257,38,6,2,0,1,0,0
257,39,6,2,0,1,0,-1
257,40,1,1,0,0,0,0
257,41,5,2,0,0,0,0
257,42,5,2,0,0,0,0
257,43,1,1,0,0,0,0
257,44,5,2,0,0,0,0
257,45,1,1,0,0,0,0
257,46,1,1,0,0,0,1
257,47,2,1,0,1,1,0
257,48,8,2,1,1,0,0
257,49,4,1,1,1,0,0
257,50,4,1,1,1,-1,0
258,1,1,1,0,0,0,0
258,2,1,1,0,0,0,0
258,3,1,1,0,0,0,1
258,4,2,1,0,1,0,0
258,5,2,1,0,1,1,0
258,6,8,2,1,1,0,-1
258,7,3,1,1,0,0,1
258,8,4,1,1,1,-1,0
258,9,2,1,0,1,0,0
258,10,2,1,0,1,0,0
258,11,2,1,0,1,0,0
258,12,6,2,0,1,1,-1
258,13,7,2,1,0,0,0
258,14,7,2,1,0,-1,0
258,15,5,2,0,0,0,1
258,16,6,2,0,1,0,-1
258,17,5,2,0,0,1,1
258,18,8,2,1,1,0,0
258,19,8,2,1,1,0,0
258,20,4,1,1,1,0,0
258,21,8,2,1,1,0,-1
258,22,7,2,1,0,0,1
258,23,8,2,1,1,0,0
258,24,4,1,1,1,0,-1
258,25,3,1,1,0,0,1
258,26,4,1,1,1,0,0
258,27,8,2,1,1,0,0
258,28,8,2,1,1,0,0
258,29,8,2,1,1,-1,0
258,30,6,2,0,1,0,0
258,31,2,1,0,1,0,-1
258,32,1,1,0,0,0,0
258,33,1,1,0,0,0,0
258,34,5,2,0,0,0,1
258,35,6,2,0,1,0,0
258,36,6,2,0,1,0,0
258,37,6,2,0,1,0,-1
258,38,1,1,0,0,0,0
258,39,5,2,0,0,0,0
258,40,5,2,0,0,1,0
258,41,3,1,1,0,0,0
258,42,7,2,1,0,0,0
258,43,7,2,1,0,0,1
258,44,8,2,1,1,0,-1
258,45,7,2,1,0,0,0
258,46,7,2,1,0,0,0
258,47,7,2,1,0,0,0
258,48,3,1,1,0,0,0
258,49,3,1,1,0,0,0
258,50,3,1,1,0,0,0
259,1,3,1,1,0,-1,0
259,2,1,1,0,0,0,1
259,3,6,2,0,1,1,0
259,4,8,2,1,1,0,0
259,5,4,1,1,1,0,0
259,6,4,1,1,1,0,0
259,7,4,1,1,1,0,0
259,8,4,1,1,1,0,0
259,9,4,1,1,1,0,-1
259,10,3,1,1,0,-1,0
259,11,5,2,0,0,0,0
259,12,1,1,0,0,0,0
259,13,1,1,0,0,1,0
259,14,3,1,1,0,0,0
259,15,3,1,1,0,0,1
259,16,8,2,1,1,0,0
259,17,4,1,1,1,0,0
259,18,4,1,1,1,-1,0
259,19,2,1,0,1,0,-1
259,20,5,2,0,0,1,0
259,21,3,1,1,0,0,0
259,22,3,1,1,0,-1,1
259,23,6,2,0,1,0,0
259,24,6,2,0,1,1,0
259,25,8,2,1,1,0,-1
259,26,3,1,1,0,-1,1
259,27,6,2,0,1,0,-1
259,28,1,1,0,0,0,0
259,29,1,1,0,0,1,0
259,30,7,2,1,0,0,0
259,31,7,2,1,0,0,1
259,32,8,2,1,1,0,0
259,33,4,1,1,1,0,0
259,34,4,1,1,1,0,0
259,35,4,1,1,1,0,0
259,36,8,2,1,1,0,0
259,37,8,2,1,1,0,-1
259,38,7,2,1,0,0,0
259,39,7,2,1,0,0,0
259,40,7,2,1,0,0,0
259,41,7,2,1,0,0,0
259,42,3,1,1,0,0,0
259,43,3,1,1,0,0,0
259,44,3,1,1,0,-1,0
259,45,1,1,0,0,0,0
259,46,1,1,0,0,1,0
259,47,3,1,1,0,0,0
259,48,3,1,1,0,0,0
259,49,7,2,1,0,-1,0
259,50,5,2,0,0,0,1
260,1,2,1,0,1,0,0
260,2,2,1,0,1,0,0
260,3,2,1,0,1,0,-1
260,4,1,1,0,0,0,1
260,5,2,1,0,1,0,0
260,6,2,1,0,1,0,0
260,7,6,2,0,1,0,0
260,8,6,2,0,1,1,0
260,9,8,2,1,1,0,0
260,10,8,2,1,1,-1,-1
260,11,5,2,0,0,0,0
260,12,5,2,0,0,0,0
260,13,5,2,0,0,0,0
260,14,5,2,0,0,1,0
260,15,7,2,1,0,0,0
260,16,7,2,1,0,0,0
260,17,3,1,1,0,0,0
260,18,3,1,1,0,0,0
260,19,3,1,1,0,0,0
260,20,7,2,1,0,-1,0
260,21,5,2,0,0,0,0
260,22,1,1,0,0,0,1
260,23,6,2,0,1,1,-1
260,24,7,2,1,0,0,0
260,25,3,1,1,0,0,0
260,26,7,2,1,0,0,1
260,27,4,1,1,1,0,0
260,28,8,2,1,1,0,0
260,29,8,2,1,1,-1,-1
260,30,5,2,0,0,1,0
260,31,7,2,1,0,0,0
260,32,3,1,1,0,-1,0
260,33,5,2,0,0,0,0
260,34,1,1,0,0,1,0
260,35,3,1,1,0,0,1
260,36,4,1,1,1,-1,0
260,37,2,1,0,1,0,0
260,38,6,2,0,1,0,0
260,39,2,1,0,1,0,0
260,40,2,1,0,1,0,0
260,41,6,2,0,1,1,-1
260,42,3,1,1,0,0,1
260,43,8,2,1,1,-1,0
260,44,6,2,0,1,1,0
260,45,8,2,1,1,-1,0
260,46,6,2,0,1,0,0
260,47,2,1,0,1,0,0
260,48,6,2,0,1,1,-1
260,49,7,2,1,0,0,1
260,50,4,1,1,1,0,0
261,1,5,2,0,0,0,0
261,2,5,2,0,0,1,0
261,3,3,1,1,0,0,0
261,4,3,1,1,0,0,0
261,5,3,1,1,0,0,0
261,6,3,1,1,0,0,0
261,7,3,1,1,0,0,0
261,8,7,2,1,0,0,0
261,9,3,1,1,0,0,0
261,10,7,2,1,0,0,0
261,11,7,2,1,0,0,1
261,12,4,1,1,1,0,0
261,13,4,1,1,1,0,0
261,14,8,2,1,1,0,0
261,15,4,1,1,1,0,0
261,16,4,1,1,1,0,0
261,17,8,2,1,1,-1,0
261,18,2,1,0,1,0,0
261,19,2,1,0,1,0,0
261,20,6,2,0,1,1,-1
261,21,7,2,1,0,0,0
261,22,7,2,1,0,0,0
261,23,7,2,1,0,0,0
261,24,7,2,1,0,-1,0
261,25,1,1,0,0,0,1
261,26,2,1,0,1,0,0
261,27,2,1,0,1,1,0
261,28,4,1,1,1,0,0
261,29,4,1,1,1,0,-1
261,30,7,2,1,0,0,1
261,31,8,2,1,1,0,-1
261,32,7,2,1,0,-1,0
261,33,1,1,0,0,0,0
261,34,1,1,0,0,1,0
261,35,3,1,1,0,0,1
261,36,4,1,1,1,-1,0
261,37,6,2,0,1,1,0
261,38,4,1,1,1,0,0
261,39,8,2,1,1,0,-1
261,40,7,2,1,0,0,0
261,41,7,2,1,0,-1,1
261,42,2,1,0,1,0,0
261,43,6,2,0,1,1,0
261,44,4,1,1,1,0,0
261,45,8,2,1,1,0,0
261,46,4,1,1,1,0,0
261,47,4,1,1,1,0,-1
261,48,3,1,1,0,0,0
261,49,7,2,1,0,0,0
261,50,3,1,1,0,0,1
262,1,4,1,1,1,-1,0
262,2,6,2,0,1,0,0
262,3,6,2,0,1,0,-1
262,4,1,1,0,0,0,1
262,5,2,1,0,1,0,0
262,6,6,2,0,1,0,0
262,7,6,2,0,1,0,0
262,8,6,2,0,1,1,-1
262,9,7,2,1,0,0,0
262,10,7,2,1,0,-1,1
262,11,2,1,0,1,0,0
262,12,2,1,0,1,1,0
262,13,4,1,1,1,-1,0
262,14,2,1,0,1,1,0
262,15,4,1,1,1,0,0
262,16,8,2,1,1,0,-1
262,17,7,2,1,0,-1,0
262,18,5,2,0,0,0,1
262,19,6,2,0,1,1,0
262,20,8,2,1,1,0,-1
262,21,3,1,1,0,-1,1
262,22,2,1,0,1,0,0
262,23,2,1,0,1,0,0
262,24,2,1,0,1,0,0
262,25,6,2,0,1,0,0
262,26,6,2,0,1,0,0
262,27,2,1,0,1,0,0
262,28,2,1,0,1,1,0
262,29,4,1,1,1,0,0
262,30,8,2,1,1,0,0
262,31,4,1,1,1,0,0
262,32,4,1,1,1,-1,-1
262,33,1,1,0,0,0,1
262,34,6,2,0,1,1,0
262,35,8,2,1,1,0,0
262,36,8,2,1,1,-1,0
262,37,2,1,0,1,0,-1
262,38,5,2,0,0,0,1
262,39,6,2,0,1,0,0
262,40,6,2,0,1,0,-1
262,41,1,1,0,0,0,0
262,42,1,1,0,0,0,0
262,43,5,2,0,0,0,0
262,44,5,2,0,0,1,1
262,45,4,1,1,1,0,0
262,46,4,1,1,1,0,0
262,47,4,1,1,1,0,0
262,48,8,2,1,1,-1,0
262,49,6,2,0,1,0,-1
262,50,5,2,0,0,1,0
263,1,5,2,0,0,0,0
263,2,5,2,0,0,0,0
263,3,5,2,0,0,0,0
263,4,1,1,0,0,0,1
263,5,6,2,0,1,1,0
263,6,8,2,1,1,0,0
263,7,8,2,1,1,0,-1
263,8,7,2,1,0,0,1
263,9,4,1,1,1,0,0
263,10,8,2,1,1,0,0
263,11,8,2,1,1,0,0
263,12,4,1,1,1,0,0
263,13,4,1,1,1,-1,0
263,14,2,1,0,1,0,0
263,15,6,2,0,1,1,0
263,16,8,2,1,1,-1,0
263,17,6,2,0,1,0,0
263,18,6,2,0,1,0,0
263,19,6,2,0,1,0,0
263,20,2,1,0,1,0,0
263,21,6,2,0,1,1,0
263,22,8,2,1,1,-1,0
263,23,6,2,0,1,1,0
263,24,8,2,1,1,0,0
263,25,8,2,1,1,0,0
263,26,8,2,1,1,-1,0
263,27,6,2,0,1,0,0
263,28,6,2,0,1,1,0
263,29,4,1,1,1,0,-1
263,30,3,1,1,0,0,0
263,31,7,2,1,0,0,1
263,32,8,2,1,1,-1,0
263,33,2,1,0,1,0,0
263,34,2,1,0,1,0,-1
263,35,1,1,0,0,0,0
263,36,1,1,0,0,0,0
263,37,1,1,0,0,0,1
263,38,6,2,0,1,1,0
263,39,8,2,1,1,0,0
263,40,8,2,1,1,0,0
263,41,8,2,1,1,-1,-1
263,42,5,2,0,0,0,0
263,43,5,2,0,0,0,0
263,44,1,1,0,0,0,0
263,45,1,1,0,0,1,1
263,46,8,2,1,1,-1,-1
263,47,5,2,0,0,0,0
263,48,5,2,0,0,1,0
263,49,7,2,1,0,0,1
263,50,8,2,1,1,0,0
264,1,8,2,1,1,0,0
264,2,8,2,1,1,0,0
264,3,4,1,1,1,0,0
264,4,4,1,1,1,-1,-1
264,5,1,1,0,0,1,1
264,6,4,1,1,1,0,0
264,7,4,1,1,1,0,0
264,8,8,2,1,1,0,0
264,9,4,1,1,1,0,0
264,10,4,1,1,1,0,0
264,11,4,1,1,1,0,0
264,12,4,1,1,1,0,0
264,13,8,2,1,1,-1,0
264,14,2,1,0,1,1,0
264,15,4,1,1,1,0,0
264,16,4,1,1,1,0,-1
264,17,3,1,1,0,0,0
264,18,3,1,1,0,0,0
264,19,3,1,1,0,-1,0
264,20,5,2,0,0,0,1
264,21,6,2,0,1,0,0
264,22,6,2,0,1,0,0
264,23,2,1,0,1,0,0
264,24,2,1,0,1,0,0
264,25,2,1,0,1,0,0
264,26,2,1,0,1,0,-1
264,27,1,1,0,0,1,0
264,28,7,2,1,0,0,0
264,29,7,2,1,0,0,0
264,30,3,1,1,0,0,0
264,31,3,1,1,0,0,1
264,32,4,1,1,1,0,0
264,33,4,1,1,1,0,0
264,34,4,1,1,1,0,0
264,35,8,2,1,1,0,0
264,36,4,1,1,1,0,-1
264,37,3,1,1,0,0,0
264,38,3,1,1,0,-1,0
264,39,1,1,0,0,1,1
264,40,4,1,1,1,-1,0
264,41,2,1,0,1,1,0
264,42,4,1,1,1,-1,0
264,43,6,2,0,1,0,0
264,44,6,2,0,1,0,0
264,45,2,1,0,1,1,0
264,46,4,1,1,1,0,0
264,47,8,2,1,1,0,-1
264,48,3,1,1,0,0,0
264,49,3,1,1,0,0,0
264,50,3,1,1,0,0,1
265,1,2,1,0,1,1,0
265,2,8,2,1,1,0,0
265,3,8,2,1,1,0,0
265,4,8,2,1,1,0,0
265,5,4,1,1,1,-1,0
265,6,2,1,0,1,0,-1
265,7,1,1,0,0,1,1
265,8,4,1,1,1,-1,0
265,9,2,1,0,1,0,0
265,10,2,1,0,1,1,0
265,11,8,2,1,1,0,-1
265,12,7,2,1,0,-1,1
265,13,6,2,0,1,0,0
265,14,2,1,0,1,1,0
265,15,8,2,1,1,0,0
265,16,4,1,1,1,0,-1
265,17,7,2,1,0,0,0
265,18,7,2,1,0,0,0
265,19,3,1,1,0,0,1
265,20,4,1,1,1,0,0
265,21,4,1,1,1,0,0
265,22,4,1,1,1,0,-1
265,23,7,2,1,0,0,0
265,24,3,1,1,0,-1,0
265,25,1,1,0,0,0,1
265,26,2,1,0,1,0,0
265,27,2,1,0,1,0,0
265,28,2,1,0,1,0,0
265,29,2,1,0,1,0,0
265,30,2,1,0,1,0,0
265,31,2,1,0,1,0,-1
265,32,1,1,0,0,0,1
265,33,2,1,0,1,0,0
265,34,2,1,0,1,0,0
265,35,6,2,0,1,1,0
265,36,8,2,1,1,0,-1
265,37,3,1,1,0,0,0
265,38,3,1,1,0,0,1
265,39,4,1,1,1,0,-1
265,40,3,1,1,0,0,0
265,41,3,1,1,0,0,0
265,42,3,1,1,0,-1,0
265,43,1,1,0,0,0,0
265,44,1,1,0,0,0,0
265,45,1,1,0,0,1,1
265,46,8,2,1,1,0,0
265,47,8,2,1,1,0,-1
265,48,7,2,1,0,0,0
265,49,7,2,1,0,0,0
265,50,7,2,1,0,0,0
266,1,4,1,1,1,0,0
266,2,4,1,1,1,0,0
266,3,4,1,1,1,0,0
266,4,4,1,1,1,0,0
266,5,4,1,1,1,-1,0
266,6,2,1,0,1,0,0
266,7,6,2,0,1,0,-1
266,8,1,1,0,0,0,0
266,9,1,1,0,0,1,0
266,10,3,1,1,0,0,0
266,11,3,1,1,0,0,0
266,12,3,1,1,0,-1,0
266,13,1,1,0,0,0,1
266,14,2,1,0,1,1,0
266,15,8,2,1,1,0,0
266,16,8,2,1,1,0,0
266,17,4,1,1,1,0,0
266,18,4,1,1,1,-1,0
266,19,6,2,0,1,0,0
266,20,2,1,0,1,1,0
266,21,4,1,1,1,-1,0
266,22,2,1,0,1,0,0
266,23,6,2,0,1,0,-1
266,24,5,2,0,0,0,0
266,25,5,2,0,0,1,0
266,26,3,1,1,0,0,0
266,27,3,1,1,0,0,1
266,28,8,2,1,1,0,-1
266,29,3,1,1,0,0,0
266,30,7,2,1,0,0,1
266,31,8,2,1,1,-1,-1
266,32,5,2,0,0,0,0
266,33,5,2,0,0,0,0
266,34,5,2,0,0,0,0
266,35,1,1,0,0,1,0
266,36,3,1,1,0,0,0
266,37,3,1,1,0,0,0
266,38,3,1,1,0,0,0
266,39,3,1,1,0,0,1
266,40,4,1,1,1,0,0
266,41,4,1,1,1,0,0
266,42,4,1,1,1,0,0
266,43,8,2,1,1,0,0
266,44,8,2,1,1,0,-1
266,45,7,2,1,0,0,0
266,46,3,1,1,0,0,1
266,47,4,1,1,1,0,0
266,48,4,1,1,1,0,0
266,49,4,1,1,1,0,-1
266,50,7,2,1,0,-1,0
267,1,7,2,1,0,0,0
267,2,7,2,1,0,0,0
267,3,7,2,1,0,0,0
267,4,7,2,1,0,-1,1
267,5,6,2,0,1,0,0
267,6,6,2,0,1,1,0
267,7,8,2,1,1,0,-1
267,8,3,1,1,0,0,1
267,9,4,1,1,1,0,0
267,10,4,1,1,1,0,0
267,11,4,1,1,1,0,0
267,12,4,1,1,1,0,0
267,13,4,1,1,1,0,0
267,14,4,1,1,1,-1,0
267,15,2,1,0,1,0,0
267,16,6,2,0,1,0,-1
267,17,1,1,0,0,1,0
267,18,7,2,1,0,0,0
267,19,7,2,1,0,-1,1
267,20,2,1,0,1,0,0
267,21,2,1,0,1,0,0
267,22,6,2,0,1,0,-1
267,23,1,1,0,0,0,0
267,24,1,1,0,0,1,0
267,25,7,2,1,0,0,0
267,26,7,2,1,0,0,0
267,27,3,1,1,0,0,1
267,28,8,2,1,1,0,0
267,29,8,2,1,1,0,0
267,30,4,1,1,1,-1,0
267,31,2,1,0,1,0,0
267,32,6,2,0,1,1,-1
267,33,3,1,1,0,0,1
267,34,4,1,1,1,0,0
267,35,4,1,1,1,0,0
267,36,4,1,1,1,0,0
267,37,4,1,1,1,-1,0
267,38,2,1,0,1,0,0
267,39,6,2,0,1,0,0
267,40,2,1,0,1,0,0
267,41,6,2,0,1,0,0
267,42,2,1,0,1,0,0
267,43,6,2,0,1,0,-1
267,44,1,1,0,0,1,1
267,45,4,1,1,1,0,0
267,46,4,1,1,1,0,-1
267,47,3,1,1,0,-1,0
267,48,5,2,0,0,0,0
267,49,5,2,0,0,0,0
267,50,5,2,0,0,0,0
268,1,5,2,0,0,0,0
268,2,1,1,0,0,1,0
268,3,7,2,1,0,0,0
268,4,7,2,1,0,0,0
268,5,7,2,1,0,-1,1
268,6,6,2,0,1,0,-1
268,7,1,1,0,0,0,1
268,8,2,1,0,1,0,0
268,9,2,1,0,1,0,0
268,10,2,1,0,1,1,0
268,11,4,1,1,1,0,0
268,12,4,1,1,1,0,0
268,13,8,2,1,1,0,0
268,14,8,2,1,1,0,0
268,15,8,2,1,1,0,0
268,16,8,2,1,1,0,-1
268,17,3,1,1,0,-1,0
268,18,1,1,0,0,0,0
268,19,1,1,0,0,0,0
268,20,1,1,0,0,0,0
268,21,1,1,0,0,1,0
268,22,7,2,1,0,-1,1
268,23,6,2,0,1,0,0
268,24,6,2,0,1,0,0
268,25,6,2,0,1,1,-1
268,26,7,2,1,0,0,0
268,27,3,1,1,0,0,0
268,28,7,2,1,0,0,0
268,29,3,1,1,0,0,0
268,30,3,1,1,0,0,0
268,31,3,1,1,0,0,0
268,32,7,2,1,0,-1,1
268,33,6,2,0,1,0,0
268,34,6,2,0,1,0,0
268,35,2,1,0,1,1,-1
268,36,3,1,1,0,0,0
268,37,3,1,1,0,-1,0
268,38,5,2,0,0,0,0
268,39,5,2,0,0,0,1
268,40,2,1,0,1,1,0
268,41,4,1,1,1,0,-1
268,42,3,1,1,0,0,0
268,43,3,1,1,0,0,0
268,44,3,1,1,0,0,1
268,45,4,1,1,1,0,0
268,46,4,1,1,1,-1,-1
268,47,1,1,0,0,0,1
268,48,2,1,0,1,1,-1
268,49,3,1,1,0,0,0
268,50,3,1,1,0,-1,1
269,1,8,2,1,1,0,-1
269,2,7,2,1,0,0,1
269,3,8,2,1,1,0,0
269,4,8,2,1,1,0,-1
269,5,7,2,1,0,0,1
269,6,4,1,1,1,0,-1
269,7,3,1,1,0,0,0
269,8,3,1,1,0,-1,1
269,9,2,1,0,1,0,0
269,10,2,1,0,1,0,0
269,11,6,2,0,1,0,-1
269,12,5,2,0,0,1,0
269,13,7,2,1,0,0,0
269,14,7,2,1,0,-1,0
269,15,5,2,0,0,0,0
269,16,1,1,0,0,1,0
269,17,3,1,1,0,-1,0
269,18,1,1,0,0,1,0
269,19,3,1,1,0,0,0
269,20,3,1,1,0,0,0
269,21,3,1,1,0,0,0
269,22,3,1,1,0,0,1
269,23,4,1,1,1,0,0
269,24,4,1,1,1,0,0
269,25,4,1,1,1,0,0
269,26,4,1,1,1,0,0
269,27,4,1,1,1,0,0
269,28,4,1,1,1,0,0
269,29,4,1,1,1,0,-1
269,30,3,1,1,0,0,1
269,31,4,1,1,1,0,0
269,32,4,1,1,1,0,0
269,33,8,2,1,1,-1,0
269,34,6,2,0,1,0,-1
269,35,5,2,0,0,0,0
269,36,1,1,0,0,0,1
269,37,2,1,0,1,0,-1
269,38,1,1,0,0,1,0
269,39,7,2,1,0,0,0
269,40,3,1,1,0,-1,1
269,41,2,1,0,1,0,0
269,42,2,1,0,1,1,0
269,43,4,1,1,1,0,0
269,44,4,1,1,1,0,0
269,45,4,1,1,1,0,0
269,46,4,1,1,1,0,0
269,47,4,1,1,1,-1,0
269,48,2,1,0,1,0,0
269,49,6,2,0,1,1,0
269,50,8,2,1,1,0,-1
270,1,3,1,1,0,0,1
270,2,8,2,1,1,0,-1
270,3,3,1,1,0,0,0
270,4,3,1,1,0,0,0
270,5,3,1,1,0,0,1
270,6,8,2,1,1,-1,0
270,7,6,2,0,1,0,0
270,8,2,1,0,1,0,-1
270,9,5,2,0,0,0,0
270,10,1,1,0,0,0,0
270,11,1,1,0,0,0,0
270,12,1,1,0,0,0,1
270,13,6,2,0,1,0,0
270,14,2,1,0,1,0,0
270,15,2,1,0,1,0,0
270,16,6,2,0,1,0,-1
270,17,5,2,0,0,0,0
270,18,1,1,0,0,1,0
270,19,7,2,1,0,0,1
270,20,4,1,1,1,0,-1
270,21,3,1,1,0,-1,1
270,22,2,1,0,1,0,0
270,23,6,2,0,1,0,0
270,24,2,1,0,1,0,0
270,25,6,2,0,1,0,0
270,26,2,1,0,1,0,-1
270,27,5,2,0,0,0,0
270,28,5,2,0,0,0,1
270,29,2,1,0,1,0,0
270,30,2,1,0,1,0,0
270,31,6,2,0,1,1,0
270,32,8,2,1,1,0,0
270,33,4,1,1,1,-1,0
270,34,2,1,0,1,0,0
270,35,2,1,0,1,0,-1
270,36,1,1,0,0,0,0
270,37,1,1,0,0,1,1
270,38,8,2,1,1,-1,-1
270,39,1,1,0,0,0,0
270,40,5,2,0,0,0,0
270,41,5,2,0,0,0,1
270,42,2,1,0,1,0,0
270,43,6,2,0,1,1,-1
270,44,3,1,1,0,0,1
270,45,4,1,1,1,0,0
270,46,4,1,1,1,0,0
270,47,4,1,1,1,-1,-1
270,48,1,1,0,0,0,0
270,49,1,1,0,0,1,0
270,50,3,1,1,0,0,0
271,1,8,2,1,1,0,-1
271,2,3,1,1,0,-1,1
271,3,2,1,0,1,0,0
271,4,2,1,0,1,0,0
271,5,2,1,0,1,0,0
271,6,2,1,0,1,0,0
271,7,6,2,0,1,1,0
271,8,4,1,1,1,0,0
271,9,8,2,1,1,0,0
271,10,8,2,1,1,0,0
271,11,4,1,1,1,-1,-1
271,12,5,2,0,0,0,0
271,13,5,2,0,0,0,0
271,14,1,1,0,0,1,0
271,15,7,2,1,0,0,0
271,16,7,2,1,0,0,0
271,17,7,2,1,0,0,0
271,18,3,1,1,0,0,0
271,19,3,1,1,0,-1,1
271,20,2,1,0,1,0,0
271,21,6,2,0,1,1,-1
271,22,7,2,1,0,-1,0
271,23,1,1,0,0,0,0
271,24,1,1,0,0,0,0
271,25,5,2,0,0,0,0
271,26,5,2,0,0,0,1
271,27,6,2,0,1,0,0
271,28,6,2,0,1,0,0
271,29,6,2,0,1,0,0
271,30,6,2,0,1,1,0
271,31,8,2,1,1,0,0
271,32,4,1,1,1,0,0
271,33,4,1,1,1,0,0
271,34,8,2,1,1,0,-1
271,35,3,1,1,0,0,1
271,36,4,1,1,1,0,0
271,37,4,1,1,1,0,0
271,38,4,1,1,1,0,-1
271,39,3,1,1,0,0,1
271,40,8,2,1,1,0,0
271,41,8,2,1,1,0,0
271,42,4,1,1,1,0,0
271,43,4,1,1,1,-1,0
271,44,6,2,0,1,0,0
271,45,6,2,0,1,1,0
271,46,8,2,1,1,-1,0
271,47,2,1,0,1,1,0
271,48,4,1,1,1,0,-1
271,49,3,1,1,0,0,0
271,50,3,1,1,0,0,1
272,1,3,1,1,0,0,0
272,2,3,1,1,0,0,0
272,3,3,1,1,0,-1,1
272,4,6,2,0,1,0,0
272,5,6,2,0,1,0,0
272,6,6,2,0,1,0,0
272,7,2,1,0,1,0,0
272,8,6,2,0,1,0,0
272,9,6,2,0,1,0,0
272,10,2,1,0,1,0,-1
272,11,1,1,0,0,1,1
272,12,4,1,1,1,0,0
272,13,4,1,1,1,0,0
272,14,4,1,1,1,-1,-1
272,15,5,2,0,0,0,0
272,16,5,2,0,0,1,1
272,17,4,1,1,1,-1,-1
272,18,5,2,0,0,0,0
272,19,5,2,0,0,0,0
272,20,1,1,0,0,0,0
272,21,1,1,0,0,1,0
272,22,3,1,1,0,0,0
272,23,3,1,1,0,0,0
272,24,3,1,1,0,-1,0
272,25,1,1,0,0,1,0
272,26,7,2,1,0,0,0
272,27,7,2,1,0,0,0
272,28,7,2,1,0,-1,0
272,29,5,2,0,0,0,0
272,30,5,2,0,0,0,0
272,31,5,2,0,0,0,0
272,32,1,1,0,0,0,0
272,33,1,1,0,0,0,0
272,34,5,2,0,0,0,0
272,35,1,1,0,0,0,0
272,36,1,1,0,0,0,1
272,37,2,1,0,1,0,0
272,38,2,1,0,1,0,-1
272,39,5,2,0,0,1,1
272,40,8,2,1,1,-1,-1
272,41,5,2,0,0,1,0
272,42,3,1,1,0,0,0
272,43,7,2,1,0,0,0
272,44,7,2,1,0,0,0
272,45,3,1,1,0,0,0
272,46,7,2,1,0,0,0
272,47,7,2,1,0,0,0
272,48,3,1,1,0,0,1
272,49,4,1,1,1,-1,0
272,50,2,1,0,1,0,0
273,1,2,1,0,1,0,-1
273,2,1,1,0,0,1,0
273,3,7,2,1,0,0,0
273,4,3,1,1,0,0,1
273,5,4,1,1,1,0,0
273,6,8,2,1,1,0,0
273,7,8,2,1,1,0,0
273,8,8,2,1,1,0,-1
273,9,3,1,1,0,0,1
273,10,8,2,1,1,0,0
273,11,8,2,1,1,0,0
273,12,4,1,1,1,-1,0
273,13,6,2,0,1,1,0
273,14,8,2,1,1,0,0
273,15,4,1,1,1,0,0
273,16,8,2,1,1,0,0
273,17,4,1,1,1,-1,0
273,18,2,1,0,1,0,-1
273,19,1,1,0,0,1,0
273,20,3,1,1,0,0,0
273,21,3,1,1,0,0,0
273,22,3,1,1,0,0,0
273,23,3,1,1,0,-1,0
273,24,1,1,0,0,1,0
273,25,3,1,1,0,0,0
273,26,7,2,1,0,0,0
273,27,3,1,1,0,0,0
273,28,3,1,1,0,0,0
273,29,3,1,1,0,0,0
273,30,7,2,1,0,0,0
273,31,7,2,1,0,0,1
273,32,4,1,1,1,0,-1
273,33,3,1,1,0,0,0
273,34,3,1,1,0,0,1
273,35,4,1,1,1,0,0
273,36,4,1,1,1,0,-1
273,37,3,1,1,0,0,0
273,38,3,1,1,0,0,1
273,39,4,1,1,1,0,0
273,40,4,1,1,1,0,0
273,41,4,1,1,1,0,0
273,42,4,1,1,1,0,-1
273,43,7,2,1,0,0,0
273,44,7,2,1,0,0,0
273,45,3,1,1,0,-1,0
273,46,1,1,0,0,0,1
273,47,2,1,0,1,0,0
273,48,6,2,0,1,0,0
273,49,6,2,0,1,0,-1
273,50,5,2,0,0,0,0
274,1,3,1,1,0,-1,1
274,2,2,1,0,1,0,0
274,3,2,1,0,1,0,0
274,4,2,1,0,1,0,0
274,5,6,2,0,1,0,0
274,6,6,2,0,1,0,0
274,7,2,1,0,1,1,0
274,8,8,2,1,1,0,0
274,9,8,2,1,1,0,0
274,10,8,2,1,1,0,0
274,11,8,2,1,1,0,-1
274,12,3,1,1,0,0,0
274,13,7,2,1,0,0,1
274,14,8,2,1,1,0,0
274,15,4,1,1,1,0,0
274,16,4,1,1,1,0,-1
274,17,3,1,1,0,0,0
274,18,3,1,1,0,0,0
274,19,3,1,1,0,0,0
274,20,3,1,1,0,0,0
274,21,3,1,1,0,0,0
274,22,3,1,1,0,-1,0
274,23,1,1,0,0,0,0
274,24,1,1,0,0,0,1
274,25,2,1,0,1,1,-1
274,26,7,2,1,0,-1,0
274,27,1,1,0,0,0,0
274,28,5,2,0,0,0,0
274,29,5,2,0,0,0,0
274,30,1,1,0,0,0,0
274,31,1,1,0,0,0,1
274,32,6,2,0,1,0,-1
274,33,5,2,0,0,1,0
274,34,3,1,1,0,0,0
274,35,7,2,1,0,0,0
274,36,3,1,1,0,0,0
274,37,3,1,1,0,-1,0
274,38,1,1,0,0,1,0
274,39,3,1,1,0,-1,1
274,40,2,1,0,1,0,0
274,41,6,2,0,1,1,0
274,42,4,1,1,1,0,0
274,43,4,1,1,1,0,0
274,44,4,1,1,1,0,0
274,45,4,1,1,1,0,0
274,46,8,2,1,1,0,0
274,47,8,2,1,1,0,0
274,48,4,1,1,1,0,-1
274,49,3,1,1,0,0,0
274,50,3,1,1,0,0,0
275,1,3,1,1,0,0,1
275,2,8,2,1,1,0,-1
275,3,7,2,1,0,0,0
275,4,3,1,1,0,0,0
275,5,3,1,1,0,0,1
275,6,4,1,1,1,0,0
275,7,4,1,1,1,0,0
275,8,4,1,1,1,0,0
275,9,4,1,1,1,0,-1
275,10,7,2,1,0,0,1
275,11,4,1,1,1,0,0
275,12,8,2,1,1,0,0
275,13,4,1,1,1,0,-1
275,14,3,1,1,0,0,1
275,15,8,2,1,1,-1,0
275,16,6,2,0,1,1,-1
275,17,7,2,1,0,0,0
275,18,7,2,1,0,-1,0
275,19,1,1,0,0,1,0
275,20,7,2,1,0,0,1
275,21,8,2,1,1,0,0
275,22,8,2,1,1,0,0
275,23,8,2,1,1,0,0
275,24,8,2,1,1,0,0
275,25,8,2,1,1,0,0
275,26,8,2,1,1,0,0
275,27,8,2,1,1,-1,0
275,28,6,2,0,1,1,-1
275,29,7,2,1,0,0,1
275,30,8,2,1,1,-1,-1
275,31,1,1,0,0,0,0
275,32,1,1,0,0,0,0
275,33,1,1,0,0,1,0
275,34,3,1,1,0,0,0
275,35,3,1,1,0,0,0
275,36,3,1,1,0,0,0
275,37,3,1,1,0,0,1
275,38,4,1,1,1,0,0
275,39,4,1,1,1,0,0
275,40,4,1,1,1,0,-1
275,41,3,1,1,0,0,1
275,42,4,1,1,1,0,0
275,43,4,1,1,1,-1,-1
275,44,1,1,0,0,1,1
275,45,4,1,1,1,0,-1
275,46,7,2,1,0,0,0
275,47,7,2,1,0,0,0
275,48,7,2,1,0,-1,1
275,49,6,2,0,1,0,0
275,50,2,1,0,1,0,0
276,1,1,1,0,0,0,0
276,2,1,1,0,0,0,0
276,3,5,2,0,0,1,0
276,4,7,2,1,0,0,1
276,5,4,1,1,1,0,0
276,6,4,1,1,1,0,0
276,7,4,1,1,1,-1,0
276,8,2,1,0,1,0,0
276,9,2,1,0,1,1,0
276,10,4,1,1,1,0,0
276,11,4,1,1,1,-1,0
276,12,6,2,0,1,0,-1
276,13,5,2,0,0,0,1
276,14,6,2,0,1,0,0
276,15,6,2,0,1,0,-1
276,16,5,2,0,0,0,0
276,17,1,1,0,0,0,0
276,18,5,2,0,0,0,0
276,19,5,2,0,0,1,0
276,20,7,2,1,0,0,0
276,21,7,2,1,0,0,0
276,22,7,2,1,0,0,0
276,23,3,1,1,0,0,0
276,24,3,1,1,0,0,1
276,25,8,2,1,1,-1,-1
276,26,1,1,0,0,0,0
276,27,1,1,0,0,0,0
276,28,1,1,0,0,0,0
276,29,5,2,0,0,1,1
276,30,8,2,1,1,0,-1
276,31,3,1,1,0,0,0
276,32,3,1,1,0,0,1
276,33,4,1,1,1,0,0
276,34,4,1,1,1,0,0
276,35,8,2,1,1,0,0
276,36,4,1,1,1,0,-1
276,37,3,1,1,0,0,0
276,38,3,1,1,0,-1,0
276,39,1,1,0,0,0,1
276,40,2,1,0,1,1,0
276,41,4,1,1,1,0,-1
276,42,3,1,1,0,-1,0
276,43,1,1,0,0,0,0
276,44,5,2,0,0,0,0
276,45,5,2,0,0,0,1
276,46,6,2,0,1,0,-1
276,47,1,1,0,0,0,0
276,48,1,1,0,0,0,1
276,49,6,2,0,1,0,0
276,50,2,1,0,1,1,-1
277,1,3,1,1,0,0,1
277,2,4,1,1,1,-1,0
277,3,2,1,0,1,1,0
277,4,8,2,1,1,0,0
277,5,4,1,1,1,0,0
277,6,4,1,1,1,0,-1
277,7,3,1,1,0,0,0
277,8,7,2,1,0,0,0
277,9,3,1,1,0,0,0
277,10,3,1,1,0,0,0
277,11,3,1,1,0,0,1
277,12,4,1,1,1,0,0
277,13,4,1,1,1,0,0
277,14,8,2,1,1,0,0
277,15,8,2,1,1,-1,-1
277,16,5,2,0,0,1,1
277,17,8,2,1,1,0,0
277,18,4,1,1,1,-1,0
277,19,2,1,0,1,0,0
277,20,2,1,0,1,0,0
277,21,2,1,0,1,0,0
277,22,6,2,0,1,0,-1
277,23,1,1,0,0,0,0
277,24,1,1,0,0,0,0
277,25,5,2,0,0,0,0
277,26,5,2,0,0,1,1
277,27,8,2,1,1,-1,0
277,28,6,2,0,1,0,0
277,29,2,1,0,1,1,0
277,30,4,1,1,1,0,-1
277,31,3,1,1,0,0,0
277,32,3,1,1,0,0,0
277,33,3,1,1,0,0,0
277,34,7,2,1,0,0,1
277,35,4,1,1,1,-1,0
277,36,6,2,0,1,0,0
277,37,6,2,0,1,1,0
277,38,4,1,1,1,0,0
277,39,4,1,1,1,-1,0
277,40,2,1,0,1,0,0
277,41,2,1,0,1,0,-1
277,42,1,1,0,0,1,1
277,43,4,1,1,1,0,0
277,44,4,1,1,1,-1,-1
277,45,1,1,0,0,0,1
277,46,2,1,0,1,0,0
277,47,2,1,0,1,0,-1
277,48,1,1,0,0,0,1
277,49,2,1,0,1,0,0
277,50,6,2,0,1,0,0
278,1,4,1,1,1,0,0
278,2,8,2,1,1,0,0
278,3,8,2,1,1,0,0
278,4,4,1,1,1,0,0
278,5,4,1,1,1,0,-1
278,6,3,1,1,0,0,1
278,7,4,1,1,1,0,0
278,8,8,2,1,1,0,0
278,9,4,1,1,1,-1,0
278,10,2,1,0,1,0,0
278,11,2,1,0,1,0,0
278,12,6,2,0,1,0,0
278,13,6,2,0,1,1,0
278,14,8,2,1,1,0,-1
278,15,3,1,1,0,0,0
278,16,3,1,1,0,0,0
278,17,3,1,1,0,0,0
278,18,3,1,1,0,0,0
278,19,3,1,1,0,0,1
278,20,4,1,1,1,0,0
278,21,4,1,1,1,0,-1
278,22,3,1,1,0,0,0
278,23,3,1,1,0,0,1
278,24,4,1,1,1,0,0
278,25,4,1,1,1,-1,0
278,26,2,1,0,1,0,0
278,27,2,1,0,1,0,0
278,28,6,2,0,1,0,-1
278,29,1,1,0,0,1,0
278,30,3,1,1,0,0,0
278,31,7,2,1,0,0,0
278,32,7,2,1,0,0,0
278,33,3,1,1,0,0,0
278,34,3,1,1,0,0,0
278,35,3,1,1,0,0,0
278,36,7,2,1,0,0,1
278,37,8,2,1,1,0,-1
278,38,7,2,1,0,-1,0
278,39,5,2,0,0,0,0
278,40,5,2,0,0,1,0
278,41,7,2,1,0,-1,0
278,42,5,2,0,0,0,0
278,43,5,2,0,0,0,0
278,44,5,2,0,0,0,0
278,45,1,1,0,0,0,0
278,46,5,2,0,0,0,0
278,47,5,2,0,0,0,0
278,48,1,1,0,0,0,1
278,49,6,2,0,1,1,-1
278,50,7,2,1,0,-1,1
279,1,7,2,1,0,0,0
279,2,7,2,1,0,-1,1
279,3,6,2,0,1,0,0
279,4,6,2,0,1,1,-1
279,5,7,2,1,0,0,0
279,6,3,1,1,0,0,1
279,7,4,1,1,1,0,0
279,8,4,1,1,1,0,0
279,9,8,2,1,1,0,-1
279,10,7,2,1,0,0,0
279,11,7,2,1,0,0,0
279,12,7,2,1,0,0,0
279,13,7,2,1,0,0,0
279,14,7,2,1,0,0,0
279,15,3,1,1,0,-1,0
279,16,1,1,0,0,0,0
279,17,1,1,0,0,1,1
279,18,4,1,1,1,0,0
279,19,4,1,1,1,0,-1
279,20,3,1,1,0,0,0
279,21,3,1,1,0,0,0
279,22,7,2,1,0,0,0
279,23,3,1,1,0,0,0
279,24,7,2,1,0,0,0
279,25,7,2,1,0,0,1
279,26,4,1,1,1,-1,-1
279,27,5,2,0,0,0,0
279,28,1,1,0,0,0,0
279,29,1,1,0,0,0,1
279,30,6,2,0,1,0,0
279,31,6,2,0,1,0,0
279,32,2,1,0,1,0,0
279,33,2,1,0,1,0,0
279,34,2,1,0,1,0,0
279,35,2,1,0,1,0,0
279,36,2,1,0,1,1,0
279,37,4,1,1,1,-1,-1
279,38,1,1,0,0,0,0
279,39,5,2,0,0,0,1
279,40,6,2,0,1,0,0
279,41,6,2,0,1,0,0
279,42,6,2,0,1,1,0
279,43,8,2,1,1,-1,0
279,44,6,2,0,1,0,0
279,45,2,1,0,1,0,-1
279,46,5,2,0,0,0,0
279,47,5,2,0,0,0,1
279,48,6,2,0,1,0,-1
279,49,5,2,0,0,0,0
279,50,5,2,0,0,0,0
280,1,8,2,1,1,-1,-1
280,2,5,2,0,0,0,0
280,3,5,2,0,0,0,0
280,4,1,1,0,0,0,0
280,5,5,2,0,0,0,1
280,6,2,1,0,1,0,-1
280,7,1,1,0,0,1,0
280,8,7,2,1,0,0,0
280,9,3,1,1,0,0,1
280,10,4,1,1,1,-1,0
280,11,6,2,0,1,0,0
280,12,6,2,0,1,1,0
280,13,4,1,1,1,0,-1
280,14,3,1,1,0,0,1
280,15,8,2,1,1,0,0
280,16,8,2,1,1,0,0
280,17,4,1,1,1,0,-1
280,18,3,1,1,0,0,1
280,19,4,1,1,1,0,-1
280,20,3,1,1,0,-1,1
280,21,6,2,0,1,0,0
280,22,2,1,0,1,1,0
280,23,4,1,1,1,0,0
280,24,4,1,1,1,0,0
280,25,4,1,1,1,0,0
280,26,4,1,1,1,-1,0
280,27,2,1,0,1,1,0
280,28,8,2,1,1,-1,0
280,29,6,2,0,1,0,-1
280,30,5,2,0,0,0,1
280,31,6,2,0,1,0,-1
280,32,5,2,0,0,0,0
280,33,5,2,0,0,0,0
280,34,1,1,0,0,0,0
280,35,1,1,0,0,0,1
280,36,2,1,0,1,0,0
280,37,6,2,0,1,0,0
280,38,6,2,0,1,0,0
280,39,6,2,0,1,0,0
280,40,6,2,0,1,0,-1
280,41,5,2,0,0,0,0
280,42,1,1,0,0,0,1
280,43,2,1,0,1,0,0
280,44,2,1,0,1,0,0
280,45,2,1,0,1,1,0
280,46,4,1,1,1,0,0
280,47,8,2,1,1,0,0
280,48,8,2,1,1,0,0
280,49,8,2,1,1,-1,-1
280,50,5,2,0,0,1,0
281,1,5,2,0,0,0,0
281,2,1,1,0,0,0,0
281,3,1,1,0,0,0,0
281,4,5,2,0,0,0,0
281,5,1,1,0,0,0,1
281,6,2,1,0,1,0,0
281,7,2,1,0,1,0,0
281,8,2,1,0,1,0,0
281,9,2,1,0,1,0,-1
281,10,1,1,0,0,0,0
281,11,1,1,0,0,1,0
281,12,7,2,1,0,0,0
281,13,3,1,1,0,0,0
281,14,3,1,1,0,0,0
281,15,3,1,1,0,0,0
281,16,7,2,1,0,-1,1
281,17,2,1,0,1,0,0
281,18,6,2,0,1,0,-1
281,19,5,2,0,0,1,1
281,20,4,1,1,1,0,0
281,21,8,2,1,1,0,0
281,22,8,2,1,1,0,0
281,23,8,2,1,1,0,0
281,24,8,2,1,1,0,0
281,25,8,2,1,1,-1,0
281,26,6,2,0,1,0,0
281,27,2,1,0,1,1,-1
281,28,3,1,1,0,0,0
281,29,7,2,1,0,0,1
281,30,8,2,1,1,0,0
281,31,8,2,1,1,0,0
281,32,8,2,1,1,0,0
281,33,8,2,1,1,0,-1
281,34,7,2,1,0,-1,0
281,35,5,2,0,0,0,0
281,36,5,2,0,0,0,0
281,37,5,2,0,0,0,1
281,38,2,1,0,1,0,0
281,39,2,1,0,1,0,0
281,40,2,1,0,1,0,0
281,41,2,1,0,1,0,0
281,42,2,1,0,1,1,0
281,43,4,1,1,1,0,-1
281,44,3,1,1,0,0,1
281,45,8,2,1,1,-1,0
281,46,2,1,0,1,0,0
281,47,6,2,0,1,0,0
281,48,6,2,0,1,0,-1
281,49,5,2,0,0,0,0
281,50,5,2,0,0,1,0
282,1,2,1,0,1,1,0
282,2,8,2,1,1,0,0
282,3,4,1,1,1,0,-1
282,4,3,1,1,0,0,0
282,5,3,1,1,0,0,0
282,6,3,1,1,0,0,0
282,7,3,1,1,0,0,0
282,8,3,1,1,0,0,0
282,9,3,1,1,0,0,0
282,10,7,2,1,0,0,1
282,11,4,1,1,1,0,0
282,12,8,2,1,1,0,-1
282,13,3,1,1,0,-1,0
282,14,1,1,0,0,0,0
282,15,5,2,0,0,0,1
282,16,2,1,0,1,0,-1
282,17,1,1,0,0,0,0
282,18,1,1,0,0,0,0
282,19,1,1,0,0,0,1
282,20,2,1,0,1,0,-1
282,21,5,2,0,0,1,1
282,22,8,2,1,1,-1,0
282,23,2,1,0,1,0,-1
282,24,5,2,0,0,1,1
282,25,8,2,1,1,0,-1
282,26,7,2,1,0,0,1
282,27,8,2,1,1,0,-1
282,28,7,2,1,0,0,0
282,29,7,2,1,0,-1,0
282,30,5,2,0,0,0,0
282,31,1,1,0,0,1,0
282,32,3,1,1,0,0,0
282,33,7,2,1,0,0,0
282,34,7,2,1,0,0,0
282,35,3,1,1,0,0,1
282,36,4,1,1,1,-1,-1
282,37,1,1,0,0,0,1
282,38,2,1,0,1,1,-1
282,39,7,2,1,0,0,1
282,40,8,2,1,1,0,0
282,41,4,1,1,1,0,0
282,42,4,1,1,1,-1,0
282,43,2,1,0,1,1,0
282,44,8,2,1,1,-1,0
282,45,6,2,0,1,0,0
282,46,2,1,0,1,0,-1
282,47,5,2,0,0,1,0
282,48,7,2,1,0,0,1
282,49,8,2,1,1,0,0
282,50,8,2,1,1,0,-1
283,1,7,2,1,0,0,0
283,2,3,1,1,0,-1,0
283,3,5,2,0,0,0,0
283,4,1,1,0,0,0,0
283,5,5,2,0,0,0,0
283,6,5,2,0,0,0,0
283,7,5,2,0,0,0,0
283,8,5,2,0,0,1,0
283,9,3,1,1,0,0,0
283,10,7,2,1,0,0,0
283,11,7,2,1,0,0,0
283,12,7,2,1,0,0,1
283,13,8,2,1,1,0,-1
283,14,7,2,1,0,0,0
283,15,3,1,1,0,-1,1
283,16,6,2,0,1,1,0
283,17,4,1,1,1,-1,0
283,18,2,1,0,1,1,0
283,19,8,2,1,1,0,0
283,20,4,1,1,1,0,0
283,21,8,2,1,1,0,-1
283,22,7,2,1,0,0,0
283,23,7,2,1,0,0,0
283,24,7,2,1,0,0,0
283,25,3,1,1,0,-1,0
283,26,5,2,0,0,1,1
283,27,8,2,1,1,0,0
283,28,4,1,1,1,0,0
283,29,8,2,1,1,0,0
283,30,8,2,1,1,0,0
283,31,4,1,1,1,-1,0
283,32,2,1,0,1,0,0
283,33,2,1,0,1,0,-1
283,34,5,2,0,0,0,1
283,35,2,1,0,1,0,-1
283,36,5,2,0,0,0,0
283,37,1,1,0,0,0,1
283,38,2,1,0,1,1,0
283,39,4,1,1,1,0,0
283,40,4,1,1,1,-1,0
283,41,2,1,0,1,0,0
283,42,6,2,0,1,0,-1
283,43,5,2,0,0,0,1
283,44,2,1,0,1,0,0
283,45,2,1,0,1,1,-1
283,46,3,1,1,0,0,0
283,47,3,1,1,0,0,0
283,48,3,1,1,0,0,0
283,49,7,2,1,0,0,1
283,50,4,1,1,1,0,-1
284,1,8,2,1,1,-1,0
284,2,6,2,0,1,0,0
284,3,2,1,0,1,0,-1
284,4,1,1,0,0,0,0
284,5,1,1,0,0,0,0
284,6,1,1,0,0,1,0
284,7,3,1,1,0,-1,0
284,8,1,1,0,0,0,0
284,9,5,2,0,0,1,1
284,10,8,2,1,1,0,-1
284,11,7,2,1,0,-1,0
284,12,5,2,0,0,0,0
284,13,5,2,0,0,0,1
284,14,2,1,0,1,0,0
284,15,6,2,0,1,0,0
284,16,6,2,0,1,0,0
284,17,2,1,0,1,0,0
284,18,2,1,0,1,0,0
284,19,6,2,0,1,0,0
284,20,6,2,0,1,1,0
284,21,8,2,1,1,-1,0
284,22,2,1,0,1,0,-1
284,23,1,1,0,0,1,0
284,24,3,1,1,0,0,0
284,25,3,1,1,0,0,1
284,26,4,1,1,1,0,0
284,27,4,1,1,1,0,0
284,28,8,2,1,1,0,0
284,29,8,2,1,1,0,0
284,30,8,2,1,1,-1,0
284,31,2,1,0,1,0,0
284,32,2,1,0,1,0,0
284,33,2,1,0,1,1,0
284,34,4,1,1,1,0,0
284,35,4,1,1,1,0,0
284,36,4,1,1,1,0,-1
284,37,3,1,1,0,0,0
284,38,3,1,1,0,0,0
284,39,7,2,1,0,-1,0
284,40,1,1,0,0,0,0
284,41,1,1,0,0,0,1
284,42,2,1,0,1,0,-1
284,43,5,2,0,0,0,0
284,44,1,1,0,0,0,1
284,45,2,1,0,1,1,-1
284,46,3,1,1,0,0,0
284,47,3,1,1,0,0,0
284,48,7,2,1,0,0,0
284,49,7,2,1,0,0,1
284,50,8,2,1,1,0,0
285,1,4,1,1,1,0,0
285,2,4,1,1,1,0,-1
285,3,7,2,1,0,0,0
285,4,7,2,1,0,0,0
285,5,7,2,1,0,-1,0
285,6,1,1,0,0,0,0
285,7,1,1,0,0,0,1
285,8,6,2,0,1,0,0
285,9,6,2,0,1,0,0
285,10,6,2,0,1,0,0
285,11,2,1,0,1,1,0
285,12,8,2,1,1,0,0
285,13,8,2,1,1,-1,-1
285,14,5,2,0,0,0,0
285,15,5,2,0,0,1,0
285,16,3,1,1,0,0,0
285,17,7,2,1,0,0,1
285,18,8,2,1,1,0,0
285,19,8,2,1,1,0,0
285,20,8,2,1,1,-1,0
285,21,2,1,0,1,1,0
285,22,8,2,1,1,0,0
285,23,4,1,1,1,0,0
285,24,4,1,1,1,0,0
285,25,4,1,1,1,-1,0
285,26,2,1,0,1,1,-1
285,27,3,1,1,0,0,1
285,28,4,1,1,1,0,0
285,29,8,2,1,1,-1,0
285,30,6,2,0,1,0,0
285,31,6,2,0,1,1,0
285,32,8,2,1,1,-1,0
285,33,6,2,0,1,0,0
285,34,2,1,0,1,0,-1
285,35,1,1,0,0,0,0
285,36,1,1,0,0,0,1
285,37,2,1,0,1,0,-1
285,38,1,1,0,0,1,0
285,39,3,1,1,0,0,0
285,40,3,1,1,0,0,1
285,41,4,1,1,1,0,0
285,42,8,2,1,1,-1,0
285,43,6,2,0,1,1,0
285,44,4,1,1,1,0,0
285,45,8,2,1,1,0,-1
285,46,3,1,1,0,0,1
285,47,4,1,1,1,0,0
285,48,4,1,1,1,0,-1
285,49,3,1,1,0,0,0
285,50,3,1,1,0,0,0
286,1,5,2,0,0,0,0
286,2,5,2,0,0,0,0
286,3,5,2,0,0,1,1
286,4,8,2,1,1,0,-1
286,5,7,2,1,0,0,1
286,6,8,2,1,1,0,0
286,7,4,1,1,1,-1,0
286,8,2,1,0,1,0,0
286,9,2,1,0,1,0,-1
286,10,1,1,0,0,0,0
286,11,1,1,0,0,1,1
286,12,4,1,1,1,0,-1
286,13,3,1,1,0,-1,0
286,14,5,2,0,0,0,1
286,15,6,2,0,1,0,0
286,16,6,2,0,1,0,0
286,17,6,2,0,1,0,-1
286,18,1,1,0,0,0,0
286,19,1,1,0,0,0,0
286,20,1,1,0,0,0,1
286,21,6,2,0,1,0,0
286,22,6,2,0,1,0,0
286,23,6,2,0,1,1,-1
286,24,7,2,1,0,-1,0
286,25,5,2,0,0,0,1
286,26,6,2,0,1,1,-1
286,27,7,2,1,0,-1,0
286,28,5,2,0,0,0,0
286,29,5,2,0,0,0,0
286,30,1,1,0,0,0,0
286,31,1,1,0,0,0,0
286,32,1,1,0,0,1,1
286,33,8,2,1,1,0,0
286,34,8,2,1,1,-1,0
286,35,2,1,0,1,1,0
286,36,8,2,1,1,0,0
286,37,8,2,1,1,0,0
286,38,8,2,1,1,0,0
286,39,4,1,1,1,-1,0
286,40,6,2,0,1,1,0
286,41,4,1,1,1,0,-1
286,42,3,1,1,0,-1,0
286,43,1,1,0,0,0,0
286,44,5,2,0,0,1,0
286,45,3,1,1,0,0,0
286,46,3,1,1,0,-1,0
286,47,1,1,0,0,0,1
286,48,6,2,0,1,0,0
286,49,2,1,0,1,1,0
286,50,4,1,1,1,-1,0
287,1,5,2,0,0,0,0
287,2,1,1,0,0,0,0
287,3,1,1,0,0,0,0
287,4,1,1,0,0,0,1
287,5,2,1,0,1,0,-1
287,6,1,1,0,0,1,0
287,7,7,2,1,0,-1,0
287,8,5,2,0,0,0,0
287,9,5,2,0,0,0,0
287,10,5,2,0,0,1,0
287,11,7,2,1,0,0,1
287,12,8,2,1,1,0,0
287,13,4,1,1,1,0,0
287,14,4,1,1,1,-1,-1
287,15,1,1,0,0,0,0
287,16,1,1,0,0,0,0
287,17,1,1,0,0,1,0
287,18,7,2,1,0,0,0
287,19,7,2,1,0,-1,0
287,20,1,1,0,0,0,1
287,21,6,2,0,1,0,-1
287,22,5,2,0,0,0,0
287,23,5,2,0,0,0,0
287,24,1,1,0,0,0,0
287,25,1,1,0,0,1,0
287,26,3,1,1,0,0,0
287,27,7,2,1,0,0,0
287,28,7,2,1,0,0,0
287,29,7,2,1,0,0,0
287,30,7,2,1,0,0,0
287,31,7,2,1,0,0,0
287,32,7,2,1,0,0,0
287,33,3,1,1,0,0,1
287,34,4,1,1,1,0,0
287,35,4,1,1,1,0,0
287,36,8,2,1,1,0,0
287,37,4,1,1,1,0,0
287,38,4,1,1,1,0,0
287,39,8,2,1,1,0,0
287,40,8,2,1,1,-1,-1
287,41,1,1,0,0,0,0
287,42,1,1,0,0,0,0
287,43,1,1,0,0,0,0
287,44,5,2,0,0,1,0
287,45,7,2,1,0,0,0
287,46,3,1,1,0,0,0
287,47,3,1,1,0,0,0
287,48,3,1,1,0,-1,1
287,49,2,1,0,1,1,0
287,50,4,1,1,1,0,0
288,1,6,2,0,1,0,0
288,2,6,2,0,1,0,0
288,3,6,2,0,1,1,0
288,4,4,1,1,1,0,-1
288,5,3,1,1,0,0,1
288,6,8,2,1,1,0,0
288,7,8,2,1,1,0,0
288,8,4,1,1,1,0,-1
288,9,3,1,1,0,0,0
288,10,3,1,1,0,0,0
288,11,7,2,1,0,0,0
288,12,7,2,1,0,0,0
288,13,7,2,1,0,0,0
288,14,7,2,1,0,0,0
288,15,3,1,1,0,0,0
288,16,7,2,1,0,0,0
288,17,3,1,1,0,-1,1
288,18,2,1,0,1,0,0
288,19,2,1,0,1,1,0
288,20,8,2,1,1,0,-1
288,21,3,1,1,0,0,1
288,22,4,1,1,1,0,-1
288,23,3,1,1,0,0,0
288,24,3,1,1,0,0,0
288,25,3,1,1,0,0,0
288,26,3,1,1,0,0,0
288,27,7,2,1,0,0,1
288,28,4,1,1,1,0,-1
288,29,7,2,1,0,0,1
288,30,8,2,1,1,0,0
288,31,8,2,1,1,0,-1
288,32,7,2,1,0,0,0
288,33,7,2,1,0,0,1
288,34,4,1,1,1,0,0
288,35,8,2,1,1,-1,0
288,36,6,2,0,1,1,0
288,37,4,1,1,1,0,0
288,38,8,2,1,1,0,0
288,39,8,2,1,1,0,-1
288,40,7,2,1,0,0,0
288,41,3,1,1,0,0,0
288,42,3,1,1,0,0,1
288,43,4,1,1,1,0,-1
288,44,3,1,1,0,0,0
288,45,7,2,1,0,0,1
288,46,8,2,1,1,0,0
288,47,4,1,1,1,0,0
288,48,4,1,1,1,0,-1
288,49,3,1,1,0,0,0
288,50,7,2,1,0,0,1
289,1,8,2,1,1,0,0
289,2,8,2,1,1,0,0
289,3,8,2,1,1,0,0
289,4,8,2,1,1,0,0
289,5,8,2,1,1,0,-1
289,6,3,1,1,0,0,0
289,7,3,1,1,0,0,0
289,8,3,1,1,0,0,0
289,9,3,1,1,0,0,0
289,10,3,1,1,0,-1,0
289,11,1,1,0,0,0,0
289,12,1,1,0,0,0,0
289,13,5,2,0,0,0,1
289,14,6,2,0,1,0,0
289,15,6,2,0,1,1,0
289,16,4,1,1,1,0,0
289,17,4,1,1,1,0,0
289,18,4,1,1,1,0,0
289,19,4,1,1,1,0,0
289,20,8,2,1,1,0,0
289,21,4,1,1,1,-1,0
289,22,2,1,0,1,0,-1
289,23,1,1,0,0,0,0
289,24,1,1,0,0,1,0
289,25,3,1,1,0,0,1
289,26,8,2,1,1,0,-1
289,27,7,2,1,0,0,1
289,28,4,1,1,1,0,-1
289,29,3,1,1,0,0,0
289,30,3,1,1,0,0,0
289,31,3,1,1,0,0,1
289,32,4,1,1,1,0,0
289,33,4,1,1,1,0,-1
289,34,3,1,1,0,0,0
289,35,7,2,1,0,0,0
289,36,3,1,1,0,0,0
289,37,3,1,1,0,-1,0
289,38,5,2,0,0,0,0
289,39,1,1,0,0,0,1
289,40,2,1,0,1,0,0
289,41,6,2,0,1,1,0
289,42,4,1,1,1,0,0
289,43,8,2,1,1,0,0
289,44,8,2,1,1,0,0
289,45,4,1,1,1,0,-1
289,46,3,1,1,0,-1,0
289,47,1,1,0,0,0,0
289,48,1,1,0,0,0,1
289,49,6,2,0,1,0,0
289,50,6,2,0,1,0,0
290,1,8,2,1,1,0,0
290,2,8,2,1,1,0,0
290,3,4,1,1,1,-1,0
290,4,6,2,0,1,0,0
290,5,6,2,0,1,0,0
290,6,6,2,0,1,0,0
290,7,2,1,0,1,0,0
290,8,2,1,0,1,1,0
290,9,4,1,1,1,-1,-1
290,10,1,1,0,0,0,1
290,11,2,1,0,1,0,0
290,12,2,1,0,1,0,0
290,13,2,1,0,1,0,0
290,14,2,1,0,1,1,0
290,15,8,2,1,1,0,-1
290,16,3,1,1,0,0,0
290,17,7,2,1,0,-1,0
290,18,1,1,0,0,1,0
290,19,3,1,1,0,0,0
290,20,3,1,1,0,0,0
290,21,3,1,1,0,0,1
290,22,8,2,1,1,-1,-1
290,23,1,1,0,0,0,1
290,24,2,1,0,1,0,0
290,25,2,1,0,1,0,-1
290,26,5,2,0,0,0,1
290,27,6,2,0,1,0,0
290,28,6,2,0,1,0,-1
290,29,1,1,0,0,0,1
290,30,2,1,0,1,1,0
290,31,8,2,1,1,0,0
290,32,8,2,1,1,0,0
290,33,8,2,1,1,0,0
290,34,8,2,1,1,0,0
290,35,4,1,1,1,-1,0
290,36,2,1,0,1,0,0
290,37,2,1,0,1,1,0
290,38,4,1,1,1,-1,0
290,39,2,1,0,1,1,0
290,40,4,1,1,1,0,0
290,41,4,1,1,1,0,-1
290,42,3,1,1,0,-1,0
290,43,5,2,0,0,1,0
290,44,3,1,1,0,0,0
290,45,3,1,1,0,0,0
290,46,7,2,1,0,0,0
290,47,3,1,1,0,0,0
290,48,7,2,1,0,0,0
290,49,7,2,1,0,0,0
290,50,7,2,1,0,0,0
291,1,1,1,0,0,0,0
291,2,5,2,0,0,0,1
291,3,6,2,0,1,0,0
291,4,6,2,0,1,0,0
291,5,2,1,0,1,0,0
291,6,2,1,0,1,0,0
291,7,6,2,0,1,1,0
291,8,8,2,1,1,0,0
291,9,8,2,1,1,0,-1
291,10,3,1,1,0,0,1
291,11,4,1,1,1,-1,0
291,12,6,2,0,1,0,0
291,13,6,2,0,1,0,0
291,14,6,2,0,1,0,0
291,15,6,2,0,1,0,-1
291,16,1,1,0,0,0,0
291,17,1,1,0,0,0,1
291,18,2,1,0,1,1,0
291,19,4,1,1,1,-1,-1
291,20,5,2,0,0,1,0
291,21,7,2,1,0,0,0
291,22,7,2,1,0,0,0
291,23,3,1,1,0,-1,0
291,24,5,2,0,0,1,0
291,25,7,2,1,0,0,1
291,26,4,1,1,1,0,0
291,27,4,1,1,1,0,0
291,28,4,1,1,1,0,0
291,29,4,1,1,1,0,-1
291,30,7,2,1,0,-1,0
291,31,5,2,0,0,0,0
291,32,1,1,0,0,0,0
291,33,5,2,0,0,0,0
291,34,5,2,0,0,1,0
291,35,3,1,1,0,0,1
291,36,8,2,1,1,-1,-1
291,37,1,1,0,0,1,0
291,38,3,1,1,0,0,1
291,39,4,1,1,1,0,-1
291,40,7,2,1,0,-1,1
291,41,6,2,0,1,0,0
291,42,2,1,0,1,0,0
291,43,6,2,0,1,0,0
291,44,6,2,0,1,0,0
291,45,6,2,0,1,1,0
291,46,4,1,1,1,0,0
291,47,4,1,1,1,-1,0
291,48,2,1,0,1,0,0
291,49,2,1,0,1,0,-1
291,50,1,1,0,0,0,0
292,1,4,1,1,1,-1,-1
292,2,5,2,0,0,0,0
292,3,5,2,0,0,0,0
292,4,1,1,0,0,0,1
292,5,6,2,0,1,1,0
292,6,8,2,1,1,0,0
292,7,4,1,1,1,0,0
292,8,4,1,1,1,0,-1
292,9,7,2,1,0,0,1
292,10,8,2,1,1,0,0
292,11,8,2,1,1,-1,0
292,12,2,1,0,1,1,-1
292,13,7,2,1,0,-1,0
292,14,1,1,0,0,1,1
292,15,8,2,1,1,0,-1
292,16,3,1,1,0,0,0
292,17,3,1,1,0,-1,0
292,18,1,1,0,0,0,0
292,19,5,2,0,0,0,0
292,20,1,1,0,0,1,0
292,21,3,1,1,0,0,1
292,22,4,1,1,1,0,0
292,23,4,1,1,1,-1,0
292,24,2,1,0,1,0,0
292,25,2,1,0,1,0,0
292,26,2,1,0,1,0,-1
292,27,1,1,0,0,1,0
292,28,3,1,1,0,-1,0
292,29,5,2,0,0,0,1
292,30,2,1,0,1,0,-1
292,31,1,1,0,0,0,1
292,32,6,2,0,1,0,-1
292,33,5,2,0,0,0,1
292,34,6,2,0,1,0,0
292,35,6,2,0,1,0,0
292,36,2,1,0,1,1,0
292,37,4,1,1,1,0,0
292,38,4,1,1,1,0,0
292,39,4,1,1,1,0,0
292,40,4,1,1,1,-1,-1
292,41,5,2,0,0,0,1
292,42,2,1,0,1,0,0
292,43,2,1,0,1,0,0
292,44,6,2,0,1,0,0
292,45,2,1,0,1,0,-1
292,46,1,1,0,0,0,1
292,47,6,2,0,1,0,0
292,48,2,1,0,1,1,0
292,49,4,1,1,1,0,-1
292,50,3,1,1,0,0,0
293,1,6,2,0,1,1,-1
293,2,3,1,1,0,0,0
293,3,3,1,1,0,0,0
293,4,7,2,1,0,0,0
293,5,7,2,1,0,-1,0
293,6,5,2,0,0,0,0
293,7,1,1,0,0,1,1
293,8,4,1,1,1,0,0
293,9,8,2,1,1,-1,0
293,10,2,1,0,1,0,0
293,11,2,1,0,1,0,0
293,12,2,1,0,1,0,0
293,13,2,1,0,1,0,0
293,14,2,1,0,1,1,0
293,15,4,1,1,1,-1,0
293,16,2,1,0,1,0,0
293,17,2,1,0,1,0,0
293,18,2,1,0,1,1,-1
293,19,3,1,1,0,0,1
293,20,8,2,1,1,0,-1
293,21,3,1,1,0,0,0
293,22,3,1,1,0,-1,0
293,23,1,1,0,0,0,0
293,24,1,1,0,0,1,0
293,25,3,1,1,0,0,1
293,26,4,1,1,1,0,0
293,27,8,2,1,1,-1,0
293,28,6,2,0,1,1,-1
293,29,7,2,1,0,0,1
293,30,8,2,1,1,0,0
293,31,8,2,1,1,0,0
293,32,8,2,1,1,0,-1
293,33,7,2,1,0,0,0
293,34,7,2,1,0,0,0
293,35,7,2,1,0,0,1
293,36,8,2,1,1,0,0
293,37,8,2,1,1,0,0
293,38,8,2,1,1,-1,0
293,39,2,1,0,1,0,0
293,40,6,2,0,1,0,0
293,41,6,2,0,1,0,0
293,42,6,2,0,1,0,0
293,43,6,2,0,1,1,0
293,44,4,1,1,1,0,0
293,45,4,1,1,1,0,0
293,46,8,2,1,1,0,0
293,47,8,2,1,1,0,-1
293,48,7,2,1,0,-1,0
293,49,1,1,0,0,0,0
293,50,5,2,0,0,0,0
294,1,8,2,1,1,-1,0
294,2,6,2,0,1,0,-1
294,3,5,2,0,0,0,0
294,4,5,2,0,0,0,0
294,5,5,2,0,0,0,1
294,6,6,2,0,1,0,-1
294,7,5,2,0,0,0,1
294,8,6,2,0,1,1,0
294,9,4,1,1,1,0,0
294,10,4,1,1,1,0,-1
294,11,3,1,1,0,0,0
294,12,3,1,1,0,0,1
294,13,4,1,1,1,0,0
294,14,4,1,1,1,0,0
294,15,4,1,1,1,-1,0
294,16,2,1,0,1,0,0
294,17,2,1,0,1,0,0
294,18,6,2,0,1,1,0
294,19,4,1,1,1,-1,-1
294,20,1,1,0,0,0,1
294,21,2,1,0,1,0,0
294,22,2,1,0,1,0,0
294,23,2,1,0,1,0,0
294,24,2,1,0,1,0,0
294,25,2,1,0,1,0,0
294,26,2,1,0,1,0,0
294,27,2,1,0,1,0,0
294,28,6,2,0,1,1,0
294,29,8,2,1,1,0,0
294,30,8,2,1,1,0,-1
294,31,7,2,1,0,0,1
294,32,4,1,1,1,0,0
294,33,8,2,1,1,0,0
294,34,8,2,1,1,0,0
294,35,4,1,1,1,-1,0
294,36,2,1,0,1,0,0
294,37,2,1,0,1,1,0
294,38,4,1,1,1,-1,0
294,39,6,2,0,1,0,0
294,40,6,2,0,1,0,0
294,41,6,2,0,1,1,0
294,42,4,1,1,1,0,-1
294,43,7,2,1,0,0,0
294,44,7,2,1,0,0,1
294,45,8,2,1,1,0,0
294,46,8,2,1,1,0,0
294,47,8,2,1,1,0,0
294,48,8,2,1,1,0,0
294,49,8,2,1,1,-1,0
294,50,2,1,0,1,0,0
295,1,8,2,1,1,0,0
295,2,8,2,1,1,0,0
295,3,8,2,1,1,0,0
295,4,8,2,1,1,0,0
295,5,8,2,1,1,0,0
295,6,8,2,1,1,0,0
295,7,8,2,1,1,0,0
295,8,4,1,1,1,0,-1
295,9,3,1,1,0,0,0
295,10,3,1,1,0,0,1
295,11,4,1,1,1,-1,0
295,12,2,1,0,1,0,0
295,13,2,1,0,1,1,0
295,14,8,2,1,1,-1,0
295,15,6,2,0,1,1,0
295,16,8,2,1,1,0,0
295,17,4,1,1,1,0,-1
295,18,7,2,1,0,0,0
295,19,7,2,1,0,0,0
295,20,3,1,1,0,0,0
295,21,3,1,1,0,0,0
295,22,3,1,1,0,-1,0
295,23,1,1,0,0,0,0
295,24,1,1,0,0,0,1
295,25,6,2,0,1,0,0
295,26,6,2,0,1,0,0
295,27,6,2,0,1,1,0
295,28,8,2,1,1,0,0
295,29,8,2,1,1,0,0
295,30,4,1,1,1,0,0
295,31,4,1,1,1,0,0
295,32,8,2,1,1,0,-1
295,33,3,1,1,0,0,1
295,34,4,1,1,1,0,0
295,35,8,2,1,1,0,0
295,36,8,2,1,1,0,0
295,37,4,1,1,1,0,0
295,38,8,2,1,1,0,0
295,39,4,1,1,1,0,0
295,40,4,1,1,1,0,-1
295,41,3,1,1,0,-1,1
295,42,6,2,0,1,0,0
295,43,6,2,0,1,0,0
295,44,2,1,0,1,0,0
295,45,2,1,0,1,0,0
295,46,2,1,0,1,1,0
295,47,8,2,1,1,0,0
295,48,4,1,1,1,0,-1
295,49,3,1,1,0,-1,0
295,50,1,1,0,0,0,0
296,1,1,1,0,0,0,0
296,2,5,2,0,0,1,1
296,3,4,1,1,1,0,0
296,4,8,2,1,1,0,0
296,5,8,2,1,1,0,0
296,6,8,2,1,1,-1,0
296,7,6,2,0,1,0,0
296,8,2,1,0,1,1,-1
296,9,3,1,1,0,0,0
296,10,3,1,1,0,0,0
296,11,3,1,1,0,0,0
296,12,3,1,1,0,0,1
296,13,4,1,1,1,0,0
296,14,8,2,1,1,0,0
296,15,8,2,1,1,-1,0
296,16,6,2,0,1,0,0
296,17,2,1,0,1,0,0
296,18,2,1,0,1,0,0
296,19,6,2,0,1,0,0
296,20,6,2,0,1,0,-1
296,21,1,1,0,0,0,0
296,22,1,1,0,0,1,0
296,23,3,1,1,0,0,0
296,24,3,1,1,0,-1,0
296,25,1,1,0,0,0,0
296,26,1,1,0,0,0,0
296,27,5,2,0,0,1,0
296,28,7,2,1,0,0,0
296,29,7,2,1,0,0,0
296,30,7,2,1,0,0,0
296,31,7,2,1,0,0,0
296,32,3,1,1,0,0,0
296,33,3,1,1,0,0,1
296,34,4,1,1,1,0,0
296,35,4,1,1,1,0,-1
296,36,7,2,1,0,0,1
296,37,8,2,1,1,0,0
296,38,8,2,1,1,-1,0
296,39,6,2,0,1,0,-1
296,40,1,1,0,0,0,0
296,41,1,1,0,0,0,0
296,42,5,2,0,0,0,0
296,43,1,1,0,0,0,0
296,44,1,1,0,0,0,0
296,45,1,1,0,0,0,0
296,46,1,1,0,0,0,0
296,47,1,1,0,0,1,0
296,48,7,2,1,0,-1,0
296,49,1,1,0,0,0,1
296,50,6,2,0,1,0,0
297,1,3,1,1,0,0,0
297,2,7,2,1,0,0,1
297,3,4,1,1,1,0,0
297,4,4,1,1,1,0,0
297,5,4,1,1,1,0,-1
297,6,3,1,1,0,0,0
297,7,3,1,1,0,0,1
297,8,4,1,1,1,0,0
297,9,4,1,1,1,0,0
297,10,4,1,1,1,0,-1
297,11,3,1,1,0,-1,0
297,12,1,1,0,0,0,0
297,13,1,1,0,0,0,1
297,14,6,2,0,1,0,0
297,15,2,1,0,1,0,0
297,16,2,1,0,1,0,-1
297,17,1,1,0,0,0,0
297,18,5,2,0,0,0,0
297,19,5,2,0,0,0,0
297,20,5,2,0,0,0,1
297,21,6,2,0,1,0,0
297,22,2,1,0,1,1,-1
297,23,7,2,1,0,0,0
297,24,7,2,1,0,0,0
297,25,7,2,1,0,0,0
297,26,7,2,1,0,-1,0
297,27,5,2,0,0,1,0
297,28,7,2,1,0,0,1
297,29,8,2,1,1,0,-1
297,30,3,1,1,0,0,0
297,31,3,1,1,0,0,0
297,32,3,1,1,0,0,0
297,33,3,1,1,0,0,1
297,34,8,2,1,1,0,0
297,35,8,2,1,1,0,0
297,36,8,2,1,1,0,-1
297,37,7,2,1,0,-1,0
297,38,1,1,0,0,0,0
297,39,5,2,0,0,1,0
297,40,7,2,1,0,0,0
297,41,7,2,1,0,0,0
297,42,7,2,1,0,0,0
297,43,7,2,1,0,0,0
297,44,7,2,1,0,0,0
297,45,7,2,1,0,-1,0
297,46,5,2,0,0,0,0
297,47,5,2,0,0,0,0
297,48,5,2,0,0,1,1
297,49,8,2,1,1,-1,0
297,50,6,2,0,1,0,0
298,1,6,2,0,1,0,0
298,2,6,2,0,1,0,0
298,3,6,2,0,1,0,0
298,4,2,1,0,1,0,-1
298,5,1,1,0,0,1,0
298,6,3,1,1,0,0,0
298,7,3,1,1,0,0,1
298,8,8,2,1,1,0,0
298,9,8,2,1,1,-1,0
298,10,6,2,0,1,0,0
298,11,2,1,0,1,0,0
298,12,2,1,0,1,0,0
298,13,6,2,0,1,0,0
298,14,2,1,0,1,1,0
298,15,4,1,1,1,0,0
298,16,4,1,1,1,0,0
298,17,4,1,1,1,0,-1
298,18,3,1,1,0,0,0
298,19,3,1,1,0,0,1
298,20,4,1,1,1,0,0
298,21,8,2,1,1,0,-1
298,22,7,2,1,0,-1,0
298,23,1,1,0,0,0,0
298,24,1,1,0,0,1,1
298,25,4,1,1,1,-1,0
298,26,2,1,0,1,0,0
298,27,2,1,0,1,0,-1
298,28,1,1,0,0,0,0
298,29,5,2,0,0,0,0
298,30,1,1,0,0,0,0
298,31,5,2,0,0,0,1
298,32,6,2,0,1,0,0
298,33,2,1,0,1,1,0
298,34,4,1,1,1,0,0
298,35,4,1,1,1,0,0
298,36,4,1,1,1,-1,0
298,37,6,2,0,1,0,0
298,38,6,2,0,1,0,0
298,39,2,1,0,1,0,0
298,40,2,1,0,1,0,0
298,41,6,2,0,1,1,0
298,42,4,1,1,1,0,0
298,43,4,1,1,1,-1,0
298,44,2,1,0,1,0,0
298,45,2,1,0,1,1,0
298,46,8,2,1,1,0,0
298,47,8,2,1,1,0,-1
298,48,3,1,1,0,0,0
298,49,3,1,1,0,0,1
298,50,8,2,1,1,0,-1
299,1,1,1,0,0,1,1
299,2,4,1,1,1,0,-1
299,3,3,1,1,0,0,0
299,4,3,1,1,0,0,0
299,5,3,1,1,0,0,1
299,6,4,1,1,1,0,0
299,7,4,1,1,1,0,-1
299,8,3,1,1,0,0,0
299,9,3,1,1,0,-1,0
299,10,1,1,0,0,1,0
299,11,3,1,1,0,0,1
299,12,4,1,1,1,0,0
299,13,4,1,1,1,0,0
299,14,4,1,1,1,0,-1
299,15,3,1,1,0,0,0
299,16,3,1,1,0,0,0
299,17,3,1,1,0,0,0
299,18,7,2,1,0,0,0
299,19,3,1,1,0,-1,1
299,20,2,1,0,1,0,-1
299,21,1,1,0,0,0,1
299,22,2,1,0,1,0,0
299,23,2,1,0,1,0,-1
299,24,1,1,0,0,1,1
299,25,4,1,1,1,-1,-1
299,26,1,1,0,0,0,0
299,27,1,1,0,0,1,0
299,28,7,2,1,0,0,0
299,29,3,1,1,0,0,0
299,30,3,1,1,0,0,0
299,31,3,1,1,0,0,0
299,32,3,1,1,0,0,1
299,33,4,1,1,1,0,0
299,34,4,1,1,1,0,-1
299,35,3,1,1,0,0,0
299,36,7,2,1,0,0,0
299,37,7,2,1,0,-1,1
299,38,2,1,0,1,1,0
299,39,4,1,1,1,-1,0
299,40,2,1,0,1,0,0
299,41,2,1,0,1,0,0
299,42,2,1,0,1,1,-1
299,43,3,1,1,0,0,0
299,44,7,2,1,0,0,0
299,45,7,2,1,0,-1,0
299,46,5,2,0,0,0,0
299,47,1,1,0,0,0,0
299,48,1,1,0,0,0,0
299,49,1,1,0,0,0,0
299,50,5,2,0,0,0,0
300,1,7,2,1,0,0,0
300,2,7,2,1,0,0,0
300,3,7,2,1,0,0,0
300,4,3,1,1,0,0,0
300,5,3,1,1,0,0,0
300,6,3,1,1,0,0,0
300,7,7,2,1,0,0,0
300,8,3,1,1,0,0,0
300,9,3,1,1,0,0,1
300,10,4,1,1,1,0,0
300,11,4,1,1,1,0,-1
300,12,3,1,1,0,0,1
300,13,4,1,1,1,0,-1
300,14,3,1,1,0,-1,0
300,15,1,1,0,0,0,0
300,16,1,1,0,0,0,1
300,17,2,1,0,1,0,-1
300,18,1,1,0,0,0,0
300,19,1,1,0,0,1,0
300,20,3,1,1,0,0,0
300,21,3,1,1,0,0,0
300,22,7,2,1,0,0,0
300,23,7,2,1,0,0,0
300,24,7,2,1,0,-1,0
300,25,5,2,0,0,1,0
300,26,7,2,1,0,0,0
300,27,3,1,1,0,0,0
300,28,7,2,1,0,0,0
300,29,3,1,1,0,0,0
300,30,3,1,1,0,-1,0
300,31,1,1,0,0,1,0
300,32,3,1,1,0,0,0
300,33,3,1,1,0,-1,0
300,34,1,1,0,0,1,0
300,35,3,1,1,0,0,1
300,36,4,1,1,1,0,0
300,37,4,1,1,1,0,0
300,38,4,1,1,1,0,0
300,39,4,1,1,1,-1,0
300,40,2,1,0,1,0,-1
300,41,1,1,0,0,1,1
300,42,8,2,1,1,0,-1
300,43,3,1,1,0,-1,1
300,44,2,1,0,1,0,0
300,45,2,1,0,1,0,0
300,46,2,1,0,1,1,0
300,47,4,1,1,1,0,0
300,48,4,1,1,1,-1,0
300,49,6,2,0,1,0,0
300,50,6,2,0,1,0,0
301,1,2,1,0,1,0,0
301,2,2,1,0,1,1,-1
301,3,3,1,1,0,0,1
301,4,4,1,1,1,0,0
301,5,4,1,1,1,0,0
301,6,4,1,1,1,0,0
301,7,4,1,1,1,0,-1
301,8,7,2,1,0,-1,1
301,9,6,2,0,1,0,-1
301,10,1,1,0,0,0,0
301,11,5,2,0,0,0,1
301,12,6,2,0,1,0,0
301,13,6,2,0,1,0,0
301,14,6,2,0,1,1,0
301,15,8,2,1,1,0,-1
301,16,7,2,1,0,-1,1
301,17,2,1,0,1,0,0
301,18,2,1,0,1,0,-1
301,19,1,1,0,0,0,0
301,20,5,2,0,0,0,0
301,21,1,1,0,0,0,0
301,22,1,1,0,0,1,1
301,23,4,1,1,1,0,0
301,24,4,1,1,1,0,0
301,25,8,2,1,1,0,0
301,26,8,2,1,1,0,0
301,27,8,2,1,1,0,0
301,28,8,2,1,1,-1,0
301,29,6,2,0,1,1,0
301,30,4,1,1,1,0,0
301,31,4,1,1,1,-1,0
301,32,2,1,0,1,0,0
301,33,2,1,0,1,0,0
301,34,2,1,0,1,0,-1
301,35,1,1,0,0,0,0
301,36,5,2,0,0,0,0
301,37,5,2,0,0,0,0
301,38,5,2,0,0,1,1
301,39,8,2,1,1,0,0
301,40,4,1,1,1,-1,0
301,41,2,1,0,1,0,-1
301,42,1,1,0,0,1,1
301,43,4,1,1,1,0,0
301,44,4,1,1,1,0,0
301,45,4,1,1,1,0,0
301,46,4,1,1,1,0,-1
301,47,7,2,1,0,0,0
301,48,7,2,1,0,0,0
301,49,3,1,1,0,0,0
301,50,7,2,1,0,0,0
302,1,6,2,0,1,1,-1
302,2,7,2,1,0,0,0
302,3,3,1,1,0,0,1
302,4,4,1,1,1,-1,0
302,5,2,1,0,1,0,-1
302,6,1,1,0,0,0,0
302,7,1,1,0,0,0,0
302,8,5,2,0,0,0,0
302,9,5,2,0,0,0,0
302,10,5,2,0,0,0,0
302,11,1,1,0,0,0,0
302,12,1,1,0,0,0,0
302,13,5,2,0,0,0,0
302,14,1,1,0,0,0,0
302,15,5,2,0,0,0,1
302,16,6,2,0,1,0,0
302,17,6,2,0,1,1,0
302,18,8,2,1,1,0,0
302,19,4,1,1,1,0,-1
302,20,3,1,1,0,0,1
302,21,4,1,1,1,-1,0
302,22,2,1,0,1,1,0
302,23,8,2,1,1,0,0
302,24,8,2,1,1,0,0
302,25,4,1,1,1,0,0
302,26,4,1,1,1,0,-1
302,27,3,1,1,0,0,0
302,28,3,1,1,0,0,0
302,29,3,1,1,0,0,1
302,30,4,1,1,1,0,0
302,31,8,2,1,1,0,0
302,32,4,1,1,1,0,0
302,33,4,1,1,1,0,0
302,34,4,1,1,1,0,-1
302,35,7,2,1,0,-1,1
302,36,6,2,0,1,0,0
302,37,2,1,0,1,0,-1
302,38,1,1,0,0,0,1
302,39,2,1,0,1,1,0
302,40,4,1,1,1,0,0
302,41,4,1,1,1,0,0
302,42,4,1,1,1,-1,-1
302,43,1,1,0,0,1,1
302,44,4,1,1,1,-1,0
302,45,6,2,0,1,0,-1
302,46,1,1,0,0,0,1
302,47,2,1,0,1,0,0
302,48,6,2,0,1,1,0
302,49,4,1,1,1,-1,0
302,50,2,1,0,1,0,0
303,1,8,2,1,1,0,0
303,2,4,1,1,1,0,0
303,3,4,1,1,1,0,0
303,4,8,2,1,1,0,-1
303,5,7,2,1,0,0,0
303,6,3,1,1,0,-1,0
303,7,1,1,0,0,1,0
303,8,3,1,1,0,0,1
303,9,4,1,1,1,0,-1
303,10,3,1,1,0,-1,0
303,11,5,2,0,0,0,0
303,12,1,1,0,0,1,0
303,13,3,1,1,0,0,0
303,14,3,1,1,0,-1,0
303,15,5,2,0,0,0,1
303,16,6,2,0,1,0,-1
303,17,1,1,0,0,0,0
303,18,1,1,0,0,1,0
303,19,3,1,1,0,-1,0
303,20,5,2,0,0,0,1
303,21,6,2,0,1,0,0
303,22,2,1,0,1,0,0
303,23,6,2,0,1,1,0
303,24,8,2,1,1,0,-1
303,25,7,2,1,0,0,0
303,26,7,2,1,0,0,0
303,27,7,2,1,0,0,1
303,28,8,2,1,1,0,0
303,29,8,2,1,1,0,0
303,30,8,2,1,1,-1,-1
303,31,5,2,0,0,0,0
303,32,5,2,0,0,0,1
303,33,6,2,0,1,0,0
303,34,6,2,0,1,0,0
303,35,6,2,0,1,1,0
303,36,8,2,1,1,0,-1
303,37,7,2,1,0,0,1
303,38,8,2,1,1,0,-1
303,39,7,2,1,0,0,0
303,40,7,2,1,0,-1,0
303,41,5,2,0,0,0,0
303,42,1,1,0,0,0,0
303,43,1,1,0,0,1,1
303,44,4,1,1,1,0,0
303,45,4,1,1,1,-1,-1
303,46,5,2,0,0,0,0
303,47,1,1,0,0,0,0
303,48,1,1,0,0,0,0
303,49,1,1,0,0,1,0
303,50,3,1,1,0,0,1
304,1,5,2,0,0,0,1
304,2,6,2,0,1,0,-1
304,3,5,2,0,0,0,1
304,4,6,2,0,1,0,0
304,5,6,2,0,1,0,-1
304,6,5,2,0,0,1,0
304,7,3,1,1,0,0,0
304,8,3,1,1,0,0,0
304,9,3,1,1,0,-1,0
304,10,1,1,0,0,0,0
304,11,1,1,0,0,0,1
304,12,2,1,0,1,0,0
304,13,2,1,0,1,1,0
304,14,8,2,1,1,0,-1
304,15,3,1,1,0,0,0
304,16,7,2,1,0,0,0
304,17,3,1,1,0,-1,1
304,18,2,1,0,1,0,-1
304,19,1,1,0,0,0,0
304,20,1,1,0,0,0,0
304,21,1,1,0,0,0,0
304,22,5,2,0,0,1,0
304,23,7,2,1,0,0,0
304,24,7,2,1,0,0,1
304,25,4,1,1,1,-1,0
304,26,6,2,0,1,1,0
304,27,4,1,1,1,0,0
304,28,4,1,1,1,-1,0
304,29,2,1,0,1,0,0
304,30,2,1,0,1,0,0
304,31,2,1,0,1,0,0
304,32,6,2,0,1,0,0
304,33,2,1,0,1,0,0
304,34,2,1,0,1,0,0
304,35,2,1,0,1,0,0
304,36,2,1,0,1,0,0
304,37,2,1,0,1,0,0
304,38,6,2,0,1,0,0
304,39,6,2,0,1,0,0
304,40,2,1,0,1,0,0
304,41,2,1,0,1,0,0
304,42,2,1,0,1,1,-1
304,43,3,1,1,0,0,0
304,44,7,2,1,0,0,0
304,45,3,1,1,0,0,0
304,46,3,1,1,0,-1,0
304,47,1,1,0,0,0,0
304,48,1,1,0,0,1,0
304,49,3,1,1,0,0,0
304,50,3,1,1,0,-1,1
305,1,1,1,0,0,0,0
305,2,1,1,0,0,0,0
305,3,1,1,0,0,0,0
305,4,1,1,0,0,0,0
305,5,1,1,0,0,1,0
305,6,3,1,1,0,0,0
305,7,7,2,1,0,0,1
305,8,8,2,1,1,0,0
305,9,4,1,1,1,0,0
305,10,4,1,1,1,0,0
305,11,4,1,1,1,0,-1
305,12,3,1,1,0,0,0
305,13,7,2,1,0,0,0
305,14,7,2,1,0,-1,0
305,15,5,2,0,0,0,0
305,16,1,1,0,0,0,1
305,17,6,2,0,1,0,0
305,18,2,1,0,1,0,-1
305,19,1,1,0,0,0,0
305,20,5,2,0,0,0,0
305,21,1,1,0,0,0,0
305,22,1,1,0,0,0,0
305,23,1,1,0,0,0,0
305,24,1,1,0,0,1,0
305,25,7,2,1,0,0,1
305,26,8,2,1,1,-1,-1
305,27,5,2,0,0,0,0
305,28,5,2,0,0,0,1
305,29,6,2,0,1,0,0
305,30,2,1,0,1,0,0
305,31,6,2,0,1,0,-1
305,32,1,1,0,0,1,1
305,33,8,2,1,1,0,0
305,34,4,1,1,1,0,-1
305,35,3,1,1,0,0,1
305,36,4,1,1,1,0,-1
305,37,7,2,1,0,0,1
305,38,8,2,1,1,0,0
305,39,8,2,1,1,0,-1
305,40,7,2,1,0,0,0
305,41,3,1,1,0,-1,1
305,42,2,1,0,1,0,0
305,43,6,2,0,1,0,0
305,44,2,1,0,1,0,0
305,45,2,1,0,1,0,0
305,46,2,1,0,1,0,-1
305,47,1,1,0,0,0,0
305,48,1,1,0,0,0,1
305,49,2,1,0,1,1,0
305,50,4,1,1,1,-1,0
306,1,6,2,0,1,1,-1
306,2,7,2,1,0,0,1
306,3,4,1,1,1,0,-1
306,4,3,1,1,0,0,1
306,5,4,1,1,1,0,-1
306,6,3,1,1,0,0,0
306,7,7,2,1,0,0,1
306,8,8,2,1,1,0,0
306,9,8,2,1,1,-1,0
306,10,2,1,0,1,0,0
306,11,2,1,0,1,1,0
306,12,4,1,1,1,0,0
306,13,8,2,1,1,0,0
306,14,4,1,1,1,0,0
306,15,4,1,1,1,0,-1
306,16,3,1,1,0,0,0
306,17,3,1,1,0,0,0
306,18,3,1,1,0,0,1
306,19,4,1,1,1,0,0
306,20,4,1,1,1,0,-1
306,21,3,1,1,0,0,0
306,22,3,1,1,0,-1,0
306,23,1,1,0,0,0,1
306,24,2,1,0,1,0,0
306,25,2,1,0,1,0,0
306,26,2,1,0,1,1,0
306,27,4,1,1,1,-1,0
306,28,2,1,0,1,1,0
306,29,8,2,1,1,0,0
306,30,4,1,1,1,0,0
306,31,4,1,1,1,0,0
306,32,4,1,1,1,0,-1
306,33,7,2,1,0,0,0
306,34,3,1,1,0,0,1
306,35,8,2,1,1,0,0
306,36,8,2,1,1,0,0
306,37,8,2,1,1,0,-1
306,38,7,2,1,0,-1,0
306,39,1,1,0,0,1,1
306,40,4,1,1,1,0,0
306,41,4,1,1,1,0,0
306,42,4,1,1,1,-1,0
306,43,6,2,0,1,0,0
306,44,6,2,0,1,0,0
306,45,2,1,0,1,0,0
306,46,6,2,0,1,1,0
306,47,8,2,1,1,0,0
306,48,4,1,1,1,0,0
306,49,4,1,1,1,-1,0
306,50,6,2,0,1,0,0
307,1,2,1,0,1,1,0
307,2,8,2,1,1,0,0
307,3,4,1,1,1,0,0
307,4,8,2,1,1,0,-1
307,5,3,1,1,0,0,0
307,6,7,2,1,0,-1,0
307,7,1,1,0,0,0,0
307,8,1,1,0,0,1,1
307,9,4,1,1,1,0,0
307,10,4,1,1,1,0,0
307,11,4,1,1,1,0,-1
307,12,7,2,1,0,-1,1
307,13,6,2,0,1,0,-1
307,14,5,2,0,0,0,0
307,15,1,1,0,0,1,0
307,16,3,1,1,0,0,0
307,17,3,1,1,0,0,0
307,18,7,2,1,0,-1,0
307,19,1,1,0,0,0,0
307,20,1,1,0,0,0,1
307,21,6,2,0,1,0,0
307,22,2,1,0,1,0,0
307,23,6,2,0,1,0,0
307,24,6,2,0,1,0,0
307,25,6,2,0,1,0,-1
307,26,1,1,0,0,0,0
307,27,1,1,0,0,0,0
307,28,5,2,0,0,1,1
307,29,4,1,1,1,-1,0
307,30,2,1,0,1,0,0
307,31,2,1,0,1,0,-1
307,32,5,2,0,0,0,0
307,33,5,2,0,0,0,0
307,34,5,2,0,0,1,0
307,35,3,1,1,0,0,0
307,36,3,1,1,0,0,0
307,37,3,1,1,0,0,1
307,38,4,1,1,1,-1,0
307,39,6,2,0,1,0,0
307,40,6,2,0,1,0,0
307,41,6,2,0,1,0,0
307,42,6,2,0,1,0,0
307,43,6,2,0,1,1,0
307,44,8,2,1,1,0,-1
307,45,3,1,1,0,-1,0
307,46,5,2,0,0,0,0
307,47,1,1,0,0,0,0
307,48,1,1,0,0,0,1
307,49,2,1,0,1,1,0
307,50,4,1,1,1,0,0
308,1,1,1,0,0,1,0
308,2,3,1,1,0,0,0
308,3,3,1,1,0,0,0
308,4,3,1,1,0,0,0
308,5,3,1,1,0,0,1
308,6,4,1,1,1,0,0
308,7,4,1,1,1,0,-1
308,8,7,2,1,0,0,1
308,9,4,1,1,1,0,0
308,10,4,1,1,1,0,-1
308,11,3,1,1,0,0,0
308,12,3,1,1,0,0,0
308,13,7,2,1,0,-1,0
308,14,5,2,0,0,0,0
308,15,5,2,0,0,1,0
308,16,3,1,1,0,0,0
308,17,7,2,1,0,0,0
308,18,7,2,1,0,0,1
308,19,8,2,1,1,0,0
308,20,8,2,1,1,-1,0
308,21,6,2,0,1,0,-1
308,22,5,2,0,0,0,0
308,23,5,2,0,0,1,1
308,24,8,2,1,1,-1,0
308,25,6,2,0,1,0,0
308,26,6,2,0,1,0,0
308,27,6,2,0,1,0,0
308,28,6,2,0,1,0,0
308,29,6,2,0,1,0,0
308,30,6,2,0,1,0,0
308,31,6,2,0,1,0,-1
308,32,5,2,0,0,0,0
308,33,1,1,0,0,0,0
308,34,1,1,0,0,1,0
308,35,3,1,1,0,-1,0
308,36,1,1,0,0,0,0
308,37,5,2,0,0,0,0
308,38,5,2,0,0,1,0
308,39,3,1,1,0,0,1
308,40,4,1,1,1,0,0
308,41,4,1,1,1,0,0
308,42,8,2,1,1,0,0
308,43,8,2,1,1,0,0
308,44,8,2,1,1,0,0
308,45,8,2,1,1,0,0
308,46,4,1,1,1,0,0
308,47,4,1,1,1,-1,0
308,48,2,1,0,1,0,0
308,49,2,1,0,1,1,0
308,50,8,2,1,1,0,0
309,1,2,1,0,1,0,-1
309,2,1,1,0,0,0,0
309,3,5,2,0,0,0,0
309,4,1,1,0,0,1,0
309,5,3,1,1,0,0,0
309,6,3,1,1,0,0,0
309,7,3,1,1,0,0,0
309,8,3,1,1,0,0,1
309,9,4,1,1,1,0,-1
309,10,7,2,1,0,0,0
309,11,3,1,1,0,0,0
309,12,7,2,1,0,0,0
309,13,7,2,1,0,0,0
309,14,7,2,1,0,0,0
309,15,7,2,1,0,0,1
309,16,8,2,1,1,0,0
309,17,4,1,1,1,0,0
309,18,4,1,1,1,-1,-1
309,19,5,2,0,0,0,0
309,20,1,1,0,0,0,0
309,21,1,1,0,0,0,0
309,22,1,1,0,0,1,1
309,23,4,1,1,1,0,0
309,24,4,1,1,1,0,-1
309,25,3,1,1,0,0,0
309,26,7,2,1,0,-1,0
309,27,1,1,0,0,0,0
309,28,1,1,0,0,0,0
309,29,1,1,0,0,0,0
309,30,5,2,0,0,0,0
309,31,5,2,0,0,1,0
309,32,7,2,1,0,0,0
309,33,7,2,1,0,-1,0
309,34,1,1,0,0,0,0
309,35,1,1,0,0,1,1
309,36,8,2,1,1,0,0
309,37,4,1,1,1,0,-1
309,38,3,1,1,0,0,0
309,39,7,2,1,0,0,1
309,40,4,1,1,1,0,0
309,41,8,2,1,1,-1,-1
309,42,1,1,0,0,0,1
309,43,6,2,0,1,0,0
309,44,6,2,0,1,1,0
309,45,8,2,1,1,0,0
309,46,4,1,1,1,0,0
309,47,4,1,1,1,0,-1
309,48,3,1,1,0,0,0
309,49,3,1,1,0,0,1
309,50,8,2,1,1,0,-1
310,1,1,1,0,0,0,1
310,2,2,1,0,1,0,0
310,3,6,2,0,1,0,0
310,4,2,1,0,1,0,-1
310,5,1,1,0,0,0,0
310,6,5,2,0,0,0,1
310,7,6,2,0,1,1,-1
310,8,7,2,1,0,0,0
310,9,7,2,1,0,0,0
310,10,7,2,1,0,0,0
310,11,7,2,1,0,0,1
310,12,4,1,1,1,0,-1
310,13,7,2,1,0,0,0
310,14,7,2,1,0,0,0
310,15,7,2,1,0,0,0
310,16,3,1,1,0,0,0
310,17,3,1,1,0,-1,0
310,18,1,1,0,0,1,0
310,19,3,1,1,0,0,1
310,20,4,1,1,1,0,0
310,21,4,1,1,1,-1,0
310,22,2,1,0,1,1,0
310,23,4,1,1,1,0,-1
310,24,3,1,1,0,-1,0
310,25,5,2,0,0,0,1
310,26,6,2,0,1,1,-1
310,27,3,1,1,0,0,1
310,28,4,1,1,1,0,0
310,29,4,1,1,1,0,0
310,30,8,2,1,1,0,0
310,31,4,1,1,1,0,0
310,32,4,1,1,1,0,0
310,33,4,1,1,1,-1,0
310,34,2,1,0,1,0,0
310,35,2,1,0,1,0,0
310,36,2,1,0,1,0,0
310,37,2,1,0,1,0,0
310,38,2,1,0,1,0,0
310,39,2,1,0,1,0,0
310,40,2,1,0,1,0,0
310,41,6,2,0,1,1,-1
310,42,7,2,1,0,-1,0
310,43,1,1,0,0,1,0
310,44,7,2,1,0,0,0
310,45,7,2,1,0,0,0
310,46,7,2,1,0,0,0
310,47,3,1,1,0,0,0
310,48,3,1,1,0,0,1
310,49,8,2,1,1,0,0
310,50,8,2,1,1,0,0
311,1,3,1,1,0,-1,0
311,2,5,2,0,0,0,1
311,3,6,2,0,1,1,0
311,4,8,2,1,1,0,0
311,5,4,1,1,1,0,0
311,6,4,1,1,1,0,0
311,7,8,2,1,1,0,-1
311,8,7,2,1,0,0,0
311,9,7,2,1,0,-1,1
311,10,2,1,0,1,0,-1
311,11,5,2,0,0,0,1
311,12,6,2,0,1,0,0
311,13,6,2,0,1,1,0
311,14,8,2,1,1,0,0
311,15,8,2,1,1,-1,0
311,16,6,2,0,1,0,0
311,17,2,1,0,1,0,0
311,18,2,1,0,1,0,0
311,19,2,1,0,1,1,0
311,20,8,2,1,1,0,0
311,21,4,1,1,1,-1,-1
311,22,1,1,0,0,1,1
311,23,4,1,1,1,-1,0
311,24,6,2,0,1,1,-1
311,25,3,1,1,0,0,0
311,26,3,1,1,0,0,0
311,27,7,2,1,0,0,1
311,28,8,2,1,1,0,0
311,29,8,2,1,1,0,0
311,30,8,2,1,1,-1,0
311,31,6,2,0,1,0,0
311,32,6,2,0,1,1,0
311,33,4,1,1,1,0,0
311,34,4,1,1,1,0,-1
311,35,3,1,1,0,0,0
311,36,3,1,1,0,0,1
311,37,4,1,1,1,0,0
311,38,4,1,1,1,0,-1
311,39,3,1,1,0,0,0
311,40,3,1,1,0,0,1
311,41,4,1,1,1,0,0
311,42,4,1,1,1,0,-1
311,43,3,1,1,0,0,0
311,44,7,2,1,0,-1,1
311,45,2,1,0,1,0,-1
311,46,1,1,0,0,0,0
311,47,1,1,0,0,0,0
311,48,1,1,0,0,0,0
311,49,1,1,0,0,1,0
311,50,3,1,1,0,0,0
312,1,6,2,0,1,1,0
312,2,4,1,1,1,0,0
312,3,8,2,1,1,0,0
312,4,8,2,1,1,0,0
312,5,4,1,1,1,0,0
312,6,4,1,1,1,0,0
312,7,4,1,1,1,0,0
312,8,4,1,1,1,0,0
312,9,4,1,1,1,0,-1
312,10,3,1,1,0,-1,1
312,11,6,2,0,1,0,0
312,12,2,1,0,1,0,0
312,13,6,2,0,1,0,-1
312,14,5,2,0,0,1,1
312,15,8,2,1,1,0,0
312,16,4,1,1,1,-1,0
312,17,2,1,0,1,0,0
312,18,2,1,0,1,0,0
312,19,2,1,0,1,0,0
312,20,6,2,0,1,0,0
312,21,6,2,0,1,0,0
312,22,6,2,0,1,0,0
312,23,6,2,0,1,0,-1
312,24,1,1,0,0,0,0
312,25,1,1,0,0,0,0
312,26,1,1,0,0,0,1
312,27,2,1,0,1,1,0
312,28,4,1,1,1,0,0
312,29,4,1,1,1,0,-1
312,30,3,1,1,0,0,1
312,31,4,1,1,1,0,0
312,32,4,1,1,1,0,0
312,33,4,1,1,1,-1,0
312,34,6,2,0,1,0,0
312,35,6,2,0,1,1,0
312,36,8,2,1,1,0,0
312,37,4,1,1,1,0,-1
312,38,3,1,1,0,0,1
312,39,8,2,1,1,0,0
312,40,4,1,1,1,0,0
312,41,8,2,1,1,0,0
312,42,4,1,1,1,-1,-1
312,43,5,2,0,0,0,0
312,44,5,2,0,0,0,0
312,45,1,1,0,0,0,1
312,46,6,2,0,1,0,-1
312,47,1,1,0,0,1,1
312,48,8,2,1,1,0,0
312,49,8,2,1,1,0,0
312,50,8,2,1,1,0,0
313,1,4,1,1,1,0,0
313,2,4,1,1,1,0,0
313,3,4,1,1,1,-1,-1
313,4,1,1,0,0,0,1
313,5,2,1,0,1,1,0
313,6,4,1,1,1,0,0
313,7,8,2,1,1,0,-1
313,8,7,2,1,0,0,1
313,9,8,2,1,1,0,-1
313,10,3,1,1,0,0,0
313,11,3,1,1,0,0,1
313,12,4,1,1,1,0,0
313,13,8,2,1,1,0,0
313,14,8,2,1,1,0,0
313,15,4,1,1,1,0,0
313,16,4,1,1,1,-1,0
313,17,2,1,0,1,1,0
313,18,4,1,1,1,0,0
313,19,8,2,1,1,-1,0
313,20,2,1,0,1,1,0
313,21,4,1,1,1,-1,0
313,22,2,1,0,1,1,0
313,23,8,2,1,1,0,0
313,24,4,1,1,1,0,-1
313,25,7,2,1,0,0,0
313,26,3,1,1,0,0,0
313,27,3,1,1,0,0,0
313,28,3,1,1,0,0,1
313,29,4,1,1,1,0,0
313,30,4,1,1,1,0,0
313,31,8,2,1,1,0,-1
313,32,3,1,1,0,0,0
313,33,3,1,1,0,0,1
313,34,4,1,1,1,-1,0
313,35,2,1,0,1,0,-1
313,36,5,2,0,0,1,0
313,37,7,2,1,0,0,0
313,38,3,1,1,0,0,1
313,39,8,2,1,1,0,0
313,40,4,1,1,1,-1,-1
313,41,1,1,0,0,0,1
313,42,2,1,0,1,0,0
313,43,6,2,0,1,0,0
313,44,2,1,0,1,0,0
313,45,2,1,0,1,0,0
313,46,6,2,0,1,0,-1
313,47,5,2,0,0,0,0
313,48,1,1,0,0,0,0
313,49,1,1,0,0,1,0
313,50,3,1,1,0,0,0
314,1,1,1,0,0,0,0
314,2,1,1,0,0,0,0
314,3,1,1,0,0,1,0
314,4,7,2,1,0,0,0
314,5,3,1,1,0,0,0
314,6,3,1,1,0,0,0
314,7,3,1,1,0,0,0
314,8,3,1,1,0,0,0
314,9,3,1,1,0,-1,1
314,10,6,2,0,1,0,-1
314,11,1,1,0,0,0,1
314,12,2,1,0,1,0,0
314,13,6,2,0,1,0,0
314,14,2,1,0,1,1,0
314,15,4,1,1,1,0,-1
314,16,3,1,1,0,0,0
314,17,3,1,1,0,0,0
314,18,3,1,1,0,0,0
314,19,3,1,1,0,0,0
314,20,3,1,1,0,0,0
314,21,7,2,1,0,0,1
314,22,8,2,1,1,0,0
314,23,8,2,1,1,0,-1
314,24,7,2,1,0,0,0
314,25,3,1,1,0,0,0
314,26,7,2,1,0,-1,0
314,27,5,2,0,0,0,0
314,28,1,1,0,0,1,0
314,29,3,1,1,0,0,1
314,30,4,1,1,1,0,0
314,31,4,1,1,1,0,0
314,32,4,1,1,1,0,0
314,33,4,1,1,1,0,0
314,34,4,1,1,1,-1,0
314,35,2,1,0,1,1,0
314,36,8,2,1,1,0,0
314,37,8,2,1,1,-1,-1
314,38,1,1,0,0,1,0
314,39,3,1,1,0,-1,0
314,40,5,2,0,0,1,0
314,41,7,2,1,0,-1,1
314,42,6,2,0,1,0,0
314,43,6,2,0,1,0,0
314,44,6,2,0,1,0,0
314,45,6,2,0,1,1,0
314,46,4,1,1,1,-1,-1
314,47,5,2,0,0,1,1
314,48,4,1,1,1,-1,0
314,49,6,2,0,1,0,0
314,50,2,1,0,1,1,0
315,1,1,1,0,0,0,1
315,2,6,2,0,1,0,0
315,3,6,2,0,1,0,0
315,4,6,2,0,1,0,0
315,5,6,2,0,1,0,0
315,6,6,2,0,1,1,-1
315,7,7,2,1,0,0,0
315,8,3,1,1,0,-1,0
315,9,1,1,0,0,1,1
315,10,4,1,1,1,0,0
315,11,8,2,1,1,-1,0
315,12,6,2,0,1,0,0
315,13,6,2,0,1,1,0
315,14,4,1,1,1,0,-1
315,15,3,1,1,0,0,1
315,16,4,1,1,1,0,-1
315,17,3,1,1,0,0,0
315,18,3,1,1,0,0,0
315,19,3,1,1,0,0,1
315,20,4,1,1,1,0,0
315,21,4,1,1,1,0,-1
315,22,3,1,1,0,0,0
315,23,3,1,1,0,0,1
315,24,4,1,1,1,0,0
315,25,8,2,1,1,0,0
315,26,4,1,1,1,0,0
315,27,4,1,1,1,0,0
315,28,8,2,1,1,0,0
315,29,4,1,1,1,0,0
315,30,8,2,1,1,0,-1
315,31,7,2,1,0,0,0
315,32,7,2,1,0,0,0
315,33,7,2,1,0,0,0
315,34,3,1,1,0,0,1
315,35,4,1,1,1,0,0
315,36,4,1,1,1,0,-1
315,37,3,1,1,0,0,0
315,38,3,1,1,0,0,0
315,39,3,1,1,0,0,1
315,40,4,1,1,1,0,-1
315,41,7,2,1,0,0,0
315,42,7,2,1,0,0,0
315,43,7,2,1,0,0,0
315,44,3,1,1,0,0,0
315,45,3,1,1,0,0,0
315,46,3,1,1,0,0,0
315,47,3,1,1,0,-1,1
315,48,2,1,0,1,1,-1
315,49,3,1,1,0,-1,0
315,50,1,1,0,0,0,0
316,1,6,2,0,1,0,0
316,2,6,2,0,1,0,0
316,3,2,1,0,1,1,0
316,4,4,1,1,1,0,-1
316,5,3,1,1,0,0,0
316,6,7,2,1,0,0,0
316,7,3,1,1,0,0,0
316,8,7,2,1,0,0,0
316,9,3,1,1,0,0,0
316,10,7,2,1,0,0,1
316,11,4,1,1,1,0,-1
316,12,7,2,1,0,0,1
316,13,8,2,1,1,0,-1
316,14,7,2,1,0,0,1
316,15,8,2,1,1,0,-1
316,16,3,1,1,0,0,0
316,17,7,2,1,0,-1,0
316,18,5,2,0,0,0,1
316,19,2,1,0,1,1,-1
316,20,7,2,1,0,0,1
316,21,4,1,1,1,0,0
316,22,8,2,1,1,0,0
316,23,4,1,1,1,0,0
316,24,4,1,1,1,0,-1
316,25,3,1,1,0,0,0
316,26,3,1,1,0,-1,0
316,27,1,1,0,0,0,0
316,28,1,1,0,0,0,0
316,29,5,2,0,0,1,0
316,30,7,2,1,0,0,0
316,31,7,2,1,0,0,0
316,32,7,2,1,0,0,0
316,33,7,2,1,0,0,0
316,34,3,1,1,0,-1,0
316,35,1,1,0,0,0,0
316,36,1,1,0,0,0,0
316,37,1,1,0,0,0,0
316,38,1,1,0,0,1,0
316,39,7,2,1,0,0,0
316,40,7,2,1,0,0,0
316,41,3,1,1,0,0,1
316,42,4,1,1,1,0,0
316,43,4,1,1,1,0,0
316,44,4,1,1,1,-1,0
316,45,6,2,0,1,0,0
316,46,2,1,0,1,0,0
316,47,2,1,0,1,0,0
316,48,2,1,0,1,1,-1
316,49,3,1,1,0,0,1
316,50,8,2,1,1,0,0
317,1,8,2,1,1,0,0
317,2,8,2,1,1,-1,0
317,3,6,2,0,1,1,0
317,4,4,1,1,1,0,0
317,5,8,2,1,1,-1,0
317,6,2,1,0,1,1,-1
317,7,3,1,1,0,0,1
317,8,4,1,1,1,-1,-1
317,9,5,2,0,0,0,0
317,10,5,2,0,0,0,0
317,11,1,1,0,0,0,0
317,12,5,2,0,0,0,0
317,13,5,2,0,0,0,0
317,14,5,2,0,0,1,1
317,15,4,1,1,1,-1,-1
317,16,1,1,0,0,0,1
317,17,2,1,0,1,1,0
317,18,4,1,1,1,0,-1
317,19,3,1,1,0,-1,1
317,20,2,1,0,1,1,0
317,21,4,1,1,1,0,0
317,22,4,1,1,1,0,0
317,23,8,2,1,1,-1,-1
317,24,5,2,0,0,0,0
317,25,1,1,0,0,0,0
317,26,5,2,0,0,0,0
317,27,5,2,0,0,0,0
317,28,5,2,0,0,1,1
317,29,8,2,1,1,-1,0
317,30,6,2,0,1,0,0
317,31,6,2,0,1,0,0
317,32,6,2,0,1,0,0
317,33,6,2,0,1,0,-1
317,34,1,1,0,0,0,0
317,35,5,2,0,0,1,0
317,36,7,2,1,0,0,0
317,37,7,2,1,0,-1,0
317,38,5,2,0,0,0,0
317,39,1,1,0,0,0,0
317,40,1,1,0,0,0,1
317,41,6,2,0,1,0,0
317,42,6,2,0,1,0,-1
317,43,1,1,0,0,0,0
317,44,1,1,0,0,1,0
317,45,7,2,1,0,0,0
317,46,7,2,1,0,0,0
317,47,7,2,1,0,-1,1
317,48,2,1,0,1,0,0
317,49,2,1,0,1,1,-1
317,50,3,1,1,0,0,0
318,1,7,2,1,0,0,1
318,2,4,1,1,1,0,-1
318,3,3,1,1,0,0,0
318,4,7,2,1,0,-1,0
318,5,5,2,0,0,0,0
318,6,5,2,0,0,0,0
318,7,5,2,0,0,1,0
318,8,7,2,1,0,-1,1
318,9,2,1,0,1,0,0
318,10,2,1,0,1,0,0
318,11,6,2,0,1,1,0
318,12,8,2,1,1,0,-1
318,13,3,1,1,0,0,1
318,14,4,1,1,1,0,-1
318,15,3,1,1,0,0,0
318,16,3,1,1,0,0,0
318,17,3,1,1,0,0,1
318,18,4,1,1,1,0,0
318,19,4,1,1,1,-1,-1
318,20,1,1,0,0,0,0
318,21,1,1,0,0,0,0
318,22,1,1,0,0,0,0
318,23,5,2,0,0,0,0
318,24,5,2,0,0,1,1
318,25,8,2,1,1,-1,-1
318,26,5,2,0,0,0,1
318,27,6,2,0,1,0,0
318,28,2,1,0,1,1,0
318,29,4,1,1,1,0,0
318,30,8,2,1,1,0,-1
318,31,3,1,1,0,0,1
318,32,4,1,1,1,0,0
318,33,4,1,1,1,-1,0
318,34,2,1,0,1,0,0
318,35,2,1,0,1,0,0
318,36,6,2,0,1,1,0
318,37,4,1,1,1,0,0
318,38,4,1,1,1,0,-1
318,39,3,1,1,0,0,0
318,40,7,2,1,0,-1,0
318,41,5,2,0,0,0,0
318,42,1,1,0,0,0,0
318,43,1,1,0,0,0,0
318,44,5,2,0,0,0,0
318,45,5,2,0,0,0,0
318,46,5,2,0,0,0,0
318,47,5,2,0,0,0,0
318,48,1,1,0,0,1,0
318,49,3,1,1,0,0,0
318,50,7,2,1,0,0,0
319,1,2,1,0,1,0,-1
319,2,5,2,0,0,1,0
319,3,7,2,1,0,0,0
319,4,3,1,1,0,0,1
319,5,8,2,1,1,-1,0
319,6,6,2,0,1,0,0
319,7,6,2,0,1,0,0
319,8,2,1,0,1,1,0
319,9,4,1,1,1,0,-1
319,10,7,2,1,0,0,0
319,11,3,1,1,0,0,0
319,12,3,1,1,0,0,0
319,13,7,2,1,0,0,0
319,14,3,1,1,0,0,0
319,15,3,1,1,0,0,1
319,16,4,1,1,1,0,-1
319,17,7,2,1,0,0,0
319,18,3,1,1,0,0,0
319,19,3,1,1,0,0,0
319,20,3,1,1,0,0,1
319,21,4,1,1,1,-1,0
319,22,2,1,0,1,0,-1
319,23,5,2,0,0,0,1
319,24,2,1,0,1,0,0
319,25,2,1,0,1,0,0
319,26,2,1,0,1,0,0
319,27,2,1,0,1,0,0
319,28,2,1,0,1,0,0
319,29,6,2,0,1,0,0
319,30,2,1,0,1,0,-1
319,31,5,2,0,0,1,0
319,32,3,1,1,0,0,1
319,33,4,1,1,1,0,0
319,34,4,1,1,1,-1,-1
319,35,1,1,0,0,0,0
319,36,5,2,0,0,0,1
319,37,2,1,0,1,0,-1
319,38,1,1,0,0,0,1
319,39,6,2,0,1,0,0
319,40,6,2,0,1,0,0
319,41,6,2,0,1,1,0
319,42,8,2,1,1,0,0
319,43,8,2,1,1,0,0
319,44,4,1,1,1,0,0
319,45,8,2,1,1,0,-1
319,46,7,2,1,0,0,0
319,47,3,1,1,0,0,0
319,48,3,1,1,0,0,0
319,49,3,1,1,0,0,0
319,50,3,1,1,0,0,0
320,1,1,1,0,0,1,0
320,2,3,1,1,0,0,1
320,3,4,1,1,1,0,0
320,4,8,2,1,1,0,0
320,5,8,2,1,1,0,0
320,6,4,1,1,1,0,0
320,7,8,2,1,1,0,0
320,8,4,1,1,1,0,-1
320,9,3,1,1,0,0,1
320,10,8,2,1,1,0,0
320,11,8,2,1,1,0,0
320,12,4,1,1,1,0,0
320,13,4,1,1,1,0,0
320,14,4,1,1,1,0,0
320,15,4,1,1,1,-1,0
320,16,6,2,0,1,0,0
320,17,2,1,0,1,0,0
320,18,6,2,0,1,1,0
320,19,8,2,1,1,0,0
320,20,8,2,1,1,-1,0
320,21,6,2,0,1,0,0
320,22,6,2,0,1,1,0
320,23,8,2,1,1,0,0
320,24,8,2,1,1,-1,0
320,25,6,2,0,1,0,0
320,26,2,1,0,1,0,0
320,27,2,1,0,1,0,-1
320,28,1,1,0,0,0,1
320,29,6,2,0,1,0,-1
320,30,5,2,0,0,0,1
320,31,2,1,0,1,0,0
320,32,2,1,0,1,0,-1
320,33,5,2,0,0,1,0
320,34,3,1,1,0,0,0
320,35,3,1,1,0,0,0
320,36,3,1,1,0,0,0
320,37,3,1,1,0,0,0
320,38,3,1,1,0,0,0
320,39,3,1,1,0,0,0
320,40,3,1,1,0,0,0
320,41,3,1,1,0,0,0
320,42,3,1,1,0,0,1
320,43,8,2,1,1,-1,0
320,44,6,2,0,1,0,-1
320,45,1,1,0,0,0,0
320,46,1,1,0,0,0,0
320,47,1,1,0,0,0,1
320,48,6,2,0,1,0,0
320,49,6,2,0,1,1,0
320,50,8,2,1,1,-1,0
321,1,1,1,0,0,1,0
321,2,3,1,1,0,-1,0
321,3,1,1,0,0,1,0
321,4,3,1,1,0,-1,0
321,5,1,1,0,0,1,0
321,6,7,2,1,0,0,0
321,7,3,1,1,0,-1,1
321,8,2,1,0,1,0,0
321,9,2,1,0,1,0,-1
321,10,5,2,0,0,0,0
321,11,1,1,0,0,1,1
321,12,4,1,1,1,0,-1
321,13,7,2,1,0,0,0
321,14,7,2,1,0,0,1
321,15,8,2,1,1,0,-1
321,16,7,2,1,0,0,1
321,17,8,2,1,1,0,0
321,18,4,1,1,1,-1,0
321,19,2,1,0,1,1,-1
321,20,3,1,1,0,0,0
321,21,3,1,1,0,0,0
321,22,7,2,1,0,0,0
321,23,7,2,1,0,0,0
321,24,3,1,1,0,0,1
321,25,8,2,1,1,-1,0
321,26,2,1,0,1,0,0
321,27,2,1,0,1,0,0
321,28,2,1,0,1,0,0
321,29,2,1,0,1,0,0
321,30,2,1,0,1,1,0
321,31,8,2,1,1,-1,0
321,32,2,1,0,1,0,0
321,33,6,2,0,1,1,-1
321,34,7,2,1,0,0,0
321,35,7,2,1,0,0,0
321,36,3,1,1,0,-1,0
321,37,1,1,0,0,0,0
321,38,5,2,0,0,0,0
321,39,5,2,0,0,0,0
321,40,5,2,0,0,1,1
321,41,4,1,1,1,0,0
321,42,8,2,1,1,0,0
321,43,4,1,1,1,0,0
321,44,4,1,1,1,0,0
321,45,4,1,1,1,-1,0
321,46,6,2,0,1,0,0
321,47,6,2,0,1,0,0
321,48,6,2,0,1,0,0
321,49,2,1,0,1,0,0
321,50,6,2,0,1,1,-1
322,1,8,2,1,1,0,0
322,2,8,2,1,1,0,-1
322,3,7,2,1,0,0,1
322,4,8,2,1,1,0,0
322,5,8,2,1,1,-1,0
322,6,6,2,0,1,0,0
322,7,2,1,0,1,1,0
322,8,4,1,1,1,-1,0
322,9,2,1,0,1,0,0
322,10,2,1,0,1,1,0
322,11,4,1,1,1,0,0
322,12,4,1,1,1,0,0
322,13,4,1,1,1,0,-1
322,14,3,1,1,0,0,0
322,15,7,2,1,0,0,0
322,16,7,2,1,0,0,0
322,17,3,1,1,0,0,1
322,18,8,2,1,1,0,0
322,19,8,2,1,1,0,-1
322,20,7,2,1,0,0,0
322,21,3,1,1,0,-1,1
322,22,2,1,0,1,0,0
322,23,2,1,0,1,1,0
322,24,4,1,1,1,0,0
322,25,8,2,1,1,0,-1
322,26,7,2,1,0,0,0
322,27,7,2,1,0,0,0
322,28,7,2,1,0,-1,0
322,29,5,2,0,0,1,1
322,30,8,2,1,1,0,-1
322,31,7,2,1,0,-1,0
322,32,5,2,0,0,0,0
322,33,5,2,0,0,1,1
322,34,8,2,1,1,0,0
322,35,8,2,1,1,0,0
322,36,4,1,1,1,0,-1
322,37,3,1,1,0,0,0
322,38,7,2,1,0,0,0
322,39,7,2,1,0,0,0
322,40,7,2,1,0,0,0
322,41,7,2,1,0,0,0
322,42,7,2,1,0,-1,0
322,43,5,2,0,0,0,0
322,44,5,2,0,0,0,0
322,45,5,2,0,0,1,1
322,46,8,2,1,1,0,-1
322,47,3,1,1,0,-1,0
322,48,1,1,0,0,0,0
322,49,5,2,0,0,0,0
322,50,5,2,0,0,1,0
323,1,5,2,0,0,1,0
323,2,3,1,1,0,-1,0
323,3,5,2,0,0,1,1
323,4,8,2,1,1,0,0
323,5,8,2,1,1,0,-1
323,6,3,1,1,0,0,0
323,7,3,1,1,0,0,0
323,8,3,1,1,0,0,1
323,9,4,1,1,1,0,-1
323,10,3,1,1,0,-1,0
323,11,1,1,0,0,0,0
323,12,5,2,0,0,0,1
323,13,6,2,0,1,0,-1
323,14,1,1,0,0,1,0
323,15,3,1,1,0,0,0
323,16,7,2,1,0,0,0
323,17,3,1,1,0,0,1
323,18,8,2,1,1,0,0
323,19,8,2,1,1,0,0
323,20,8,2,1,1,-1,0
323,21,6,2,0,1,0,0
323,22,6,2,0,1,0,-1
323,23,1,1,0,0,1,1
323,24,4,1,1,1,-1,0
323,25,2,1,0,1,0,0
323,26,2,1,0,1,1,0
323,27,4,1,1,1,0,0
323,28,4,1,1,1,-1,0
323,29,2,1,0,1,0,0
323,30,2,1,0,1,0,0
323,31,6,2,0,1,0,0
323,32,6,2,0,1,0,0
323,33,2,1,0,1,1,0
323,34,4,1,1,1,0,0
323,35,4,1,1,1,0,0
323,36,4,1,1,1,0,0
323,37,4,1,1,1,0,0
323,38,8,2,1,1,0,0
323,39,4,1,1,1,0,0
323,40,8,2,1,1,0,0
323,41,4,1,1,1,0,0
323,42,8,2,1,1,0,0
323,43,8,2,1,1,-1,0
323,44,2,1,0,1,1,0
323,45,4,1,1,1,-1,0
323,46,2,1,0,1,0,0
323,47,6,2,0,1,1,-1
323,48,7,2,1,0,0,1
323,49,4,1,1,1,0,0
323,50,8,2,1,1,0,-1
324,1,3,1,1,0,0,1
324,2,4,1,1,1,0,0
324,3,4,1,1,1,-1,0
324,4,2,1,0,1,0,0
324,5,6,2,0,1,1,0
324,6,8,2,1,1,-1,0
324,7,2,1,0,1,0,0
324,8,2,1,0,1,0,0
324,9,2,1,0,1,0,0
324,10,2,1,0,1,1,0
324,11,4,1,1,1,-1,0
324,12,2,1,0,1,1,0
324,13,4,1,1,1,0,0
324,14,8,2,1,1,0,0
324,15,4,1,1,1,0,0
324,16,8,2,1,1,0,0
324,17,4,1,1,1,0,0
324,18,4,1,1,1,-1,-1
324,19,1,1,0,0,1,0
324,20,7,2,1,0,0,1
324,21,8,2,1,1,-1,0
324,22,6,2,0,1,0,0
324,23,2,1,0,1,1,0
324,24,4,1,1,1,0,0
324,25,4,1,1,1,0,0
324,26,4,1,1,1,0,-1
324,27,3,1,1,0,0,1
324,28,4,1,1,1,0,-1
324,29,3,1,1,0,0,1
324,30,4,1,1,1,-1,0
324,31,2,1,0,1,1,0
324,32,4,1,1,1,0,0
324,33,4,1,1,1,0,0
324,34,8,2,1,1,0,-1
324,35,7,2,1,0,0,0
324,36,7,2,1,0,0,1
324,37,8,2,1,1,0,0
324,38,4,1,1,1,0,0
324,39,4,1,1,1,0,0
324,40,4,1,1,1,0,-1
324,41,3,1,1,0,0,0
324,42,3,1,1,0,0,1
324,43,4,1,1,1,0,0
324,44,4,1,1,1,0,0
324,45,8,2,1,1,-1,-1
324,46,5,2,0,0,0,0
324,47,5,2,0,0,0,0
324,48,1,1,0,0,1,0
324,49,3,1,1,0,0,0
324,50,3,1,1,0,0,0
325,1,7,2,1,0,0,0
325,2,7,2,1,0,0,0
325,3,3,1,1,0,0,0
325,4,7,2,1,0,0,0
325,5,7,2,1,0,0,1
325,6,8,2,1,1,-1,0
325,7,2,1,0,1,0,0
325,8,6,2,0,1,0,-1
325,9,5,2,0,0,1,0
325,10,7,2,1,0,0,0
325,11,7,2,1,0,-1,1
325,12,6,2,0,1,1,0
325,13,8,2,1,1,0,0
325,14,4,1,1,1,-1,0
325,15,2,1,0,1,1,-1
325,16,7,2,1,0,0,0
325,17,7,2,1,0,0,0
325,18,7,2,1,0,0,0
325,19,3,1,1,0,0,0
325,20,3,1,1,0,0,0
325,21,3,1,1,0,0,0
325,22,3,1,1,0,-1,1
325,23,2,1,0,1,1,0
325,24,4,1,1,1,-1,-1
325,25,1,1,0,0,0,0
325,26,1,1,0,0,0,1
325,27,6,2,0,1,0,0
325,28,6,2,0,1,0,0
325,29,2,1,0,1,0,-1
325,30,5,2,0,0,0,0
325,31,5,2,0,0,1,0
325,32,3,1,1,0,-1,1
325,33,2,1,0,1,0,0
325,34,2,1,0,1,0,0
325,35,2,1,0,1,0,-1
325,36,1,1,0,0,1,0
325,37,3,1,1,0,0,0
325,38,3,1,1,0,0,0
325,39,3,1,1,0,0,0
325,40,3,1,1,0,0,0
325,41,7,2,1,0,0,0
325,42,3,1,1,0,-1,0
325,43,1,1,0,0,1,0
325,44,3,1,1,0,0,1
325,45,8,2,1,1,-1,0
325,46,2,1,0,1,0,0
325,47,2,1,0,1,1,0
325,48,8,2,1,1,0,0
325,49,8,2,1,1,0,-1
325,50,3,1,1,0,-1,0
326,1,5,2,0,0,0,0
326,2,1,1,0,0,0,0
326,3,1,1,0,0,0,1
326,4,2,1,0,1,0,0
326,5,2,1,0,1,1,0
326,6,8,2,1,1,0,0
326,7,4,1,1,1,0,0
326,8,4,1,1,1,0,-1
326,9,3,1,1,0,0,1
326,10,4,1,1,1,0,0
326,11,4,1,1,1,-1,0
326,12,2,1,0,1,0,0
326,13,6,2,0,1,1,-1
326,14,3,1,1,0,0,0
326,15,3,1,1,0,0,0
326,16,3,1,1,0,-1,0
326,17,5,2,0,0,0,0
326,18,5,2,0,0,0,0
326,19,5,2,0,0,1,0
326,20,7,2,1,0,0,0
326,21,7,2,1,0,0,0
326,22,3,1,1,0,0,0
326,23,7,2,1,0,0,0
326,24,3,1,1,0,0,0
326,25,3,1,1,0,0,0
326,26,7,2,1,0,-1,0
326,27,1,1,0,0,1,1
326,28,8,2,1,1,-1,0
326,29,2,1,0,1,0,0
326,30,2,1,0,1,0,0
326,31,6,2,0,1,0,-1
326,32,5,2,0,0,0,0
326,33,1,1,0,0,0,1
326,34,2,1,0,1,1,0
326,35,4,1,1,1,-1,0
326,36,6,2,0,1,1,-1
326,37,3,1,1,0,0,0
326,38,3,1,1,0,0,0
326,39,3,1,1,0,-1,1
326,40,2,1,0,1,1,0
326,41,4,1,1,1,-1,-1
326,42,1,1,0,0,0,0
326,43,5,2,0,0,0,0
326,44,1,1,0,0,1,0
326,45,3,1,1,0,0,0
326,46,3,1,1,0,-1,1
326,47,6,2,0,1,0,-1
326,48,1,1,0,0,0,0
326,49,1,1,0,0,1,1
326,50,4,1,1,1,0,-1
327,1,1,1,0,0,0,0
327,2,1,1,0,0,0,0
327,3,5,2,0,0,0,1
327,4,6,2,0,1,0,0
327,5,6,2,0,1,0,0
327,6,2,1,0,1,1,0
327,7,4,1,1,1,0,0
327,8,4,1,1,1,-1,0
327,9,2,1,0,1,0,0
327,10,2,1,0,1,0,0
327,11,2,1,0,1,0,-1
327,12,1,1,0,0,0,0
327,13,1,1,0,0,0,0
327,14,1,1,0,0,1,1
327,15,4,1,1,1,0,0
327,16,4,1,1,1,0,0
327,17,8,2,1,1,0,-1
327,18,7,2,1,0,-1,0
327,19,5,2,0,0,0,1
327,20,2,1,0,1,0,0
327,21,2,1,0,1,0,-1
327,22,1,1,0,0,1,0
327,23,3,1,1,0,-1,0
327,24,1,1,0,0,0,0
327,25,1,1,0,0,0,0
327,26,1,1,0,0,0,1
327,27,2,1,0,1,0,0
327,28,6,2,0,1,0,0
327,29,6,2,0,1,0,-1
327,30,5,2,0,0,0,0
327,31,5,2,0,0,0,0
327,32,1,1,0,0,0,0
327,33,1,1,0,0,0,1
327,34,2,1,0,1,0,0
327,35,6,2,0,1,1,0
327,36,8,2,1,1,0,-1
327,37,7,2,1,0,0,0
327,38,7,2,1,0,0,1
327,39,4,1,1,1,0,0
327,40,4,1,1,1,0,-1
327,41,3,1,1,0,0,0
327,42,3,1,1,0,-1,1
327,43,6,2,0,1,1,0
327,44,4,1,1,1,0,0
327,45,4,1,1,1,0,-1
327,46,3,1,1,0,0,0
327,47,3,1,1,0,0,1
327,48,8,2,1,1,0,-1
327,49,3,1,1,0,0,0
327,50,3,1,1,0,0,0
328,1,5,2,0,0,1,0
328,2,3,1,1,0,0,0
328,3,3,1,1,0,0,0
328,4,7,2,1,0,0,1
328,5,4,1,1,1,-1,0
328,6,6,2,0,1,0,0
328,7,6,2,0,1,0,0
328,8,6,2,0,1,0,0
328,9,2,1,0,1,0,0
328,10,2,1,0,1,1,-1
328,11,7,2,1,0,0,0
328,12,7,2,1,0,0,0
328,13,7,2,1,0,0,0
328,14,3,1,1,0,0,0
328,15,3,1,1,0,0,0
328,16,7,2,1,0,0,0
328,17,7,2,1,0,-1,0
328,18,1,1,0,0,0,1
328,19,2,1,0,1,0,0
328,20,2,1,0,1,0,0
328,21,2,1,0,1,0,0
328,22,2,1,0,1,0,-1
328,23,1,1,0,0,0,0
328,24,1,1,0,0,1,0
328,25,3,1,1,0,-1,0
328,26,1,1,0,0,0,0
328,27,5,2,0,0,0,0
328,28,5,2,0,0,0,0
328,29,5,2,0,0,0,0
328,30,5,2,0,0,0,0
328,31,1,1,0,0,0,0
328,32,1,1,0,0,0,0
328,33,5,2,0,0,1,0
328,34,7,2,1,0,0,0
328,35,7,2,1,0,0,0
328,36,3,1,1,0,0,1
328,37,4,1,1,1,-1,0
328,38,2,1,0,1,0,0
328,39,2,1,0,1,0,-1
328,40,1,1,0,0,1,0
328,41,3,1,1,0,-1,0
328,42,1,1,0,0,0,0
328,43,1,1,0,0,1,0
328,44,7,2,1,0,0,1
328,45,8,2,1,1,-1,0
328,46,6,2,0,1,1,0
328,47,8,2,1,1,0,0
328,48,8,2,1,1,0,-1
328,49,3,1,1,0,0,0
328,50,3,1,1,0,-1,0
329,1,6,2,0,1,0,-1
329,2,1,1,0,0,1,1
329,3,4,1,1,1,0,-1
329,4,7,2,1,0,0,0
329,5,7,2,1,0,0,0
329,6,7,2,1,0,0,1
329,7,8,2,1,1,0,-1
329,8,3,1,1,0,-1,0
329,9,1,1,0,0,0,0
329,10,1,1,0,0,0,0
329,11,1,1,0,0,0,0
329,12,1,1,0,0,1,1
329,13,8,2,1,1,-1,0
329,14,2,1,0,1,0,0
329,15,2,1,0,1,1,0
329,16,4,1,1,1,-1,0
329,17,6,2,0,1,0,-1
329,18,1,1,0,0,0,1
329,19,2,1,0,1,0,0
329,20,2,1,0,1,0,0
329,21,2,1,0,1,0,0
329,22,2,1,0,1,0,-1
329,23,1,1,0,0,0,1
329,24,6,2,0,1,0,0
329,25,2,1,0,1,1,-1
329,26,7,2,1,0,0,1
329,27,4,1,1,1,0,0
329,28,8,2,1,1,0,0
329,29,4,1,1,1,0,0
329,30,4,1,1,1,0,-1
329,31,7,2,1,0,0,0
329,32,7,2,1,0,-1,0
329,33,1,1,0,0,1,1
329,34,4,1,1,1,-1,0
329,35,2,1,0,1,0,-1
329,36,5,2,0,0,0,0
329,37,5,2,0,0,0,0
329,38,5,2,0,0,0,1
329,39,6,2,0,1,1,0
329,40,4,1,1,1,0,0
329,41,4,1,1,1,0,0
329,42,4,1,1,1,0,0
329,43,4,1,1,1,0,0
329,44,8,2,1,1,0,0
329,45,4,1,1,1,0,0
329,46,4,1,1,1,0,0
329,47,8,2,1,1,-1,0
329,48,2,1,0,1,0,0
329,49,2,1,0,1,0,0
329,50,2,1,0,1,1,-1
330,1,7,2,1,0,0,0
330,2,7,2,1,0,0,0
330,3,3,1,1,0,0,0
330,4,3,1,1,0,-1,1
330,5,2,1,0,1,0,0
330,6,2,1,0,1,0,0
330,7,6,2,0,1,0,0
330,8,6,2,0,1,1,0
330,9,8,2,1,1,0,0
330,10,8,2,1,1,0,0
330,11,8,2,1,1,0,-1
330,12,3,1,1,0,0,0
330,13,3,1,1,0,0,0
330,14,7,2,1,0,0,1
330,15,8,2,1,1,0,-1
330,16,3,1,1,0,-1,0
330,17,1,1,0,0,0,0
330,18,5,2,0,0,0,0
330,19,1,1,0,0,0,0
330,20,1,1,0,0,1,0
330,21,3,1,1,0,-1,0
330,22,1,1,0,0,1,1
330,23,4,1,1,1,0,0
330,24,4,1,1,1,-1,0
330,25,2,1,0,1,0,0
330,26,2,1,0,1,0,0
330,27,6,2,0,1,0,0
330,28,2,1,0,1,0,0
330,29,2,1,0,1,0,0
330,30,2,1,0,1,1,0
330,31,8,2,1,1,0,0
330,32,8,2,1,1,0,0
330,33,8,2,1,1,-1,-1
330,34,1,1,0,0,1,0
330,35,3,1,1,0,0,0
330,36,3,1,1,0,0,0
330,37,3,1,1,0,0,1
330,38,8,2,1,1,0,-1
330,39,3,1,1,0,0,0
330,40,3,1,1,0,-1,0
330,41,1,1,0,0,0,1
330,42,6,2,0,1,0,-1
330,43,5,2,0,0,0,0
330,44,1,1,0,0,0,1
330,45,2,1,0,1,0,0
330,46,2,1,0,1,1,0
330,47,4,1,1,1,0,0
330,48,4,1,1,1,0,0
330,49,4,1,1,1,0,-1
330,50,7,2,1,0,0,0
331,1,8,2,1,1,-1,0
331,2,2,1,0,1,0,-1
331,3,5,2,0,0,0,1
331,4,6,2,0,1,0,-1
331,5,5,2,0,0,1,0
331,6,7,2,1,0,0,0
331,7,3,1,1,0,-1,0
331,8,1,1,0,0,0,0
331,9,1,1,0,0,1,0
331,10,7,2,1,0,0,0
331,11,7,2,1,0,-1,0
331,12,5,2,0,0,1,1
331,13,8,2,1,1,0,0
331,14,8,2,1,1,0,0
331,15,4,1,1,1,0,0
331,16,8,2,1,1,0,0
331,17,8,2,1,1,0,0
331,18,4,1,1,1,-1,-1
331,19,1,1,0,0,0,1
331,20,6,2,0,1,0,0
331,21,2,1,0,1,0,0
331,22,6,2,0,1,1,0
331,23,8,2,1,1,-1,0
331,24,6,2,0,1,1,0
331,25,8,2,1,1,-1,0
331,26,6,2,0,1,1,0
331,27,8,2,1,1,0,0
331,28,8,2,1,1,0,0
331,29,8,2,1,1,0,0
331,30,4,1,1,1,0,0
331,31,4,1,1,1,0,0
331,32,4,1,1,1,-1,0
331,33,2,1,0,1,0,-1
331,34,5,2,0,0,1,1
331,35,4,1,1,1,-1,0
331,36,6,2,0,1,1,-1
331,37,7,2,1,0,0,0
331,38,7,2,1,0,0,1
331,39,4,1,1,1,0,0
331,40,8,2,1,1,0,0
331,41,8,2,1,1,0,0
331,42,8,2,1,1,-1,0
331,43,2,1,0,1,1,0
331,44,4,1,1,1,-1,0
331,45,2,1,0,1,0,0
331,46,6,2,0,1,0,0
331,47,2,1,0,1,0,0
331,48,2,1,0,1,0,0
331,49,2,1,0,1,0,0
331,50,2,1,0,1,0,0
332,1,4,1,1,1,0,0
332,2,4,1,1,1,0,0
332,3,4,1,1,1,0,0
332,4,4,1,1,1,-1,0
332,5,6,2,0,1,0,0
332,6,2,1,0,1,0,-1
332,7,5,2,0,0,0,0
332,8,1,1,0,0,0,0
332,9,1,1,0,0,1,0
332,10,3,1,1,0,-1,0
332,11,1,1,0,0,1,0
332,12,3,1,1,0,0,0
332,13,3,1,1,0,0,0
332,14,3,1,1,0,-1,0
332,15,1,1,0,0,0,1
332,16,2,1,0,1,1,0
332,17,8,2,1,1,-1,0
332,18,6,2,0,1,0,0
332,19,2,1,0,1,0,-1
332,20,1,1,0,0,1,1
332,21,4,1,1,1,-1,0
332,22,2,1,0,1,1,0
332,23,8,2,1,1,0,0
332,24,8,2,1,1,-1,0
332,25,6,2,0,1,0,0
332,26,6,2,0,1,0,0
332,27,6,2,0,1,0,-1
332,28,5,2,0,0,0,0
332,29,5,2,0,0,1,0
332,30,7,2,1,0,0,0
332,31,3,1,1,0,0,0
332,32,3,1,1,0,0,0
332,33,7,2,1,0,-1,0
332,34,1,1,0,0,0,0
332,35,1,1,0,0,0,0
332,36,5,2,0,0,0,0
332,37,5,2,0,0,0,0
332,38,1,1,0,0,0,1
332,39,2,1,0,1,0,0
332,40,6,2,0,1,1,0
332,41,4,1,1,1,0,0
332,42,4,1,1,1,0,0
332,43,8,2,1,1,0,0
332,44,8,2,1,1,-1,0
332,45,2,1,0,1,1,-1
332,46,3,1,1,0,0,1
332,47,4,1,1,1,0,-1
332,48,7,2,1,0,-1,0
332,49,5,2,0,0,0,0
332,50,5,2,0,0,1,0
333,1,4,1,1,1,-1,0
333,2,2,1,0,1,1,0
333,3,8,2,1,1,0,0
333,4,8,2,1,1,0,0
333,5,8,2,1,1,0,0
333,6,4,1,1,1,0,0
333,7,8,2,1,1,0,0
333,8,4,1,1,1,0,-1
333,9,3,1,1,0,0,0
333,10,7,2,1,0,0,0
333,11,7,2,1,0,0,0
333,12,3,1,1,0,0,0
333,13,7,2,1,0,0,0
333,14,7,2,1,0,0,0
333,15,3,1,1,0,0,1
333,16,4,1,1,1,0,0
333,17,8,2,1,1,0,-1
333,18,7,2,1,0,0,0
333,19,3,1,1,0,-1,0
333,20,1,1,0,0,0,0
333,21,1,1,0,0,1,0
333,22,3,1,1,0,0,1
333,23,4,1,1,1,0,0
333,24,4,1,1,1,0,0
333,25,8,2,1,1,0,0
333,26,8,2,1,1,-1,0
333,27,6,2,0,1,0,0
333,28,6,2,0,1,0,0
333,29,2,1,0,1,1,0
333,30,4,1,1,1,0,-1
333,31,3,1,1,0,-1,0
333,32,1,1,0,0,0,0
333,33,1,1,0,0,0,0
333,34,1,1,0,0,0,0
333,35,1,1,0,0,0,0
333,36,1,1,0,0,0,0
333,37,1,1,0,0,0,0
333,38,1,1,0,0,1,0
333,39,3,1,1,0,0,0
333,40,3,1,1,0,0,0
333,41,3,1,1,0,0,0
333,42,3,1,1,0,0,0
333,43,7,2,1,0,0,0
333,44,7,2,1,0,0,0
333,45,7,2,1,0,0,1
333,46,4,1,1,1,-1,0
333,47,6,2,0,1,0,0
333,48,6,2,0,1,0,-1
333,49,1,1,0,0,1,0
333,50,7,2,1,0,0,0
334,1,1,1,0,0,0,0
334,2,5,2,0,0,0,1
334,3,2,1,0,1,0,0
334,4,6,2,0,1,0,-1
334,5,5,2,0,0,0,1
334,6,6,2,0,1,0,0
334,7,2,1,0,1,0,-1
334,8,1,1,0,0,0,0
334,9,1,1,0,0,0,0
334,10,1,1,0,0,1,1
334,11,4,1,1,1,0,0
334,12,4,1,1,1,0,0
334,13,4,1,1,1,0,0
334,14,8,2,1,1,-1,0
334,15,2,1,0,1,0,-1
334,16,5,2,0,0,0,1
334,17,6,2,0,1,1,0
334,18,4,1,1,1,0,0
334,19,4,1,1,1,0,0
334,20,4,1,1,1,0,0
334,21,4,1,1,1,0,-1
334,22,3,1,1,0,0,1
334,23,4,1,1,1,-1,0
334,24,6,2,0,1,0,0
334,25,2,1,0,1,1,0
334,26,8,2,1,1,0,-1
334,27,7,2,1,0,0,0
334,28,7,2,1,0,0,0
334,29,7,2,1,0,0,0
334,30,7,2,1,0,0,0
334,31,3,1,1,0,0,0
334,32,3,1,1,0,0,0
334,33,7,2,1,0,0,0
334,34,3,1,1,0,0,0
334,35,3,1,1,0,-1,0
334,36,1,1,0,0,1,0
334,37,3,1,1,0,0,0
334,38,3,1,1,0,0,0
334,39,3,1,1,0,0,1
334,40,4,1,1,1,0,0
334,41,4,1,1,1,-1,0
334,42,6,2,0,1,0,0
334,43,6,2,0,1,0,0
334,44,6,2,0,1,0,0
334,45,6,2,0,1,0,-1
334,46,5,2,0,0,1,1
334,47,4,1,1,1,-1,0
334,48,6,2,0,1,0,0
334,49,6,2,0,1,0,0
334,50,6,2,0,1,0,-1
335,1,6,2,0,1,0,0
335,2,2,1,0,1,0,0
335,3,6,2,0,1,0,0
335,4,2,1,0,1,1,0
335,5,8,2,1,1,-1,0
335,6,6,2,0,1,0,-1
335,7,5,2,0,0,0,1
335,8,2,1,0,1,0,0
335,9,2,1,0,1,0,0
335,10,6,2,0,1,0,0
335,11,6,2,0,1,0,-1
335,12,5,2,0,0,1,0
335,13,3,1,1,0,0,1
335,14,4,1,1,1,0,-1
335,15,3,1,1,0,0,1
335,16,4,1,1,1,-1,0
335,17,2,1,0,1,0,0
335,18,6,2,0,1,0,0
335,19,2,1,0,1,1,-1
335,20,3,1,1,0,0,0
335,21,3,1,1,0,0,1
335,22,8,2,1,1,0,0
335,23,8,2,1,1,0,0
335,24,4,1,1,1,0,-1
335,25,3,1,1,0,0,0
335,26,3,1,1,0,0,1
335,27,4,1,1,1,0,-1
335,28,7,2,1,0,-1,0
335,29,1,1,0,0,0,0
335,30,1,1,0,0,0,0
335,31,1,1,0,0,0,1
335,32,6,2,0,1,0,0
335,33,2,1,0,1,1,0
335,34,8,2,1,1,0,0
335,35,4,1,1,1,-1,0
335,36,2,1,0,1,1,0
335,37,8,2,1,1,-1,-1
335,38,1,1,0,0,0,1
335,39,2,1,0,1,0,-1
335,40,1,1,0,0,0,0
335,41,1,1,0,0,0,1
335,42,2,1,0,1,0,0
335,43,2,1,0,1,0,-1
335,44,1,1,0,0,0,0
335,45,5,2,0,0,0,0
335,46,1,1,0,0,0,0
335,47,5,2,0,0,0,0
335,48,5,2,0,0,1,0
335,49,3,1,1,0,-1,1
335,50,2,1,0,1,1,0
336,1,2,1,0,1,1,0
336,2,4,1,1,1,0,0
336,3,8,2,1,1,0,0
336,4,4,1,1,1,0,-1
336,5,3,1,1,0,0,0
336,6,7,2,1,0,0,1
336,7,8,2,1,1,-1,0
336,8,2,1,0,1,0,0
336,9,2,1,0,1,0,0
336,10,6,2,0,1,0,-1
336,11,5,2,0,0,1,0
336,12,7,2,1,0,0,0
336,13,7,2,1,0,0,0
336,14,7,2,1,0,0,1
336,15,8,2,1,1,-1,0
336,16,6,2,0,1,0,0
336,17,2,1,0,1,1,0
336,18,4,1,1,1,0,-1
336,19,3,1,1,0,0,0
336,20,3,1,1,0,0,0
336,21,7,2,1,0,-1,0
336,22,5,2,0,0,0,0
336,23,5,2,0,0,1,1
336,24,4,1,1,1,-1,0
336,25,6,2,0,1,0,0
336,26,6,2,0,1,0,0
336,27,6,2,0,1,0,0
336,28,6,2,0,1,0,0
336,29,2,1,0,1,0,-1
336,30,1,1,0,0,1,0
336,31,3,1,1,0,-1,1
336,32,2,1,0,1,0,0
336,33,2,1,0,1,0,0
336,34,2,1,0,1,0,0
336,35,2,1,0,1,0,0
336,36,2,1,0,1,1,0
336,37,4,1,1,1,0,-1
336,38,3,1,1,0,0,1
336,39,4,1,1,1,0,0
336,40,4,1,1,1,0,0
336,41,4,1,1,1,-1,0
336,42,2,1,0,1,0,0
336,43,6,2,0,1,0,0
336,44,2,1,0,1,0,0
336,45,2,1,0,1,0,0
336,46,6,2,0,1,0,-1
336,47,1,1,0,0,0,0
336,48,1,1,0,0,1,0
336,49,7,2,1,0,-1,0
336,50,1,1,0,0,0,0
337,1,2,1,0,1,1,0
337,2,4,1,1,1,0,-1
337,3,3,1,1,0,0,0
337,4,3,1,1,0,-1,0
337,5,1,1,0,0,0,1
337,6,2,1,0,1,0,0
337,7,6,2,0,1,0,0
337,8,2,1,0,1,0,0
337,9,2,1,0,1,0,-1
337,10,1,1,0,0,0,0
337,11,1,1,0,0,0,0
337,12,1,1,0,0,1,0
337,13,3,1,1,0,-1,0
337,14,1,1,0,0,0,1
337,15,2,1,0,1,0,0
337,16,6,2,0,1,0,0
337,17,6,2,0,1,0,-1
337,18,5,2,0,0,0,1
337,19,6,2,0,1,1,0
337,20,8,2,1,1,0,-1
337,21,3,1,1,0,-1,1
337,22,2,1,0,1,0,0
337,23,2,1,0,1,0,0
337,24,6,2,0,1,0,-1
337,25,1,1,0,0,0,0
337,26,1,1,0,0,0,0
337,27,1,1,0,0,1,1
337,28,4,1,1,1,0,0
337,29,8,2,1,1,0,-1
337,30,3,1,1,0,0,0
337,31,3,1,1,0,0,0
337,32,7,2,1,0,0,0
337,33,7,2,1,0,0,1
337,34,8,2,1,1,0,0
337,35,4,1,1,1,0,0
337,36,8,2,1,1,0,0
337,37,8,2,1,1,0,-1
337,38,7,2,1,0,0,0
337,39,7,2,1,0,0,0
337,40,7,2,1,0,0,0
337,41,7,2,1,0,0,0
337,42,7,2,1,0,0,0
337,43,7,2,1,0,0,1
337,44,4,1,1,1,0,0
337,45,4,1,1,1,0,-1
337,46,3,1,1,0,0,0
337,47,3,1,1,0,0,0
337,48,3,1,1,0,0,0
337,49,7,2,1,0,0,0
337,50,3,1,1,0,0,0
338,1,3,1,1,0,0,0
338,2,3,1,1,0,0,0
338,3,3,1,1,0,0,1
338,4,4,1,1,1,0,0
338,5,4,1,1,1,0,0
338,6,8,2,1,1,-1,0
338,7,6,2,0,1,0,0
338,8,2,1,0,1,0,-1
338,9,1,1,0,0,1,0
338,10,3,1,1,0,0,1
338,11,4,1,1,1,0,0
338,12,8,2,1,1,0,-1
338,13,7,2,1,0,-1,0
338,14,5,2,0,0,0,0
338,15,1,1,0,0,0,1
338,16,2,1,0,1,0,0
338,17,2,1,0,1,0,0
338,18,2,1,0,1,1,-1
338,19,7,2,1,0,0,1
338,20,8,2,1,1,0,0
338,21,8,2,1,1,0,-1
338,22,7,2,1,0,0,0
338,23,3,1,1,0,-1,0
338,24,1,1,0,0,0,0
338,25,5,2,0,0,1,1
338,26,4,1,1,1,0,0
338,27,8,2,1,1,0,-1
338,28,7,2,1,0,0,0
338,29,3,1,1,0,-1,0
338,30,1,1,0,0,0,0
338,31,1,1,0,0,0,0
338,32,1,1,0,0,0,0
338,33,1,1,0,0,0,0
338,34,5,2,0,0,1,0
338,35,7,2,1,0,0,0
338,36,3,1,1,0,0,0
338,37,3,1,1,0,0,0
338,38,3,1,1,0,0,0
338,39,3,1,1,0,0,1
338,40,4,1,1,1,0,-1
338,41,7,2,1,0,-1,0
338,42,1,1,0,0,0,0
338,43,1,1,0,0,0,0
338,44,1,1,0,0,0,1
338,45,2,1,0,1,0,0
338,46,2,1,0,1,0,0
338,47,2,1,0,1,0,-1
338,48,1,1,0,0,0,0
338,49,1,1,0,0,0,0
338,50,1,1,0,0,0,0
339,1,4,1,1,1,0,0
339,2,4,1,1,1,0,0
339,3,8,2,1,1,0,0
339,4,4,1,1,1,0,0
339,5,4,1,1,1,0,0
339,6,4,1,1,1,0,0
339,7,4,1,1,1,-1,0
339,8,6,2,0,1,1,0
339,9,4,1,1,1,-1,-1
339,10,5,2,0,0,0,0
339,11,5,2,0,0,0,0
339,12,5,2,0,0,0,0
339,13,5,2,0,0,0,0
339,14,5,2,0,0,0,0
339,15,1,1,0,0,0,0
339,16,1,1,0,0,0,0
339,17,5,2,0,0,1,0
339,18,7,2,1,0,0,0
339,19,3,1,1,0,0,0
339,20,3,1,1,0,-1,0
339,21,1,1,0,0,0,0
339,22,1,1,0,0,0,0
339,23,5,2,0,0,0,1
339,24,2,1,0,1,0,-1
339,25,5,2,0,0,1,0
339,26,3,1,1,0,0,1
339,27,4,1,1,1,0,0
339,28,4,1,1,1,0,-1
339,29,3,1,1,0,0,1
339,30,8,2,1,1,0,0
339,31,8,2,1,1,0,0
339,32,4,1,1,1,0,0
339,33,4,1,1,1,0,-1
339,34,3,1,1,0,0,0
339,35,7,2,1,0,0,0
339,36,3,1,1,0,0,1
339,37,4,1,1,1,0,0
339,38,4,1,1,1,0,0
339,39,4,1,1,1,0,0
339,40,8,2,1,1,0,0
339,41,4,1,1,1,-1,0
339,42,2,1,0,1,1,0
339,43,4,1,1,1,0,0
339,44,8,2,1,1,0,0
339,45,4,1,1,1,0,0
339,46,4,1,1,1,0,-1
339,47,3,1,1,0,0,0
339,48,3,1,1,0,0,0
339,49,3,1,1,0,0,0
339,50,7,2,1,0,0,1
340,1,1,1,0,0,0,1
340,2,6,2,0,1,0,0
340,3,2,1,0,1,1,0
340,4,4,1,1,1,0,0
340,5,8,2,1,1,-1,0
340,6,2,1,0,1,0,0
340,7,6,2,0,1,0,0
340,8,6,2,0,1,0,0
340,9,6,2,0,1,0,0
340,10,2,1,0,1,0,0
340,11,2,1,0,1,0,0
340,12,2,1,0,1,1,0
340,13,4,1,1,1,0,0
340,14,4,1,1,1,0,0
340,15,4,1,1,1,-1,-1
340,16,1,1,0,0,1,0
340,17,3,1,1,0,0,0
340,18,7,2,1,0,0,1
340,19,8,2,1,1,0,0
340,20,8,2,1,1,0,-1
340,21,3,1,1,0,0,0
340,22,3,1,1,0,0,0
340,23,3,1,1,0,0,0
340,24,7,2,1,0,0,1
340,25,8,2,1,1,0,0
340,26,4,1,1,1,0,-1
340,27,3,1,1,0,-1,0
340,28,1,1,0,0,1,0
340,29,3,1,1,0,0,0
340,30,3,1,1,0,0,0
340,31,3,1,1,0,-1,0
340,32,1,1,0,0,0,0
340,33,1,1,0,0,0,0
340,34,1,1,0,0,1,0
340,35,7,2,1,0,0,0
340,36,3,1,1,0,0,0
340,37,7,2,1,0,0,0
340,38,7,2,1,0,0,1
340,39,4,1,1,1,0,0
340,40,4,1,1,1,0,-1
340,41,7,2,1,0,-1,0
340,42,5,2,0,0,0,0
340,43,1,1,0,0,0,0
340,44,1,1,0,0,1,0
340,45,3,1,1,0,0,0
340,46,3,1,1,0,0,0
340,47,7,2,1,0,0,1
340,48,4,1,1,1,-1,0
340,49,2,1,0,1,0,-1
340,50,1,1,0,0,0,0
341,1,1,1,0,0,1,0
341,2,3,1,1,0,0,1
341,3,4,1,1,1,0,-1
341,4,3,1,1,0,0,0
341,5,7,2,1,0,0,0
341,6,7,2,1,0,-1,0
341,7,5,2,0,0,1,0
341,8,7,2,1,0,0,0
341,9,7,2,1,0,0,0
341,10,3,1,1,0,-1,0
341,11,1,1,0,0,0,0
341,12,1,1,0,0,0,0
341,13,5,2,0,0,0,0
341,14,5,2,0,0,1,0
341,15,3,1,1,0,0,0
341,16,3,1,1,0,-1,0
341,17,1,1,0,0,1,0
341,18,7,2,1,0,0,0
341,19,7,2,1,0,-1,0
341,20,1,1,0,0,0,0
341,21,5,2,0,0,1,0
341,22,3,1,1,0,0,0
341,23,3,1,1,0,0,0
341,24,3,1,1,0,-1,0
341,25,5,2,0,0,0,0
341,26,1,1,0,0,0,0
341,27,1,1,0,0,0,0
341,28,5,2,0,0,0,0
341,29,1,1,0,0,0,0
341,30,1,1,0,0,0,1
341,31,2,1,0,1,0,-1
341,32,1,1,0,0,0,0
341,33,1,1,0,0,0,0
341,34,1,1,0,0,0,0
341,35,1,1,0,0,0,0
341,36,1,1,0,0,0,1
341,37,2,1,0,1,0,0
341,38,2,1,0,1,1,0
341,39,4,1,1,1,-1,0
341,40,2,1,0,1,0,0
341,41,6,2,0,1,0,0
341,42,6,2,0,1,1,0
341,43,8,2,1,1,-1,0
341,44,2,1,0,1,0,0
341,45,2,1,0,1,0,-1
341,46,1,1,0,0,1,1
341,47,8,2,1,1,0,0
341,48,8,2,1,1,0,0
341,49,8,2,1,1,0,-1
341,50,7,2,1,0,0,1
342,1,4,1,1,1,-1,0
342,2,2,1,0,1,0,0
342,3,2,1,0,1,0,0
342,4,2,1,0,1,0,0
342,5,2,1,0,1,1,0
342,6,4,1,1,1,0,-1
342,7,3,1,1,0,0,0
342,8,3,1,1,0,0,0
342,9,3,1,1,0,0,0
342,10,3,1,1,0,0,1
342,11,8,2,1,1,0,0
342,12,8,2,1,1,-1,0
342,13,6,2,0,1,0,0
342,14,6,2,0,1,1,-1
342,15,7,2,1,0,0,0
342,16,3,1,1,0,0,0
342,17,3,1,1,0,0,0
342,18,3,1,1,0,-1,0
342,19,1,1,0,0,1,0
342,20,7,2,1,0,0,0
342,21,7,2,1,0,0,0
342,22,7,2,1,0,0,0
342,23,7,2,1,0,-1,0
342,24,5,2,0,0,0,0
342,25,1,1,0,0,1,1
342,26,8,2,1,1,-1,0
342,27,2,1,0,1,0,0
342,28,2,1,0,1,0,0
342,29,6,2,0,1,0,-1
342,30,5,2,0,0,0,0
342,31,5,2,0,0,0,0
342,32,1,1,0,0,0,0
342,33,1,1,0,0,0,0
342,34,5,2,0,0,1,0
342,35,7,2,1,0,0,0
342,36,7,2,1,0,0,0
342,37,3,1,1,0,0,1
342,38,4,1,1,1,0,-1
342,39,7,2,1,0,0,0
342,40,7,2,1,0,0,0
342,41,7,2,1,0,0,0
342,42,3,1,1,0,0,0
342,43,3,1,1,0,0,1
342,44,4,1,1,1,0,0
342,45,4,1,1,1,0,0
342,46,8,2,1,1,0,-1
342,47,3,1,1,0,-1,0
342,48,5,2,0,0,0,0
342,49,1,1,0,0,0,0
342,50,1,1,0,0,0,0
343,1,7,2,1,0,0,0
343,2,7,2,1,0,0,0
343,3,3,1,1,0,0,0
343,4,3,1,1,0,0,1
343,5,8,2,1,1,0,0
343,6,4,1,1,1,-1,-1
343,7,1,1,0,0,1,0
343,8,7,2,1,0,0,0
343,9,7,2,1,0,0,0
343,10,7,2,1,0,0,0
343,11,7,2,1,0,0,0
343,12,7,2,1,0,-1,0
343,13,5,2,0,0,1,0
343,14,7,2,1,0,-1,0
343,15,5,2,0,0,0,0
343,16,5,2,0,0,0,0
343,17,5,2,0,0,0,0
343,18,1,1,0,0,0,0
343,19,1,1,0,0,0,0
343,20,1,1,0,0,0,0
343,21,5,2,0,0,0,1
343,22,2,1,0,1,0,-1
343,23,1,1,0,0,0,1
343,24,2,1,0,1,0,0
343,25,6,2,0,1,0,0
343,26,6,2,0,1,1,0
343,27,8,2,1,1,0,0
343,28,8,2,1,1,0,-1
343,29,7,2,1,0,0,0
343,30,7,2,1,0,0,1
343,31,4,1,1,1,0,-1
343,32,3,1,1,0,0,0
343,33,7,2,1,0,0,0
343,34,7,2,1,0,0,0
343,35,7,2,1,0,0,0
343,36,3,1,1,0,0,0
343,37,3,1,1,0,-1,0
343,38,1,1,0,0,1,0
343,39,3,1,1,0,0,0
343,40,3,1,1,0,0,0
343,41,3,1,1,0,0,1
343,42,4,1,1,1,0,-1
343,43,7,2,1,0,0,0
343,44,3,1,1,0,0,1
343,45,8,2,1,1,-1,0
343,46,2,1,0,1,0,0
343,47,2,1,0,1,1,-1
343,48,3,1,1,0,0,0
343,49,7,2,1,0,-1,0
343,50,5,2,0,0,1,0
344,1,8,2,1,1,0,-1
344,2,7,2,1,0,0,1
344,3,4,1,1,1,0,0
344,4,8,2,1,1,0,0
344,5,8,2,1,1,-1,0
344,6,2,1,0,1,0,-1
344,7,1,1,0,0,0,0
344,8,1,1,0,0,1,1
344,9,4,1,1,1,0,0
344,10,8,2,1,1,0,0
344,11,8,2,1,1,0,-1
344,12,3,1,1,0,0,0
344,13,3,1,1,0,0,1
344,14,4,1,1,1,0,0
344,15,8,2,1,1,0,-1
344,16,7,2,1,0,0,0
344,17,3,1,1,0,0,0
344,18,3,1,1,0,0,0
344,19,3,1,1,0,0,0
344,20,3,1,1,0,-1,0
344,21,1,1,0,0,0,0
344,22,1,1,0,0,1,1
344,23,4,1,1,1,0,0
344,24,4,1,1,1,0,-1
344,25,3,1,1,0,0,1
344,26,4,1,1,1,0,-1
344,27,3,1,1,0,0,0
344,28,3,1,1,0,0,0
344,29,7,2,1,0,0,0
344,30,7,2,1,0,0,0
344,31,7,2,1,0,0,1
344,32,8,2,1,1,0,0
344,33,8,2,1,1,0,-1
344,34,7,2,1,0,0,1
344,35,8,2,1,1,-1,0
344,36,2,1,0,1,0,0
344,37,2,1,0,1,0,0
344,38,2,1,0,1,1,0
344,39,4,1,1,1,0,0
344,40,4,1,1,1,0,0
344,41,4,1,1,1,0,0
344,42,4,1,1,1,0,0
344,43,4,1,1,1,0,0
344,44,8,2,1,1,0,0
344,45,8,2,1,1,0,-1
344,46,7,2,1,0,-1,0
344,47,5,2,0,0,0,1
344,48,6,2,0,1,0,0
344,49,2,1,0,1,0,0
344,50,6,2,0,1,0,0
345,1,7,2,1,0,0,1
345,2,8,2,1,1,0,0
345,3,8,2,1,1,0,0
345,4,8,2,1,1,0,0
345,5,8,2,1,1,0,-1
345,6,3,1,1,0,0,0
345,7,3,1,1,0,0,0
345,8,3,1,1,0,0,1
345,9,4,1,1,1,0,-1
345,10,7,2,1,0,0,0
345,11,7,2,1,0,0,0
345,12,3,1,1,0,-1,0
345,13,1,1,0,0,0,1
345,14,2,1,0,1,0,0
345,15,2,1,0,1,1,-1
345,16,3,1,1,0,0,0
345,17,3,1,1,0,0,0
345,18,3,1,1,0,0,0
345,19,7,2,1,0,-1,0
345,20,1,1,0,0,0,0
345,21,1,1,0,0,0,0
345,22,1,1,0,0,0,0
345,23,1,1,0,0,0,1
345,24,2,1,0,1,1,0
345,25,4,1,1,1,-1,0
345,26,2,1,0,1,0,0
345,27,6,2,0,1,0,-1
345,28,1,1,0,0,0,0
345,29,5,2,0,0,0,0
345,30,1,1,0,0,0,0
345,31,5,2,0,0,0,0
345,32,5,2,0,0,0,0
345,33,5,2,0,0,0,1
345,34,6,2,0,1,0,0
345,35,2,1,0,1,1,-1
345,36,3,1,1,0,0,0
345,37,7,2,1,0,-1,0
345,38,5,2,0,0,0,0
345,39,1,1,0,0,1,0
345,40,7,2,1,0,0,1
345,41,8,2,1,1,0,0
345,42,4,1,1,1,-1,0
345,43,6,2,0,1,1,-1
345,44,7,2,1,0,-1,0
345,45,5,2,0,0,0,1
345,46,2,1,0,1,0,0
345,47,6,2,0,1,0,0
345,48,6,2,0,1,0,0
345,49,6,2,0,1,1,0
345,50,8,2,1,1,-1,0
346,1,6,2,0,1,0,0
346,2,2,1,0,1,0,-1
346,3,1,1,0,0,0,0
346,4,1,1,0,0,0,0
346,5,1,1,0,0,0,0
346,6,1,1,0,0,0,0
346,7,1,1,0,0,0,1
346,8,2,1,0,1,0,0
346,9,2,1,0,1,0,0
346,10,6,2,0,1,0,-1
346,11,5,2,0,0,0,0
346,12,5,2,0,0,0,0
346,13,5,2,0,0,0,0
346,14,5,2,0,0,0,0
346,15,5,2,0,0,0,0
346,16,1,1,0,0,0,1
346,17,2,1,0,1,0,0
346,18,6,2,0,1,1,-1
346,19,7,2,1,0,0,0
346,20,7,2,1,0,0,0
346,21,7,2,1,0,0,0
346,22,3,1,1,0,0,0
346,23,3,1,1,0,0,1
346,24,4,1,1,1,0,0
346,25,8,2,1,1,0,-1
346,26,7,2,1,0,0,0
346,27,7,2,1,0,0,0
346,28,3,1,1,0,0,0
346,29,3,1,1,0,0,1
346,30,8,2,1,1,0,-1
346,31,3,1,1,0,0,0
346,32,3,1,1,0,0,0
346,33,3,1,1,0,0,0
346,34,3,1,1,0,0,1
346,35,4,1,1,1,-1,0
346,36,6,2,0,1,0,0
346,37,6,2,0,1,0,-1
346,38,1,1,0,0,0,0
346,39,5,2,0,0,1,0
346,40,3,1,1,0,0,1
346,41,4,1,1,1,0,0
346,42,4,1,1,1,0,0
346,43,4,1,1,1,0,0
346,44,8,2,1,1,-1,-1
346,45,1,1,0,0,0,0
346,46,5,2,0,0,0,0
346,47,1,1,0,0,1,0
346,48,7,2,1,0,0,0
346,49,7,2,1,0,-1,0
346,50,1,1,0,0,1,1
347,1,3,1,1,0,-1,1
347,2,2,1,0,1,0,0
347,3,2,1,0,1,1,0
347,4,4,1,1,1,-1,0
347,5,2,1,0,1,0,0
347,6,2,1,0,1,1,0
347,7,4,1,1,1,-1,0
347,8,2,1,0,1,1,0
347,9,8,2,1,1,-1,0
347,10,6,2,0,1,0,0
347,11,6,2,0,1,0,-1
347,12,5,2,0,0,0,0
347,13,1,1,0,0,0,0
347,14,1,1,0,0,0,0
347,15,1,1,0,0,0,0
347,16,1,1,0,0,1,0
347,17,7,2,1,0,0,0
347,18,3,1,1,0,0,1
347,19,4,1,1,1,-1,-1
347,20,1,1,0,0,1,1
347,21,4,1,1,1,0,0
347,22,4,1,1,1,0,0
347,23,8,2,1,1,0,-1
347,24,7,2,1,0,0,0
347,25,3,1,1,0,0,0
347,26,3,1,1,0,0,0
347,27,3,1,1,0,-1,0
347,28,1,1,0,0,0,0
347,29,5,2,0,0,0,1
347,30,6,2,0,1,0,0
347,31,2,1,0,1,0,0
347,32,6,2,0,1,1,0
347,33,8,2,1,1,0,0
347,34,8,2,1,1,0,0
347,35,8,2,1,1,0,0
347,36,8,2,1,1,-1,0
347,37,6,2,0,1,0,0
347,38,6,2,0,1,1,0
347,39,4,1,1,1,0,0
347,40,4,1,1,1,0,0
347,41,4,1,1,1,-1,0
347,42,6,2,0,1,0,0
347,43,6,2,0,1,0,0
347,44,2,1,0,1,0,0
347,45,6,2,0,1,0,-1
347,46,1,1,0,0,0,0
347,47,1,1,0,0,0,1
347,48,6,2,0,1,0,0
347,49,6,2,0,1,1,-1
347,50,7,2,1,0,0,1
348,1,4,1,1,1,0,-1
348,2,7,2,1,0,0,0
348,3,7,2,1,0,0,0
348,4,3,1,1,0,-1,0
348,5,1,1,0,0,1,1
348,6,4,1,1,1,0,0
348,7,4,1,1,1,0,0
348,8,8,2,1,1,0,0
348,9,8,2,1,1,0,0
348,10,8,2,1,1,0,0
348,11,8,2,1,1,0,-1
348,12,7,2,1,0,-1,0
348,13,1,1,0,0,1,0
348,14,3,1,1,0,0,0
348,15,3,1,1,0,0,0
348,16,3,1,1,0,0,0
348,17,7,2,1,0,0,1
348,18,4,1,1,1,0,0
348,19,8,2,1,1,0,0
348,20,4,1,1,1,0,0
348,21,8,2,1,1,0,0
348,22,4,1,1,1,-1,0
348,23,2,1,0,1,0,0
348,24,6,2,0,1,0,0
348,25,2,1,0,1,0,0
348,26,2,1,0,1,0,0
348,27,6,2,0,1,0,0
348,28,2,1,0,1,0,0
348,29,2,1,0,1,0,0
348,30,2,1,0,1,0,0
348,31,6,2,0,1,1,-1
348,32,3,1,1,0,-1,0
348,33,1,1,0,0,0,1
348,34,2,1,0,1,0,-1
348,35,5,2,0,0,0,0
348,36,1,1,0,0,1,1
348,37,4,1,1,1,0,0
348,38,4,1,1,1,0,-1
348,39,7,2,1,0,-1,0
348,40,5,2,0,0,1,0
348,41,3,1,1,0,0,0
348,42,3,1,1,0,0,1
348,43,4,1,1,1,-1,0
348,44,2,1,0,1,1,-1
348,45,7,2,1,0,0,1
348,46,4,1,1,1,0,-1
348,47,3,1,1,0,0,1
348,48,4,1,1,1,-1,-1
348,49,1,1,0,0,0,0
348,50,1,1,0,0,0,0
349,1,8,2,1,1,0,0
349,2,8,2,1,1,-1,0
349,3,2,1,0,1,1,0
349,4,4,1,1,1,0,0
349,5,4,1,1,1,0,0
349,6,4,1,1,1,0,-1
349,7,3,1,1,0,0,0
349,8,3,1,1,0,-1,0
349,9,1,1,0,0,0,0
349,10,5,2,0,0,0,0
349,11,1,1,0,0,0,0
349,12,1,1,0,0,1,0
349,13,7,2,1,0,0,0
349,14,3,1,1,0,0,0
349,15,3,1,1,0,0,0
349,16,7,2,1,0,0,0
349,17,7,2,1,0,0,0
349,18,7,2,1,0,0,0
349,19,7,2,1,0,0,1
349,20,8,2,1,1,0,0
349,21,8,2,1,1,-1,0
349,22,2,1,0,1,1,0
349,23,8,2,1,1,0,0
349,24,8,2,1,1,0,0
349,25,4,1,1,1,0,-1
349,26,7,2,1,0,0,0
349,27,3,1,1,0,0,0
349,28,3,1,1,0,0,0
349,29,3,1,1,0,-1,0
349,30,1,1,0,0,1,0
349,31,7,2,1,0,0,0
349,32,3,1,1,0,0,0
349,33,7,2,1,0,0,0
349,34,3,1,1,0,-1,0
349,35,1,1,0,0,0,0
349,36,1,1,0,0,0,1
349,37,6,2,0,1,0,0
349,38,2,1,0,1,0,0
349,39,2,1,0,1,0,0
349,40,6,2,0,1,0,0
349,41,6,2,0,1,1,0
349,42,8,2,1,1,0,0
349,43,4,1,1,1,0,0
349,44,4,1,1,1,0,0
349,45,4,1,1,1,-1,0
349,46,2,1,0,1,0,0
349,47,6,2,0,1,0,-1
349,48,5,2,0,0,0,0
349,49,1,1,0,0,0,0
349,50,1,1,0,0,0,1
350,1,2,1,0,1,0,0
350,2,2,1,0,1,1,-1
350,3,7,2,1,0,0,0
350,4,7,2,1,0,0,0
350,5,7,2,1,0,0,0
350,6,7,2,1,0,0,0
350,7,3,1,1,0,0,0
350,8,7,2,1,0,0,0
350,9,7,2,1,0,0,0
350,10,3,1,1,0,-1,0
350,11,1,1,0,0,1,0
350,12,7,2,1,0,-1,0
350,13,1,1,0,0,0,0
350,14,1,1,0,0,0,1
350,15,6,2,0,1,0,-1
350,16,1,1,0,0,0,0
350,17,5,2,0,0,0,0
350,18,5,2,0,0,0,0
350,19,5,2,0,0,1,0
350,20,3,1,1,0,0,0
350,21,3,1,1,0,0,1
350,22,4,1,1,1,0,0
350,23,8,2,1,1,0,0
350,24,8,2,1,1,0,-1
350,25,7,2,1,0,0,1
350,26,8,2,1,1,0,-1
350,27,3,1,1,0,0,0
350,28,3,1,1,0,0,1
350,29,4,1,1,1,0,0
350,30,4,1,1,1,0,0
350,31,8,2,1,1,0,0
350,32,8,2,1,1,0,0
350,33,4,1,1,1,0,0
350,34,4,1,1,1,-1,0
350,35,6,2,0,1,0,0
350,36,2,1,0,1,0,0
350,37,2,1,0,1,1,-1
350,38,7,2,1,0,0,0
350,39,7,2,1,0,0,0
350,40,7,2,1,0,0,1
350,41,8,2,1,1,0,0
350,42,4,1,1,1,0,-1
350,43,3,1,1,0,0,0
350,44,3,1,1,0,0,0
350,45,3,1,1,0,-1,0
350,46,1,1,0,0,0,1
350,47,6,2,0,1,0,0
350,48,6,2,0,1,0,0
350,49,2,1,0,1,0,0
350,50,6,2,0,1,1,0
351,1,2,1,0,1,1,0
351,2,4,1,1,1,0,0
351,3,4,1,1,1,0,0
351,4,4,1,1,1,-1,0
351,5,6,2,0,1,0,0
351,6,2,1,0,1,0,0
351,7,2,1,0,1,0,-1
351,8,1,1,0,0,0,0
351,9,1,1,0,0,0,0
351,10,5,2,0,0,0,0
351,11,1,1,0,0,0,1
351,12,2,1,0,1,0,0
351,13,2,1,0,1,0,0
351,14,6,2,0,1,1,0
351,15,8,2,1,1,0,0
351,16,4,1,1,1,-1,0
351,17,2,1,0,1,0,0
351,18,2,1,0,1,1,0
351,19,4,1,1,1,0,0
351,20,4,1,1,1,-1,0
351,21,2,1,0,1,1,0
351,22,8,2,1,1,0,-1
351,23,7,2,1,0,0,0
351,24,7,2,1,0,0,0
351,25,3,1,1,0,0,0
351,26,3,1,1,0,0,0
351,27,3,1,1,0,0,0
351,28,3,1,1,0,-1,0
351,29,1,1,0,0,0,0
351,30,5,2,0,0,1,0
351,31,3,1,1,0,0,0
351,32,3,1,1,0,0,1
351,33,4,1,1,1,0,0
351,34,4,1,1,1,0,0
351,35,4,1,1,1,0,0
351,36,4,1,1,1,-1,0
351,37,2,1,0,1,0,0
351,38,2,1,0,1,0,-1
351,39,1,1,0,0,1,0
351,40,3,1,1,0,0,1
351,41,4,1,1,1,0,0
351,42,4,1,1,1,0,0
351,43,4,1,1,1,0,0
351,44,4,1,1,1,0,0
351,45,4,1,1,1,0,0
351,46,4,1,1,1,-1,-1
351,47,1,1,0,0,1,0
351,48,7,2,1,0,0,0
351,49,7,2,1,0,0,0
351,50,3,1,1,0,0,1
352,1,1,1,0,0,0,1
352,2,6,2,0,1,1,0
352,3,4,1,1,1,-1,-1
352,4,1,1,0,0,0,0
352,5,1,1,0,0,0,0
352,6,1,1,0,0,1,0
352,7,3,1,1,0,0,1
352,8,4,1,1,1,0,0
352,9,4,1,1,1,0,0
352,10,8,2,1,1,0,0
352,11,8,2,1,1,0,0
352,12,8,2,1,1,-1,0
352,13,6,2,0,1,0,0
352,14,2,1,0,1,0,0
352,15,2,1,0,1,0,0
352,16,6,2,0,1,0,0
352,17,2,1,0,1,0,0
352,18,2,1,0,1,0,0
352,19,2,1,0,1,0,0
352,20,2,1,0,1,0,0
352,21,6,2,0,1,0,0
352,22,6,2,0,1,0,-1
352,23,5,2,0,0,0,0
352,24,1,1,0,0,1,1
352,25,4,1,1,1,0,0
352,26,4,1,1,1,0,0
352,27,4,1,1,1,0,0
352,28,8,2,1,1,-1,0
352,29,2,1,0,1,1,0
352,30,8,2,1,1,0,-1
352,31,7,2,1,0,0,1
352,32,4,1,1,1,0,0
352,33,4,1,1,1,0,0
352,34,4,1,1,1,0,0
352,35,8,2,1,1,0,0
352,36,8,2,1,1,0,0
352,37,8,2,1,1,0,0
352,38,4,1,1,1,0,0
352,39,8,2,1,1,0,0
352,40,8,2,1,1,0,-1
352,41,3,1,1,0,0,0
352,42,3,1,1,0,0,0
352,43,7,2,1,0,0,0
352,44,7,2,1,0,-1,0
352,45,1,1,0,0,0,0
352,46,1,1,0,0,0,0
352,47,1,1,0,0,1,0
352,48,3,1,1,0,0,0
352,49,3,1,1,0,0,0
352,50,3,1,1,0,-1,0
353,1,8,2,1,1,-1,0
353,2,6,2,0,1,0,-1
353,3,5,2,0,0,0,0
353,4,5,2,0,0,1,0
353,5,3,1,1,0,0,0
353,6,3,1,1,0,0,0
353,7,3,1,1,0,0,0
353,8,3,1,1,0,0,0
353,9,7,2,1,0,0,0
353,10,7,2,1,0,0,0
353,11,7,2,1,0,0,1
353,12,4,1,1,1,-1,0
353,13,2,1,0,1,0,-1
353,14,1,1,0,0,0,0
353,15,5,2,0,0,0,0
353,16,5,2,0,0,1,0
353,17,3,1,1,0,0,0
353,18,3,1,1,0,0,1
353,19,4,1,1,1,0,0
353,20,8,2,1,1,-1,-1
353,21,5,2,0,0,0,0
353,22,5,2,0,0,0,0
353,23,5,2,0,0,0,0
353,24,1,1,0,0,0,1
353,25,2,1,0,1,1,0
353,26,4,1,1,1,-1,0
353,27,2,1,0,1,0,0
353,28,2,1,0,1,0,0
353,29,6,2,0,1,1,0
353,30,8,2,1,1,-1,-1
353,31,5,2,0,0,0,0
353,32,5,2,0,0,1,0
353,33,7,2,1,0,-1,1
353,34,6,2,0,1,1,0
353,35,8,2,1,1,0,0
353,36,8,2,1,1,0,0
353,37,8,2,1,1,-1,0
353,38,6,2,0,1,0,0
353,39,6,2,0,1,0,0
353,40,6,2,0,1,1,-1
353,41,7,2,1,0,0,0
353,42,3,1,1,0,0,0
353,43,3,1,1,0,0,0
353,44,7,2,1,0,0,1
353,45,8,2,1,1,0,-1
353,46,3,1,1,0,0,0
353,47,3,1,1,0,-1,0
353,48,1,1,0,0,0,1
353,49,2,1,0,1,1,0
353,50,8,2,1,1,0,0
354,1,8,2,1,1,-1,0
354,2,2,1,0,1,1,0
354,3,4,1,1,1,0,0
354,4,8,2,1,1,0,0
354,5,8,2,1,1,0,0
354,6,8,2,1,1,0,0
354,7,8,2,1,1,0,-1
354,8,3,1,1,0,-1,0
354,9,5,2,0,0,0,0
354,10,5,2,0,0,1,1
354,11,4,1,1,1,0,-1
354,12,3,1,1,0,0,0
354,13,3,1,1,0,0,1
354,14,4,1,1,1,0,0
354,15,8,2,1,1,0,-1
354,16,3,1,1,0,0,0
354,17,3,1,1,0,0,0
354,18,3,1,1,0,0,0
354,19,3,1,1,0,0,0
354,20,3,1,1,0,0,1
354,21,4,1,1,1,-1,0
354,22,2,1,0,1,0,-1
354,23,1,1,0,0,1,0
354,24,7,2,1,0,0,0
354,25,7,2,1,0,0,0
354,26,3,1,1,0,0,0
354,27,3,1,1,0,0,0
354,28,3,1,1,0,0,1
354,29,4,1,1,1,-1,0
354,30,2,1,0,1,1,0
354,31,4,1,1,1,0,0
354,32,8,2,1,1,0,0
354,33,4,1,1,1,-1,0
354,34,2,1,0,1,0,0
354,35,2,1,0,1,0,0
354,36,6,2,0,1,0,0
354,37,2,1,0,1,0,0
354,38,2,1,0,1,1,-1
354,39,7,2,1,0,0,0
354,40,7,2,1,0,0,0
354,41,3,1,1,0,0,0
354,42,7,2,1,0,0,0
354,43,3,1,1,0,0,0
354,44,7,2,1,0,-1,0
354,45,5,2,0,0,1,0
354,46,3,1,1,0,0,1
354,47,4,1,1,1,0,-1
354,48,3,1,1,0,0,0
354,49,3,1,1,0,0,0
354,50,3,1,1,0,0,0
355,1,4,1,1,1,0,0
355,2,4,1,1,1,0,-1
355,3,7,2,1,0,0,0
355,4,7,2,1,0,-1,1
355,5,6,2,0,1,0,0
355,6,2,1,0,1,0,0
355,7,2,1,0,1,1,-1
355,8,7,2,1,0,0,0
355,9,7,2,1,0,0,0
355,10,3,1,1,0,0,0
355,11,7,2,1,0,0,0
355,12,3,1,1,0,-1,1
355,13,6,2,0,1,0,0
355,14,6,2,0,1,0,0
355,15,2,1,0,1,0,0
355,16,2,1,0,1,0,0
355,17,6,2,0,1,0,-1
355,18,1,1,0,0,0,0
355,19,1,1,0,0,0,0
355,20,5,2,0,0,0,0
355,21,1,1,0,0,0,0
355,22,1,1,0,0,0,0
355,23,1,1,0,0,0,0
355,24,5,2,0,0,0,0
355,25,1,1,0,0,0,1
355,26,6,2,0,1,0,0
355,27,6,2,0,1,0,0
355,28,6,2,0,1,0,0
355,29,2,1,0,1,0,-1
355,30,1,1,0,0,1,0
355,31,3,1,1,0,0,0
355,32,3,1,1,0,0,0
355,33,3,1,1,0,0,0
355,34,7,2,1,0,0,0
355,35,7,2,1,0,0,1
355,36,8,2,1,1,-1,0
355,37,6,2,0,1,0,0
355,38,6,2,0,1,1,0
355,39,4,1,1,1,0,0
355,40,4,1,1,1,-1,0
355,41,6,2,0,1,0,-1
355,42,1,1,0,0,0,0
355,43,1,1,0,0,0,0
355,44,1,1,0,0,0,0
355,45,1,1,0,0,0,0
355,46,5,2,0,0,0,0
355,47,1,1,0,0,0,1
355,48,2,1,0,1,0,0
355,49,2,1,0,1,0,0
355,50,2,1,0,1,0,-1
356,1,2,1,0,1,0,0
356,2,2,1,0,1,0,-1
356,3,1,1,0,0,1,1
356,4,4,1,1,1,0,0
356,5,4,1,1,1,-1,0
356,6,2,1,0,1,0,0
356,7,2,1,0,1,0,0
356,8,6,2,0,1,0,0
356,9,2,1,0,1,1,0
356,10,8,2,1,1,0,0
356,11,4,1,1,1,0,0
356,12,8,2,1,1,0,-1
356,13,7,2,1,0,0,1
356,14,8,2,1,1,-1,0
356,15,6,2,0,1,0,-1
356,16,5,2,0,0,0,0
356,17,1,1,0,0,1,1
356,18,8,2,1,1,-1,-1
356,19,5,2,0,0,0,0
356,20,1,1,0,0,0,0
356,21,1,1,0,0,1,0
356,22,3,1,1,0,0,1
356,23,4,1,1,1,0,0
356,24,4,1,1,1,0,0
356,25,4,1,1,1,0,0
356,26,4,1,1,1,0,0
356,27,4,1,1,1,0,0
356,28,4,1,1,1,0,-1
356,29,3,1,1,0,-1,0
356,30,1,1,0,0,1,0
356,31,3,1,1,0,0,0
356,32,7,2,1,0,0,0
356,33,3,1,1,0,0,0
356,34,3,1,1,0,0,1
356,35,4,1,1,1,0,0
356,36,4,1,1,1,0,0
356,37,8,2,1,1,0,0
356,38,8,2,1,1,-1,-1
356,39,1,1,0,0,1,0
356,40,3,1,1,0,0,0
356,41,3,1,1,0,0,0
356,42,3,1,1,0,0,1
356,43,4,1,1,1,-1,0
356,44,2,1,0,1,1,0
356,45,8,2,1,1,0,0
356,46,8,2,1,1,0,-1
356,47,3,1,1,0,-1,0
356,48,1,1,0,0,0,0
356,49,5,2,0,0,1,0
356,50,7,2,1,0,-1,1
357,1,1,1,0,0,1,0
357,2,3,1,1,0,0,0
357,3,3,1,1,0,0,1
357,4,4,1,1,1,0,-1
357,5,3,1,1,0,0,0
357,6,3,1,1,0,0,1
357,7,8,2,1,1,0,0
357,8,4,1,1,1,0,-1
357,9,3,1,1,0,0,1
357,10,4,1,1,1,-1,0
357,11,2,1,0,1,0,0
357,12,6,2,0,1,0,0
357,13,2,1,0,1,1,0
357,14,4,1,1,1,0,0
357,15,4,1,1,1,0,0
357,16,4,1,1,1,0,0
357,17,8,2,1,1,0,0
357,18,8,2,1,1,0,0
357,19,8,2,1,1,0,0
357,20,8,2,1,1,-1,-1
357,21,5,2,0,0,1,1
357,22,4,1,1,1,-1,0
357,23,2,1,0,1,0,-1
357,24,1,1,0,0,0,0
357,25,5,2,0,0,0,0
357,26,5,2,0,0,1,0
357,27,7,2,1,0,0,0
357,28,7,2,1,0,0,1
357,29,4,1,1,1,-1,0
357,30,2,1,0,1,0,0
357,31,6,2,0,1,0,0
357,32,2,1,0,1,0,0
357,33,2,1,0,1,0,0
357,34,2,1,0,1,0,0
357,35,2,1,0,1,0,0
357,36,2,1,0,1,0,0
357,37,6,2,0,1,0,-1
357,38,1,1,0,0,1,0
357,39,7,2,1,0,0,1
357,40,8,2,1,1,0,0
357,41,4,1,1,1,0,-1
357,42,3,1,1,0,0,0
357,43,7,2,1,0,0,1
357,44,8,2,1,1,0,0
357,45,8,2,1,1,0,0
357,46,8,2,1,1,0,0
357,47,8,2,1,1,0,0
357,48,8,2,1,1,-1,0
357,49,6,2,0,1,1,0
357,50,4,1,1,1,0,0
358,1,1,1,0,0,0,1
358,2,2,1,0,1,0,0
358,3,2,1,0,1,0,0
358,4,6,2,0,1,1,0
358,5,8,2,1,1,-1,0
358,6,2,1,0,1,0,0
358,7,6,2,0,1,0,-1
358,8,5,2,0,0,0,0
358,9,5,2,0,0,0,0
358,10,5,2,0,0,1,0
358,11,7,2,1,0,-1,0
358,12,1,1,0,0,1,0
358,13,3,1,1,0,0,0
358,14,3,1,1,0,0,0
358,15,3,1,1,0,0,0
358,16,3,1,1,0,0,0
358,17,7,2,1,0,0,0
358,18,3,1,1,0,-1,0
358,19,1,1,0,0,1,0
358,20,3,1,1,0,-1,0
358,21,1,1,0,0,0,0
358,22,1,1,0,0,0,0
358,23,5,2,0,0,0,0
358,24,5,2,0,0,0,1
358,25,6,2,0,1,0,0
358,26,6,2,0,1,0,-1
358,27,5,2,0,0,0,0
358,28,5,2,0,0,0,0
358,29,5,2,0,0,1,0
358,30,3,1,1,0,0,0
358,31,3,1,1,0,0,0
358,32,7,2,1,0,0,0
358,33,7,2,1,0,0,0
358,34,7,2,1,0,0,1
358,35,8,2,1,1,0,0
358,36,4,1,1,1,0,0
358,37,8,2,1,1,0,-1
358,38,3,1,1,0,0,0
358,39,7,2,1,0,0,0
358,40,7,2,1,0,0,1
358,41,4,1,1,1,0,-1
358,42,3,1,1,0,-1,0
358,43,5,2,0,0,0,1
358,44,2,1,0,1,1,-1
358,45,3,1,1,0,0,0
358,46,3,1,1,0,0,1
358,47,4,1,1,1,0,0
358,48,4,1,1,1,0,0
358,49,4,1,1,1,0,0
358,50,8,2,1,1,0,0
359,1,6,2,0,1,0,0
359,2,6,2,0,1,0,0
359,3,6,2,0,1,0,0
359,4,2,1,0,1,0,0
359,5,6,2,0,1,0,0
359,6,6,2,0,1,0,0
359,7,2,1,0,1,1,0
359,8,4,1,1,1,0,0
359,9,4,1,1,1,-1,0
359,10,6,2,0,1,1,0
359,11,8,2,1,1,0,0
359,12,4,1,1,1,0,0
359,13,4,1,1,1,0,0
359,14,4,1,1,1,0,0
359,15,4,1,1,1,0,0
359,16,8,2,1,1,0,0
359,17,8,2,1,1,0,-1
359,18,7,2,1,0,-1,1
359,19,6,2,0,1,0,0
359,20,6,2,0,1,0,-1
359,21,5,2,0,0,0,0
359,22,5,2,0,0,0,1
359,23,6,2,0,1,0,0
359,24,2,1,0,1,0,0
359,25,2,1,0,1,0,-1
359,26,1,1,0,0,0,0
359,27,1,1,0,0,1,0
359,28,3,1,1,0,0,0
359,29,7,2,1,0,0,1
359,30,8,2,1,1,0,0
359,31,8,2,1,1,-1,0
359,32,2,1,0,1,1,0
359,33,8,2,1,1,0,0
359,34,8,2,1,1,0,-1
359,35,7,2,1,0,0,0
359,36,3,1,1,0,0,0
359,37,7,2,1,0,-1,0
359,38,5,2,0,0,0,0
359,39,5,2,0,0,0,0
359,40,1,1,0,0,0,1
359,41,6,2,0,1,1,0
359,42,4,1,1,1,-1,0
359,43,6,2,0,1,0,0
359,44,6,2,0,1,1,-1
359,45,7,2,1,0,0,0
359,46,7,2,1,0,0,1
359,47,8,2,1,1,0,0
359,48,8,2,1,1,0,0
359,49,4,1,1,1,0,-1
359,50,7,2,1,0,-1,0
360,1,4,1,1,1,0,0
360,2,8,2,1,1,-1,-1
360,3,1,1,0,0,0,1
360,4,6,2,0,1,0,0
360,5,6,2,0,1,0,0
360,6,2,1,0,1,0,0
360,7,6,2,0,1,1,-1
360,8,3,1,1,0,0,0
360,9,3,1,1,0,0,1
360,10,4,1,1,1,0,0
360,11,8,2,1,1,-1,0
360,12,6,2,0,1,0,0
360,13,2,1,0,1,0,0
360,14,2,1,0,1,1,0
360,15,8,2,1,1,0,0
360,16,8,2,1,1,-1,-1
360,17,5,2,0,0,0,0
360,18,5,2,0,0,0,0
360,19,5,2,0,0,0,0
360,20,5,2,0,0,1,0
360,21,7,2,1,0,-1,1
360,22,6,2,0,1,0,0
360,23,2,1,0,1,0,0
360,24,6,2,0,1,1,0
360,25,8,2,1,1,-1,0
360,26,2,1,0,1,0,0
360,27,2,1,0,1,1,0
360,28,4,1,1,1,0,0
360,29,8,2,1,1,0,-1
360,30,7,2,1,0,0,0
360,31,7,2,1,0,0,0
360,32,3,1,1,0,0,1
360,33,4,1,1,1,0,0
360,34,4,1,1,1,0,0
360,35,4,1,1,1,0,0
360,36,4,1,1,1,0,-1
360,37,3,1,1,0,0,0
360,38,7,2,1,0,0,0
360,39,7,2,1,0,0,0
360,40,3,1,1,0,0,1
360,41,4,1,1,1,0,0
360,42,8,2,1,1,0,0
360,43,4,1,1,1,0,-1
360,44,3,1,1,0,0,0
360,45,7,2,1,0,0,0
360,46,7,2,1,0,0,0
360,47,7,2,1,0,0,0
360,48,7,2,1,0,0,0
360,49,3,1,1,0,-1,0
360,50,1,1,0,0,0,0
361,1,3,1,1,0,0,0
361,2,3,1,1,0,0,0
361,3,3,1,1,0,-1,1
361,4,2,1,0,1,1,0
361,5,8,2,1,1,-1,-1
361,6,5,2,0,0,0,1
361,7,6,2,0,1,1,0
361,8,8,2,1,1,0,0
361,9,8,2,1,1,0,0
361,10,4,1,1,1,0,-1
361,11,3,1,1,0,0,0
361,12,7,2,1,0,0,1
361,13,8,2,1,1,0,-1
361,14,7,2,1,0,0,0
361,15,3,1,1,0,0,0
361,16,7,2,1,0,0,1
361,17,8,2,1,1,0,0
361,18,4,1,1,1,-1,-1
361,19,1,1,0,0,1,0
361,20,3,1,1,0,0,0
361,21,7,2,1,0,0,0
361,22,3,1,1,0,0,0
361,23,3,1,1,0,0,1
361,24,8,2,1,1,0,0
361,25,8,2,1,1,0,-1
361,26,3,1,1,0,0,0
361,27,3,1,1,0,0,0
361,28,3,1,1,0,0,0
361,29,7,2,1,0,0,0
361,30,7,2,1,0,0,0
361,31,7,2,1,0,0,0
361,32,3,1,1,0,0,0
361,33,3,1,1,0,0,0
361,34,7,2,1,0,0,0
361,35,7,2,1,0,0,0
361,36,7,2,1,0,0,0
361,37,7,2,1,0,0,1
361,38,8,2,1,1,0,-1
361,39,3,1,1,0,0,0
361,40,3,1,1,0,0,1
361,41,4,1,1,1,0,-1
361,42,3,1,1,0,0,0
361,43,3,1,1,0,-1,0
361,44,1,1,0,0,0,0
361,45,5,2,0,0,0,0
361,46,5,2,0,0,0,0
361,47,1,1,0,0,0,0
361,48,1,1,0,0,1,0
361,49,3,1,1,0,0,0
361,50,3,1,1,0,-1,0
362,1,1,1,0,0,0,0
362,2,1,1,0,0,0,0
362,3,5,2,0,0,0,0
362,4,5,2,0,0,1,0
362,5,7,2,1,0,-1,0
362,6,5,2,0,0,0,0
362,7,1,1,0,0,0,0
362,8,5,2,0,0,1,0
362,9,3,1,1,0,0,0
362,10,3,1,1,0,-1,1
362,11,2,1,0,1,1,0
362,12,4,1,1,1,-1,-1
362,13,5,2,0,0,0,0
362,14,1,1,0,0,0,1
362,15,2,1,0,1,0,0
362,16,2,1,0,1,0,0
362,17,2,1,0,1,0,0
362,18,2,1,0,1,0,0
362,19,2,1,0,1,1,-1
362,20,3,1,1,0,0,1
362,21,8,2,1,1,0,0
362,22,8,2,1,1,-1,0
362,23,2,1,0,1,0,0
362,24,6,2,0,1,0,0
362,25,6,2,0,1,1,0
362,26,8,2,1,1,0,-1
362,27,7,2,1,0,0,0
362,28,7,2,1,0,0,0
362,29,7,2,1,0,0,0
362,30,7,2,1,0,0,0
362,31,3,1,1,0,0,0
362,32,7,2,1,0,0,0
362,33,7,2,1,0,0,0
362,34,7,2,1,0,0,0
362,35,3,1,1,0,0,0
362,36,7,2,1,0,-1,0
362,37,1,1,0,0,0,0
362,38,1,1,0,0,0,0
362,39,1,1,0,0,0,1
362,40,2,1,0,1,0,0
362,41,2,1,0,1,0,0
362,42,2,1,0,1,0,0
362,43,2,1,0,1,1,-1
362,44,3,1,1,0,0,0
362,45,7,2,1,0,0,0
362,46,3,1,1,0,0,0
362,47,7,2,1,0,-1,0
362,48,5,2,0,0,1,0
362,49,7,2,1,0,0,0
362,50,3,1,1,0,0,0
363,1,5,2,0,0,0,0
363,2,5,2,0,0,1,1
363,3,8,2,1,1,0,0
363,4,4,1,1,1,0,0
363,5,4,1,1,1,0,0
363,6,8,2,1,1,0,0
363,7,4,1,1,1,0,0
363,8,4,1,1,1,0,0
363,9,8,2,1,1,0,0
363,10,8,2,1,1,0,-1
363,11,7,2,1,0,0,0
363,12,7,2,1,0,0,0
363,13,3,1,1,0,0,1
363,14,4,1,1,1,0,0
363,15,4,1,1,1,-1,0
363,16,6,2,0,1,0,0
363,17,6,2,0,1,1,-1
363,18,3,1,1,0,0,0
363,19,3,1,1,0,0,1
363,20,4,1,1,1,0,0
363,21,4,1,1,1,0,-1
363,22,3,1,1,0,0,0
363,23,3,1,1,0,0,0
363,24,3,1,1,0,0,0
363,25,3,1,1,0,0,0
363,26,7,2,1,0,-1,0
363,27,5,2,0,0,0,0
363,28,1,1,0,0,0,0
363,29,1,1,0,0,1,0
363,30,3,1,1,0,0,1
363,31,4,1,1,1,0,0
363,32,4,1,1,1,0,0
363,33,8,2,1,1,0,0
363,34,8,2,1,1,0,-1
363,35,3,1,1,0,0,0
363,36,3,1,1,0,0,1
363,37,4,1,1,1,0,0
363,38,8,2,1,1,0,0
363,39,8,2,1,1,-1,0
363,40,2,1,0,1,1,0
363,41,4,1,1,1,0,0
363,42,4,1,1,1,0,0
363,43,4,1,1,1,0,0
363,44,4,1,1,1,0,0
363,45,4,1,1,1,0,-1
363,46,7,2,1,0,0,1
363,47,8,2,1,1,-1,0
363,48,6,2,0,1,1,-1
363,49,3,1,1,0,0,0
363,50,7,2,1,0,0,0
364,1,5,2,0,0,1,0
364,2,7,2,1,0,-1,0
364,3,5,2,0,0,1,0
364,4,7,2,1,0,0,1
364,5,8,2,1,1,-1,0
364,6,2,1,0,1,1,-1
364,7,3,1,1,0,-1,0
364,8,1,1,0,0,0,0
364,9,1,1,0,0,1,0
364,10,3,1,1,0,0,0
364,11,3,1,1,0,0,0
364,12,3,1,1,0,-1,1
364,13,2,1,0,1,0,0
364,14,6,2,0,1,1,0
364,15,4,1,1,1,0,-1
364,16,7,2,1,0,0,0
364,17,7,2,1,0,-1,0
364,18,1,1,0,0,0,0
364,19,1,1,0,0,1,0
364,20,3,1,1,0,0,0
364,21,7,2,1,0,0,0
364,22,7,2,1,0,0,0
364,23,7,2,1,0,0,0
364,24,3,1,1,0,-1,0
364,25,1,1,0,0,1,0
364,26,3,1,1,0,0,0
364,27,7,2,1,0,0,0
364,28,3,1,1,0,0,0
364,29,3,1,1,0,0,1
364,30,4,1,1,1,0,0
364,31,4,1,1,1,-1,0
364,32,2,1,0,1,0,0
364,33,2,1,0,1,1,0
364,34,4,1,1,1,0,0
364,35,4,1,1,1,-1,0
364,36,6,2,0,1,0,0
364,37,6,2,0,1,0,0
364,38,2,1,0,1,0,0
364,39,2,1,0,1,1,-1
364,40,3,1,1,0,0,0
364,41,3,1,1,0,0,0
364,42,7,2,1,0,0,0
364,43,7,2,1,0,0,1
364,44,8,2,1,1,0,0
364,45,4,1,1,1,0,0
364,46,8,2,1,1,0,-1
364,47,7,2,1,0,0,0
364,48,7,2,1,0,-1,0
364,49,5,2,0,0,0,1
364,50,6,2,0,1,0,0
365,1,5,2,0,0,0,0
365,2,5,2,0,0,0,0
365,3,1,1,0,0,0,0
365,4,1,1,0,0,1,1
365,5,4,1,1,1,0,0
365,6,4,1,1,1,0,0
365,7,4,1,1,1,-1,-1
365,8,1,1,0,0,1,0
365,9,3,1,1,0,0,0
365,10,3,1,1,0,0,0
365,11,7,2,1,0,0,0
365,12,7,2,1,0,0,0
365,13,3,1,1,0,-1,0
365,14,1,1,0,0,0,0
365,15,1,1,0,0,0,0
365,16,5,2,0,0,1,0
365,17,7,2,1,0,0,1
365,18,4,1,1,1,-1,0
365,19,2,1,0,1,0,0
365,20,2,1,0,1,0,0
365,21,6,2,0,1,0,0
365,22,6,2,0,1,0,0
365,23,6,2,0,1,1,0
365,24,4,1,1,1,0,0
365,25,4,1,1,1,0,0
365,26,4,1,1,1,0,0
365,27,8,2,1,1,0,0
365,28,8,2,1,1,0,0
365,29,8,2,1,1,0,-1
365,30,3,1,1,0,0,1
365,31,8,2,1,1,0,0
365,32,4,1,1,1,0,0
365,33,4,1,1,1,0,0
365,34,8,2,1,1,0,0
365,35,8,2,1,1,0,0
365,36,8,2,1,1,0,0
365,37,8,2,1,1,-1,-1
365,38,1,1,0,0,0,0
365,39,1,1,0,0,0,0
365,40,1,1,0,0,1,0
365,41,7,2,1,0,-1,0
365,42,5,2,0,0,1,0
365,43,3,1,1,0,0,0
365,44,7,2,1,0,-1,0
365,45,1,1,0,0,0,0
365,46,1,1,0,0,0,1
365,47,6,2,0,1,0,-1
365,48,5,2,0,0,0,0
365,49,1,1,0,0,0,0
365,50,1,1,0,0,1,0
366,1,5,2,0,0,1,0
366,2,7,2,1,0,0,0
366,3,3,1,1,0,0,0
366,4,3,1,1,0,0,1
366,5,4,1,1,1,0,0
366,6,8,2,1,1,0,-1
366,7,3,1,1,0,0,0
366,8,3,1,1,0,0,1
366,9,4,1,1,1,0,0
366,10,8,2,1,1,0,-1
366,11,7,2,1,0,0,1
366,12,4,1,1,1,0,0
366,13,4,1,1,1,0,-1
366,14,7,2,1,0,-1,0
366,15,1,1,0,0,1,0
366,16,3,1,1,0,0,0
366,17,3,1,1,0,-1,0
366,18,5,2,0,0,1,0
366,19,7,2,1,0,0,1
366,20,8,2,1,1,0,0
366,21,8,2,1,1,0,0
366,22,8,2,1,1,0,0
366,23,8,2,1,1,0,-1
366,24,3,1,1,0,0,0
366,25,7,2,1,0,-1,0
366,26,5,2,0,0,0,0
366,27,1,1,0,0,1,0
366,28,3,1,1,0,0,0
366,29,7,2,1,0,0,1
366,30,8,2,1,1,0,-1
366,31,3,1,1,0,-1,0
366,32,1,1,0,0,0,0
366,33,1,1,0,0,0,0
366,34,5,2,0,0,0,0
366,35,1,1,0,0,1,0
366,36,3,1,1,0,0,0
366,37,3,1,1,0,-1,0
366,38,1,1,0,0,0,0
366,39,1,1,0,0,1,0
366,40,3,1,1,0,0,0
366,41,3,1,1,0,0,0
366,42,3,1,1,0,0,0
366,43,3,1,1,0,0,0
366,44,3,1,1,0,0,0
366,45,7,2,1,0,0,0
366,46,3,1,1,0,-1,0
366,47,1,1,0,0,1,1
366,48,4,1,1,1,0,0
366,49,4,1,1,1,-1,0
366,50,2,1,0,1,0,-1
367,1,8,2,1,1,0,-1
367,2,7,2,1,0,0,0
367,3,7,2,1,0,0,0
367,4,7,2,1,0,0,1
367,5,8,2,1,1,0,0
367,6,4,1,1,1,0,0
367,7,8,2,1,1,-1,0
367,8,2,1,0,1,0,0
367,9,6,2,0,1,1,0
367,10,4,1,1,1,0,0
367,11,8,2,1,1,-1,-1
367,12,5,2,0,0,0,0
367,13,1,1,0,0,0,0
367,14,1,1,0,0,0,1
367,15,6,2,0,1,0,0
367,16,6,2,0,1,0,-1
367,17,5,2,0,0,0,0
367,18,1,1,0,0,1,1
367,19,4,1,1,1,0,0
367,20,4,1,1,1,-1,0
367,21,2,1,0,1,0,0
367,22,2,1,0,1,0,-1
367,23,1,1,0,0,0,0
367,24,1,1,0,0,1,0
367,25,3,1,1,0,0,0
367,26,7,2,1,0,0,0
367,27,7,2,1,0,0,0
367,28,7,2,1,0,0,0
367,29,7,2,1,0,0,0
367,30,7,2,1,0,0,1
367,31,4,1,1,1,0,0
367,32,4,1,1,1,0,0
367,33,4,1,1,1,0,0
367,34,4,1,1,1,0,0
367,35,4,1,1,1,0,0
367,36,8,2,1,1,0,0
367,37,8,2,1,1,0,0
367,38,8,2,1,1,0,0
367,39,4,1,1,1,0,0
367,40,4,1,1,1,-1,0
367,41,2,1,0,1,0,0
367,42,2,1,0,1,0,0
367,43,2,1,0,1,0,0
367,44,2,1,0,1,0,0
367,45,2,1,0,1,1,-1
367,46,7,2,1,0,0,0
367,47,3,1,1,0,0,1
367,48,4,1,1,1,0,0
367,49,4,1,1,1,0,0
367,50,4,1,1,1,0,0
368,1,4,1,1,1,0,0
368,2,4,1,1,1,0,0
368,3,4,1,1,1,0,0
368,4,4,1,1,1,0,0
368,5,4,1,1,1,0,0
368,6,8,2,1,1,0,0
368,7,8,2,1,1,0,0
368,8,8,2,1,1,0,0
368,9,8,2,1,1,0,0
368,10,8,2,1,1,0,0
368,11,8,2,1,1,-1,0
368,12,2,1,0,1,0,0
368,13,6,2,0,1,0,-1
368,14,1,1,0,0,0,1
368,15,2,1,0,1,1,0
368,16,4,1,1,1,0,0
368,17,4,1,1,1,0,0
368,18,4,1,1,1,0,0
368,19,8,2,1,1,0,-1
368,20,7,2,1,0,0,1
368,21,8,2,1,1,-1,0
368,22,2,1,0,1,0,0
368,23,2,1,0,1,0,0
368,24,2,1,0,1,0,0
368,25,6,2,0,1,0,0
368,26,6,2,0,1,0,0
368,27,2,1,0,1,1,0
368,28,4,1,1,1,0,0
368,29,4,1,1,1,0,0
368,30,8,2,1,1,0,0
368,31,8,2,1,1,0,0
368,32,4,1,1,1,0,0
368,33,4,1,1,1,-1,0
368,34,2,1,0,1,0,0
368,35,2,1,0,1,1,0
368,36,4,1,1,1,0,-1
368,37,3,1,1,0,-1,0
368,38,1,1,0,0,0,0
368,39,1,1,0,0,1,0
368,40,3,1,1,0,0,1
368,41,4,1,1,1,0,0
368,42,4,1,1,1,0,0
368,43,4,1,1,1,0,0
368,44,8,2,1,1,0,-1
368,45,3,1,1,0,0,0
368,46,3,1,1,0,0,0
368,47,3,1,1,0,0,0
368,48,3,1,1,0,-1,1
368,49,2,1,0,1,0,0
368,50,2,1,0,1,0,0
369,1,2,1,0,1,0,0
369,2,6,2,0,1,0,0
369,3,6,2,0,1,0,0
369,4,2,1,0,1,1,-1
369,5,3,1,1,0,0,0
369,6,7,2,1,0,0,0
369,7,7,2,1,0,-1,1
369,8,2,1,0,1,0,0
369,9,6,2,0,1,0,0
369,10,2,1,0,1,0,0
369,11,2,1,0,1,1,0
369,12,4,1,1,1,0,0
369,13,4,1,1,1,0,0
369,14,4,1,1,1,-1,0
369,15,6,2,0,1,1,0
369,16,4,1,1,1,-1,0
369,17,6,2,0,1,1,-1
369,18,3,1,1,0,0,1
369,19,8,2,1,1,0,0
369,20,8,2,1,1,0,-1
369,21,7,2,1,0,0,0
369,22,7,2,1,0,-1,1
369,23,2,1,0,1,0,0
369,24,2,1,0,1,1,0
369,25,8,2,1,1,0,0
369,26,8,2,1,1,0,0
369,27,4,1,1,1,0,0
369,28,8,2,1,1,-1,-1
369,29,1,1,0,0,1,0
369,30,3,1,1,0,0,0
369,31,3,1,1,0,0,0
369,32,3,1,1,0,0,1
369,33,4,1,1,1,0,0
369,34,4,1,1,1,0,-1
369,35,3,1,1,0,0,1
369,36,8,2,1,1,0,0
369,37,8,2,1,1,0,0
369,38,8,2,1,1,0,0
369,39,8,2,1,1,0,-1
369,40,3,1,1,0,0,0
369,41,7,2,1,0,0,1
369,42,8,2,1,1,0,-1
369,43,7,2,1,0,0,1
369,44,4,1,1,1,-1,0
369,45,2,1,0,1,0,0
369,46,2,1,0,1,1,0
369,47,8,2,1,1,0,0
369,48,8,2,1,1,0,0
369,49,8,2,1,1,0,0
369,50,8,2,1,1,-1,0
370,1,8,2,1,1,0,-1
370,2,7,2,1,0,0,0
370,3,7,2,1,0,0,0
370,4,7,2,1,0,-1,0
370,5,5,2,0,0,0,0
370,6,5,2,0,0,1,0
370,7,3,1,1,0,0,0
370,8,3,1,1,0,0,1
370,9,4,1,1,1,0,0
370,10,8,2,1,1,0,0
370,11,4,1,1,1,0,-1
370,12,7,2,1,0,0,0
370,13,3,1,1,0,0,0
370,14,3,1,1,0,0,0
370,15,3,1,1,0,-1,0
370,16,1,1,0,0,1,1
370,17,4,1,1,1,-1,-1
370,18,5,2,0,0,0,0
370,19,1,1,0,0,0,1
370,20,2,1,0,1,1,0
370,21,4,1,1,1,0,0
370,22,4,1,1,1,0,0
370,23,4,1,1,1,0,0
370,24,4,1,1,1,0,0
370,25,8,2,1,1,0,0
370,26,4,1,1,1,0,0
370,27,4,1,1,1,0,-1
370,28,3,1,1,0,0,0
370,29,7,2,1,0,0,0
370,30,3,1,1,0,0,1
370,31,4,1,1,1,-1,0
370,32,2,1,0,1,0,0
370,33,2,1,0,1,0,-1
370,34,1,1,0,0,0,0
370,35,1,1,0,0,0,0
370,36,1,1,0,0,1,0
370,37,3,1,1,0,-1,1
370,38,2,1,0,1,0,0
370,39,6,2,0,1,0,0
370,40,2,1,0,1,1,0
370,41,4,1,1,1,0,0
370,42,4,1,1,1,0,0
370,43,4,1,1,1,-1,0
370,44,2,1,0,1,1,-1
370,45,3,1,1,0,-1,1
370,46,2,1,0,1,0,0
370,47,2,1,0,1,0,0
370,48,2,1,0,1,0,0
370,49,2,1,0,1,0,0
370,50,6,2,0,1,1,0
371,1,8,2,1,1,0,0
371,2,8,2,1,1,-1,-1
371,3,5,2,0,0,1,0
371,4,3,1,1,0,0,0
371,5,3,1,1,0,0,0
371,6,7,2,1,0,0,0
371,7,3,1,1,0,0,0
371,8,3,1,1,0,0,0
371,9,3,1,1,0,0,0
371,10,3,1,1,0,-1,0
371,11,1,1,0,0,1,0
371,12,7,2,1,0,0,0
371,13,3,1,1,0,0,0
371,14,3,1,1,0,-1,0
371,15,1,1,0,0,1,1
371,16,4,1,1,1,0,-1
371,17,3,1,1,0,0,0
371,18,3,1,1,0,0,0
371,19,7,2,1,0,-1,0
371,20,5,2,0,0,0,0
371,21,5,2,0,0,0,1
371,22,6,2,0,1,1,0
371,23,8,2,1,1,0,0
371,24,4,1,1,1,0,-1
371,25,3,1,1,0,0,1
371,26,8,2,1,1,-1,0
371,27,6,2,0,1,0,0
371,28,2,1,0,1,0,0
371,29,6,2,0,1,1,0
371,30,4,1,1,1,0,0
371,31,4,1,1,1,0,0
371,32,4,1,1,1,0,0
371,33,4,1,1,1,-1,0
371,34,2,1,0,1,0,0
371,35,2,1,0,1,0,0
371,36,2,1,0,1,1,0
371,37,8,2,1,1,0,0
371,38,4,1,1,1,0,-1
371,39,3,1,1,0,0,0
371,40,3,1,1,0,0,0
371,41,7,2,1,0,0,0
371,42,7,2,1,0,-1,1
371,43,2,1,0,1,1,0
371,44,4,1,1,1,0,-1
371,45,7,2,1,0,0,0
371,46,7,2,1,0,0,0
371,47,3,1,1,0,0,0
371,48,3,1,1,0,-1,0
371,49,1,1,0,0,0,1
371,50,2,1,0,1,1,-1
372,1,2,1,0,1,0,-1
372,2,1,1,0,0,0,1
372,3,2,1,0,1,0,-1
372,4,5,2,0,0,0,0
372,5,5,2,0,0,0,0
372,6,1,1,0,0,0,0
372,7,1,1,0,0,0,1
372,8,2,1,0,1,1,-1
372,9,3,1,1,0,0,0
372,10,7,2,1,0,0,0
372,11,7,2,1,0,0,0
372,12,7,2,1,0,0,1
372,13,8,2,1,1,0,-1
372,14,3,1,1,0,0,1
372,15,8,2,1,1,0,-1
372,16,3,1,1,0,0,1
372,17,8,2,1,1,0,0
372,18,8,2,1,1,0,0
372,19,4,1,1,1,0,0
372,20,4,1,1,1,0,0
372,21,4,1,1,1,0,0
372,22,4,1,1,1,0,0
372,23,4,1,1,1,0,0
372,24,8,2,1,1,0,0
372,25,8,2,1,1,-1,0
372,26,6,2,0,1,0,0
372,27,6,2,0,1,0,0
372,28,6,2,0,1,1,0
372,29,8,2,1,1,0,0
372,30,8,2,1,1,0,0
372,31,8,2,1,1,0,-1
372,32,7,2,1,0,0,1
372,33,4,1,1,1,-1,0
372,34,6,2,0,1,0,0
372,35,6,2,0,1,1,0
372,36,4,1,1,1,-1,0
372,37,2,1,0,1,0,0
372,38,2,1,0,1,0,0
372,39,2,1,0,1,0,0
372,40,2,1,0,1,1,-1
372,41,3,1,1,0,0,0
372,42,3,1,1,0,0,0
372,43,3,1,1,0,0,1
372,44,4,1,1,1,-1,0
372,45,2,1,0,1,1,0
372,46,4,1,1,1,-1,-1
372,47,5,2,0,0,0,0
372,48,5,2,0,0,0,0
372,49,5,2,0,0,0,1
372,50,2,1,0,1,0,0
373,1,4,1,1,1,0,0
373,2,4,1,1,1,0,0
373,3,4,1,1,1,0,0
373,4,4,1,1,1,0,0
373,5,4,1,1,1,0,-1
373,6,3,1,1,0,0,0
373,7,3,1,1,0,0,0
373,8,3,1,1,0,0,1
373,9,4,1,1,1,0,0
373,10,4,1,1,1,0,-1
373,11,3,1,1,0,0,1
373,12,4,1,1,1,0,0
373,13,8,2,1,1,-1,0
373,14,6,2,0,1,1,0
373,15,8,2,1,1,0,0
373,16,4,1,1,1,0,-1
373,17,7,2,1,0,0,1
373,18,8,2,1,1,0,-1
373,19,3,1,1,0,0,0
373,20,3,1,1,0,0,0
373,21,3,1,1,0,0,1
373,22,4,1,1,1,-1,-1
373,23,1,1,0,0,0,1
373,24,2,1,0,1,0,0
373,25,2,1,0,1,1,0
373,26,8,2,1,1,-1,-1
373,27,1,1,0,0,0,1
373,28,2,1,0,1,0,0
373,29,2,1,0,1,0,-1
373,30,1,1,0,0,0,0
373,31,1,1,0,0,0,0
373,32,1,1,0,0,0,0
373,33,5,2,0,0,0,1
373,34,2,1,0,1,0,0
373,35,6,2,0,1,1,0
373,36,8,2,1,1,0,-1
373,37,7,2,1,0,0,1
373,38,4,1,1,1,0,-1
373,39,3,1,1,0,0,0
373,40,3,1,1,0,0,0
373,41,7,2,1,0,0,0
373,42,7,2,1,0,-1,0
373,43,5,2,0,0,0,1
373,44,2,1,0,1,1,0
373,45,4,1,1,1,0,0
373,46,4,1,1,1,0,0
373,47,4,1,1,1,-1,0
373,48,2,1,0,1,0,0
373,49,2,1,0,1,0,0
373,50,2,1,0,1,0,0
374,1,7,2,1,0,0,1
374,2,4,1,1,1,0,0
374,3,4,1,1,1,-1,0
374,4,2,1,0,1,0,0
374,5,2,1,0,1,0,0
374,6,2,1,0,1,0,0
374,7,6,2,0,1,1,0
374,8,4,1,1,1,-1,0
374,9,2,1,0,1,1,0
374,10,8,2,1,1,-1,0
374,11,6,2,0,1,0,0
374,12,6,2,0,1,1,-1
374,13,7,2,1,0,-1,0
374,14,5,2,0,0,0,0
374,15,1,1,0,0,0,0
374,16,1,1,0,0,0,0
374,17,5,2,0,0,0,0
374,18,1,1,0,0,1,0
374,19,3,1,1,0,-1,0
374,20,5,2,0,0,0,0
374,21,5,2,0,0,0,0
374,22,1,1,0,0,0,0
374,23,5,2,0,0,0,1
374,24,2,1,0,1,0,0
374,25,2,1,0,1,0,0
374,26,2,1,0,1,0,0
374,27,2,1,0,1,0,0
374,28,6,2,0,1,0,-1
374,29,5,2,0,0,1,0
374,30,3,1,1,0,0,0
374,31,3,1,1,0,0,0
374,32,3,1,1,0,0,0
374,33,3,1,1,0,0,1
374,34,8,2,1,1,-1,-1
374,35,5,2,0,0,0,1
374,36,2,1,0,1,1,0
374,37,4,1,1,1,0,0
374,38,4,1,1,1,0,0
374,39,8,2,1,1,0,-1
374,40,7,2,1,0,0,0
374,41,7,2,1,0,0,1
374,42,8,2,1,1,0,0
374,43,4,1,1,1,0,0
374,44,4,1,1,1,0,0
374,45,8,2,1,1,-1,0
374,46,6,2,0,1,0,0
374,47,6,2,0,1,0,0
374,48,2,1,0,1,1,-1
374,49,3,1,1,0,0,0
374,50,3,1,1,0,-1,0
375,1,2,1,0,1,1,0
375,2,8,2,1,1,0,0
375,3,4,1,1,1,0,0
375,4,4,1,1,1,0,0
375,5,4,1,1,1,-1,0
375,6,2,1,0,1,0,-1
375,7,1,1,0,0,0,0
375,8,1,1,0,0,0,0
375,9,1,1,0,0,0,1
375,10,2,1,0,1,1,0
375,11,4,1,1,1,0,0
375,12,8,2,1,1,0,0
375,13,8,2,1,1,-1,0
375,14,6,2,0,1,0,0
375,15,2,1,0,1,0,0
375,16,6,2,0,1,0,-1
375,17,1,1,0,0,1,0
375,18,7,2,1,0,0,0
375,19,3,1,1,0,0,1
375,20,8,2,1,1,0,0
375,21,4,1,1,1,0,-1
375,22,3,1,1,0,0,0
375,23,3,1,1,0,0,1
375,24,4,1,1,1,0,0
375,25,8,2,1,1,0,0
375,26,8,2,1,1,0,0
375,27,8,2,1,1,0,0
375,28,8,2,1,1,0,0
375,29,8,2,1,1,-1,-1
375,30,5,2,0,0,0,0
375,31,5,2,0,0,0,1
375,32,6,2,0,1,0,0
375,33,2,1,0,1,0,-1
375,34,5,2,0,0,0,0
375,35,5,2,0,0,1,1
375,36,8,2,1,1,0,0
375,37,4,1,1,1,0,0
375,38,4,1,1,1,0,0
375,39,4,1,1,1,-1,0
375,40,2,1,0,1,0,-1
375,41,5,2,0,0,0,0
375,42,5,2,0,0,1,1
375,43,8,2,1,1,0,0
375,44,8,2,1,1,0,0
375,45,8,2,1,1,0,0
375,46,4,1,1,1,0,0
375,47,4,1,1,1,0,0
375,48,4,1,1,1,0,0
375,49,4,1,1,1,0,0
375,50,4,1,1,1,0,0
376,1,7,2,1,0,0,0
376,2,7,2,1,0,0,1
376,3,4,1,1,1,0,0
376,4,8,2,1,1,0,0
376,5,8,2,1,1,0,0
376,6,8,2,1,1,0,0
376,7,8,2,1,1,-1,0
376,8,6,2,0,1,1,0
376,9,4,1,1,1,0,-1
376,10,3,1,1,0,0,0
376,11,3,1,1,0,0,0
376,12,3,1,1,0,-1,1
376,13,6,2,0,1,0,0
376,14,2,1,0,1,0,0
376,15,6,2,0,1,0,-1
376,16,5,2,0,0,0,0
376,17,5,2,0,0,0,1
376,18,2,1,0,1,1,0
376,19,4,1,1,1,0,0
376,20,4,1,1,1,0,0
376,21,4,1,1,1,0,-1
376,22,7,2,1,0,-1,1
376,23,6,2,0,1,0,0
376,24,6,2,0,1,1,0
376,25,8,2,1,1,0,-1
376,26,7,2,1,0,0,0
376,27,7,2,1,0,-1,0
376,28,5,2,0,0,1,0
376,29,3,1,1,0,0,0
376,30,3,1,1,0,0,0
376,31,7,2,1,0,0,1
376,32,8,2,1,1,0,0
376,33,8,2,1,1,-1,0
376,34,6,2,0,1,0,-1
376,35,5,2,0,0,0,0
376,36,5,2,0,0,0,0
376,37,1,1,0,0,0,0
376,38,1,1,0,0,0,0
376,39,1,1,0,0,0,0
376,40,1,1,0,0,1,0
376,41,7,2,1,0,0,1
376,42,4,1,1,1,0,-1
376,43,3,1,1,0,0,1
376,44,4,1,1,1,-1,-1
376,45,1,1,0,0,0,1
376,46,6,2,0,1,0,-1
376,47,1,1,0,0,0,0
376,48,1,1,0,0,0,0
376,49,1,1,0,0,0,1
376,50,2,1,0,1,0,0
377,1,3,1,1,0,0,0
377,2,3,1,1,0,0,0
377,3,3,1,1,0,0,0
377,4,3,1,1,0,0,0
377,5,7,2,1,0,0,0
377,6,3,1,1,0,0,0
377,7,3,1,1,0,0,0
377,8,3,1,1,0,0,0
377,9,3,1,1,0,-1,1
377,10,6,2,0,1,0,0
377,11,6,2,0,1,0,-1
377,12,5,2,0,0,0,1
377,13,2,1,0,1,0,0
377,14,6,2,0,1,0,0
377,15,6,2,0,1,0,0
377,16,6,2,0,1,0,0
377,17,6,2,0,1,0,-1
377,18,1,1,0,0,0,0
377,19,5,2,0,0,0,0
377,20,5,2,0,0,0,0
377,21,1,1,0,0,1,1
377,22,4,1,1,1,0,0
377,23,4,1,1,1,0,0
377,24,4,1,1,1,0,0
377,25,4,1,1,1,0,0
377,26,4,1,1,1,-1,0
377,27,6,2,0,1,0,0
377,28,6,2,0,1,0,0
377,29,6,2,0,1,1,0
377,30,8,2,1,1,0,0
377,31,8,2,1,1,0,0
377,32,8,2,1,1,0,-1
377,33,7,2,1,0,0,0
377,34,7,2,1,0,0,1
377,35,8,2,1,1,0,0
377,36,8,2,1,1,0,-1
377,37,3,1,1,0,0,0
377,38,7,2,1,0,-1,0
377,39,1,1,0,0,0,0
377,40,1,1,0,0,0,0
377,41,1,1,0,0,0,0
377,42,1,1,0,0,0,0
377,43,1,1,0,0,1,0
377,44,3,1,1,0,0,0
377,45,7,2,1,0,0,1
377,46,8,2,1,1,0,0
377,47,8,2,1,1,0,0
377,48,8,2,1,1,-1,-1
377,49,5,2,0,0,0,1
377,50,2,1,0,1,0,0
378,1,3,1,1,0,0,1
378,2,8,2,1,1,-1,0
378,3,6,2,0,1,0,-1
378,4,5,2,0,0,0,0
378,5,1,1,0,0,0,0
378,6,5,2,0,0,0,1
378,7,6,2,0,1,0,-1
378,8,5,2,0,0,1,1
378,9,8,2,1,1,0,0
378,10,8,2,1,1,0,-1
378,11,3,1,1,0,0,1
378,12,8,2,1,1,-1,0
378,13,6,2,0,1,0,0
378,14,6,2,0,1,0,0
378,15,6,2,0,1,0,-1
378,16,5,2,0,0,0,0
378,17,5,2,0,0,1,0
378,18,3,1,1,0,0,0
378,19,3,1,1,0,0,0
378,20,3,1,1,0,-1,1
378,21,2,1,0,1,1,0
378,22,4,1,1,1,0,0
378,23,8,2,1,1,0,0
378,24,4,1,1,1,0,0
378,25,8,2,1,1,0,0
378,26,4,1,1,1,0,0
378,27,8,2,1,1,0,0
378,28,8,2,1,1,0,-1
378,29,7,2,1,0,-1,0
378,30,1,1,0,0,1,1
378,31,4,1,1,1,0,0
378,32,4,1,1,1,0,0
378,33,4,1,1,1,-1,0
378,34,2,1,0,1,0,0
378,35,6,2,0,1,1,0
378,36,8,2,1,1,0,-1
378,37,7,2,1,0,0,0
378,38,3,1,1,0,0,0
378,39,3,1,1,0,0,0
378,40,3,1,1,0,0,1
378,41,4,1,1,1,0,-1
378,42,7,2,1,0,0,1
378,43,8,2,1,1,0,0
378,44,8,2,1,1,0,0
378,45,8,2,1,1,0,0
378,46,4,1,1,1,0,0
378,47,4,1,1,1,0,0
378,48,8,2,1,1,0,0
378,49,4,1,1,1,-1,0
378,50,2,1,0,1,0,0
379,1,1,1,0,0,0,0
379,2,1,1,0,0,0,0
379,3,5,2,0,0,0,0
379,4,5,2,0,0,0,1
379,5,2,1,0,1,0,0
379,6,2,1,0,1,0,0
379,7,2,1,0,1,0,-1
379,8,1,1,0,0,0,1
379,9,6,2,0,1,0,0
379,10,6,2,0,1,0,0
379,11,6,2,0,1,1,0
379,12,8,2,1,1,0,-1
379,13,7,2,1,0,-1,0
379,14,1,1,0,0,1,0
379,15,3,1,1,0,0,0
379,16,3,1,1,0,0,1
379,17,4,1,1,1,0,-1
379,18,3,1,1,0,0,0
379,19,7,2,1,0,0,0
379,20,7,2,1,0,0,0
379,21,7,2,1,0,0,0
379,22,7,2,1,0,0,0
379,23,7,2,1,0,0,0
379,24,3,1,1,0,0,0
379,25,3,1,1,0,0,0
379,26,7,2,1,0,0,0
379,27,7,2,1,0,0,1
379,28,8,2,1,1,0,-1
379,29,7,2,1,0,-1,0
379,30,1,1,0,0,0,0
379,31,1,1,0,0,1,0
379,32,3,1,1,0,0,0
379,33,3,1,1,0,-1,0
379,34,5,2,0,0,1,1
379,35,8,2,1,1,0,0
379,36,8,2,1,1,0,0
379,37,8,2,1,1,0,0
379,38,4,1,1,1,-1,0
379,39,6,2,0,1,0,0
379,40,2,1,0,1,0,0
379,41,2,1,0,1,1,0
379,42,4,1,1,1,0,-1
379,43,3,1,1,0,0,0
379,44,7,2,1,0,0,0
379,45,7,2,1,0,0,0
379,46,3,1,1,0,0,1
379,47,4,1,1,1,0,0
379,48,8,2,1,1,-1,-1
379,49,5,2,0,0,1,1
379,50,8,2,1,1,0,0
380,1,7,2,1,0,0,1
380,2,8,2,1,1,0,0
380,3,4,1,1,1,0,0
380,4,4,1,1,1,-1,0
380,5,2,1,0,1,0,0
380,6,2,1,0,1,0,0
380,7,2,1,0,1,0,0
380,8,2,1,0,1,0,0
380,9,2,1,0,1,0,0
380,10,2,1,0,1,0,0
380,11,2,1,0,1,1,-1
380,12,3,1,1,0,0,0
380,13,3,1,1,0,0,0
380,14,3,1,1,0,0,1
380,15,4,1,1,1,0,0
380,16,8,2,1,1,0,0
380,17,4,1,1,1,-1,0
380,18,2,1,0,1,0,0
380,19,2,1,0,1,0,0
380,20,2,1,0,1,0,0
380,21,2,1,0,1,1,0
380,22,4,1,1,1,0,0
380,23,8,2,1,1,-1,0
380,24,6,2,0,1,0,-1
380,25,5,2,0,0,0,0
380,26,1,1,0,0,0,0
380,27,1,1,0,0,1,0
380,28,3,1,1,0,0,1
380,29,4,1,1,1,0,0
380,30,4,1,1,1,-1,0
380,31,2,1,0,1,0,0
380,32,2,1,0,1,0,0
380,33,6,2,0,1,0,-1
380,34,5,2,0,0,1,0
380,35,3,1,1,0,0,1
380,36,8,2,1,1,-1,0
380,37,6,2,0,1,0,0
380,38,6,2,0,1,0,0
380,39,6,2,0,1,0,0
380,40,6,2,0,1,0,-1
380,41,1,1,0,0,1,0
380,42,3,1,1,0,0,1
380,43,4,1,1,1,0,0
380,44,4,1,1,1,0,0
380,45,4,1,1,1,-1,0
380,46,2,1,0,1,0,0
380,47,6,2,0,1,1,0
380,48,8,2,1,1,0,0
380,49,8,2,1,1,0,0
380,50,8,2,1,1,-1,-1
381,1,5,2,0,0,0,0
381,2,5,2,0,0,0,0
381,3,5,2,0,0,1,1
381,4,8,2,1,1,0,0
381,5,8,2,1,1,0,0
381,6,8,2,1,1,0,0
381,7,4,1,1,1,0,0
381,8,4,1,1,1,0,-1
381,9,7,2,1,0,0,0
381,10,3,1,1,0,0,0
381,11,3,1,1,0,0,0
381,12,3,1,1,0,0,0
381,13,7,2,1,0,0,0
381,14,3,1,1,0,0,0
381,15,3,1,1,0,0,0
381,16,3,1,1,0,-1,0
381,17,1,1,0,0,0,1
381,18,6,2,0,1,0,0
381,19,2,1,0,1,0,0
381,20,2,1,0,1,1,0
381,21,4,1,1,1,0,-1
381,22,7,2,1,0,0,0
381,23,3,1,1,0,0,1
381,24,4,1,1,1,0,0
381,25,4,1,1,1,-1,0
381,26,6,2,0,1,0,0
381,27,6,2,0,1,0,0
381,28,2,1,0,1,1,0
381,29,8,2,1,1,0,0
381,30,8,2,1,1,0,-1
381,31,7,2,1,0,0,1
381,32,8,2,1,1,0,0
381,33,8,2,1,1,0,-1
381,34,7,2,1,0,-1,0
381,35,1,1,0,0,0,0
381,36,1,1,0,0,0,1
381,37,2,1,0,1,0,0
381,38,2,1,0,1,1,0
381,39,8,2,1,1,0,0
381,40,8,2,1,1,0,0
381,41,8,2,1,1,0,0
381,42,8,2,1,1,0,0
381,43,4,1,1,1,0,0
381,44,4,1,1,1,0,-1
381,45,3,1,1,0,0,0
381,46,7,2,1,0,0,0
381,47,3,1,1,0,0,1
381,48,4,1,1,1,0,0
381,49,4,1,1,1,-1,0
381,50,2,1,0,1,0,0
382,1,8,2,1,1,-1,0
382,2,6,2,0,1,0,0
382,3,2,1,0,1,1,0
382,4,4,1,1,1,-1,0
382,5,2,1,0,1,0,-1
382,6,1,1,0,0,1,0
382,7,3,1,1,0,0,0
382,8,7,2,1,0,-1,0
382,9,5,2,0,0,0,0
382,10,5,2,0,0,0,1
382,11,6,2,0,1,1,-1
382,12,7,2,1,0,0,0
382,13,7,2,1,0,0,1
382,14,8,2,1,1,0,0
382,15,8,2,1,1,0,-1
382,16,7,2,1,0,0,0
382,17,7,2,1,0,0,0
382,18,3,1,1,0,0,0
382,19,7,2,1,0,0,0
382,20,7,2,1,0,-1,0
382,21,5,2,0,0,1,0
382,22,7,2,1,0,0,0
382,23,7,2,1,0,0,0
382,24,7,2,1,0,0,0
382,25,7,2,1,0,-1,0
382,26,5,2,0,0,0,0
382,27,5,2,0,0,0,1
382,28,6,2,0,1,0,0
382,29,6,2,0,1,0,0
382,30,6,2,0,1,0,0
382,31,2,1,0,1,0,0
382,32,2,1,0,1,0,0
382,33,2,1,0,1,1,0
382,34,4,1,1,1,0,-1
382,35,3,1,1,0,0,0
382,36,3,1,1,0,0,0
382,37,3,1,1,0,0,0
382,38,3,1,1,0,0,0
382,39,3,1,1,0,-1,0
382,40,1,1,0,0,0,1
382,41,2,1,0,1,0,-1
382,42,1,1,0,0,0,0
382,43,1,1,0,0,0,0
382,44,1,1,0,0,1,0
382,45,3,1,1,0,-1,1
382,46,2,1,0,1,0,0
382,47,6,2,0,1,0,0
382,48,2,1,0,1,0,0
382,49,2,1,0,1,0,0
382,50,2,1,0,1,0,0
383,1,3,1,1,0,0,0
383,2,7,2,1,0,-1,0
383,3,5,2,0,0,0,0
383,4,1,1,0,0,0,0
383,5,1,1,0,0,0,0
383,6,1,1,0,0,0,0
383,7,1,1,0,0,0,0
383,8,5,2,0,0,0,0
383,9,5,2,0,0,1,0
383,10,7,2,1,0,0,0
383,11,7,2,1,0,0,0
383,12,3,1,1,0,0,0
383,13,7,2,1,0,0,0
383,14,7,2,1,0,-1,0
383,15,5,2,0,0,0,0
383,16,1,1,0,0,0,1
383,17,6,2,0,1,0,0
383,18,2,1,0,1,0,-1
383,19,1,1,0,0,1,0
383,20,3,1,1,0,0,0
383,21,3,1,1,0,0,1
383,22,4,1,1,1,0,0
383,23,4,1,1,1,0,0
383,24,4,1,1,1,0,0
383,25,4,1,1,1,0,-1
383,26,3,1,1,0,-1,0
383,27,5,2,0,0,0,0
383,28,1,1,0,0,1,0
383,29,3,1,1,0,0,0
383,30,3,1,1,0,0,0
383,31,3,1,1,0,0,1
383,32,4,1,1,1,0,0
383,33,8,2,1,1,0,-1
383,34,7,2,1,0,0,0
383,35,7,2,1,0,0,1
383,36,8,2,1,1,-1,0
383,37,6,2,0,1,1,0
383,38,8,2,1,1,0,0
383,39,8,2,1,1,0,0
383,40,4,1,1,1,0,-1
383,41,7,2,1,0,0,0
383,42,3,1,1,0,0,1
383,43,4,1,1,1,-1,0
383,44,6,2,0,1,0,0
383,45,6,2,0,1,0,0
383,46,2,1,0,1,0,0
383,47,2,1,0,1,0,-1
383,48,1,1,0,0,0,0
383,49,5,2,0,0,0,0
383,50,1,1,0,0,0,1
384,1,3,1,1,0,-1,0
384,2,1,1,0,0,0,0
384,3,1,1,0,0,0,1
384,4,2,1,0,1,0,0
384,5,6,2,0,1,0,0
384,6,6,2,0,1,0,0
384,7,6,2,0,1,0,0
384,8,2,1,0,1,0,0
384,9,6,2,0,1,1,0
384,10,8,2,1,1,0,0
384,11,4,1,1,1,0,0
384,12,4,1,1,1,0,0
384,13,4,1,1,1,0,0
384,14,4,1,1,1,0,-1
384,15,3,1,1,0,-1,0
384,16,1,1,0,0,0,0
384,17,5,2,0,0,0,0
384,18,1,1,0,0,0,1
384,19,2,1,0,1,0,0
384,20,2,1,0,1,1,0
384,21,8,2,1,1,0,0
384,22,8,2,1,1,0,-1
384,23,7,2,1,0,0,0
384,24,7,2,1,0,0,0
384,25,7,2,1,0,0,0
384,26,3,1,1,0,0,0
384,27,3,1,1,0,0,0
384,28,7,2,1,0,0,0
384,29,3,1,1,0,0,0
384,30,3,1,1,0,0,1
384,31,4,1,1,1,0,0
384,32,4,1,1,1,0,0
384,33,4,1,1,1,-1,0
384,34,2,1,0,1,0,-1
384,35,1,1,0,0,0,1
384,36,2,1,0,1,0,0
384,37,2,1,0,1,0,0
384,38,6,2,0,1,0,-1
384,39,5,2,0,0,0,0
384,40,5,2,0,0,1,0
384,41,3,1,1,0,0,1
384,42,4,1,1,1,0,0
384,43,4,1,1,1,0,0
384,44,4,1,1,1,0,0
384,45,4,1,1,1,0,0
384,46,4,1,1,1,0,0
384,47,4,1,1,1,0,0
384,48,8,2,1,1,0,0
384,49,4,1,1,1,0,0
384,50,4,1,1,1,0,0
385,1,8,2,1,1,0,0
385,2,8,2,1,1,0,0
385,3,8,2,1,1,0,-1
385,4,7,2,1,0,-1,0
385,5,5,2,0,0,0,0
385,6,1,1,0,0,0,0
385,7,1,1,0,0,0,0
385,8,1,1,0,0,0,0
385,9,5,2,0,0,0,0
385,10,5,2,0,0,0,1
385,11,6,2,0,1,0,0
385,12,2,1,0,1,0,0
385,13,2,1,0,1,1,0
385,14,4,1,1,1,0,0
385,15,4,1,1,1,0,0
385,16,8,2,1,1,-1,0
385,17,2,1,0,1,0,-1
385,18,5,2,0,0,0,1
385,19,6,2,0,1,1,0
385,20,8,2,1,1,0,0
385,21,4,1,1,1,0,0
385,22,4,1,1,1,0,0
385,23,4,1,1,1,0,-1
385,24,7,2,1,0,0,0
385,25,7,2,1,0,-1,1
385,26,6,2,0,1,0,0
385,27,6,2,0,1,0,0
385,28,6,2,0,1,0,0
385,29,2,1,0,1,0,0
385,30,2,1,0,1,0,0
385,31,2,1,0,1,0,-1
385,32,1,1,0,0,0,0
385,33,5,2,0,0,0,0
385,34,1,1,0,0,0,1
385,35,6,2,0,1,0,0
385,36,6,2,0,1,1,0
385,37,8,2,1,1,0,0
385,38,8,2,1,1,-1,0
385,39,6,2,0,1,0,0
385,40,2,1,0,1,1,-1
385,41,3,1,1,0,0,1
385,42,4,1,1,1,0,0
385,43,4,1,1,1,-1,-1
385,44,1,1,0,0,0,1
385,45,6,2,0,1,1,0
385,46,8,2,1,1,0,0
385,47,8,2,1,1,0,-1
385,48,7,2,1,0,0,1
385,49,8,2,1,1,-1,0
385,50,2,1,0,1,1,0
386,1,8,2,1,1,0,0
386,2,4,1,1,1,0,0
386,3,4,1,1,1,0,0
386,4,8,2,1,1,-1,0
386,5,6,2,0,1,0,0
386,6,2,1,0,1,0,-1
386,7,5,2,0,0,0,0
386,8,5,2,0,0,0,1
386,9,6,2,0,1,0,0
386,10,2,1,0,1,0,-1
386,11,5,2,0,0,0,1
386,12,6,2,0,1,0,0
386,13,2,1,0,1,0,0
386,14,2,1,0,1,0,0
386,15,2,1,0,1,1,0
386,16,4,1,1,1,0,0
386,17,4,1,1,1,0,0
386,18,8,2,1,1,0,0
386,19,4,1,1,1,0,-1
386,20,3,1,1,0,0,0
386,21,7,2,1,0,0,0
386,22,3,1,1,0,0,0
386,23,7,2,1,0,0,0
386,24,7,2,1,0,0,0
386,25,7,2,1,0,0,0
386,26,3,1,1,0,0,0
386,27,3,1,1,0,0,0
386,28,3,1,1,0,0,0
386,29,3,1,1,0,0,1
386,30,8,2,1,1,0,0
386,31,8,2,1,1,0,0
386,32,4,1,1,1,0,0
386,33,4,1,1,1,0,-1
386,34,3,1,1,0,0,0
386,35,3,1,1,0,0,1
386,36,4,1,1,1,0,0
386,37,8,2,1,1,0,0
386,38,4,1,1,1,-1,0
386,39,6,2,0,1,0,0
386,40,6,2,0,1,0,0
386,41,6,2,0,1,0,0
386,42,6,2,0,1,0,0
386,43,2,1,0,1,1,0
386,44,4,1,1,1,-1,0
386,45,2,1,0,1,0,0
386,46,6,2,0,1,0,-1
386,47,1,1,0,0,0,1
386,48,6,2,0,1,0,0
386,49,2,1,0,1,1,0
386,50,4,1,1,1,0,0
387,1,6,2,0,1,0,-1
387,2,5,2,0,0,0,0
387,3,5,2,0,0,1,0
387,4,7,2,1,0,-1,1
387,5,2,1,0,1,1,0
387,6,4,1,1,1,0,0
387,7,4,1,1,1,0,0
387,8,4,1,1,1,0,0
387,9,4,1,1,1,0,-1
387,10,3,1,1,0,0,0
387,11,3,1,1,0,0,0
387,12,3,1,1,0,-1,0
387,13,1,1,0,0,0,0
387,14,5,2,0,0,0,0
387,15,5,2,0,0,0,1
387,16,2,1,0,1,0,0
387,17,2,1,0,1,0,0
387,18,6,2,0,1,0,-1
387,19,5,2,0,0,1,0
387,20,3,1,1,0,0,0
387,21,3,1,1,0,0,0
387,22,3,1,1,0,0,0
387,23,7,2,1,0,0,0
387,24,3,1,1,0,0,0
387,25,3,1,1,0,0,1
387,26,4,1,1,1,0,0
387,27,4,1,1,1,0,0
387,28,8,2,1,1,-1,0
387,29,6,2,0,1,0,0
387,30,6,2,0,1,0,0
387,31,2,1,0,1,1,0
387,32,4,1,1,1,0,-1
387,33,7,2,1,0,0,0
387,34,7,2,1,0,0,0
387,35,7,2,1,0,0,1
387,36,8,2,1,1,0,0
387,37,8,2,1,1,0,0
387,38,8,2,1,1,0,0
387,39,8,2,1,1,0,0
387,40,8,2,1,1,-1,0
387,41,6,2,0,1,1,0
387,42,4,1,1,1,0,0
387,43,4,1,1,1,0,0
387,44,8,2,1,1,0,-1
387,45,7,2,1,0,0,1
387,46,8,2,1,1,0,0
387,47,4,1,1,1,0,0
387,48,8,2,1,1,-1,0
387,49,2,1,0,1,0,0
387,50,2,1,0,1,0,0
388,1,7,2,1,0,0,0
388,2,7,2,1,0,0,0
388,3,7,2,1,0,0,0
388,4,7,2,1,0,0,0
388,5,3,1,1,0,0,0
388,6,3,1,1,0,-1,1
388,7,2,1,0,1,0,0
388,8,6,2,0,1,0,0
388,9,2,1,0,1,1,-1
388,10,3,1,1,0,0,0
388,11,7,2,1,0,0,0
388,12,7,2,1,0,0,0
388,13,7,2,1,0,-1,0
388,14,5,2,0,0,0,1
388,15,6,2,0,1,0,0
388,16,6,2,0,1,0,0
388,17,2,1,0,1,0,-1
388,18,1,1,0,0,1,0
388,19,3,1,1,0,0,1
388,20,4,1,1,1,0,-1
388,21,3,1,1,0,0,1
388,22,4,1,1,1,-1,0
388,23,2,1,0,1,0,0
388,24,2,1,0,1,0,0
388,25,2,1,0,1,1,0
388,26,4,1,1,1,0,0
388,27,4,1,1,1,0,0
388,28,4,1,1,1,-1,0
388,29,2,1,0,1,1,0
388,30,8,2,1,1,0,0
388,31,4,1,1,1,0,0
388,32,8,2,1,1,0,-1
388,33,3,1,1,0,-1,1
388,34,2,1,0,1,0,0
388,35,2,1,0,1,0,0
388,36,6,2,0,1,0,0
388,37,2,1,0,1,0,0
388,38,2,1,0,1,0,-1
388,39,5,2,0,0,1,0
388,40,7,2,1,0,0,1
388,41,8,2,1,1,0,-1
388,42,7,2,1,0,0,1
388,43,8,2,1,1,0,0
388,44,4,1,1,1,0,0
388,45,4,1,1,1,-1,0
388,46,6,2,0,1,0,0
388,47,6,2,0,1,0,0
388,48,6,2,0,1,1,-1
388,49,3,1,1,0,0,1
388,50,4,1,1,1,0,0
389,1,7,2,1,0,0,0
389,2,3,1,1,0,0,0
389,3,3,1,1,0,0,0
389,4,3,1,1,0,0,0
389,5,7,2,1,0,0,1
389,6,8,2,1,1,0,0
389,7,8,2,1,1,0,-1
389,8,3,1,1,0,0,0
389,9,3,1,1,0,0,0
389,10,3,1,1,0,0,1
389,11,4,1,1,1,0,0
389,12,4,1,1,1,-1,-1
389,13,1,1,0,0,0,1
389,14,6,2,0,1,1,0
389,15,4,1,1,1,0,0
389,16,4,1,1,1,0,0
389,17,4,1,1,1,0,-1
389,18,7,2,1,0,0,1
389,19,8,2,1,1,0,-1
389,20,7,2,1,0,0,1
389,21,8,2,1,1,0,-1
389,22,7,2,1,0,0,0
389,23,7,2,1,0,0,0
389,24,3,1,1,0,0,1
389,25,4,1,1,1,0,-1
389,26,7,2,1,0,-1,0
389,27,5,2,0,0,0,0
389,28,5,2,0,0,0,0
389,29,5,2,0,0,0,1
389,30,6,2,0,1,0,0
389,31,6,2,0,1,0,0
389,32,2,1,0,1,0,0
389,33,2,1,0,1,1,0
389,34,4,1,1,1,0,0
389,35,4,1,1,1,0,0
389,36,4,1,1,1,-1,0
389,37,2,1,0,1,0,0
389,38,2,1,0,1,0,0
389,39,2,1,0,1,1,0
389,40,4,1,1,1,0,0
389,41,4,1,1,1,-1,-1
389,42,1,1,0,0,0,0
389,43,5,2,0,0,0,0
389,44,1,1,0,0,0,0
389,45,1,1,0,0,1,0
389,46,7,2,1,0,0,1
389,47,4,1,1,1,0,0
389,48,8,2,1,1,0,0
389,49,8,2,1,1,0,-1
389,50,7,2,1,0,0,0
390,1,1,1,0,0,0,0
390,2,5,2,0,0,0,0
390,3,5,2,0,0,1,0
390,4,7,2,1,0,-1,0
390,5,5,2,0,0,0,0
390,6,1,1,0,0,1,0
390,7,3,1,1,0,0,0
390,8,3,1,1,0,-1,0
390,9,5,2,0,0,0,1
390,10,6,2,0,1,0,-1
390,11,1,1,0,0,1,0
390,12,7,2,1,0,0,0
390,13,7,2,1,0,0,0
390,14,3,1,1,0,-1,0
390,15,1,1,0,0,1,0
390,16,3,1,1,0,0,0
390,17,7,2,1,0,0,0
390,18,7,2,1,0,0,0
390,19,7,2,1,0,0,0
390,20,7,2,1,0,0,0
390,21,3,1,1,0,0,0
390,22,7,2,1,0,0,1
390,23,8,2,1,1,0,0
390,24,8,2,1,1,-1,0
390,25,2,1,0,1,0,0
390,26,2,1,0,1,1,0
390,27,4,1,1,1,0,0
390,28,8,2,1,1,0,0
390,29,4,1,1,1,0,0
390,30,4,1,1,1,0,-1
390,31,3,1,1,0,0,0
390,32,7,2,1,0,0,0
390,33,7,2,1,0,0,0
390,34,7,2,1,0,0,1
390,35,8,2,1,1,-1,0
390,36,6,2,0,1,0,0
390,37,2,1,0,1,1,0
390,38,8,2,1,1,0,0
390,39,4,1,1,1,-1,0
390,40,6,2,0,1,0,0
390,41,2,1,0,1,0,0
390,42,6,2,0,1,0,0
390,43,6,2,0,1,0,-1
390,44,1,1,0,0,0,0
390,45,1,1,0,0,0,0
390,46,5,2,0,0,0,1
390,47,2,1,0,1,0,-1
390,48,1,1,0,0,1,0
390,49,3,1,1,0,-1,0
390,50,5,2,0,0,0,0
391,1,2,1,0,1,0,0
391,2,6,2,0,1,1,0
391,3,8,2,1,1,0,0
391,4,8,2,1,1,-1,0
391,5,2,1,0,1,1,-1
391,6,7,2,1,0,0,0
391,7,7,2,1,0,0,0
391,8,7,2,1,0,0,0
391,9,3,1,1,0,0,1
391,10,4,1,1,1,0,-1
391,11,7,2,1,0,0,0
391,12,7,2,1,0,0,1
391,13,8,2,1,1,-1,0
391,14,2,1,0,1,1,0
391,15,4,1,1,1,0,0
391,16,8,2,1,1,-1,0
391,17,6,2,0,1,0,0
391,18,6,2,0,1,0,0
391,19,2,1,0,1,1,-1
391,20,3,1,1,0,0,1
391,21,4,1,1,1,0,0
391,22,4,1,1,1,0,0
391,23,4,1,1,1,-1,0
391,24,2,1,0,1,0,0
391,25,2,1,0,1,0,0
391,26,6,2,0,1,1,0
391,27,8,2,1,1,-1,0
391,28,2,1,0,1,0,0
391,29,6,2,0,1,0,0
391,30,6,2,0,1,0,0
391,31,6,2,0,1,0,0
391,32,6,2,0,1,0,0
391,33,6,2,0,1,0,0
391,34,6,2,0,1,0,-1
391,35,1,1,0,0,0,1
391,36,2,1,0,1,1,0
391,37,4,1,1,1,-1,-1
391,38,1,1,0,0,0,1
391,39,6,2,0,1,1,0
391,40,8,2,1,1,0,0
391,41,8,2,1,1,0,-1
391,42,3,1,1,0,0,0
391,43,3,1,1,0,0,0
391,44,3,1,1,0,0,0
391,45,3,1,1,0,0,0
391,46,3,1,1,0,0,0
391,47,7,2,1,0,0,1
391,48,8,2,1,1,0,0
391,49,8,2,1,1,-1,0
391,50,6,2,0,1,1,0
392,1,2,1,0,1,1,0
392,2,4,1,1,1,0,0
392,3,4,1,1,1,0,0
392,4,4,1,1,1,0,0
392,5,4,1,1,1,0,-1
392,6,3,1,1,0,0,0
392,7,7,2,1,0,0,0
392,8,3,1,1,0,0,0
392,9,3,1,1,0,0,0
392,10,3,1,1,0,0,0
392,11,3,1,1,0,-1,0
392,12,1,1,0,0,1,0
392,13,3,1,1,0,0,1
392,14,4,1,1,1,0,0
392,15,4,1,1,1,0,-1
392,16,7,2,1,0,-1,0
392,17,5,2,0,0,0,0
392,18,1,1,0,0,0,0
392,19,5,2,0,0,1,0
392,20,7,2,1,0,0,1
392,21,8,2,1,1,0,0
392,22,4,1,1,1,0,0
392,23,4,1,1,1,0,0
392,24,4,1,1,1,0,0
392,25,4,1,1,1,0,0
392,26,8,2,1,1,0,0
392,27,8,2,1,1,0,-1
392,28,7,2,1,0,0,1
392,29,4,1,1,1,0,0
392,30,4,1,1,1,-1,0
392,31,6,2,0,1,0,-1
392,32,5,2,0,0,0,0
392,33,5,2,0,0,0,0
392,34,1,1,0,0,0,1
392,35,6,2,0,1,1,0
392,36,4,1,1,1,0,0
392,37,4,1,1,1,0,-1
392,38,3,1,1,0,0,1
392,39,8,2,1,1,0,0
392,40,8,2,1,1,0,0
392,41,4,1,1,1,0,-1
392,42,3,1,1,0,0,1
392,43,4,1,1,1,0,0
392,44,4,1,1,1,0,0
392,45,4,1,1,1,0,-1
392,46,7,2,1,0,0,0
392,47,7,2,1,0,0,0
392,48,3,1,1,0,-1,0
392,49,1,1,0,0,0,0
392,50,1,1,0,0,0,0
393,1,2,1,0,1,0,0
393,2,6,2,0,1,0,-1
393,3,5,2,0,0,0,0
393,4,1,1,0,0,0,0
393,5,1,1,0,0,1,0
393,6,3,1,1,0,0,0
393,7,3,1,1,0,0,1
393,8,8,2,1,1,-1,-1
393,9,1,1,0,0,0,0
393,10,1,1,0,0,1,0
393,11,3,1,1,0,0,0
393,12,3,1,1,0,0,0
393,13,7,2,1,0,0,0
393,14,7,2,1,0,0,1
393,15,8,2,1,1,0,0
393,16,8,2,1,1,0,0
393,17,4,1,1,1,-1,0
393,18,2,1,0,1,1,-1
393,19,3,1,1,0,0,0
393,20,3,1,1,0,0,0
393,21,7,2,1,0,0,0
393,22,3,1,1,0,-1,0
393,23,1,1,0,0,1,1
393,24,4,1,1,1,0,0
393,25,4,1,1,1,0,0
393,26,4,1,1,1,0,0
393,27,4,1,1,1,0,0
393,28,8,2,1,1,0,0
393,29,8,2,1,1,0,0
393,30,8,2,1,1,0,0
393,31,4,1,1,1,-1,0
393,32,6,2,0,1,0,0
393,33,2,1,0,1,0,-1
393,34,5,2,0,0,1,0
393,35,7,2,1,0,0,0
393,36,3,1,1,0,-1,0
393,37,1,1,0,0,0,1
393,38,6,2,0,1,0,0
393,39,6,2,0,1,0,0
393,40,2,1,0,1,0,0
393,41,6,2,0,1,0,0
393,42,6,2,0,1,1,0
393,43,4,1,1,1,0,0
393,44,4,1,1,1,0,0
393,45,4,1,1,1,0,0
393,46,8,2,1,1,0,-1
393,47,7,2,1,0,0,0
393,48,3,1,1,0,0,0
393,49,7,2,1,0,-1,0
393,50,1,1,0,0,1,1
394,1,2,1,0,1,1,0
394,2,4,1,1,1,0,0
394,3,4,1,1,1,0,0
394,4,4,1,1,1,0,0
394,5,4,1,1,1,-1,0
394,6,2,1,0,1,0,0
394,7,6,2,0,1,0,0
394,8,6,2,0,1,0,-1
394,9,1,1,0,0,0,1
394,10,6,2,0,1,1,-1
394,11,7,2,1,0,0,1
394,12,8,2,1,1,0,-1
394,13,7,2,1,0,-1,0
394,14,5,2,0,0,0,0
394,15,1,1,0,0,1,0
394,16,7,2,1,0,0,1
394,17,4,1,1,1,0,0
394,18,8,2,1,1,0,-1
394,19,3,1,1,0,0,1
394,20,4,1,1,1,0,-1
394,21,3,1,1,0,-1,0
394,22,1,1,0,0,1,0
394,23,7,2,1,0,0,0
394,24,7,2,1,0,0,0
394,25,7,2,1,0,0,0
394,26,7,2,1,0,0,0
394,27,3,1,1,0,0,1
394,28,4,1,1,1,0,-1
394,29,7,2,1,0,0,0
394,30,7,2,1,0,-1,1
394,31,6,2,0,1,0,0
394,32,6,2,0,1,0,0
394,33,2,1,0,1,0,0
394,34,2,1,0,1,0,0
394,35,2,1,0,1,1,0
394,36,8,2,1,1,0,0
394,37,8,2,1,1,0,-1
394,38,3,1,1,0,0,0
394,39,3,1,1,0,0,0
394,40,7,2,1,0,0,1
394,41,8,2,1,1,0,0
394,42,8,2,1,1,0,-1
394,43,3,1,1,0,0,1
394,44,4,1,1,1,0,0
394,45,4,1,1,1,0,-1
394,46,7,2,1,0,0,0
394,47,3,1,1,0,0,0
394,48,3,1,1,0,0,0
394,49,3,1,1,0,0,0
394,50,3,1,1,0,0,0
395,1,7,2,1,0,0,0
395,2,7,2,1,0,0,0
395,3,7,2,1,0,0,0
395,4,7,2,1,0,0,1
395,5,8,2,1,1,0,0
395,6,4,1,1,1,0,0
395,7,8,2,1,1,0,0
395,8,8,2,1,1,0,0
395,9,4,1,1,1,0,-1
395,10,3,1,1,0,0,1
395,11,4,1,1,1,0,0
395,12,8,2,1,1,0,0
395,13,4,1,1,1,0,-1
395,14,3,1,1,0,0,1
395,15,8,2,1,1,-1,-1
395,16,5,2,0,0,0,0
395,17,1,1,0,0,0,0
395,18,1,1,0,0,1,0
395,19,3,1,1,0,0,1
395,20,4,1,1,1,0,-1
395,21,7,2,1,0,0,0
395,22,3,1,1,0,0,0
395,23,7,2,1,0,0,0
395,24,3,1,1,0,0,1
395,25,4,1,1,1,0,0
395,26,4,1,1,1,0,0
395,27,4,1,1,1,0,0
395,28,4,1,1,1,0,0
395,29,4,1,1,1,0,-1
395,30,3,1,1,0,0,0
395,31,3,1,1,0,0,0
395,32,3,1,1,0,0,0
395,33,3,1,1,0,-1,0
395,34,1,1,0,0,0,0
395,35,1,1,0,0,0,1
395,36,2,1,0,1,1,0
395,37,8,2,1,1,0,0
395,38,8,2,1,1,0,-1
395,39,7,2,1,0,0,0
395,40,7,2,1,0,0,0
395,41,7,2,1,0,0,0
395,42,3,1,1,0,0,1
395,43,4,1,1,1,0,0
395,44,8,2,1,1,0,0
395,45,4,1,1,1,-1,0
395,46,2,1,0,1,0,0
395,47,2,1,0,1,0,0
395,48,6,2,0,1,0,0
395,49,6,2,0,1,1,0
395,50,4,1,1,1,0,-1
396,1,2,1,0,1,1,0
396,2,4,1,1,1,0,0
396,3,8,2,1,1,0,0
396,4,8,2,1,1,0,-1
396,5,7,2,1,0,-1,0
396,6,1,1,0,0,0,1
396,7,2,1,0,1,0,0
396,8,2,1,0,1,1,0
396,9,4,1,1,1,-1,0
396,10,2,1,0,1,0,0
396,11,2,1,0,1,1,-1
396,12,3,1,1,0,-1,0
396,13,5,2,0,0,1,0
396,14,7,2,1,0,0,0
396,15,7,2,1,0,0,0
396,16,7,2,1,0,0,0
396,17,7,2,1,0,0,0
396,18,7,2,1,0,0,0
396,19,3,1,1,0,0,0
396,20,7,2,1,0,0,0
396,21,3,1,1,0,0,0
396,22,3,1,1,0,0,0
396,23,3,1,1,0,0,0
396,24,3,1,1,0,0,0
396,25,3,1,1,0,0,0
396,26,3,1,1,0,-1,0
396,27,5,2,0,0,0,1
396,28,6,2,0,1,0,-1
396,29,1,1,0,0,0,1
396,30,2,1,0,1,0,0
396,31,6,2,0,1,1,0
396,32,8,2,1,1,0,0
396,33,8,2,1,1,-1,-1
396,34,5,2,0,0,1,0
396,35,7,2,1,0,0,0
396,36,7,2,1,0,0,0
396,37,7,2,1,0,0,0
396,38,3,1,1,0,0,1
396,39,4,1,1,1,0,-1
396,40,3,1,1,0,-1,0
396,41,1,1,0,0,0,0
396,42,1,1,0,0,1,0
396,43,3,1,1,0,0,0
396,44,3,1,1,0,0,0
396,45,3,1,1,0,0,1
396,46,4,1,1,1,0,-1
396,47,3,1,1,0,0,1
396,48,8,2,1,1,0,0
396,49,8,2,1,1,0,0
396,50,4,1,1,1,0,0
397,1,3,1,1,0,0,1
397,2,4,1,1,1,-1,0
397,3,6,2,0,1,0,0
397,4,6,2,0,1,0,0
397,5,2,1,0,1,0,0
397,6,6,2,0,1,0,0
397,7,6,2,0,1,0,0
397,8,2,1,0,1,0,0
397,9,2,1,0,1,1,0
397,10,4,1,1,1,0,-1
397,11,7,2,1,0,0,1
397,12,4,1,1,1,0,0
397,13,4,1,1,1,0,0
397,14,8,2,1,1,0,0
397,15,8,2,1,1,-1,0
397,16,6,2,0,1,0,0
397,17,2,1,0,1,0,0
397,18,6,2,0,1,1,0
397,19,8,2,1,1,-1,-1
397,20,5,2,0,0,0,0
397,21,1,1,0,0,0,0
397,22,5,2,0,0,1,0
397,23,7,2,1,0,0,0
397,24,3,1,1,0,0,0
397,25,3,1,1,0,-1,0
397,26,1,1,0,0,0,1
397,27,2,1,0,1,1,0
397,28,8,2,1,1,-1,0
397,29,6,2,0,1,0,0
397,30,6,2,0,1,0,-1
397,31,1,1,0,0,0,0
397,32,1,1,0,0,1,0
397,33,7,2,1,0,-1,0
397,34,5,2,0,0,1,1
397,35,4,1,1,1,0,0
397,36,4,1,1,1,0,0
397,37,4,1,1,1,0,-1
397,38,3,1,1,0,0,0
397,39,3,1,1,0,0,0
397,40,3,1,1,0,0,1
397,41,4,1,1,1,0,-1
397,42,7,2,1,0,-1,1
397,43,6,2,0,1,0,0
397,44,6,2,0,1,0,0
397,45,2,1,0,1,1,-1
397,46,3,1,1,0,-1,0
397,47,1,1,0,0,0,1
397,48,6,2,0,1,0,0
397,49,2,1,0,1,0,0
397,50,2,1,0,1,0,0
398,1,1,1,0,0,1,0
398,2,7,2,1,0,0,0
398,3,7,2,1,0,0,0
398,4,7,2,1,0,0,0
398,5,3,1,1,0,0,0
398,6,3,1,1,0,0,0
398,7,7,2,1,0,0,0
398,8,7,2,1,0,0,0
398,9,7,2,1,0,-1,0
398,10,5,2,0,0,1,1
398,11,8,2,1,1,0,0
398,12,8,2,1,1,0,-1
398,13,7,2,1,0,0,0
398,14,7,2,1,0,0,1
398,15,8,2,1,1,-1,0
398,16,6,2,0,1,1,0
398,17,8,2,1,1,0,-1
398,18,3,1,1,0,0,1
398,19,4,1,1,1,0,0
398,20,4,1,1,1,0,0
398,21,8,2,1,1,-1,0
398,22,6,2,0,1,0,0
398,23,2,1,0,1,1,0
398,24,4,1,1,1,0,-1
398,25,3,1,1,0,0,0
398,26,7,2,1,0,-1,0
398,27,5,2,0,0,0,1
398,28,2,1,0,1,0,0
398,29,2,1,0,1,0,-1
398,30,1,1,0,0,0,0
398,31,1,1,0,0,1,1
398,32,4,1,1,1,0,0
398,33,4,1,1,1,-1,0
398,34,2,1,0,1,1,0
398,35,8,2,1,1,0,0
398,36,8,2,1,1,0,0
398,37,8,2,1,1,-1,0
398,38,6,2,0,1,0,0
398,39,6,2,0,1,0,0
398,40,6,2,0,1,1,0
398,41,8,2,1,1,0,0
398,42,4,1,1,1,0,0
398,43,8,2,1,1,0,0
398,44,4,1,1,1,0,0
398,45,4,1,1,1,0,0
398,46,4,1,1,1,0,-1
398,47,3,1,1,0,0,1
398,48,8,2,1,1,-1,0
398,49,6,2,0,1,0,0
398,50,2,1,0,1,0,0
399,1,7,2,1,0,-1,0
399,2,5,2,0,0,1,0
399,3,3,1,1,0,0,0
399,4,3,1,1,0,0,1
399,5,4,1,1,1,0,0
399,6,4,1,1,1,0,0
399,7,4,1,1,1,0,0
399,8,8,2,1,1,0,0
399,9,8,2,1,1,0,0
399,10,8,2,1,1,0,-1
399,11,7,2,1,0,0,0
399,12,3,1,1,0,0,0
399,13,3,1,1,0,0,1
399,14,4,1,1,1,0,0
399,15,8,2,1,1,0,0
399,16,8,2,1,1,0,0
399,17,8,2,1,1,-1,-1
399,18,1,1,0,0,0,0
399,19,1,1,0,0,0,0
399,20,1,1,0,0,1,1
399,21,4,1,1,1,-1,0
399,22,6,2,0,1,0,0
399,23,6,2,0,1,0,0
399,24,2,1,0,1,1,0
399,25,8,2,1,1,0,0
399,26,8,2,1,1,0,0
399,27,8,2,1,1,0,0
399,28,4,1,1,1,-1,-1
399,29,1,1,0,0,1,1
399,30,8,2,1,1,-1,-1
399,31,1,1,0,0,0,1
399,32,6,2,0,1,0,-1
399,33,1,1,0,0,1,0
399,34,3,1,1,0,-1,0
399,35,1,1,0,0,0,0
399,36,1,1,0,0,1,0
399,37,7,2,1,0,0,0
399,38,7,2,1,0,0,0
399,39,7,2,1,0,0,0
399,40,3,1,1,0,-1,0
399,41,1,1,0,0,0,0
399,42,5,2,0,0,1,0
399,43,3,1,1,0,-1,0
399,44,5,2,0,0,1,1
399,45,4,1,1,1,0,-1
399,46,7,2,1,0,-1,0
399,47,5,2,0,0,0,0
399,48,1,1,0,0,0,0
399,49,1,1,0,0,1,0
399,50,3,1,1,0,0,0
400,1,7,2,1,0,-1,0
400,2,1,1,0,0,1,0
400,3,7,2,1,0,0,0
400,4,3,1,1,0,-1,0
400,5,1,1,0,0,0,0
400,6,1,1,0,0,0,0
400,7,5,2,0,0,0,0
400,8,5,2,0,0,0,0
400,9,5,2,0,0,0,0
400,10,5,2,0,0,0,0
400,11,1,1,0,0,0,0
400,12,5,2,0,0,1,0
400,13,3,1,1,0,0,0
400,14,3,1,1,0,-1,0
400,15,1,1,0,0,0,1
400,16,6,2,0,1,1,0
400,17,4,1,1,1,-1,0
400,18,2,1,0,1,0,-1
400,19,5,2,0,0,1,1
400,20,4,1,1,1,-1,-1
400,21,1,1,0,0,0,1
400,22,6,2,0,1,1,0
400,23,8,2,1,1,-1,0
400,24,2,1,0,1,0,0
400,25,2,1,0,1,0,-1
400,26,1,1,0,0,0,1
400,27,2,1,0,1,0,0
400,28,2,1,0,1,1,0
400,29,4,1,1,1,-1,0
400,30,6,2,0,1,0,0
400,31,6,2,0,1,1,-1
400,32,7,2,1,0,-1,0
400,33,5,2,0,0,1,0
400,34,3,1,1,0,0,1
400,35,8,2,1,1,0,0
400,36,8,2,1,1,0,0
400,37,8,2,1,1,0,-1
400,38,7,2,1,0,0,0
400,39,3,1,1,0,0,1
400,40,8,2,1,1,0,-1
400,41,7,2,1,0,-1,0
400,42,5,2,0,0,1,1
400,43,8,2,1,1,-1,0
400,44,6,2,0,1,0,-1
400,45,5,2,0,0,1,0
400,46,7,2,1,0,0,1
400,47,8,2,1,1,0,0
400,48,8,2,1,1,0,0
400,49,4,1,1,1,0,-1
400,50,3,1,1,0,0,1
401,1,8,2,1,1,0,0
401,2,4,1,1,1,0,0
401,3,4,1,1,1,-1,0
401,4,6,2,0,1,0,0
401,5,6,2,0,1,0,0
401,6,6,2,0,1,0,-1
401,7,5,2,0,0,0,1
401,8,6,2,0,1,1,-1
401,9,3,1,1,0,0,0
401,10,3,1,1,0,0,1
401,11,4,1,1,1,0,0
401,12,8,2,1,1,0,-1
401,13,3,1,1,0,0,0
401,14,3,1,1,0,0,0
401,15,7,2,1,0,0,1
401,16,4,1,1,1,0,0
401,17,4,1,1,1,0,0
401,18,4,1,1,1,0,-1
401,19,3,1,1,0,0,0
401,20,7,2,1,0,0,0
401,21,3,1,1,0,0,0
401,22,7,2,1,0,0,1
401,23,8,2,1,1,-1,-1
401,24,5,2,0,0,0,1
401,25,2,1,0,1,0,-1
401,26,1,1,0,0,0,1
401,27,6,2,0,1,0,0
401,28,2,1,0,1,1,0
401,29,4,1,1,1,0,0
401,30,8,2,1,1,-1,0
401,31,2,1,0,1,1,0
401,32,4,1,1,1,0,0
401,33,8,2,1,1,0,-1
401,34,3,1,1,0,0,0
401,35,3,1,1,0,0,0
401,36,3,1,1,0,0,0
401,37,3,1,1,0,0,0
401,38,3,1,1,0,0,0
401,39,3,1,1,0,0,0
401,40,3,1,1,0,0,0
401,41,3,1,1,0,0,0
401,42,3,1,1,0,0,0
401,43,3,1,1,0,0,0
401,44,3,1,1,0,0,0
401,45,7,2,1,0,0,1
401,46,4,1,1,1,0,0
401,47,8,2,1,1,0,0
401,48,8,2,1,1,-1,0
401,49,6,2,0,1,1,0
401,50,4,1,1,1,0,0
402,1,7,2,1,0,0,0
402,2,7,2,1,0,0,1
402,3,8,2,1,1,0,0
402,4,8,2,1,1,0,0
402,5,4,1,1,1,-1,0
402,6,2,1,0,1,0,0
402,7,2,1,0,1,0,0
402,8,2,1,0,1,0,-1
402,9,1,1,0,0,0,1
402,10,6,2,0,1,0,0
402,11,6,2,0,1,1,0
402,12,8,2,1,1,0,0
402,13,4,1,1,1,0,0
402,14,4,1,1,1,0,-1
402,15,3,1,1,0,0,0
402,16,3,1,1,0,0,1
402,17,4,1,1,1,0,0
402,18,4,1,1,1,0,0
402,19,4,1,1,1,0,-1
402,20,3,1,1,0,0,0
402,21,3,1,1,0,0,0
402,22,7,2,1,0,0,0
402,23,3,1,1,0,0,0
402,24,3,1,1,0,0,0
402,25,3,1,1,0,0,0
402,26,3,1,1,0,0,0
402,27,3,1,1,0,0,0
402,28,3,1,1,0,0,1
402,29,4,1,1,1,0,-1
402,30,7,2,1,0,0,0
402,31,7,2,1,0,-1,0
402,32,5,2,0,0,1,1
402,33,4,1,1,1,0,0
402,34,4,1,1,1,-1,-1
402,35,1,1,0,0,1,0
402,36,7,2,1,0,0,1
402,37,8,2,1,1,0,0
402,38,8,2,1,1,0,0
402,39,4,1,1,1,0,0
402,40,4,1,1,1,-1,0
402,41,2,1,0,1,0,0
402,42,2,1,0,1,0,-1
402,43,1,1,0,0,0,1
402,44,6,2,0,1,0,0
402,45,6,2,0,1,0,0
402,46,6,2,0,1,0,-1
402,47,5,2,0,0,0,0
402,48,5,2,0,0,0,0
402,49,5,2,0,0,1,0
402,50,7,2,1,0,-1,1
403,1,6,2,0,1,0,0
403,2,6,2,0,1,0,0
403,3,2,1,0,1,0,0
403,4,6,2,0,1,0,0
403,5,2,1,0,1,0,-1
403,6,5,2,0,0,1,0
403,7,7,2,1,0,0,0
403,8,7,2,1,0,0,0
403,9,3,1,1,0,0,1
403,10,8,2,1,1,0,0
403,11,8,2,1,1,0,0
403,12,4,1,1,1,0,0
403,13,4,1,1,1,0,0
403,14,8,2,1,1,0,-1
403,15,7,2,1,0,0,1
403,16,4,1,1,1,0,-1
403,17,7,2,1,0,0,0
403,18,7,2,1,0,0,0
403,19,3,1,1,0,0,0
403,20,7,2,1,0,0,0
403,21,7,2,1,0,0,0
403,22,7,2,1,0,0,1
403,23,8,2,1,1,0,-1
403,24,3,1,1,0,0,0
403,25,3,1,1,0,-1,0
403,26,1,1,0,0,1,0
403,27,3,1,1,0,-1,0
403,28,5,2,0,0,0,0
403,29,1,1,0,0,0,0
403,30,1,1,0,0,0,0
403,31,1,1,0,0,0,0
403,32,5,2,0,0,0,1
403,33,6,2,0,1,1,-1
403,34,3,1,1,0,0,0
403,35,3,1,1,0,0,0
403,36,3,1,1,0,0,0
403,37,7,2,1,0,0,1
403,38,8,2,1,1,0,0
403,39,8,2,1,1,-1,-1
403,40,5,2,0,0,0,0
403,41,5,2,0,0,1,1
403,42,8,2,1,1,0,0
403,43,8,2,1,1,0,-1
403,44,3,1,1,0,0,0
403,45,3,1,1,0,0,1
403,46,4,1,1,1,-1,0
403,47,2,1,0,1,1,-1
403,48,3,1,1,0,-1,0
403,49,5,2,0,0,0,0
403,50,5,2,0,0,0,0
404,1,2,1,0,1,0,0
404,2,6,2,0,1,0,0
404,3,6,2,0,1,1,0
404,4,8,2,1,1,-1,0
404,5,2,1,0,1,1,0
404,6,4,1,1,1,0,0
404,7,4,1,1,1,0,0
404,8,8,2,1,1,0,0
404,9,4,1,1,1,-1,0
404,10,2,1,0,1,1,0
404,11,4,1,1,1,0,0
404,12,8,2,1,1,0,-1
404,13,3,1,1,0,0,0
404,14,7,2,1,0,0,0
404,15,7,2,1,0,0,1
404,16,4,1,1,1,0,0
404,17,4,1,1,1,0,0
404,18,4,1,1,1,0,0
404,19,4,1,1,1,-1,-1
404,20,1,1,0,0,0,0
404,21,1,1,0,0,0,0
404,22,1,1,0,0,0,0
404,23,5,2,0,0,0,0
404,24,5,2,0,0,1,0
404,25,7,2,1,0,-1,0
404,26,1,1,0,0,1,0
404,27,7,2,1,0,0,0
404,28,7,2,1,0,0,0
404,29,3,1,1,0,-1,0
404,30,1,1,0,0,0,0
404,31,1,1,0,0,1,0
404,32,3,1,1,0,-1,0
404,33,1,1,0,0,0,0
404,34,5,2,0,0,0,0
404,35,1,1,0,0,1,0
404,36,7,2,1,0,0,0
404,37,3,1,1,0,-1,0
404,38,1,1,0,0,0,1
404,39,2,1,0,1,0,0
404,40,2,1,0,1,0,-1
404,41,5,2,0,0,1,0
404,42,7,2,1,0,0,1
404,43,4,1,1,1,0,0
404,44,4,1,1,1,-1,0
404,45,6,2,0,1,1,0
404,46,8,2,1,1,0,0
404,47,8,2,1,1,-1,0
404,48,6,2,0,1,0,0
404,49,6,2,0,1,1,0
404,50,8,2,1,1,0,0
405,1,6,2,0,1,0,0
405,2,2,1,0,1,1,0
405,3,4,1,1,1,0,-1
405,4,3,1,1,0,-1,0
405,5,1,1,0,0,0,0
405,6,5,2,0,0,0,0
405,7,5,2,0,0,1,0
405,8,7,2,1,0,-1,0
405,9,5,2,0,0,0,1
405,10,6,2,0,1,0,-1
405,11,5,2,0,0,0,0
405,12,5,2,0,0,0,1
405,13,2,1,0,1,0,-1
405,14,1,1,0,0,0,0
405,15,1,1,0,0,1,0
405,16,7,2,1,0,0,0
405,17,7,2,1,0,-1,0
405,18,5,2,0,0,0,1
405,19,6,2,0,1,0,-1
405,20,5,2,0,0,1,0
405,21,7,2,1,0,-1,0
405,22,1,1,0,0,1,0
405,23,3,1,1,0,0,1
405,24,4,1,1,1,0,0
405,25,4,1,1,1,0,-1
405,26,3,1,1,0,0,1
405,27,4,1,1,1,-1,0
405,28,2,1,0,1,0,0
405,29,2,1,0,1,0,0
405,30,2,1,0,1,1,0
405,31,4,1,1,1,0,0
405,32,8,2,1,1,0,-1
405,33,7,2,1,0,0,0
405,34,7,2,1,0,-1,0
405,35,1,1,0,0,0,0
405,36,1,1,0,0,0,0
405,37,1,1,0,0,0,1
405,38,2,1,0,1,0,-1
405,39,1,1,0,0,1,1
405,40,4,1,1,1,-1,-1
405,41,1,1,0,0,0,0
405,42,5,2,0,0,0,1
405,43,6,2,0,1,0,0
405,44,6,2,0,1,0,0
405,45,2,1,0,1,0,0
405,46,2,1,0,1,0,0
405,47,2,1,0,1,0,-1
405,48,1,1,0,0,0,1
405,49,2,1,0,1,1,-1
405,50,7,2,1,0,0,1
406,1,6,2,0,1,1,0
406,2,8,2,1,1,0,0
406,3,8,2,1,1,0,0
406,4,8,2,1,1,0,0
406,5,8,2,1,1,0,0
406,6,8,2,1,1,0,0
406,7,8,2,1,1,0,-1
406,8,7,2,1,0,0,0
406,9,3,1,1,0,0,0
406,10,7,2,1,0,0,0
406,11,3,1,1,0,0,1
406,12,4,1,1,1,-1,0
406,13,2,1,0,1,0,0
406,14,2,1,0,1,0,0
406,15,2,1,0,1,0,-1
406,16,5,2,0,0,0,0
406,17,1,1,0,0,0,0
406,18,5,2,0,0,1,0
406,19,7,2,1,0,0,1
406,20,8,2,1,1,0,0
406,21,8,2,1,1,0,0
406,22,8,2,1,1,0,-1
406,23,7,2,1,0,0,1
406,24,8,2,1,1,-1,-1
406,25,1,1,0,0,0,0
406,26,1,1,0,0,0,0
406,27,5,2,0,0,0,0
406,28,1,1,0,0,0,0
406,29,5,2,0,0,1,0
406,30,7,2,1,0,0,0
406,31,3,1,1,0,0,0
406,32,7,2,1,0,-1,0
406,33,5,2,0,0,0,0
406,34,5,2,0,0,0,0
406,35,5,2,0,0,0,0
406,36,5,2,0,0,1,0
406,37,7,2,1,0,0,0
406,38,3,1,1,0,0,0
406,39,3,1,1,0,-1,1
406,40,2,1,0,1,0,-1
406,41,5,2,0,0,1,0
406,42,7,2,1,0,0,1
406,43,4,1,1,1,-1,0
406,44,2,1,0,1,1,0
406,45,4,1,1,1,-1,-1
406,46,5,2,0,0,0,0
406,47,5,2,0,0,0,0
406,48,1,1,0,0,0,0
406,49,1,1,0,0,0,1
406,50,2,1,0,1,0,-1
407,1,4,1,1,1,0,0
407,2,4,1,1,1,-1,0
407,3,2,1,0,1,0,0
407,4,2,1,0,1,0,-1
407,5,5,2,0,0,0,0
407,6,5,2,0,0,0,0
407,7,1,1,0,0,0,1
407,8,2,1,0,1,0,0
407,9,2,1,0,1,1,0
407,10,4,1,1,1,-1,0
407,11,2,1,0,1,0,0
407,12,6,2,0,1,1,0
407,13,4,1,1,1,-1,0
407,14,2,1,0,1,0,0
407,15,2,1,0,1,0,0
407,16,2,1,0,1,1,0
407,17,8,2,1,1,-1,-1
407,18,5,2,0,0,0,1
407,19,6,2,0,1,0,0
407,20,6,2,0,1,0,-1
407,21,5,2,0,0,0,0
407,22,1,1,0,0,0,0
407,23,1,1,0,0,1,0
407,24,3,1,1,0,0,0
407,25,7,2,1,0,-1,0
407,26,5,2,0,0,1,1
407,27,8,2,1,1,-1,-1
407,28,5,2,0,0,0,0
407,29,5,2,0,0,0,1
407,30,6,2,0,1,0,-1
407,31,5,2,0,0,0,0
407,32,5,2,0,0,1,0
407,33,3,1,1,0,-1,1
407,34,2,1,0,1,1,0
407,35,4,1,1,1,0,0
407,36,8,2,1,1,0,0
407,37,4,1,1,1,-1,0
407,38,2,1,0,1,0,0
407,39,6,2,0,1,1,0
407,40,8,2,1,1,0,0
407,41,8,2,1,1,0,-1
407,42,7,2,1,0,-1,0
407,43,1,1,0,0,1,0
407,44,3,1,1,0,-1,0
407,45,5,2,0,0,0,0
407,46,1,1,0,0,0,1
407,47,2,1,0,1,0,0
407,48,6,2,0,1,1,0
407,49,8,2,1,1,0,-1
407,50,7,2,1,0,0,0
408,1,8,2,1,1,0,-1
408,2,3,1,1,0,0,0
408,3,3,1,1,0,0,1
408,4,8,2,1,1,0,-1
408,5,3,1,1,0,0,1
408,6,8,2,1,1,0,0
408,7,4,1,1,1,0,0
408,8,4,1,1,1,0,-1
408,9,3,1,1,0,0,0
408,10,3,1,1,0,0,0
408,11,3,1,1,0,-1,0
408,12,1,1,0,0,0,1
408,13,2,1,0,1,0,0
408,14,2,1,0,1,0,0
408,15,2,1,0,1,1,0
408,16,4,1,1,1,0,-1
408,17,7,2,1,0,0,0
408,18,7,2,1,0,-1,0
408,19,1,1,0,0,1,0
408,20,3,1,1,0,-1,0
408,21,1,1,0,0,0,1
408,22,6,2,0,1,0,0
408,23,2,1,0,1,1,0
408,24,8,2,1,1,-1,0
408,25,6,2,0,1,0,-1
408,26,1,1,0,0,0,0
408,27,1,1,0,0,0,1
408,28,2,1,0,1,1,0
408,29,4,1,1,1,0,0
408,30,4,1,1,1,0,0
408,31,8,2,1,1,0,0
408,32,8,2,1,1,-1,-1
408,33,5,2,0,0,0,1
408,34,6,2,0,1,0,0
408,35,6,2,0,1,0,0
408,36,6,2,0,1,0,0
408,37,6,2,0,1,0,0
408,38,2,1,0,1,1,0
408,39,4,1,1,1,0,0
408,40,4,1,1,1,0,0
408,41,4,1,1,1,-1,0
408,42,2,1,0,1,0,0
408,43,2,1,0,1,0,0
408,44,6,2,0,1,1,0
408,45,8,2,1,1,-1,0
408,46,2,1,0,1,1,-1
408,47,3,1,1,0,0,1
408,48,8,2,1,1,0,-1
408,49,7,2,1,0,0,1
408,50,8,2,1,1,0,0
409,1,8,2,1,1,0,0
409,2,8,2,1,1,0,-1
409,3,7,2,1,0,0,0
409,4,3,1,1,0,0,0
409,5,3,1,1,0,0,0
409,6,7,2,1,0,-1,0
409,7,1,1,0,0,0,0
409,8,5,2,0,0,1,1
409,9,8,2,1,1,0,0
409,10,8,2,1,1,0,-1
409,11,7,2,1,0,-1,0
409,12,1,1,0,0,1,0
409,13,3,1,1,0,0,0
409,14,3,1,1,0,-1,0
409,15,1,1,0,0,1,0
409,16,3,1,1,0,0,0
409,17,7,2,1,0,0,0
409,18,7,2,1,0,0,0
409,19,3,1,1,0,0,1
409,20,4,1,1,1,0,0
409,21,8,2,1,1,0,0
409,22,8,2,1,1,0,0
409,23,8,2,1,1,0,0
409,24,8,2,1,1,0,0
409,25,8,2,1,1,-1,0
409,26,6,2,0,1,0,-1
409,27,1,1,0,0,0,1
409,28,2,1,0,1,0,0
409,29,6,2,0,1,0,0
409,30,6,2,0,1,0,0
409,31,2,1,0,1,0,0
409,32,2,1,0,1,0,0
409,33,6,2,0,1,0,0
409,34,6,2,0,1,0,-1
409,35,1,1,0,0,0,0
409,36,1,1,0,0,1,0
409,37,3,1,1,0,0,0
409,38,3,1,1,0,-1,1
409,39,6,2,0,1,0,0
409,40,2,1,0,1,0,-1
409,41,5,2,0,0,0,0
409,42,5,2,0,0,0,0
409,43,1,1,0,0,1,0
409,44,3,1,1,0,-1,0
409,45,5,2,0,0,0,0
409,46,5,2,0,0,0,0
409,47,1,1,0,0,0,1
409,48,2,1,0,1,1,0
409,49,4,1,1,1,0,0
409,50,8,2,1,1,0,0
410,1,2,1,0,1,0,0
410,2,2,1,0,1,0,0
410,3,6,2,0,1,0,0
410,4,2,1,0,1,0,-1
410,5,1,1,0,0,0,0
410,6,1,1,0,0,1,0
410,7,7,2,1,0,0,0
410,8,7,2,1,0,0,0
410,9,7,2,1,0,0,0
410,10,7,2,1,0,0,0
410,11,7,2,1,0,-1,1
410,12,2,1,0,1,0,0
410,13,2,1,0,1,1,0
410,14,8,2,1,1,0,0
410,15,8,2,1,1,0,-1
410,16,7,2,1,0,0,1
410,17,8,2,1,1,0,0
410,18,4,1,1,1,0,-1
410,19,3,1,1,0,0,0
410,20,7,2,1,0,0,0
410,21,7,2,1,0,-1,0
410,22,5,2,0,0,0,0
410,23,5,2,0,0,0,0
410,24,5,2,0,0,0,0
410,25,5,2,0,0,0,1
410,26,6,2,0,1,0,0
410,27,2,1,0,1,0,0
410,28,6,2,0,1,0,0
410,29,2,1,0,1,1,0
410,30,8,2,1,1,0,0
410,31,4,1,1,1,0,0
410,32,8,2,1,1,-1,0
410,33,6,2,0,1,0,0
410,34,6,2,0,1,0,0
410,35,2,1,0,1,0,0
410,36,2,1,0,1,0,0
410,37,2,1,0,1,0,0
410,38,2,1,0,1,1,0
410,39,4,1,1,1,0,0
410,40,4,1,1,1,0,0
410,41,4,1,1,1,0,0
410,42,4,1,1,1,0,-1
410,43,7,2,1,0,0,1
410,44,4,1,1,1,-1,0
410,45,6,2,0,1,1,0
410,46,8,2,1,1,0,0
410,47,8,2,1,1,0,0
410,48,4,1,1,1,0,0
410,49,4,1,1,1,-1,0
410,50,2,1,0,1,0,0
411,1,6,2,0,1,1,0
411,2,8,2,1,1,-1,0
411,3,6,2,0,1,0,0
411,4,2,1,0,1,0,0
411,5,2,1,0,1,0,0
411,6,6,2,0,1,0,0
411,7,2,1,0,1,0,0
411,8,2,1,0,1,0,-1
411,9,1,1,0,0,1,0
411,10,3,1,1,0,0,0
411,11,3,1,1,0,0,0
411,12,7,2,1,0,-1,0
411,13,5,2,0,0,0,0
411,14,5,2,0,0,0,0
411,15,1,1,0,0,1,0
411,16,3,1,1,0,0,1
411,17,8,2,1,1,0,0
411,18,4,1,1,1,0,0
411,19,8,2,1,1,-1,0
411,20,6,2,0,1,0,0
411,21,2,1,0,1,1,0
411,22,4,1,1,1,-1,0
411,23,2,1,0,1,0,0
411,24,2,1,0,1,0,0
411,25,2,1,0,1,0,-1
411,26,5,2,0,0,0,0
411,27,1,1,0,0,1,0
411,28,3,1,1,0,0,0
411,29,3,1,1,0,0,0
411,30,3,1,1,0,0,0
411,31,3,1,1,0,0,0
411,32,3,1,1,0,0,1
411,33,4,1,1,1,-1,-1
411,34,1,1,0,0,0,0
411,35,1,1,0,0,0,1
411,36,2,1,0,1,0,0
411,37,2,1,0,1,0,0
411,38,2,1,0,1,1,0
411,39,4,1,1,1,0,0
411,40,4,1,1,1,0,0
411,41,4,1,1,1,0,0
411,42,4,1,1,1,0,0
411,43,4,1,1,1,0,-1
411,44,3,1,1,0,0,1
411,45,4,1,1,1,-1,0
411,46,6,2,0,1,1,0
411,47,8,2,1,1,-1,0
411,48,6,2,0,1,0,0
411,49,6,2,0,1,0,0
411,50,6,2,0,1,0,0
412,1,6,2,0,1,0,-1
412,2,5,2,0,0,0,0
412,3,5,2,0,0,1,1
412,4,4,1,1,1,0,-1
412,5,3,1,1,0,-1,0
412,6,1,1,0,0,1,0
412,7,3,1,1,0,0,1
412,8,4,1,1,1,-1,0
412,9,2,1,0,1,0,0
412,10,6,2,0,1,0,0
412,11,6,2,0,1,0,0
412,12,6,2,0,1,0,0
412,13,2,1,0,1,1,0
412,14,4,1,1,1,0,0
412,15,4,1,1,1,0,0
412,16,8,2,1,1,-1,0
412,17,6,2,0,1,0,0
412,18,2,1,0,1,1,0
412,19,8,2,1,1,0,0
412,20,8,2,1,1,0,-1
412,21,7,2,1,0,0,0
412,22,7,2,1,0,-1,0
412,23,5,2,0,0,0,0
412,24,5,2,0,0,0,0
412,25,5,2,0,0,0,0
412,26,1,1,0,0,1,0
412,27,7,2,1,0,-1,0
412,28,5,2,0,0,0,0
412,29,5,2,0,0,1,0
412,30,7,2,1,0,0,0
412,31,7,2,1,0,0,0
412,32,7,2,1,0,0,0
412,33,7,2,1,0,-1,0
412,34,5,2,0,0,0,0
412,35,5,2,0,0,0,0
412,36,5,2,0,0,1,0
412,37,3,1,1,0,0,1
412,38,8,2,1,1,0,0
412,39,8,2,1,1,0,-1
412,40,7,2,1,0,0,0
412,41,3,1,1,0,-1,0
412,42,1,1,0,0,0,1
412,43,2,1,0,1,1,0
412,44,4,1,1,1,0,0
412,45,8,2,1,1,0,0
412,46,8,2,1,1,-1,0
412,47,2,1,0,1,0,0
412,48,2,1,0,1,0,-1
412,49,1,1,0,0,0,0
412,50,1,1,0,0,0,0
413,1,7,2,1,0,0,0
413,2,3,1,1,0,0,1
413,3,4,1,1,1,0,0
413,4,8,2,1,1,0,0
413,5,8,2,1,1,-1,0
413,6,6,2,0,1,0,0
413,7,2,1,0,1,0,0
413,8,2,1,0,1,0,-1
413,9,1,1,0,0,0,1
413,10,2,1,0,1,0,0
413,11,2,1,0,1,1,0
413,12,8,2,1,1,0,0
413,13,8,2,1,1,0,0
413,14,8,2,1,1,0,0
413,15,8,2,1,1,-1,0
413,16,6,2,0,1,0,-1
413,17,1,1,0,0,0,0
413,18,1,1,0,0,1,0
413,19,7,2,1,0,0,0
413,20,7,2,1,0,0,1
413,21,4,1,1,1,0,0
413,22,4,1,1,1,0,0
413,23,4,1,1,1,0,0
413,24,4,1,1,1,0,0
413,25,4,1,1,1,0,-1
413,26,3,1,1,0,-1,0
413,27,1,1,0,0,0,0
413,28,1,1,0,0,1,1
413,29,8,2,1,1,0,-1
413,30,3,1,1,0,0,0
413,31,7,2,1,0,0,0
413,32,7,2,1,0,0,0
413,33,7,2,1,0,0,0
413,34,3,1,1,0,0,1
413,35,4,1,1,1,0,0
413,36,8,2,1,1,0,-1
413,37,3,1,1,0,0,0
413,38,3,1,1,0,0,0
413,39,3,1,1,0,0,0
413,40,3,1,1,0,0,0
413,41,3,1,1,0,0,0
413,42,3,1,1,0,0,0
413,43,7,2,1,0,-1,0
413,44,5,2,0,0,1,1
413,45,4,1,1,1,0,0
413,46,4,1,1,1,0,0
413,47,4,1,1,1,0,0
413,48,4,1,1,1,0,0
413,49,4,1,1,1,-1,0
413,50,2,1,0,1,1,0
414,1,6,2,0,1,1,0
414,2,4,1,1,1,-1,0
414,3,6,2,0,1,0,-1
414,4,5,2,0,0,0,0
414,5,5,2,0,0,1,0
414,6,7,2,1,0,0,0
414,7,3,1,1,0,0,1
414,8,4,1,1,1,0,0
414,9,8,2,1,1,0,-1
414,10,7,2,1,0,-1,0
414,11,1,1,0,0,0,0
414,12,1,1,0,0,0,0
414,13,1,1,0,0,0,1
414,14,2,1,0,1,1,-1
414,15,7,2,1,0,0,0
414,16,7,2,1,0,0,0
414,17,7,2,1,0,-1,1
414,18,2,1,0,1,0,0
414,19,2,1,0,1,1,0
414,20,8,2,1,1,0,0
414,21,8,2,1,1,0,0
414,22,4,1,1,1,0,0
414,23,4,1,1,1,0,0
414,24,4,1,1,1,0,-1
414,25,3,1,1,0,-1,1
414,26,2,1,0,1,0,0
414,27,6,2,0,1,0,-1
414,28,5,2,0,0,1,1
414,29,4,1,1,1,0,0
414,30,4,1,1,1,0,-1
414,31,3,1,1,0,0,1
414,32,8,2,1,1,0,0
414,33,4,1,1,1,0,-1
414,34,7,2,1,0,0,0
414,35,7,2,1,0,0,0
414,36,3,1,1,0,-1,0
414,37,1,1,0,0,1,0
414,38,7,2,1,0,0,0
414,39,7,2,1,0,0,0
414,40,7,2,1,0,0,1
414,41,4,1,1,1,-1,0
414,42,2,1,0,1,0,0
414,43,2,1,0,1,0,0
414,44,2,1,0,1,0,0
414,45,6,2,0,1,0,0
414,46,6,2,0,1,0,0
414,47,2,1,0,1,0,0
414,48,2,1,0,1,0,0
414,49,2,1,0,1,0,0
414,50,2,1,0,1,0,0
415,1,5,2,0,0,0,0
415,2,1,1,0,0,0,0
415,3,1,1,0,0,1,0
415,4,3,1,1,0,0,0
415,5,3,1,1,0,0,0
415,6,3,1,1,0,0,0
415,7,3,1,1,0,0,0
415,8,7,2,1,0,-1,1
415,9,6,2,0,1,1,0
415,10,8,2,1,1,0,-1
415,11,7,2,1,0,0,0
415,12,7,2,1,0,-1,0
415,13,5,2,0,0,0,1
415,14,6,2,0,1,0,0
415,15,2,1,0,1,1,0
415,16,4,1,1,1,0,0
415,17,4,1,1,1,0,0
415,18,4,1,1,1,0,0
415,19,4,1,1,1,0,0
415,20,4,1,1,1,0,-1
415,21,3,1,1,0,-1,1
415,22,2,1,0,1,0,0
415,23,2,1,0,1,1,0
415,24,8,2,1,1,0,0
415,25,8,2,1,1,-1,0
415,26,6,2,0,1,0,-1
415,27,1,1,0,0,0,0
415,28,5,2,0,0,0,0
415,29,1,1,0,0,1,0
415,30,3,1,1,0,0,0
415,31,3,1,1,0,0,0
415,32,3,1,1,0,0,1
415,33,8,2,1,1,-1,0
415,34,2,1,0,1,1,0
415,35,4,1,1,1,0,0
415,36,4,1,1,1,0,0
415,37,4,1,1,1,0,0
415,38,4,1,1,1,0,0
415,39,8,2,1,1,0,0
415,40,4,1,1,1,0,-1
415,41,3,1,1,0,0,1
415,42,8,2,1,1,0,-1
415,43,7,2,1,0,0,0
415,44,7,2,1,0,0,0
415,45,7,2,1,0,0,0
415,46,3,1,1,0,0,0
415,47,3,1,1,0,-1,0
415,48,5,2,0,0,0,0
415,49,5,2,0,0,0,1
415,50,2,1,0,1,0,0
416,1,4,1,1,1,0,0
416,2,8,2,1,1,0,-1
416,3,3,1,1,0,0,0
416,4,7,2,1,0,0,0
416,5,7,2,1,0,-1,0
416,6,1,1,0,0,1,1
416,7,4,1,1,1,0,-1
416,8,3,1,1,0,-1,1
416,9,2,1,0,1,0,0
416,10,2,1,0,1,0,-1
416,11,1,1,0,0,0,0
416,12,1,1,0,0,0,0
416,13,1,1,0,0,1,0
416,14,3,1,1,0,0,1
416,15,4,1,1,1,0,0
416,16,8,2,1,1,-1,0
416,17,6,2,0,1,0,0
416,18,6,2,0,1,0,0
416,19,6,2,0,1,1,0
416,20,8,2,1,1,-1,0
416,21,2,1,0,1,0,0
416,22,6,2,0,1,0,0
416,23,6,2,0,1,0,0
416,24,6,2,0,1,0,0
416,25,6,2,0,1,0,0
416,26,6,2,0,1,0,-1
416,27,1,1,0,0,1,0
416,28,3,1,1,0,-1,0
416,29,1,1,0,0,0,1
416,30,6,2,0,1,0,-1
416,31,5,2,0,0,0,0
416,32,1,1,0,0,0,0
416,33,1,1,0,0,0,1
416,34,6,2,0,1,0,-1
416,35,5,2,0,0,0,1
416,36,6,2,0,1,0,0
416,37,6,2,0,1,1,0
416,38,8,2,1,1,0,0
416,39,8,2,1,1,-1,0
416,40,2,1,0,1,1,0
416,41,4,1,1,1,0,0
416,42,8,2,1,1,0,0
416,43,8,2,1,1,0,0
416,44,8,2,1,1,0,0
416,45,8,2,1,1,-1,0
416,46,6,2,0,1,0,0
416,47,6,2,0,1,0,0
416,48,2,1,0,1,0,0
416,49,2,1,0,1,0,0
416,50,2,1,0,1,0,-1
417,1,4,1,1,1,0,-1
417,2,3,1,1,0,0,0
417,3,7,2,1,0,0,0
417,4,7,2,1,0,0,1
417,5,8,2,1,1,0,0
417,6,4,1,1,1,0,0
417,7,4,1,1,1,0,-1
417,8,7,2,1,0,0,0
417,9,7,2,1,0,0,0
417,10,7,2,1,0,0,1
417,11,8,2,1,1,-1,0
417,12,6,2,0,1,0,0
417,13,2,1,0,1,0,0
417,14,6,2,0,1,0,0
417,15,2,1,0,1,0,0
417,16,6,2,0,1,1,0
417,17,4,1,1,1,-1,0
417,18,6,2,0,1,0,0
417,19,6,2,0,1,0,0
417,20,6,2,0,1,0,-1
417,21,5,2,0,0,0,0
417,22,1,1,0,0,0,0
417,23,1,1,0,0,0,0
417,24,1,1,0,0,0,0
417,25,1,1,0,0,0,0
417,26,1,1,0,0,0,0
417,27,1,1,0,0,0,0
417,28,5,2,0,0,1,0
417,29,3,1,1,0,-1,0
417,30,1,1,0,0,0,0
417,31,1,1,0,0,1,0
417,32,3,1,1,0,-1,0
417,33,5,2,0,0,0,0
417,34,5,2,0,0,0,0
417,35,5,2,0,0,0,0
417,36,5,2,0,0,0,0
417,37,5,2,0,0,1,0
417,38,7,2,1,0,0,0
417,39,7,2,1,0,0,0
417,40,7,2,1,0,0,1
417,41,4,1,1,1,-1,0
417,42,6,2,0,1,1,0
417,43,8,2,1,1,0,0
417,44,8,2,1,1,0,-1
417,45,3,1,1,0,0,0
417,46,3,1,1,0,-1,1
417,47,2,1,0,1,0,0
417,48,2,1,0,1,1,0
417,49,4,1,1,1,0,0
417,50,8,2,1,1,-1,-1
418,1,7,2,1,0,-1,0
418,2,5,2,0,0,0,0
418,3,1,1,0,0,0,0
418,4,5,2,0,0,1,0
418,5,3,1,1,0,0,0
418,6,3,1,1,0,0,0
418,7,7,2,1,0,0,1
418,8,8,2,1,1,0,0
418,9,8,2,1,1,0,0
418,10,8,2,1,1,0,-1
418,11,3,1,1,0,0,0
418,12,7,2,1,0,0,0
418,13,7,2,1,0,0,0
418,14,7,2,1,0,0,0
418,15,3,1,1,0,0,0
418,16,7,2,1,0,-1,0
418,17,1,1,0,0,1,0
418,18,3,1,1,0,0,0
418,19,3,1,1,0,0,0
418,20,3,1,1,0,0,1
418,21,4,1,1,1,0,0
418,22,4,1,1,1,0,0
418,23,4,1,1,1,0,0
418,24,8,2,1,1,0,-1
418,25,7,2,1,0,0,0
418,26,3,1,1,0,-1,0
418,27,5,2,0,0,1,0
418,28,3,1,1,0,0,1
418,29,4,1,1,1,0,0
418,30,8,2,1,1,0,0
418,31,4,1,1,1,-1,0
418,32,2,1,0,1,0,0
418,33,2,1,0,1,0,0
418,34,6,2,0,1,0,0
418,35,6,2,0,1,0,-1
418,36,5,2,0,0,1,0
418,37,7,2,1,0,-1,0
418,38,1,1,0,0,0,0
418,39,1,1,0,0,0,0
418,40,1,1,0,0,0,0
418,41,1,1,0,0,0,0
418,42,5,2,0,0,0,0
418,43,1,1,0,0,0,0
418,44,1,1,0,0,1,0
418,45,7,2,1,0,0,0
418,46,7,2,1,0,0,0
418,47,7,2,1,0,0,0
418,48,3,1,1,0,0,0
418,49,7,2,1,0,0,0
418,50,7,2,1,0,0,0
419,1,1,1,0,0,0,0
419,2,1,1,0,0,1,0
419,3,3,1,1,0,-1,0
419,4,5,2,0,0,1,0
419,5,7,2,1,0,-1,0
419,6,5,2,0,0,0,0
419,7,5,2,0,0,0,0
419,8,5,2,0,0,1,1
419,9,4,1,1,1,0,0
419,10,8,2,1,1,0,0
419,11,8,2,1,1,0,0
419,12,8,2,1,1,-1,-1
419,13,1,1,0,0,0,0
419,14,1,1,0,0,1,0
419,15,7,2,1,0,0,1
419,16,8,2,1,1,0,0
419,17,8,2,1,1,0,0
419,18,4,1,1,1,-1,-1
419,19,1,1,0,0,0,0
419,20,1,1,0,0,0,0
419,21,1,1,0,0,0,0
419,22,5,2,0,0,0,1
419,23,2,1,0,1,0,0
419,24,6,2,0,1,0,-1
419,25,5,2,0,0,0,0
419,26,1,1,0,0,0,0
419,27,1,1,0,0,0,0
419,28,1,1,0,0,0,0
419,29,1,1,0,0,1,1
419,30,4,1,1,1,-1,0
419,31,6,2,0,1,1,0
419,32,8,2,1,1,0,0
419,33,8,2,1,1,0,0
419,34,8,2,1,1,0,0
419,35,8,2,1,1,0,0
419,36,8,2,1,1,-1,0
419,37,6,2,0,1,0,0
419,38,6,2,0,1,0,0
419,39,6,2,0,1,0,-1
419,40,1,1,0,0,0,0
419,41,5,2,0,0,1,0
419,42,7,2,1,0,0,0
419,43,7,2,1,0,0,0
419,44,3,1,1,0,0,0
419,45,3,1,1,0,0,0
419,46,3,1,1,0,0,0
419,47,3,1,1,0,-1,1
419,48,2,1,0,1,1,0
419,49,8,2,1,1,0,0
419,50,4,1,1,1,-1,0
420,1,4,1,1,1,-1,-1
420,2,1,1,0,0,1,1
420,3,4,1,1,1,0,0
420,4,4,1,1,1,0,0
420,5,4,1,1,1,-1,-1
420,6,5,2,0,0,0,0
420,7,5,2,0,0,0,0
420,8,5,2,0,0,0,1
420,9,6,2,0,1,1,0
420,10,4,1,1,1,0,0
420,11,4,1,1,1,0,-1
420,12,3,1,1,0,-1,0
420,13,1,1,0,0,0,0
420,14,1,1,0,0,1,0
420,15,7,2,1,0,0,0
420,16,7,2,1,0,0,0
420,17,7,2,1,0,-1,1
420,18,2,1,0,1,1,0
420,19,4,1,1,1,0,0
420,20,4,1,1,1,0,-1
420,21,7,2,1,0,0,0
420,22,7,2,1,0,0,0
420,23,3,1,1,0,0,0
420,24,3,1,1,0,0,0
420,25,7,2,1,0,0,0
420,26,7,2,1,0,0,0
420,27,7,2,1,0,0,1
420,28,8,2,1,1,0,0
420,29,8,2,1,1,0,0
420,30,8,2,1,1,0,-1
420,31,3,1,1,0,0,0
420,32,7,2,1,0,0,0
420,33,3,1,1,0,-1,0
420,34,5,2,0,0,0,0
420,35,5,2,0,0,0,1
420,36,6,2,0,1,0,0
420,37,6,2,0,1,1,0
420,38,8,2,1,1,0,-1
420,39,3,1,1,0,-1,1
420,40,6,2,0,1,0,0
420,41,6,2,0,1,0,-1
420,42,1,1,0,0,1,1
420,43,4,1,1,1,0,0
420,44,4,1,1,1,-1,-1
420,45,1,1,0,0,0,1
420,46,2,1,0,1,0,0
420,47,6,2,0,1,0,0
420,48,2,1,0,1,0,-1
420,49,5,2,0,0,1,0
420,50,7,2,1,0,0,0
421,1,6,2,0,1,0,0
421,2,6,2,0,1,1,0
421,3,4,1,1,1,0,0
421,4,4,1,1,1,0,0
421,5,4,1,1,1,-1,-1
421,6,1,1,0,0,0,0
421,7,1,1,0,0,0,1
421,8,2,1,0,1,1,0
421,9,4,1,1,1,0,0
421,10,4,1,1,1,0,0
421,11,8,2,1,1,0,0
421,12,4,1,1,1,0,0
421,13,4,1,1,1,-1,0
421,14,6,2,0,1,0,0
421,15,2,1,0,1,0,-1
421,16,1,1,0,0,1,0
421,17,3,1,1,0,0,1
421,18,4,1,1,1,-1,0
421,19,2,1,0,1,0,-1
421,20,1,1,0,0,1,0
421,21,3,1,1,0,0,0
421,22,3,1,1,0,0,0
421,23,3,1,1,0,0,1
421,24,4,1,1,1,0,0
421,25,4,1,1,1,0,-1
421,26,3,1,1,0,-1,1
421,27,6,2,0,1,0,0
421,28,6,2,0,1,0,0
421,29,6,2,0,1,1,-1
421,30,7,2,1,0,0,0
421,31,3,1,1,0,0,1
421,32,4,1,1,1,0,0
421,33,4,1,1,1,0,-1
421,34,3,1,1,0,0,0
421,35,3,1,1,0,0,0
421,36,3,1,1,0,0,1
421,37,4,1,1,1,0,-1
421,38,3,1,1,0,0,1
421,39,4,1,1,1,0,-1
421,40,7,2,1,0,0,0
421,41,3,1,1,0,0,0
421,42,3,1,1,0,0,0
421,43,7,2,1,0,0,0
421,44,3,1,1,0,0,0
421,45,3,1,1,0,0,0
421,46,3,1,1,0,0,0
421,47,7,2,1,0,0,0
421,48,7,2,1,0,0,1
421,49,8,2,1,1,-1,0
421,50,6,2,0,1,0,-1
422,1,5,2,0,0,0,0
422,2,1,1,0,0,0,0
422,3,1,1,0,0,1,0
422,4,7,2,1,0,0,0
422,5,7,2,1,0,-1,0
422,6,5,2,0,0,0,1
422,7,6,2,0,1,0,0
422,8,6,2,0,1,0,0
422,9,6,2,0,1,0,0
422,10,6,2,0,1,0,0
422,11,2,1,0,1,0,0
422,12,2,1,0,1,1,-1
422,13,3,1,1,0,0,0
422,14,7,2,1,0,0,1
422,15,4,1,1,1,0,0
422,16,8,2,1,1,0,0
422,17,4,1,1,1,0,0
422,18,4,1,1,1,0,0
422,19,8,2,1,1,0,0
422,20,8,2,1,1,0,0
422,21,4,1,1,1,0,0
422,22,4,1,1,1,0,0
422,23,4,1,1,1,-1,0
422,24,2,1,0,1,0,0
422,25,6,2,0,1,0,0
422,26,6,2,0,1,1,-1
422,27,7,2,1,0,0,0
422,28,3,1,1,0,0,0
422,29,3,1,1,0,0,1
422,30,4,1,1,1,0,0
422,31,4,1,1,1,-1,0
422,32,2,1,0,1,1,-1
422,33,3,1,1,0,0,0
422,34,7,2,1,0,0,0
422,35,3,1,1,0,0,0
422,36,3,1,1,0,0,0
422,37,3,1,1,0,0,0
422,38,3,1,1,0,0,0
422,39,3,1,1,0,0,0
422,40,3,1,1,0,-1,0
422,41,1,1,0,0,0,1
422,42,6,2,0,1,0,0
422,43,6,2,0,1,0,0
422,44,6,2,0,1,0,0
422,45,2,1,0,1,0,0
422,46,2,1,0,1,0,-1
422,47,5,2,0,0,0,1
422,48,2,1,0,1,0,0
422,49,2,1,0,1,0,0
422,50,2,1,0,1,0,0
423,1,8,2,1,1,0,0
423,2,8,2,1,1,0,0
423,3,8,2,1,1,0,0
423,4,8,2,1,1,0,0
423,5,4,1,1,1,0,0
423,6,4,1,1,1,0,0
423,7,4,1,1,1,0,0
423,8,4,1,1,1,0,0
423,9,4,1,1,1,0,0
423,10,8,2,1,1,0,0
423,11,8,2,1,1,-1,-1
423,12,5,2,0,0,0,0
423,13,1,1,0,0,0,0
423,14,1,1,0,0,0,0
423,15,5,2,0,0,0,0
423,16,1,1,0,0,0,0
423,17,5,2,0,0,0,1
423,18,6,2,0,1,1,0
423,19,8,2,1,1,0,0
423,20,8,2,1,1,-1,0
423,21,6,2,0,1,0,0
423,22,2,1,0,1,1,0
423,23,4,1,1,1,-1,0
423,24,6,2,0,1,0,0
423,25,6,2,0,1,0,0
423,26,2,1,0,1,0,-1
423,27,5,2,0,0,0,1
423,28,2,1,0,1,0,0
423,29,2,1,0,1,0,0
423,30,2,1,0,1,0,0
423,31,2,1,0,1,0,0
423,32,2,1,0,1,0,0
423,33,2,1,0,1,0,0
423,34,6,2,0,1,0,0
423,35,2,1,0,1,1,-1
423,36,7,2,1,0,0,0
423,37,7,2,1,0,-1,0
423,38,1,1,0,0,0,1
423,39,2,1,0,1,0,0
423,40,2,1,0,1,1,0
423,41,4,1,1,1,0,0
423,42,4,1,1,1,0,0
423,43,4,1,1,1,-1,0
423,44,2,1,0,1,1,0
423,45,4,1,1,1,-1,0
423,46,2,1,0,1,0,0
423,47,2,1,0,1,1,-1
423,48,3,1,1,0,0,0
423,49,3,1,1,0,0,0
423,50,3,1,1,0,0,0
424,1,8,2,1,1,0,0
424,2,4,1,1,1,0,-1
424,3,3,1,1,0,0,0
424,4,7,2,1,0,0,0
424,5,7,2,1,0,0,0
424,6,3,1,1,0,0,0
424,7,3,1,1,0,0,0
424,8,7,2,1,0,0,0
424,9,3,1,1,0,0,0
424,10,3,1,1,0,0,1
424,11,4,1,1,1,-1,-1
424,12,1,1,0,0,0,0
424,13,5,2,0,0,0,0
424,14,1,1,0,0,1,1
424,15,4,1,1,1,0,0
424,16,4,1,1,1,0,0
424,17,4,1,1,1,0,0
424,18,8,2,1,1,-1,0
424,19,6,2,0,1,0,0
424,20,6,2,0,1,1,0
424,21,8,2,1,1,-1,0
424,22,6,2,0,1,0,0
424,23,2,1,0,1,0,0
424,24,2,1,0,1,0,0
424,25,6,2,0,1,1,0
424,26,8,2,1,1,0,0
424,27,8,2,1,1,-1,0
424,28,6,2,0,1,0,0
424,29,2,1,0,1,0,0
424,30,2,1,0,1,0,0
424,31,2,1,0,1,0,0
424,32,2,1,0,1,0,0
424,33,2,1,0,1,1,0
424,34,4,1,1,1,0,0
424,35,4,1,1,1,0,-1
424,36,3,1,1,0,-1,0
424,37,1,1,0,0,0,0
424,38,1,1,0,0,0,0
424,39,1,1,0,0,0,0
424,40,1,1,0,0,0,0
424,41,5,2,0,0,0,1
424,42,6,2,0,1,0,0
424,43,6,2,0,1,0,0
424,44,6,2,0,1,0,-1
424,45,1,1,0,0,0,0
424,46,5,2,0,0,1,0
424,47,7,2,1,0,0,0
424,48,7,2,1,0,0,1
424,49,8,2,1,1,0,0
424,50,8,2,1,1,0,0
425,1,2,1,0,1,0,0
425,2,6,2,0,1,0,0
425,3,6,2,0,1,0,-1
425,4,1,1,0,0,0,0
425,5,1,1,0,0,1,0
425,6,3,1,1,0,0,0
425,7,7,2,1,0,0,1
425,8,4,1,1,1,0,-1
425,9,7,2,1,0,0,0
425,10,7,2,1,0,0,0
425,11,3,1,1,0,0,0
425,12,7,2,1,0,0,0
425,13,7,2,1,0,0,0
425,14,3,1,1,0,0,0
425,15,3,1,1,0,0,0
425,16,7,2,1,0,0,0
425,17,3,1,1,0,0,0
425,18,3,1,1,0,0,0
425,19,3,1,1,0,0,0
425,20,3,1,1,0,0,0
425,21,3,1,1,0,0,0
425,22,3,1,1,0,-1,0
425,23,1,1,0,0,1,0
425,24,3,1,1,0,0,1
425,25,4,1,1,1,0,0
425,26,4,1,1,1,0,-1
425,27,3,1,1,0,0,1
425,28,4,1,1,1,0,-1
425,29,7,2,1,0,0,0
425,30,7,2,1,0,0,0
425,31,7,2,1,0,0,0
425,32,7,2,1,0,0,0
425,33,7,2,1,0,0,0
425,34,7,2,1,0,-1,0
425,35,5,2,0,0,0,0
425,36,5,2,0,0,0,1
425,37,6,2,0,1,1,0
425,38,8,2,1,1,-1,-1
425,39,5,2,0,0,0,0
425,40,5,2,0,0,0,0
425,41,5,2,0,0,0,0
425,42,5,2,0,0,0,0
425,43,1,1,0,0,0,1
425,44,6,2,0,1,0,0
425,45,6,2,0,1,0,-1
425,46,5,2,0,0,0,0
425,47,1,1,0,0,0,0
425,48,1,1,0,0,0,0
425,49,1,1,0,0,1,0
425,50,7,2,1,0,0,0
426,1,1,1,0,0,1,0
426,2,3,1,1,0,-1,0
426,3,1,1,0,0,0,1
426,4,2,1,0,1,0,-1
426,5,1,1,0,0,0,0
426,6,5,2,0,0,1,1
426,7,8,2,1,1,0,-1
426,8,7,2,1,0,-1,1
426,9,2,1,0,1,0,0
426,10,6,2,0,1,0,-1
426,11,5,2,0,0,0,0
426,12,5,2,0,0,0,0
426,13,5,2,0,0,0,1
426,14,2,1,0,1,0,0
426,15,2,1,0,1,0,0
426,16,2,1,0,1,1,-1
426,17,3,1,1,0,0,0
426,18,3,1,1,0,0,1
426,19,4,1,1,1,-1,0
426,20,2,1,0,1,0,0
426,21,2,1,0,1,0,0
426,22,2,1,0,1,1,0
426,23,4,1,1,1,-1,0
426,24,2,1,0,1,0,0
426,25,2,1,0,1,0,0
426,26,2,1,0,1,1,-1
426,27,7,2,1,0,0,0
426,28,3,1,1,0,0,0
426,29,7,2,1,0,0,0
426,30,3,1,1,0,0,0
426,31,3,1,1,0,0,1
426,32,4,1,1,1,0,0
426,33,4,1,1,1,0,0
426,34,8,2,1,1,0,0
426,35,4,1,1,1,0,0
426,36,4,1,1,1,0,0
426,37,4,1,1,1,0,0
426,38,8,2,1,1,-1,0
426,39,6,2,0,1,0,-1
426,40,5,2,0,0,1,0
426,41,7,2,1,0,-1,1
426,42,2,1,0,1,1,-1
426,43,3,1,1,0,0,1
426,44,4,1,1,1,-1,0
426,45,6,2,0,1,1,0
426,46,8,2,1,1,0,-1
426,47,7,2,1,0,0,0
426,48,7,2,1,0,0,0
426,49,7,2,1,0,0,0
426,50,7,2,1,0,-1,0
427,1,3,1,1,0,0,0
427,2,3,1,1,0,0,1
427,3,8,2,1,1,0,0
427,4,8,2,1,1,-1,0
427,5,6,2,0,1,0,0
427,6,2,1,0,1,1,-1
427,7,3,1,1,0,-1,1
427,8,2,1,0,1,1,0
427,9,4,1,1,1,-1,0
427,10,2,1,0,1,0,0
427,11,2,1,0,1,0,0
427,12,6,2,0,1,0,0
427,13,2,1,0,1,0,-1
427,14,1,1,0,0,0,1
427,15,2,1,0,1,0,0
427,16,6,2,0,1,0,0
427,17,2,1,0,1,1,0
427,18,4,1,1,1,0,0
427,19,4,1,1,1,0,0
427,20,4,1,1,1,0,0
427,21,4,1,1,1,0,0
427,22,8,2,1,1,0,0
427,23,8,2,1,1,0,0
427,24,8,2,1,1,-1,0
427,25,2,1,0,1,0,0
427,26,2,1,0,1,0,0
427,27,2,1,0,1,1,-1
427,28,7,2,1,0,0,1
427,29,8,2,1,1,-1,0
427,30,6,2,0,1,0,-1
427,31,1,1,0,0,0,1
427,32,2,1,0,1,0,-1
427,33,1,1,0,0,0,0
427,34,5,2,0,0,0,0
427,35,1,1,0,0,1,0
427,36,3,1,1,0,0,0
427,37,7,2,1,0,0,0
427,38,3,1,1,0,0,0
427,39,3,1,1,0,0,0
427,40,7,2,1,0,0,0
427,41,7,2,1,0,0,1
427,42,4,1,1,1,0,0
427,43,4,1,1,1,0,-1
427,44,7,2,1,0,0,1
427,45,8,2,1,1,-1,0
427,46,2,1,0,1,1,0
427,47,4,1,1,1,0,0
427,48,4,1,1,1,0,0
427,49,4,1,1,1,-1,0
427,50,2,1,0,1,0,0
428,1,1,1,0,0,0,0
428,2,1,1,0,0,0,0
428,3,5,2,0,0,1,0
428,4,3,1,1,0,0,0
428,5,3,1,1,0,0,0
428,6,7,2,1,0,-1,0
428,7,1,1,0,0,0,0
428,8,1,1,0,0,1,0
428,9,7,2,1,0,0,0
428,10,7,2,1,0,0,0
428,11,7,2,1,0,0,1
428,12,8,2,1,1,-1,0
428,13,6,2,0,1,0,0
428,14,6,2,0,1,1,0
428,15,4,1,1,1,-1,0
428,16,2,1,0,1,0,0
428,17,2,1,0,1,0,-1
428,18,1,1,0,0,0,0
428,19,1,1,0,0,1,1
428,20,8,2,1,1,-1,0
428,21,6,2,0,1,0,-1
428,22,5,2,0,0,0,1
428,23,6,2,0,1,0,0
428,24,2,1,0,1,0,0
428,25,6,2,0,1,0,0
428,26,6,2,0,1,0,0
428,27,6,2,0,1,0,-1
428,28,1,1,0,0,0,1
428,29,2,1,0,1,0,0
428,30,2,1,0,1,0,0
428,31,6,2,0,1,0,-1
428,32,5,2,0,0,0,0
428,33,5,2,0,0,0,0
428,34,1,1,0,0,1,0
428,35,3,1,1,0,0,0
428,36,3,1,1,0,0,0
428,37,3,1,1,0,0,0
428,38,7,2,1,0,-1,0
428,39,1,1,0,0,0,1
428,40,6,2,0,1,0,0
428,41,2,1,0,1,0,0
428,42,2,1,0,1,0,-1
428,43,1,1,0,0,1,0
428,44,7,2,1,0,0,0
428,45,7,2,1,0,0,0
428,46,7,2,1,0,0,0
428,47,3,1,1,0,0,0
428,48,7,2,1,0,0,0
428,49,7,2,1,0,0,0
428,50,7,2,1,0,0,0
429,1,4,1,1,1,0,-1
429,2,3,1,1,0,0,0
429,3,3,1,1,0,-1,1
429,4,6,2,0,1,1,0
429,5,8,2,1,1,0,0
429,6,8,2,1,1,0,-1
429,7,7,2,1,0,0,1
429,8,8,2,1,1,0,0
429,9,8,2,1,1,-1,0
429,10,2,1,0,1,0,0
429,11,2,1,0,1,0,0
429,12,2,1,0,1,0,0
429,13,6,2,0,1,0,-1
429,14,1,1,0,0,1,0
429,15,3,1,1,0,0,0
429,16,3,1,1,0,-1,0
429,17,1,1,0,0,1,0
429,18,3,1,1,0,0,0
429,19,3,1,1,0,0,0
429,20,7,2,1,0,-1,0
429,21,5,2,0,0,1,0
429,22,3,1,1,0,0,0
429,23,3,1,1,0,0,1
429,24,4,1,1,1,0,0
429,25,4,1,1,1,0,0
429,26,4,1,1,1,0,-1
429,27,3,1,1,0,0,1
429,28,4,1,1,1,-1,0
429,29,2,1,0,1,1,0
429,30,4,1,1,1,-1,0
429,31,2,1,0,1,0,0
429,32,6,2,0,1,0,0
429,33,6,2,0,1,0,0
429,34,2,1,0,1,1,0
429,35,4,1,1,1,0,0
429,36,4,1,1,1,0,-1
429,37,3,1,1,0,0,0
429,38,3,1,1,0,-1,1
429,39,2,1,0,1,0,0
429,40,2,1,0,1,1,-1
429,41,3,1,1,0,0,0
429,42,7,2,1,0,0,1
429,43,4,1,1,1,0,0
429,44,4,1,1,1,0,0
429,45,4,1,1,1,0,0
429,46,4,1,1,1,-1,-1
429,47,5,2,0,0,1,0
429,48,7,2,1,0,0,1
429,49,8,2,1,1,0,0
429,50,4,1,1,1,-1,0
430,1,5,2,0,0,0,1
430,2,6,2,0,1,0,0
430,3,2,1,0,1,0,0
430,4,6,2,0,1,0,0
430,5,6,2,0,1,1,-1
430,6,7,2,1,0,0,0
430,7,7,2,1,0,0,0
430,8,7,2,1,0,0,0
430,9,3,1,1,0,-1,0
430,10,1,1,0,0,0,0
430,11,1,1,0,0,0,0
430,12,1,1,0,0,0,0
430,13,1,1,0,0,1,0
430,14,7,2,1,0,0,0
430,15,7,2,1,0,0,0
430,16,7,2,1,0,-1,1
430,17,6,2,0,1,0,0
430,18,2,1,0,1,0,0
430,19,2,1,0,1,1,0
430,20,8,2,1,1,0,-1
430,21,3,1,1,0,0,1
430,22,4,1,1,1,-1,-1
430,23,1,1,0,0,0,1
430,24,2,1,0,1,0,0
430,25,2,1,0,1,1,0
430,26,4,1,1,1,0,-1
430,27,3,1,1,0,0,0
430,28,3,1,1,0,0,0
430,29,3,1,1,0,-1,1
430,30,2,1,0,1,1,-1
430,31,7,2,1,0,0,1
430,32,4,1,1,1,0,0
430,33,4,1,1,1,0,0
430,34,4,1,1,1,0,-1
430,35,3,1,1,0,0,1
430,36,8,2,1,1,0,0
430,37,4,1,1,1,0,0
430,38,4,1,1,1,0,-1
430,39,3,1,1,0,0,1
430,40,4,1,1,1,0,0
430,41,4,1,1,1,0,0
430,42,4,1,1,1,0,0
430,43,8,2,1,1,-1,-1
430,44,5,2,0,0,0,1
430,45,6,2,0,1,0,0
430,46,6,2,0,1,0,-1
430,47,1,1,0,0,0,0
430,48,1,1,0,0,0,1
430,49,2,1,0,1,1,0
430,50,8,2,1,1,0,-1
431,1,5,2,0,0,0,1
431,2,6,2,0,1,1,-1
431,3,7,2,1,0,0,0
431,4,7,2,1,0,-1,0
431,5,1,1,0,0,1,1
431,6,4,1,1,1,0,0
431,7,4,1,1,1,0,0
431,8,4,1,1,1,0,0
431,9,8,2,1,1,0,0
431,10,8,2,1,1,0,-1
431,11,3,1,1,0,0,1
431,12,4,1,1,1,0,0
431,13,4,1,1,1,-1,0
431,14,2,1,0,1,0,0
431,15,2,1,0,1,1,0
431,16,4,1,1,1,0,0
431,17,8,2,1,1,-1,0
431,18,6,2,0,1,0,0
431,19,2,1,0,1,0,-1
431,20,1,1,0,0,0,1
431,21,6,2,0,1,1,0
431,22,4,1,1,1,0,0
431,23,4,1,1,1,0,0
431,24,4,1,1,1,0,0
431,25,4,1,1,1,0,0
431,26,4,1,1,1,-1,0
431,27,6,2,0,1,0,0
431,28,2,1,0,1,0,0
431,29,2,1,0,1,1,0
431,30,4,1,1,1,0,-1
431,31,3,1,1,0,-1,0
431,32,5,2,0,0,0,0
431,33,5,2,0,0,0,1
431,34,2,1,0,1,0,-1
431,35,1,1,0,0,1,1
431,36,4,1,1,1,0,0
431,37,4,1,1,1,0,-1
431,38,7,2,1,0,-1,0
431,39,1,1,0,0,1,1
431,40,4,1,1,1,-1,-1
431,41,1,1,0,0,0,1
431,42,2,1,0,1,0,0
431,43,2,1,0,1,1,0
431,44,4,1,1,1,0,0
431,45,4,1,1,1,0,-1
431,46,3,1,1,0,0,1
431,47,4,1,1,1,0,-1
431,48,3,1,1,0,0,0
431,49,3,1,1,0,0,0
431,50,3,1,1,0,-1,0
432,1,1,1,0,0,0,1
432,2,2,1,0,1,0,0
432,3,2,1,0,1,0,0
432,4,6,2,0,1,1,-1
432,5,3,1,1,0,0,0
432,6,3,1,1,0,0,0
432,7,3,1,1,0,0,0
432,8,3,1,1,0,-1,0
432,9,1,1,0,0,0,0
432,10,1,1,0,0,0,0
432,11,5,2,0,0,1,0
432,12,3,1,1,0,0,0
432,13,7,2,1,0,0,1
432,14,8,2,1,1,-1,0
432,15,6,2,0,1,0,0
432,16,2,1,0,1,0,-1
432,17,5,2,0,0,1,1
432,18,4,1,1,1,0,-1
432,19,3,1,1,0,0,0
432,20,7,2,1,0,0,0
432,21,7,2,1,0,0,1
432,22,8,2,1,1,0,0
432,23,8,2,1,1,0,0
432,24,8,2,1,1,0,-1
432,25,3,1,1,0,0,1
432,26,4,1,1,1,0,0
432,27,4,1,1,1,0,0
432,28,4,1,1,1,0,0
432,29,8,2,1,1,0,-1
432,30,7,2,1,0,0,1
432,31,4,1,1,1,0,-1
432,32,3,1,1,0,-1,0
432,33,1,1,0,0,1,0
432,34,3,1,1,0,-1,0
432,35,1,1,0,0,0,0
432,36,1,1,0,0,0,0
432,37,1,1,0,0,1,0
432,38,3,1,1,0,0,1
432,39,4,1,1,1,-1,0
432,40,6,2,0,1,1,0
432,41,8,2,1,1,0,0
432,42,4,1,1,1,0,-1
432,43,3,1,1,0,0,0
432,44,3,1,1,0,0,0
432,45,3,1,1,0,0,0
432,46,3,1,1,0,0,0
432,47,7,2,1,0,0,0
432,48,7,2,1,0,-1,0
432,49,5,2,0,0,0,1
432,50,6,2,0,1,0,-1
433,1,5,2,0,0,0,0
433,2,5,2,0,0,0,1
433,3,6,2,0,1,0,0
433,4,6,2,0,1,1,0
433,5,4,1,1,1,0,0
433,6,4,1,1,1,0,0
433,7,4,1,1,1,-1,0
433,8,6,2,0,1,1,0
433,9,4,1,1,1,0,0
433,10,4,1,1,1,0,0
433,11,8,2,1,1,-1,0
433,12,6,2,0,1,0,0
433,13,6,2,0,1,0,0
433,14,6,2,0,1,0,0
433,15,6,2,0,1,1,0
433,16,8,2,1,1,0,0
433,17,4,1,1,1,0,-1
433,18,3,1,1,0,0,0
433,19,3,1,1,0,0,0
433,20,3,1,1,0,-1,0
433,21,5,2,0,0,0,0
433,22,5,2,0,0,0,0
433,23,5,2,0,0,0,1
433,24,6,2,0,1,1,0
433,25,8,2,1,1,0,0
433,26,8,2,1,1,0,0
433,27,8,2,1,1,0,-1
433,28,7,2,1,0,0,0
433,29,3,1,1,0,0,1
433,30,4,1,1,1,0,0
433,31,4,1,1,1,0,0
433,32,8,2,1,1,0,0
433,33,4,1,1,1,-1,0
433,34,2,1,0,1,0,0
433,35,6,2,0,1,0,-1
433,36,1,1,0,0,0,0
433,37,1,1,0,0,0,0
433,38,1,1,0,0,0,0
433,39,1,1,0,0,0,0
433,40,1,1,0,0,0,0
433,41,1,1,0,0,0,1
433,42,6,2,0,1,0,-1
433,43,5,2,0,0,0,0
433,44,5,2,0,0,0,0
433,45,5,2,0,0,0,0
433,46,1,1,0,0,0,0
433,47,1,1,0,0,1,0
433,48,3,1,1,0,-1,0
433,49,1,1,0,0,0,1
433,50,6,2,0,1,0,-1
434,1,2,1,0,1,1,0
434,2,8,2,1,1,0,-1
434,3,7,2,1,0,0,0
434,4,7,2,1,0,0,0
434,5,3,1,1,0,-1,0
434,6,1,1,0,0,1,0
434,7,7,2,1,0,0,0
434,8,3,1,1,0,0,0
434,9,3,1,1,0,0,0
434,10,7,2,1,0,0,0
434,11,3,1,1,0,0,0
434,12,3,1,1,0,0,0
434,13,3,1,1,0,0,0
434,14,7,2,1,0,0,1
434,15,8,2,1,1,0,0
434,16,8,2,1,1,0,0
434,17,8,2,1,1,-1,0
434,18,6,2,0,1,0,-1
434,19,1,1,0,0,0,0
434,20,1,1,0,0,0,1
434,21,2,1,0,1,0,-1
434,22,1,1,0,0,1,0
434,23,3,1,1,0,0,0
434,24,3,1,1,0,-1,1
434,25,6,2,0,1,0,-1
434,26,1,1,0,0,0,1
434,27,2,1,0,1,0,0
434,28,2,1,0,1,1,0
434,29,8,2,1,1,0,0
434,30,8,2,1,1,0,-1
434,31,7,2,1,0,-1,0
434,32,5,2,0,0,0,0
434,33,5,2,0,0,0,0
434,34,5,2,0,0,0,0
434,35,5,2,0,0,0,0
434,36,5,2,0,0,0,0
434,37,5,2,0,0,0,0
434,38,5,2,0,0,0,0
434,39,5,2,0,0,0,0
434,40,1,1,0,0,0,1
434,41,2,1,0,1,1,0
434,42,4,1,1,1,0,-1
434,43,7,2,1,0,-1,0
434,44,5,2,0,0,1,1
434,45,8,2,1,1,0,0
434,46,8,2,1,1,-1,0
434,47,6,2,0,1,0,0
434,48,6,2,0,1,0,0
434,49,6,2,0,1,0,0
434,50,6,2,0,1,1,-1
435,1,3,1,1,0,0,1
435,2,4,1,1,1,0,-1
435,3,7,2,1,0,-1,1
435,4,6,2,0,1,0,-1
435,5,1,1,0,0,0,0
435,6,1,1,0,0,0,0
435,7,1,1,0,0,1,0
435,8,3,1,1,0,0,1
435,9,4,1,1,1,0,0
435,10,4,1,1,1,-1,0
435,11,2,1,0,1,0,-1
435,12,1,1,0,0,0,0
435,13,5,2,0,0,1,0
435,14,7,2,1,0,0,0
435,15,7,2,1,0,0,0
435,16,7,2,1,0,0,0
435,17,3,1,1,0,0,0
435,18,3,1,1,0,0,1
435,19,8,2,1,1,0,0
435,20,4,1,1,1,0,0
435,21,4,1,1,1,0,0
435,22,4,1,1,1,0,-1
435,23,7,2,1,0,-1,0
435,24,1,1,0,0,0,1
435,25,2,1,0,1,0,0
435,26,2,1,0,1,0,-1
435,27,1,1,0,0,0,1
435,28,2,1,0,1,1,0
435,29,4,1,1,1,0,0
435,30,4,1,1,1,-1,0
435,31,2,1,0,1,0,0
435,32,2,1,0,1,1,-1
435,33,3,1,1,0,-1,0
435,34,5,2,0,0,0,1
435,35,2,1,0,1,0,0
435,36,2,1,0,1,0,0
435,37,6,2,0,1,1,0
435,38,4,1,1,1,0,0
435,39,4,1,1,1,0,0
435,40,4,1,1,1,-1,0
435,41,2,1,0,1,0,0
435,42,6,2,0,1,0,0
435,43,6,2,0,1,0,0
435,44,6,2,0,1,0,0
435,45,2,1,0,1,0,0
435,46,2,1,0,1,1,0
435,47,4,1,1,1,0,-1
435,48,7,2,1,0,0,0
435,49,3,1,1,0,0,0
435,50,3,1,1,0,-1,0
436,1,5,2,0,0,0,0
436,2,1,1,0,0,0,0
436,3,1,1,0,0,0,1
436,4,6,2,0,1,0,0
436,5,2,1,0,1,0,-1
436,6,5,2,0,0,0,0
436,7,5,2,0,0,0,0
436,8,1,1,0,0,0,0
436,9,5,2,0,0,0,0
436,10,5,2,0,0,1,0
436,11,3,1,1,0,0,1
436,12,8,2,1,1,0,-1
436,13,7,2,1,0,-1,0
436,14,1,1,0,0,0,0
436,15,1,1,0,0,1,0
436,16,7,2,1,0,0,1
436,17,8,2,1,1,0,-1
436,18,7,2,1,0,0,0
436,19,7,2,1,0,0,0
436,20,7,2,1,0,-1,0
436,21,5,2,0,0,1,0
436,22,3,1,1,0,0,0
436,23,7,2,1,0,-1,1
436,24,6,2,0,1,0,0
436,25,6,2,0,1,0,0
436,26,6,2,0,1,0,0
436,27,6,2,0,1,0,0
436,28,6,2,0,1,0,-1
436,29,5,2,0,0,1,0
436,30,7,2,1,0,0,0
436,31,7,2,1,0,0,0
436,32,7,2,1,0,0,0
436,33,3,1,1,0,0,0
436,34,3,1,1,0,0,0
436,35,3,1,1,0,0,0
436,36,3,1,1,0,0,0
436,37,3,1,1,0,0,0
436,38,7,2,1,0,0,1
436,39,4,1,1,1,0,0
436,40,4,1,1,1,0,0
436,41,8,2,1,1,0,0
436,42,4,1,1,1,0,0
436,43,4,1,1,1,0,0
436,44,4,1,1,1,0,0
436,45,4,1,1,1,0,0
436,46,4,1,1,1,0,-1
436,47,3,1,1,0,0,0
436,48,3,1,1,0,0,0
436,49,7,2,1,0,0,0
436,50,3,1,1,0,0,1
437,1,7,2,1,0,0,0
437,2,7,2,1,0,0,0
437,3,3,1,1,0,0,0
437,4,3,1,1,0,0,0
437,5,3,1,1,0,0,0
437,6,3,1,1,0,0,0
437,7,7,2,1,0,0,0
437,8,7,2,1,0,0,0
437,9,7,2,1,0,0,1
437,10,8,2,1,1,0,0
437,11,4,1,1,1,0,0
437,12,4,1,1,1,0,0
437,13,4,1,1,1,0,0
437,14,8,2,1,1,0,-1
437,15,7,2,1,0,0,0
437,16,7,2,1,0,0,0
437,17,7,2,1,0,0,0
437,18,7,2,1,0,0,1
437,19,4,1,1,1,-1,0
437,20,2,1,0,1,0,0
437,21,2,1,0,1,0,0
437,22,2,1,0,1,1,0
437,23,4,1,1,1,-1,0
437,24,2,1,0,1,0,0
437,25,6,2,0,1,0,0
437,26,6,2,0,1,1,0
437,27,8,2,1,1,0,0
437,28,4,1,1,1,0,0
437,29,4,1,1,1,0,0
437,30,4,1,1,1,0,-1
437,31,3,1,1,0,0,1
437,32,4,1,1,1,0,0
437,33,4,1,1,1,0,0
437,34,4,1,1,1,0,0
437,35,4,1,1,1,-1,0
437,36,2,1,0,1,1,0
437,37,8,2,1,1,0,0
437,38,4,1,1,1,0,0
437,39,4,1,1,1,0,0
437,40,4,1,1,1,0,0
437,41,4,1,1,1,0,0
437,42,4,1,1,1,-1,0
437,43,6,2,0,1,0,0
437,44,6,2,0,1,0,0
437,45,6,2,0,1,0,-1
437,46,1,1,0,0,1,1
437,47,8,2,1,1,0,0
437,48,8,2,1,1,0,-1
437,49,3,1,1,0,0,1
437,50,4,1,1,1,0,0
438,1,6,2,0,1,0,-1
438,2,5,2,0,0,0,0
438,3,5,2,0,0,0,1
438,4,6,2,0,1,0,0
438,5,6,2,0,1,1,0
438,6,8,2,1,1,0,0
438,7,8,2,1,1,0,0
438,8,8,2,1,1,0,0
438,9,4,1,1,1,-1,0
438,10,2,1,0,1,0,0
438,11,2,1,0,1,1,0
438,12,8,2,1,1,0,0
438,13,8,2,1,1,0,-1
438,14,7,2,1,0,0,0
438,15,3,1,1,0,0,0
438,16,3,1,1,0,-1,0
438,17,1,1,0,0,0,0
438,18,1,1,0,0,0,0
438,19,1,1,0,0,0,1
438,20,2,1,0,1,1,-1
438,21,7,2,1,0,0,1
438,22,4,1,1,1,0,0
438,23,8,2,1,1,0,0
438,24,4,1,1,1,-1,0
438,25,2,1,0,1,1,0
438,26,4,1,1,1,-1,-1
438,27,1,1,0,0,0,0
438,28,1,1,0,0,0,0
438,29,1,1,0,0,0,1
438,30,6,2,0,1,0,0
438,31,6,2,0,1,0,-1
438,32,1,1,0,0,0,1
438,33,6,2,0,1,1,0
438,34,4,1,1,1,0,0
438,35,4,1,1,1,0,-1
438,36,3,1,1,0,-1,1
438,37,2,1,0,1,1,0
438,38,4,1,1,1,0,-1
438,39,3,1,1,0,0,0
438,40,3,1,1,0,0,1
438,41,8,2,1,1,-1,0
438,42,6,2,0,1,0,0
438,43,2,1,0,1,0,0
438,44,2,1,0,1,0,0
438,45,2,1,0,1,0,0
438,46,2,1,0,1,1,-1
438,47,3,1,1,0,0,0
438,48,3,1,1,0,0,0
438,49,3,1,1,0,0,0
438,50,7,2,1,0,0,0
439,1,6,2,0,1,1,0
439,2,8,2,1,1,0,0
439,3,8,2,1,1,0,0
439,4,4,1,1,1,0,0
439,5,4,1,1,1,0,0
439,6,4,1,1,1,0,0
439,7,4,1,1,1,-1,0
439,8,2,1,0,1,1,0
439,9,4,1,1,1,0,0
439,10,4,1,1,1,0,0
439,11,8,2,1,1,0,0
439,12,8,2,1,1,0,-1
439,13,3,1,1,0,0,1
439,14,4,1,1,1,-1,-1
439,15,5,2,0,0,1,0
439,16,7,2,1,0,0,0
439,17,3,1,1,0,-1,0
439,18,5,2,0,0,1,0
439,19,7,2,1,0,0,1
439,20,4,1,1,1,0,0
439,21,4,1,1,1,0,0
439,22,4,1,1,1,0,0
439,23,4,1,1,1,0,0
439,24,4,1,1,1,0,0
439,25,8,2,1,1,0,0
439,26,8,2,1,1,0,0
439,27,8,2,1,1,0,0
439,28,4,1,1,1,0,0
439,29,4,1,1,1,0,0
439,30,8,2,1,1,0,-1
439,31,3,1,1,0,0,0
439,32,7,2,1,0,-1,0
439,33,1,1,0,0,0,0
439,34,1,1,0,0,0,0
439,35,1,1,0,0,0,1
439,36,6,2,0,1,1,0
439,37,8,2,1,1,0,-1
439,38,3,1,1,0,0,1
439,39,4,1,1,1,-1,0
439,40,2,1,0,1,0,-1
439,41,1,1,0,0,1,1
439,42,4,1,1,1,0,0
439,43,4,1,1,1,-1,0
439,44,6,2,0,1,0,0
439,45,2,1,0,1,0,0
439,46,6,2,0,1,0,-1
439,47,1,1,0,0,0,1
439,48,6,2,0,1,0,0
439,49,6,2,0,1,0,-1
439,50,1,1,0,0,0,0
440,1,8,2,1,1,0,0
440,2,8,2,1,1,0,0
440,3,4,1,1,1,0,-1
440,4,3,1,1,0,0,0
440,5,7,2,1,0,0,0
440,6,7,2,1,0,0,0
440,7,3,1,1,0,-1,0
440,8,5,2,0,0,0,0
440,9,5,2,0,0,0,0
440,10,5,2,0,0,1,0
440,11,7,2,1,0,0,0
440,12,3,1,1,0,0,0
440,13,3,1,1,0,0,1
440,14,4,1,1,1,-1,0
440,15,2,1,0,1,0,0
440,16,6,2,0,1,0,0
440,17,6,2,0,1,0,0
440,18,6,2,0,1,0,0
440,19,6,2,0,1,0,-1
440,20,5,2,0,0,0,0
440,21,5,2,0,0,0,0
440,22,5,2,0,0,0,0
440,23,1,1,0,0,1,1
440,24,4,1,1,1,-1,0
440,25,2,1,0,1,1,0
440,26,4,1,1,1,-1,0
440,27,2,1,0,1,1,0
440,28,4,1,1,1,0,0
440,29,4,1,1,1,0,0
440,30,4,1,1,1,0,0
440,31,8,2,1,1,0,0
440,32,8,2,1,1,-1,-1
440,33,5,2,0,0,0,1
440,34,6,2,0,1,0,0
440,35,6,2,0,1,1,0
440,36,8,2,1,1,0,0
440,37,8,2,1,1,0,0
440,38,4,1,1,1,0,0
440,39,4,1,1,1,0,0
440,40,4,1,1,1,-1,0
440,41,2,1,0,1,0,0
440,42,2,1,0,1,1,0
440,43,4,1,1,1,0,0
440,44,4,1,1,1,0,0
440,45,8,2,1,1,-1,0
440,46,2,1,0,1,0,0
440,47,2,1,0,1,0,0
440,48,2,1,0,1,0,0
440,49,2,1,0,1,0,0
440,50,6,2,0,1,0,0
441,1,1,1,0,0,0,1
441,2,2,1,0,1,0,0
441,3,2,1,0,1,1,0
441,4,4,1,1,1,0,0
441,5,4,1,1,1,0,-1
441,6,3,1,1,0,0,0
441,7,3,1,1,0,-1,1
441,8,2,1,0,1,1,0
441,9,8,2,1,1,0,0
441,10,4,1,1,1,0,0
441,11,4,1,1,1,-1,-1
441,12,1,1,0,0,0,1
441,13,2,1,0,1,1,0
441,14,4,1,1,1,0,-1
441,15,3,1,1,0,0,0
441,16,7,2,1,0,-1,1
441,17,6,2,0,1,0,0
441,18,2,1,0,1,0,-1
441,19,1,1,0,0,0,0
441,20,5,2,0,0,0,0
441,21,5,2,0,0,0,0
441,22,5,2,0,0,1,0
441,23,7,2,1,0,0,0
441,24,7,2,1,0,0,0
441,25,3,1,1,0,0,0
441,26,3,1,1,0,0,0
441,27,7,2,1,0,-1,1
441,28,6,2,0,1,1,0
441,29,8,2,1,1,0,0
441,30,4,1,1,1,0,0
441,31,4,1,1,1,0,0
441,32,8,2,1,1,0,0
441,33,8,2,1,1,0,0
441,34,8,2,1,1,0,0
441,35,4,1,1,1,0,0
441,36,8,2,1,1,-1,-1
441,37,5,2,0,0,1,1
441,38,8,2,1,1,0,-1
441,39,7,2,1,0,-1,0
441,40,1,1,0,0,0,0
441,41,1,1,0,0,0,0
441,42,1,1,0,0,0,0
441,43,1,1,0,0,0,0
441,44,1,1,0,0,0,0
441,45,1,1,0,0,0,1
441,46,2,1,0,1,1,0
441,47,4,1,1,1,-1,0
441,48,6,2,0,1,0,-1
441,49,5,2,0,0,0,0
441,50,5,2,0,0,0,0
442,1,2,1,0,1,1,0
442,2,4,1,1,1,-1,-1
442,3,1,1,0,0,1,0
442,4,7,2,1,0,0,0
442,5,7,2,1,0,-1,0
442,6,5,2,0,0,1,0
442,7,3,1,1,0,0,0
442,8,7,2,1,0,0,0
442,9,3,1,1,0,0,1
442,10,4,1,1,1,0,0
442,11,4,1,1,1,0,0
442,12,4,1,1,1,-1,0
442,13,2,1,0,1,0,-1
442,14,1,1,0,0,0,0
442,15,1,1,0,0,1,0
442,16,3,1,1,0,0,1
442,17,8,2,1,1,0,0
442,18,8,2,1,1,0,0
442,19,4,1,1,1,0,0
442,20,8,2,1,1,0,-1
442,21,7,2,1,0,0,0
442,22,3,1,1,0,0,1
442,23,4,1,1,1,0,-1
442,24,3,1,1,0,0,0
442,25,7,2,1,0,-1,0
442,26,5,2,0,0,1,0
442,27,3,1,1,0,-1,0
442,28,1,1,0,0,0,0
442,29,5,2,0,0,0,0
442,30,5,2,0,0,1,0
442,31,3,1,1,0,0,0
442,32,3,1,1,0,-1,0
442,33,1,1,0,0,0,0
442,34,5,2,0,0,1,0
442,35,3,1,1,0,0,0
442,36,3,1,1,0,0,0
442,37,3,1,1,0,-1,0
442,38,1,1,0,0,1,1
442,39,4,1,1,1,0,0
442,40,4,1,1,1,0,0
442,41,8,2,1,1,-1,0
442,42,6,2,0,1,0,0
442,43,2,1,0,1,0,0
442,44,2,1,0,1,0,0
442,45,2,1,0,1,0,-1
442,46,5,2,0,0,0,1
442,47,6,2,0,1,0,0
442,48,2,1,0,1,0,-1
442,49,1,1,0,0,1,0
442,50,3,1,1,0,0,0
443,1,8,2,1,1,-1,0
443,2,6,2,0,1,0,0
443,3,2,1,0,1,1,0
443,4,8,2,1,1,0,-1
443,5,7,2,1,0,0,0
443,6,7,2,1,0,0,0
443,7,3,1,1,0,0,0
443,8,3,1,1,0,0,0
443,9,3,1,1,0,0,1
443,10,4,1,1,1,0,0
443,11,4,1,1,1,0,0
443,12,4,1,1,1,0,-1
443,13,7,2,1,0,0,1
443,14,8,2,1,1,0,0
443,15,8,2,1,1,0,-1
443,16,7,2,1,0,0,0
443,17,7,2,1,0,0,0
443,18,3,1,1,0,0,0
443,19,3,1,1,0,0,1
443,20,4,1,1,1,0,0
443,21,4,1,1,1,0,0
443,22,4,1,1,1,-1,0
443,23,6,2,0,1,0,0
443,24,2,1,0,1,0,0
443,25,6,2,0,1,0,0
443,26,6,2,0,1,0,0
443,27,2,1,0,1,1,0
443,28,4,1,1,1,0,0
443,29,4,1,1,1,0,-1
443,30,7,2,1,0,0,0
443,31,3,1,1,0,0,0
443,32,3,1,1,0,0,0
443,33,3,1,1,0,0,1
443,34,4,1,1,1,0,-1
443,35,7,2,1,0,0,1
443,36,4,1,1,1,0,0
443,37,4,1,1,1,0,0
443,38,4,1,1,1,0,-1
443,39,7,2,1,0,0,0
443,40,3,1,1,0,0,0
443,41,3,1,1,0,0,0
443,42,3,1,1,0,0,0
443,43,7,2,1,0,0,1
443,44,8,2,1,1,0,-1
443,45,3,1,1,0,0,0
443,46,3,1,1,0,0,1
443,47,8,2,1,1,-1,-1
443,48,1,1,0,0,1,0
443,49,3,1,1,0,-1,0
443,50,1,1,0,0,0,0
444,1,4,1,1,1,0,0
444,2,4,1,1,1,0,0
444,3,4,1,1,1,0,-1
444,4,7,2,1,0,0,1
444,5,8,2,1,1,0,0
444,6,8,2,1,1,0,0
444,7,8,2,1,1,-1,0
444,8,2,1,0,1,1,0
444,9,4,1,1,1,0,-1
444,10,3,1,1,0,0,0
444,11,7,2,1,0,0,0
444,12,3,1,1,0,0,1
444,13,4,1,1,1,0,0
444,14,8,2,1,1,0,-1
444,15,7,2,1,0,0,0
444,16,3,1,1,0,0,0
444,17,7,2,1,0,0,0
444,18,3,1,1,0,0,1
444,19,4,1,1,1,-1,0
444,20,2,1,0,1,0,0
444,21,2,1,0,1,0,-1
444,22,1,1,0,0,0,0
444,23,1,1,0,0,0,0
444,24,1,1,0,0,1,1
444,25,4,1,1,1,0,0
444,26,4,1,1,1,0,-1
444,27,7,2,1,0,0,1
444,28,8,2,1,1,0,0
444,29,4,1,1,1,0,0
444,30,4,1,1,1,-1,0
444,31,2,1,0,1,0,0
444,32,2,1,0,1,1,0
444,33,4,1,1,1,0,0
444,34,4,1,1,1,0,0
444,35,4,1,1,1,0,0
444,36,4,1,1,1,0,-1
444,37,3,1,1,0,0,1
444,38,8,2,1,1,0,0
444,39,8,2,1,1,-1,0
444,40,6,2,0,1,1,-1
444,41,7,2,1,0,0,0
444,42,3,1,1,0,0,0
444,43,7,2,1,0,0,0
444,44,7,2,1,0,0,1
444,45,8,2,1,1,0,0
444,46,8,2,1,1,0,0
444,47,8,2,1,1,0,0
444,48,8,2,1,1,-1,-1
444,49,5,2,0,0,1,0
444,50,7,2,1,0,-1,1
445,1,3,1,1,0,0,0
445,2,3,1,1,0,0,0
445,3,3,1,1,0,-1,0
445,4,5,2,0,0,1,0
445,5,3,1,1,0,0,0
445,6,7,2,1,0,0,1
445,7,8,2,1,1,0,0
445,8,8,2,1,1,0,0
445,9,4,1,1,1,0,-1
445,10,3,1,1,0,0,0
445,11,3,1,1,0,0,0
445,12,7,2,1,0,-1,0
445,13,5,2,0,0,0,0
445,14,1,1,0,0,1,0
445,15,3,1,1,0,0,0
445,16,3,1,1,0,0,0
445,17,7,2,1,0,0,0
445,18,3,1,1,0,-1,0
445,19,1,1,0,0,0,1
445,20,2,1,0,1,0,0
445,21,2,1,0,1,1,-1
445,22,7,2,1,0,-1,0
445,23,5,2,0,0,1,0
445,24,7,2,1,0,0,0
445,25,3,1,1,0,0,1
445,26,4,1,1,1,0,0
445,27,4,1,1,1,0,-1
445,28,3,1,1,0,0,1
445,29,4,1,1,1,0,0
445,30,4,1,1,1,-1,0
445,31,6,2,0,1,0,0
445,32,2,1,0,1,0,0
445,33,2,1,0,1,1,0
445,34,4,1,1,1,0,0
445,35,4,1,1,1,0,0
445,36,8,2,1,1,-1,0
445,37,6,2,0,1,1,0
445,38,8,2,1,1,-1,0
445,39,6,2,0,1,0,0
445,40,2,1,0,1,1,0
445,41,4,1,1,1,-1,0
445,42,2,1,0,1,1,0
445,43,8,2,1,1,0,0
445,44,4,1,1,1,0,0
445,45,4,1,1,1,-1,0
445,46,6,2,0,1,0,0
445,47,6,2,0,1,0,0
445,48,2,1,0,1,0,0
445,49,2,1,0,1,1,0
445,50,4,1,1,1,0,-1
446,1,3,1,1,0,0,0
446,2,3,1,1,0,0,0
446,3,3,1,1,0,0,0
446,4,3,1,1,0,0,0
446,5,3,1,1,0,0,0
446,6,3,1,1,0,0,1
446,7,8,2,1,1,0,-1
446,8,3,1,1,0,0,0
446,9,3,1,1,0,0,0
446,10,3,1,1,0,-1,0
446,11,1,1,0,0,0,0
446,12,1,1,0,0,0,0
446,13,5,2,0,0,0,0
446,14,5,2,0,0,0,0
446,15,1,1,0,0,1,1
446,16,4,1,1,1,0,0
446,17,4,1,1,1,0,-1
446,18,3,1,1,0,0,0
446,19,3,1,1,0,0,1
446,20,4,1,1,1,0,0
446,21,4,1,1,1,-1,0
446,22,2,1,0,1,1,-1
446,23,3,1,1,0,0,0
446,24,7,2,1,0,0,1
446,25,4,1,1,1,0,0
446,26,4,1,1,1,-1,0
446,27,6,2,0,1,0,0
446,28,6,2,0,1,0,0
446,29,6,2,0,1,0,0
446,30,6,2,0,1,0,0
446,31,6,2,0,1,0,-1
446,32,1,1,0,0,0,0
446,33,1,1,0,0,1,0
446,34,3,1,1,0,-1,0
446,35,1,1,0,0,0,0
446,36,1,1,0,0,0,0
446,37,5,2,0,0,0,0
446,38,1,1,0,0,0,0
446,39,5,2,0,0,0,0
446,40,1,1,0,0,0,0
446,41,1,1,0,0,1,0
446,42,7,2,1,0,0,0
446,43,3,1,1,0,-1,0
446,44,1,1,0,0,0,0
446,45,1,1,0,0,0,0
446,46,1,1,0,0,1,0
446,47,3,1,1,0,0,1
446,48,8,2,1,1,0,0
446,49,4,1,1,1,0,0
446,50,4,1,1,1,0,0
447,1,1,1,0,0,1,0
447,2,3,1,1,0,0,1
447,3,4,1,1,1,-1,0
447,4,2,1,0,1,0,0
447,5,6,2,0,1,1,0
447,6,8,2,1,1,0,0
447,7,8,2,1,1,-1,-1
447,8,1,1,0,0,0,0
447,9,1,1,0,0,0,0
447,10,1,1,0,0,0,0
447,11,1,1,0,0,0,1
447,12,6,2,0,1,0,0
447,13,2,1,0,1,0,0
447,14,2,1,0,1,0,0
447,15,6,2,0,1,0,-1
447,16,5,2,0,0,0,0
447,17,1,1,0,0,0,0
447,18,1,1,0,0,0,0
447,19,1,1,0,0,0,1
447,20,2,1,0,1,0,0
447,21,2,1,0,1,0,0
447,22,2,1,0,1,0,0
447,23,2,1,0,1,0,0
447,24,2,1,0,1,0,-1
447,25,1,1,0,0,0,0
447,26,5,2,0,0,0,0
447,27,1,1,0,0,1,0
447,28,3,1,1,0,0,1
447,29,4,1,1,1,-1,0
447,30,2,1,0,1,0,0
447,31,2,1,0,1,0,-1
447,32,5,2,0,0,1,1
447,33,8,2,1,1,0,-1
447,34,7,2,1,0,0,0
447,35,7,2,1,0,-1,0
447,36,1,1,0,0,0,1
447,37,2,1,0,1,0,0
447,38,2,1,0,1,0,0
447,39,2,1,0,1,1,0
447,40,8,2,1,1,-1,0
447,41,6,2,0,1,1,0
447,42,8,2,1,1,0,0
447,43,8,2,1,1,0,-1
447,44,7,2,1,0,0,0
447,45,7,2,1,0,0,1
447,46,4,1,1,1,-1,0
447,47,2,1,0,1,1,0
447,48,8,2,1,1,0,0
447,49,4,1,1,1,0,0
447,50,4,1,1,1,0,0
448,1,3,1,1,0,0,0
448,2,7,2,1,0,-1,0
448,3,5,2,0,0,0,1
448,4,2,1,0,1,0,0
448,5,2,1,0,1,1,0
448,6,8,2,1,1,0,0
448,7,8,2,1,1,0,-1
448,8,3,1,1,0,0,0
448,9,7,2,1,0,0,0
448,10,7,2,1,0,0,0
448,11,3,1,1,0,0,0
448,12,7,2,1,0,-1,0
448,13,5,2,0,0,0,1
448,14,2,1,0,1,1,-1
448,15,7,2,1,0,0,1
448,16,8,2,1,1,0,0
448,17,8,2,1,1,0,0
448,18,4,1,1,1,0,0
448,19,8,2,1,1,0,0
448,20,8,2,1,1,-1,-1
448,21,1,1,0,0,0,1
448,22,6,2,0,1,0,0
448,23,2,1,0,1,1,-1
448,24,3,1,1,0,-1,0
448,25,1,1,0,0,0,0
448,26,1,1,0,0,0,0
448,27,1,1,0,0,0,0
448,28,1,1,0,0,0,0
448,29,5,2,0,0,0,0
448,30,5,2,0,0,0,1
448,31,6,2,0,1,1,0
448,32,8,2,1,1,-1,0
448,33,2,1,0,1,0,-1
448,34,5,2,0,0,1,0
448,35,7,2,1,0,-1,0
448,36,5,2,0,0,0,0
448,37,5,2,0,0,0,0
448,38,1,1,0,0,1,1
448,39,4,1,1,1,-1,0
448,40,2,1,0,1,0,0
448,41,2,1,0,1,1,-1
448,42,3,1,1,0,0,0
448,43,7,2,1,0,-1,0
448,44,5,2,0,0,0,1
448,45,6,2,0,1,1,-1
448,46,7,2,1,0,0,0
448,47,7,2,1,0,0,0
448,48,7,2,1,0,-1,0
448,49,5,2,0,0,0,0
448,50,5,2,0,0,0,0
449,1,5,2,0,0,0,1
449,2,6,2,0,1,0,-1
449,3,1,1,0,0,0,0
449,4,1,1,0,0,1,0
449,5,3,1,1,0,0,1
449,6,4,1,1,1,0,0
449,7,8,2,1,1,0,-1
449,8,7,2,1,0,0,0
449,9,3,1,1,0,0,0
449,10,3,1,1,0,0,0
449,11,7,2,1,0,0,0
449,12,7,2,1,0,0,0
449,13,7,2,1,0,0,1
449,14,4,1,1,1,0,0
449,15,4,1,1,1,0,0
449,16,4,1,1,1,-1,0
449,17,2,1,0,1,0,0
449,18,6,2,0,1,1,-1
449,19,7,2,1,0,0,1
449,20,4,1,1,1,0,0
449,21,8,2,1,1,-1,0
449,22,6,2,0,1,0,-1
449,23,5,2,0,0,0,0
449,24,1,1,0,0,0,0
449,25,5,2,0,0,0,0
449,26,1,1,0,0,1,0
449,27,3,1,1,0,0,0
449,28,3,1,1,0,0,1
449,29,8,2,1,1,0,0
449,30,8,2,1,1,0,-1
449,31,3,1,1,0,0,1
449,32,4,1,1,1,0,0
449,33,4,1,1,1,0,-1
449,34,7,2,1,0,-1,0
449,35,5,2,0,0,0,1
449,36,2,1,0,1,0,0
449,37,2,1,0,1,1,0
449,38,4,1,1,1,0,0
449,39,4,1,1,1,0,0
449,40,4,1,1,1,0,-1
449,41,3,1,1,0,0,1
449,42,8,2,1,1,0,0
449,43,8,2,1,1,0,0
449,44,8,2,1,1,0,0
449,45,4,1,1,1,0,0
449,46,4,1,1,1,-1,0
449,47,6,2,0,1,0,0
449,48,2,1,0,1,1,0
449,49,4,1,1,1,0,0
449,50,4,1,1,1,0,0
450,1,3,1,1,0,0,0
450,2,3,1,1,0,0,0
450,3,3,1,1,0,0,1
450,4,4,1,1,1,0,0
450,5,4,1,1,1,-1,0
450,6,2,1,0,1,0,0
450,7,6,2,0,1,0,0
450,8,6,2,0,1,1,-1
450,9,7,2,1,0,0,1
450,10,8,2,1,1,-1,0
450,11,6,2,0,1,0,0
450,12,2,1,0,1,0,0
450,13,6,2,0,1,0,0
450,14,2,1,0,1,1,0
450,15,8,2,1,1,0,0
450,16,8,2,1,1,0,0
450,17,4,1,1,1,0,-1
450,18,3,1,1,0,0,1
450,19,4,1,1,1,-1,0
450,20,6,2,0,1,0,0
450,21,2,1,0,1,0,0
450,22,6,2,0,1,0,0
450,23,6,2,0,1,0,0
450,24,2,1,0,1,1,0
450,25,4,1,1,1,0,-1
450,26,3,1,1,0,0,0
450,27,3,1,1,0,0,1
450,28,8,2,1,1,0,0
450,29,4,1,1,1,0,0
450,30,4,1,1,1,-1,0
450,31,2,1,0,1,0,0
450,32,2,1,0,1,0,0
450,33,2,1,0,1,0,-1
450,34,1,1,0,0,0,1
450,35,6,2,0,1,0,0
450,36,6,2,0,1,1,0
450,37,8,2,1,1,0,-1
450,38,7,2,1,0,0,0
450,39,3,1,1,0,0,1
450,40,4,1,1,1,0,-1
450,41,3,1,1,0,0,0
450,42,7,2,1,0,0,1
450,43,4,1,1,1,0,0
450,44,4,1,1,1,0,0
450,45,4,1,1,1,0,0
450,46,8,2,1,1,-1,0
450,47,2,1,0,1,0,0
450,48,2,1,0,1,0,0
450,49,2,1,0,1,1,0
450,50,8,2,1,1,-1,0
451,1,8,2,1,1,0,0
451,2,8,2,1,1,0,0
451,3,8,2,1,1,0,-1
451,4,7,2,1,0,0,0
451,5,3,1,1,0,0,0
451,6,3,1,1,0,0,0
451,7,3,1,1,0,0,0
451,8,7,2,1,0,0,1
451,9,8,2,1,1,-1,0
451,10,2,1,0,1,0,0
451,11,6,2,0,1,0,0
451,12,2,1,0,1,0,0
451,13,2,1,0,1,0,-1
451,14,5,2,0,0,0,0
451,15,5,2,0,0,0,0
451,16,5,2,0,0,1,0
451,17,3,1,1,0,0,0
451,18,7,2,1,0,0,1
451,19,4,1,1,1,0,0
451,20,4,1,1,1,0,-1
451,21,3,1,1,0,0,0
451,22,3,1,1,0,0,0
451,23,3,1,1,0,0,0
451,24,3,1,1,0,0,0
451,25,7,2,1,0,0,0
451,26,3,1,1,0,-1,1
451,27,2,1,0,1,1,0
451,28,4,1,1,1,-1,0
451,29,2,1,0,1,0,0
451,30,2,1,0,1,1,0
451,31,4,1,1,1,0,0
451,32,8,2,1,1,0,0
451,33,8,2,1,1,-1,0
451,34,6,2,0,1,1,0
451,35,4,1,1,1,0,0
451,36,4,1,1,1,0,-1
451,37,3,1,1,0,0,0
451,38,7,2,1,0,0,0
451,39,3,1,1,0,0,0
451,40,3,1,1,0,0,1
451,41,4,1,1,1,0,0
451,42,4,1,1,1,0,0
451,43,4,1,1,1,-1,0
451,44,2,1,0,1,1,0
451,45,4,1,1,1,0,0
451,46,4,1,1,1,-1,0
451,47,2,1,0,1,1,-1
451,48,3,1,1,0,0,0
451,49,3,1,1,0,0,0
451,50,3,1,1,0,0,0
452,1,7,2,1,0,0,0
452,2,3,1,1,0,0,1
452,3,4,1,1,1,0,-1
452,4,3,1,1,0,0,1
452,5,4,1,1,1,0,0
452,6,4,1,1,1,0,0
452,7,4,1,1,1,0,-1
452,8,3,1,1,0,0,0
452,9,3,1,1,0,0,0
452,10,7,2,1,0,0,0
452,11,7,2,1,0,0,0
452,12,7,2,1,0,0,0
452,13,7,2,1,0,0,1
452,14,8,2,1,1,-1,-1
452,15,1,1,0,0,1,1
452,16,4,1,1,1,0,0
452,17,4,1,1,1,0,-1
452,18,3,1,1,0,0,1
452,19,4,1,1,1,0,-1
452,20,3,1,1,0,0,0
452,21,3,1,1,0,0,0
452,22,3,1,1,0,0,0
452,23,7,2,1,0,0,1
452,24,8,2,1,1,0,0
452,25,8,2,1,1,0,-1
452,26,3,1,1,0,0,0
452,27,7,2,1,0,-1,1
452,28,6,2,0,1,0,0
452,29,6,2,0,1,1,0
452,30,8,2,1,1,0,0
452,31,8,2,1,1,-1,0
452,32,6,2,0,1,0,0
452,33,2,1,0,1,1,0
452,34,4,1,1,1,0,0
452,35,8,2,1,1,0,0
452,36,4,1,1,1,0,0
452,37,4,1,1,1,-1,-1
452,38,1,1,0,0,0,1
452,39,2,1,0,1,0,-1
452,40,1,1,0,0,0,0
452,41,1,1,0,0,0,0
452,42,1,1,0,0,1,0
452,43,3,1,1,0,0,0
452,44,7,2,1,0,0,0
452,45,7,2,1,0,-1,0
452,46,1,1,0,0,0,0
452,47,1,1,0,0,0,1
452,48,2,1,0,1,1,0
452,49,4,1,1,1,-1,0
452,50,2,1,0,1,1,0
453,1,2,1,0,1,1,0
453,2,8,2,1,1,0,-1
453,3,3,1,1,0,-1,0
453,4,1,1,0,0,0,1
453,5,2,1,0,1,0,0
453,6,6,2,0,1,1,-1
453,7,3,1,1,0,-1,1
453,8,6,2,0,1,0,0
453,9,2,1,0,1,1,0
453,10,4,1,1,1,0,0
453,11,4,1,1,1,0,0
453,12,8,2,1,1,-1,0
453,13,2,1,0,1,0,0
453,14,2,1,0,1,1,-1
453,15,3,1,1,0,-1,0
453,16,1,1,0,0,0,0
453,17,5,2,0,0,0,0
453,18,5,2,0,0,0,1
453,19,2,1,0,1,1,-1
453,20,3,1,1,0,0,1
453,21,4,1,1,1,-1,-1
453,22,1,1,0,0,0,0
453,23,1,1,0,0,1,0
453,24,3,1,1,0,0,0
453,25,3,1,1,0,0,0
453,26,3,1,1,0,0,0
453,27,3,1,1,0,0,0
453,28,3,1,1,0,0,0
453,29,3,1,1,0,0,0
453,30,7,2,1,0,0,0
453,31,7,2,1,0,0,1
453,32,8,2,1,1,-1,0
453,33,2,1,0,1,0,-1
453,34,1,1,0,0,1,0
453,35,3,1,1,0,0,1
453,36,4,1,1,1,0,0
453,37,8,2,1,1,0,0
453,38,8,2,1,1,0,0
453,39,8,2,1,1,-1,0
453,40,6,2,0,1,0,0
453,41,6,2,0,1,1,0
453,42,4,1,1,1,-1,-1
453,43,5,2,0,0,0,1
453,44,2,1,0,1,0,0
453,45,2,1,0,1,0,0
453,46,6,2,0,1,1,-1
453,47,3,1,1,0,0,0
453,48,3,1,1,0,0,0
453,49,3,1,1,0,-1,0
453,50,5,2,0,0,1,0
454,1,3,1,1,0,0,0
454,2,3,1,1,0,0,0
454,3,7,2,1,0,0,1
454,4,8,2,1,1,0,0
454,5,8,2,1,1,0,0
454,6,4,1,1,1,0,-1
454,7,3,1,1,0,0,0
454,8,3,1,1,0,0,0
454,9,3,1,1,0,0,1
454,10,4,1,1,1,0,-1
454,11,3,1,1,0,0,0
454,12,3,1,1,0,-1,0
454,13,5,2,0,0,0,1
454,14,2,1,0,1,0,0
454,15,2,1,0,1,0,0
454,16,2,1,0,1,0,-1
454,17,1,1,0,0,0,1
454,18,6,2,0,1,1,0
454,19,4,1,1,1,0,0
454,20,4,1,1,1,0,0
454,21,4,1,1,1,0,0
454,22,4,1,1,1,0,0
454,23,4,1,1,1,0,0
454,24,4,1,1,1,0,0
454,25,4,1,1,1,0,0
454,26,4,1,1,1,0,0
454,27,4,1,1,1,-1,0
454,28,2,1,0,1,0,0
454,29,6,2,0,1,0,-1
454,30,5,2,0,0,0,0
454,31,1,1,0,0,0,0
454,32,1,1,0,0,0,0
454,33,1,1,0,0,0,0
454,34,5,2,0,0,0,0
454,35,5,2,0,0,0,0
454,36,5,2,0,0,1,0
454,37,3,1,1,0,0,0
454,38,3,1,1,0,-1,1
454,39,2,1,0,1,0,-1
454,40,1,1,0,0,0,0
454,41,1,1,0,0,0,1
454,42,6,2,0,1,0,-1
454,43,1,1,0,0,1,0
454,44,3,1,1,0,-1,0
454,45,1,1,0,0,0,0
454,46,1,1,0,0,0,1
454,47,6,2,0,1,0,0
454,48,6,2,0,1,0,0
454,49,6,2,0,1,0,-1
454,50,1,1,0,0,0,1
455,1,3,1,1,0,0,1
455,2,4,1,1,1,0,-1
455,3,3,1,1,0,0,1
455,4,8,2,1,1,0,0
455,5,8,2,1,1,-1,0
455,6,6,2,0,1,0,0
455,7,6,2,0,1,0,0
455,8,6,2,0,1,0,0
455,9,6,2,0,1,0,-1
455,10,5,2,0,0,0,0
455,11,1,1,0,0,1,0
455,12,3,1,1,0,0,0
455,13,3,1,1,0,-1,1
455,14,2,1,0,1,0,0
455,15,6,2,0,1,0,-1
455,16,1,1,0,0,0,0
455,17,1,1,0,0,0,1
455,18,2,1,0,1,1,0
455,19,8,2,1,1,0,0
455,20,4,1,1,1,0,0
455,21,8,2,1,1,0,0
455,22,4,1,1,1,0,-1
455,23,3,1,1,0,0,0
455,24,3,1,1,0,0,0
455,25,3,1,1,0,-1,0
455,26,1,1,0,0,1,1
455,27,4,1,1,1,0,0
455,28,4,1,1,1,0,0
455,29,8,2,1,1,0,0
455,30,8,2,1,1,0,0
455,31,4,1,1,1,0,0
455,32,4,1,1,1,0,0
455,33,4,1,1,1,0,0
455,34,4,1,1,1,-1,-1
455,35,5,2,0,0,1,1
455,36,8,2,1,1,0,-1
455,37,3,1,1,0,0,0
455,38,3,1,1,0,0,1
455,39,4,1,1,1,0,0
455,40,4,1,1,1,0,0
455,41,4,1,1,1,0,0
455,42,8,2,1,1,0,0
455,43,8,2,1,1,0,0
455,44,4,1,1,1,0,0
455,45,4,1,1,1,0,0
455,46,8,2,1,1,0,-1
455,47,7,2,1,0,0,0
455,48,7,2,1,0,-1,1
455,49,6,2,0,1,0,0
455,50,6,2,0,1,0,0
456,1,1,1,0,0,0,1
456,2,2,1,0,1,1,0
456,3,4,1,1,1,-1,0
456,4,2,1,0,1,0,0
456,5,2,1,0,1,1,0
456,6,8,2,1,1,0,-1
456,7,7,2,1,0,0,0
456,8,7,2,1,0,0,0
456,9,3,1,1,0,0,0
456,10,3,1,1,0,0,0
456,11,3,1,1,0,0,0
456,12,3,1,1,0,0,1
456,13,4,1,1,1,0,0
456,14,4,1,1,1,0,0
456,15,8,2,1,1,0,0
456,16,8,2,1,1,0,0
456,17,4,1,1,1,0,-1
456,18,3,1,1,0,0,0
456,19,7,2,1,0,0,0
456,20,7,2,1,0,0,1
456,21,8,2,1,1,0,0
456,22,4,1,1,1,0,-1
456,23,3,1,1,0,0,1
456,24,4,1,1,1,0,-1
456,25,3,1,1,0,0,0
456,26,7,2,1,0,0,0
456,27,3,1,1,0,0,0
456,28,3,1,1,0,0,1
456,29,4,1,1,1,0,0
456,30,4,1,1,1,0,0
456,31,8,2,1,1,0,0
456,32,8,2,1,1,0,-1
456,33,3,1,1,0,0,0
456,34,3,1,1,0,0,0
456,35,3,1,1,0,0,0
456,36,3,1,1,0,0,0
456,37,3,1,1,0,0,1
456,38,4,1,1,1,0,-1
456,39,3,1,1,0,0,0
456,40,3,1,1,0,-1,0
456,41,5,2,0,0,0,1
456,42,6,2,0,1,0,-1
456,43,1,1,0,0,0,1
456,44,2,1,0,1,0,0
456,45,6,2,0,1,0,0
456,46,2,1,0,1,0,-1
456,47,5,2,0,0,1,0
456,48,3,1,1,0,0,1
456,49,4,1,1,1,0,0
456,50,8,2,1,1,-1,-1
457,1,3,1,1,0,0,0
457,2,7,2,1,0,0,1
457,3,8,2,1,1,0,0
457,4,4,1,1,1,0,0
457,5,4,1,1,1,0,0
457,6,4,1,1,1,-1,-1
457,7,1,1,0,0,0,1
457,8,6,2,0,1,0,0
457,9,6,2,0,1,1,0
457,10,8,2,1,1,-1,0
457,11,6,2,0,1,0,0
457,12,2,1,0,1,1,0
457,13,4,1,1,1,0,0
457,14,4,1,1,1,0,0
457,15,8,2,1,1,0,0
457,16,8,2,1,1,-1,-1
457,17,1,1,0,0,1,0
457,18,3,1,1,0,0,0
457,19,3,1,1,0,0,0
457,20,3,1,1,0,-1,0
457,21,1,1,0,0,0,0
457,22,1,1,0,0,0,0
457,23,1,1,0,0,0,1
457,24,6,2,0,1,0,-1
457,25,5,2,0,0,1,0
457,26,3,1,1,0,0,0
457,27,7,2,1,0,-1,0
457,28,5,2,0,0,0,0
457,29,5,2,0,0,0,0
457,30,1,1,0,0,0,0
457,31,1,1,0,0,1,0
457,32,7,2,1,0,0,0
457,33,7,2,1,0,0,0
457,34,7,2,1,0,0,1
457,35,8,2,1,1,0,0
457,36,8,2,1,1,0,0
457,37,4,1,1,1,-1,-1
457,38,1,1,0,0,0,1
457,39,2,1,0,1,0,0
457,40,2,1,0,1,0,-1
457,41,1,1,0,0,0,0
457,42,1,1,0,0,0,1
457,43,2,1,0,1,0,0
457,44,2,1,0,1,0,0
457,45,2,1,0,1,0,0
457,46,2,1,0,1,1,0
457,47,8,2,1,1,0,-1
457,48,7,2,1,0,0,0
457,49,7,2,1,0,-1,0
457,50,5,2,0,0,0,1
458,1,1,1,0,0,0,0
458,2,5,2,0,0,0,0
458,3,1,1,0,0,0,1
458,4,2,1,0,1,1,0
458,5,8,2,1,1,-1,-1
458,6,5,2,0,0,0,0
458,7,5,2,0,0,0,1
458,8,6,2,0,1,0,0
458,9,2,1,0,1,0,-1
458,10,1,1,0,0,0,0
458,11,1,1,0,0,0,0
458,12,5,2,0,0,1,0
458,13,7,2,1,0,0,0
458,14,7,2,1,0,0,0
458,15,3,1,1,0,-1,0
458,16,5,2,0,0,1,0
458,17,3,1,1,0,0,0
458,18,3,1,1,0,-1,1
458,19,2,1,0,1,0,0
458,20,2,1,0,1,1,0
458,21,4,1,1,1,-1,0
458,22,6,2,0,1,0,0
458,23,6,2,0,1,0,-1
458,24,5,2,0,0,0,0
458,25,1,1,0,0,1,0
458,26,3,1,1,0,0,1
458,27,8,2,1,1,-1,0
458,28,6,2,0,1,0,-1
458,29,5,2,0,0,0,1
458,30,6,2,0,1,0,0
458,31,2,1,0,1,1,-1
458,32,3,1,1,0,0,1
458,33,4,1,1,1,0,0
458,34,4,1,1,1,0,-1
458,35,3,1,1,0,0,0
458,36,3,1,1,0,0,0
458,37,7,2,1,0,0,0
458,38,3,1,1,0,0,1
458,39,4,1,1,1,0,0
458,40,4,1,1,1,0,0
458,41,8,2,1,1,0,-1
458,42,7,2,1,0,0,0
458,43,7,2,1,0,0,0
458,44,3,1,1,0,-1,0
458,45,1,1,0,0,1,0
458,46,3,1,1,0,0,0
458,47,7,2,1,0,0,1
458,48,8,2,1,1,0,0
458,49,4,1,1,1,0,0
458,50,4,1,1,1,0,0
459,1,4,1,1,1,0,0
459,2,4,1,1,1,0,0
459,3,4,1,1,1,0,0
459,4,4,1,1,1,0,0
459,5,4,1,1,1,0,0
459,6,4,1,1,1,0,0
459,7,8,2,1,1,0,0
459,8,4,1,1,1,0,0
459,9,4,1,1,1,-1,0
459,10,2,1,0,1,0,-1
459,11,5,2,0,0,0,0
459,12,1,1,0,0,0,0
459,13,5,2,0,0,0,0
459,14,1,1,0,0,0,0
459,15,1,1,0,0,0,1
459,16,2,1,0,1,0,0
459,17,2,1,0,1,0,0
459,18,2,1,0,1,0,0
459,19,2,1,0,1,0,0
459,20,2,1,0,1,0,0
459,21,2,1,0,1,0,0
459,22,2,1,0,1,1,0
459,23,4,1,1,1,0,-1
459,24,3,1,1,0,0,1
459,25,4,1,1,1,0,0
459,26,4,1,1,1,0,0
459,27,4,1,1,1,0,-1
459,28,7,2,1,0,0,0
459,29,7,2,1,0,-1,0
459,30,5,2,0,0,1,0
459,31,3,1,1,0,0,0
459,32,3,1,1,0,0,0
459,33,3,1,1,0,-1,1
459,34,6,2,0,1,1,0
459,35,4,1,1,1,0,0
459,36,4,1,1,1,0,0
459,37,4,1,1,1,-1,0
459,38,2,1,0,1,0,-1
459,39,1,1,0,0,0,0
459,40,1,1,0,0,0,1
459,41,6,2,0,1,0,0
459,42,2,1,0,1,0,0
459,43,6,2,0,1,0,0
459,44,6,2,0,1,0,0
459,45,2,1,0,1,0,0
459,46,6,2,0,1,1,-1
459,47,7,2,1,0,-1,0
459,48,1,1,0,0,0,1
459,49,6,2,0,1,0,0
459,50,6,2,0,1,0,0
460,1,8,2,1,1,0,-1
460,2,3,1,1,0,-1,0
460,3,5,2,0,0,0,0
460,4,1,1,0,0,0,0
460,5,5,2,0,0,1,0
460,6,7,2,1,0,0,0
460,7,7,2,1,0,0,1
460,8,4,1,1,1,0,0
460,9,8,2,1,1,0,0
460,10,4,1,1,1,0,0
460,11,4,1,1,1,0,0
460,12,4,1,1,1,0,0
460,13,4,1,1,1,-1,0
460,14,2,1,0,1,0,0
460,15,6,2,0,1,0,-1
460,16,5,2,0,0,0,0
460,17,5,2,0,0,1,0
460,18,3,1,1,0,0,0
460,19,7,2,1,0,0,0
460,20,7,2,1,0,0,0
460,21,7,2,1,0,0,0
460,22,7,2,1,0,0,0
460,23,3,1,1,0,-1,0
460,24,1,1,0,0,0,0
460,25,5,2,0,0,0,0
460,26,1,1,0,0,0,1
460,27,2,1,0,1,0,-1
460,28,1,1,0,0,0,0
460,29,5,2,0,0,1,0
460,30,7,2,1,0,-1,1
460,31,6,2,0,1,1,-1
460,32,3,1,1,0,0,1
460,33,4,1,1,1,-1,0
460,34,2,1,0,1,0,0
460,35,2,1,0,1,1,-1
460,36,3,1,1,0,0,0
460,37,3,1,1,0,0,0
460,38,3,1,1,0,0,0
460,39,3,1,1,0,0,0
460,40,3,1,1,0,0,0
460,41,3,1,1,0,-1,1
460,42,2,1,0,1,0,0
460,43,2,1,0,1,1,-1
460,44,3,1,1,0,0,1
460,45,4,1,1,1,0,-1
460,46,3,1,1,0,0,1
460,47,4,1,1,1,0,0
460,48,4,1,1,1,0,0
460,49,4,1,1,1,0,-1
460,50,3,1,1,0,0,0
461,1,7,2,1,0,0,0
461,2,7,2,1,0,0,0
461,3,7,2,1,0,0,0
461,4,3,1,1,0,-1,1
461,5,6,2,0,1,1,0
461,6,8,2,1,1,0,0
461,7,4,1,1,1,0,-1
461,8,3,1,1,0,0,0
461,9,7,2,1,0,-1,1
461,10,6,2,0,1,0,0
461,11,6,2,0,1,0,0
461,12,2,1,0,1,0,0
461,13,2,1,0,1,0,0
461,14,2,1,0,1,1,0
461,15,4,1,1,1,0,-1
461,16,7,2,1,0,0,1
461,17,4,1,1,1,-1,0
461,18,2,1,0,1,1,0
461,19,4,1,1,1,0,0
461,20,4,1,1,1,0,0
461,21,4,1,1,1,0,0
461,22,4,1,1,1,0,0
461,23,4,1,1,1,0,0
461,24,8,2,1,1,0,-1
461,25,3,1,1,0,-1,1
461,26,2,1,0,1,0,0
461,27,2,1,0,1,0,0
461,28,2,1,0,1,1,0
461,29,8,2,1,1,-1,-1
461,30,1,1,0,0,0,1
461,31,2,1,0,1,0,0
461,32,2,1,0,1,0,-1
461,33,1,1,0,0,0,0
461,34,1,1,0,0,0,0
461,35,1,1,0,0,0,0
461,36,1,1,0,0,0,0
461,37,1,1,0,0,0,1
461,38,2,1,0,1,1,0
461,39,8,2,1,1,0,0
461,40,8,2,1,1,0,0
461,41,4,1,1,1,0,0
461,42,8,2,1,1,-1,0
461,43,2,1,0,1,0,0
461,44,2,1,0,1,0,-1
461,45,1,1,0,0,1,0
461,46,3,1,1,0,0,0
461,47,3,1,1,0,0,0
461,48,7,2,1,0,0,1
461,49,4,1,1,1,0,0
461,50,4,1,1,1,0,0
462,1,1,1,0,0,1,0
462,2,7,2,1,0,-1,0
462,3,5,2,0,0,0,0
462,4,1,1,0,0,0,0
462,5,1,1,0,0,0,0
462,6,1,1,0,0,0,0
462,7,1,1,0,0,0,0
462,8,1,1,0,0,0,0
462,9,1,1,0,0,1,0
462,10,7,2,1,0,0,0
462,11,7,2,1,0,-1,1
462,12,6,2,0,1,0,0
462,13,6,2,0,1,1,0
462,14,8,2,1,1,0,-1
462,15,7,2,1,0,0,0
462,16,3,1,1,0,0,0
462,17,3,1,1,0,0,0
462,18,3,1,1,0,0,0
462,19,3,1,1,0,-1,0
462,20,1,1,0,0,0,0
462,21,5,2,0,0,0,1
462,22,6,2,0,1,1,0
462,23,4,1,1,1,0,0
462,24,4,1,1,1,0,0
462,25,4,1,1,1,0,0
462,26,4,1,1,1,0,0
462,27,8,2,1,1,0,0
462,28,4,1,1,1,0,-1
462,29,3,1,1,0,0,1
462,30,4,1,1,1,0,-1
462,31,3,1,1,0,-1,1
462,32,2,1,0,1,0,0
462,33,2,1,0,1,1,0
462,34,4,1,1,1,0,-1
462,35,7,2,1,0,0,0
462,36,3,1,1,0,0,0
462,37,7,2,1,0,0,1
462,38,8,2,1,1,-1,0
462,39,2,1,0,1,0,0
462,40,2,1,0,1,0,0
462,41,2,1,0,1,0,0
462,42,2,1,0,1,0,0
462,43,2,1,0,1,1,0
462,44,4,1,1,1,0,-1
462,45,7,2,1,0,0,0
462,46,3,1,1,0,0,0
462,47,3,1,1,0,0,0
462,48,3,1,1,0,0,0
462,49,7,2,1,0,0,0
462,50,3,1,1,0,0,0
463,1,5,2,0,0,0,0
463,2,5,2,0,0,0,1
463,3,6,2,0,1,0,0
463,4,2,1,0,1,1,0
463,5,4,1,1,1,-1,0
463,6,6,2,0,1,1,0
463,7,8,2,1,1,0,0
463,8,8,2,1,1,-1,-1
463,9,5,2,0,0,0,0
463,10,1,1,0,0,0,0
463,11,1,1,0,0,0,0
463,12,1,1,0,0,0,0
463,13,1,1,0,0,1,0
463,14,3,1,1,0,0,0
463,15,7,2,1,0,0,0
463,16,3,1,1,0,0,0
463,17,7,2,1,0,0,0
463,18,7,2,1,0,0,0
463,19,3,1,1,0,0,0
463,20,7,2,1,0,0,0
463,21,3,1,1,0,0,0
463,22,3,1,1,0,0,1
463,23,4,1,1,1,0,0
463,24,4,1,1,1,0,0
463,25,4,1,1,1,0,0
463,26,4,1,1,1,0,-1
463,27,3,1,1,0,0,0
463,28,3,1,1,0,0,0
463,29,3,1,1,0,0,1
463,30,4,1,1,1,0,0
463,31,4,1,1,1,0,0
463,32,4,1,1,1,-1,0
463,33,2,1,0,1,1,0
463,34,8,2,1,1,0,0
463,35,8,2,1,1,0,0
463,36,8,2,1,1,0,0
463,37,8,2,1,1,0,0
463,38,8,2,1,1,0,0
463,39,8,2,1,1,0,0
463,40,4,1,1,1,0,-1
463,41,3,1,1,0,-1,1
463,42,2,1,0,1,1,0
463,43,4,1,1,1,0,0
463,44,4,1,1,1,0,0
463,45,8,2,1,1,-1,0
463,46,2,1,0,1,0,-1
463,47,1,1,0,0,1,0
463,48,3,1,1,0,0,0
463,49,7,2,1,0,0,1
463,50,8,2,1,1,0,0
464,1,7,2,1,0,0,0
464,2,7,2,1,0,0,0
464,3,7,2,1,0,-1,0
464,4,5,2,0,0,0,1
464,5,2,1,0,1,0,0
464,6,6,2,0,1,0,0
464,7,6,2,0,1,0,0
464,8,6,2,0,1,1,-1
464,9,3,1,1,0,0,0
464,10,7,2,1,0,-1,1
464,11,6,2,0,1,1,-1
464,12,3,1,1,0,0,1
464,13,8,2,1,1,0,0
464,14,4,1,1,1,0,0
464,15,4,1,1,1,0,0
464,16,4,1,1,1,-1,0
464,17,6,2,0,1,1,0
464,18,4,1,1,1,0,0
464,19,4,1,1,1,0,-1
464,20,3,1,1,0,0,0
464,21,3,1,1,0,0,0
464,22,7,2,1,0,-1,0
464,23,5,2,0,0,1,0
464,24,3,1,1,0,0,0
464,25,3,1,1,0,0,0
464,26,3,1,1,0,0,1
464,27,8,2,1,1,-1,0
464,28,2,1,0,1,0,0
464,29,2,1,0,1,0,0
464,30,2,1,0,1,0,0
464,31,2,1,0,1,1,0
464,32,4,1,1,1,0,0
464,33,8,2,1,1,-1,0
464,34,6,2,0,1,1,0
464,35,4,1,1,1,-1,-1
464,36,1,1,0,0,1,1
464,37,4,1,1,1,-1,-1
464,38,1,1,0,0,0,0
464,39,5,2,0,0,1,0
464,40,3,1,1,0,0,1
464,41,4,1,1,1,-1,-1
464,42,1,1,0,0,0,0
464,43,5,2,0,0,0,0
464,44,1,1,0,0,0,0
464,45,5,2,0,0,0,0
464,46,5,2,0,0,0,0
464,47,5,2,0,0,0,0
464,48,5,2,0,0,0,0
464,49,5,2,0,0,0,0
464,50,5,2,0,0,0,1
465,1,8,2,1,1,0,-1
465,2,7,2,1,0,0,0
465,3,3,1,1,0,0,0
465,4,3,1,1,0,0,0
465,5,3,1,1,0,0,1
465,6,8,2,1,1,0,-1
465,7,7,2,1,0,0,0
465,8,7,2,1,0,0,1
465,9,8,2,1,1,0,0
465,10,8,2,1,1,0,0
465,11,8,2,1,1,0,0
465,12,8,2,1,1,0,-1
465,13,7,2,1,0,0,0
465,14,7,2,1,0,0,0
465,15,7,2,1,0,-1,0
465,16,1,1,0,0,0,1
465,17,2,1,0,1,0,0
465,18,2,1,0,1,0,0
465,19,6,2,0,1,0,0
465,20,6,2,0,1,1,0
465,21,4,1,1,1,0,0
465,22,4,1,1,1,0,0
465,23,4,1,1,1,0,0
465,24,4,1,1,1,0,0
465,25,4,1,1,1,0,0
465,26,4,1,1,1,0,0
465,27,8,2,1,1,0,0
465,28,4,1,1,1,0,0
465,29,4,1,1,1,0,0
465,30,4,1,1,1,0,0
465,31,8,2,1,1,-1,0
465,32,2,1,0,1,0,-1
465,33,1,1,0,0,1,0
465,34,7,2,1,0,0,1
465,35,8,2,1,1,0,0
465,36,8,2,1,1,0,-1
465,37,7,2,1,0,0,0
465,38,3,1,1,0,0,0
465,39,7,2,1,0,0,0
465,40,7,2,1,0,0,0
465,41,3,1,1,0,0,0
465,42,3,1,1,0,0,0
465,43,3,1,1,0,0,0
465,44,7,2,1,0,0,0
465,45,7,2,1,0,-1,0
465,46,5,2,0,0,1,0
465,47,3,1,1,0,0,0
465,48,7,2,1,0,-1,0
465,49,5,2,0,0,0,1
465,50,6,2,0,1,1,0
466,1,7,2,1,0,0,0
466,2,3,1,1,0,-1,0
466,3,1,1,0,0,0,0
466,4,1,1,0,0,0,1
466,5,2,1,0,1,0,-1
466,6,5,2,0,0,0,0
466,7,1,1,0,0,0,0
466,8,5,2,0,0,1,0
466,9,7,2,1,0,0,0
466,10,3,1,1,0,0,0
466,11,3,1,1,0,0,0
466,12,3,1,1,0,0,0
466,13,7,2,1,0,0,0
466,14,7,2,1,0,0,0
466,15,7,2,1,0,0,1
466,16,8,2,1,1,-1,0
466,17,2,1,0,1,1,0
466,18,4,1,1,1,0,0
466,19,4,1,1,1,0,0
466,20,4,1,1,1,-1,0
466,21,6,2,0,1,0,0
466,22,2,1,0,1,1,0
466,23,4,1,1,1,-1,0
466,24,2,1,0,1,0,0
466,25,2,1,0,1,0,0
466,26,2,1,0,1,1,0
466,27,8,2,1,1,0,0
466,28,4,1,1,1,0,0
466,29,4,1,1,1,0,-1
466,30,3,1,1,0,0,0
466,31,3,1,1,0,0,0
466,32,3,1,1,0,0,0
466,33,7,2,1,0,0,0
466,34,7,2,1,0,0,0
466,35,7,2,1,0,0,0
466,36,7,2,1,0,0,0
466,37,7,2,1,0,0,0
466,38,7,2,1,0,0,1
466,39,8,2,1,1,0,0
466,40,8,2,1,1,0,0
466,41,4,1,1,1,0,0
466,42,8,2,1,1,0,-1
466,43,3,1,1,0,0,0
466,44,3,1,1,0,-1,0
466,45,5,2,0,0,0,1
466,46,6,2,0,1,0,-1
466,47,5,2,0,0,0,0
466,48,1,1,0,0,0,0
466,49,1,1,0,0,0,1
466,50,6,2,0,1,0,0
467,1,8,2,1,1,-1,-1
467,2,5,2,0,0,1,1
467,3,8,2,1,1,0,0
467,4,8,2,1,1,0,0
467,5,4,1,1,1,-1,0
467,6,2,1,0,1,0,0
467,7,2,1,0,1,1,0
467,8,4,1,1,1,0,0
467,9,4,1,1,1,0,0
467,10,4,1,1,1,0,0
467,11,4,1,1,1,0,0
467,12,8,2,1,1,0,0
467,13,4,1,1,1,0,-1
467,14,3,1,1,0,0,0
467,15,3,1,1,0,0,0
467,16,3,1,1,0,0,0
467,17,3,1,1,0,0,0
467,18,3,1,1,0,-1,0
467,19,1,1,0,0,0,0
467,20,1,1,0,0,0,0
467,21,1,1,0,0,0,0
467,22,5,2,0,0,0,0
467,23,1,1,0,0,1,0
467,24,3,1,1,0,0,0
467,25,3,1,1,0,0,0
467,26,7,2,1,0,0,0
467,27,7,2,1,0,0,0
467,28,7,2,1,0,0,1
467,29,8,2,1,1,0,0
467,30,4,1,1,1,0,0
467,31,8,2,1,1,0,0
467,32,8,2,1,1,0,0
467,33,8,2,1,1,0,-1
467,34,7,2,1,0,0,0
467,35,7,2,1,0,-1,1
467,36,2,1,0,1,0,-1
467,37,1,1,0,0,1,0
467,38,3,1,1,0,0,0
467,39,3,1,1,0,-1,0
467,40,1,1,0,0,1,0
467,41,3,1,1,0,0,0
467,42,3,1,1,0,0,0
467,43,3,1,1,0,0,1
467,44,8,2,1,1,0,0
467,45,4,1,1,1,0,0
467,46,4,1,1,1,0,0
467,47,4,1,1,1,0,0
467,48,8,2,1,1,0,0
467,49,8,2,1,1,0,-1
467,50,3,1,1,0,0,0
468,1,3,1,1,0,0,0
468,2,7,2,1,0,0,0
468,3,7,2,1,0,0,1
468,4,8,2,1,1,0,0
468,5,4,1,1,1,0,0
468,6,4,1,1,1,0,0
468,7,4,1,1,1,0,0
468,8,4,1,1,1,0,0
468,9,4,1,1,1,0,-1
468,10,3,1,1,0,0,0
468,11,7,2,1,0,0,0
468,12,7,2,1,0,0,0
468,13,7,2,1,0,0,1
468,14,8,2,1,1,0,0
468,15,4,1,1,1,0,-1
468,16,7,2,1,0,0,0
468,17,7,2,1,0,0,0
468,18,3,1,1,0,0,0
468,19,3,1,1,0,-1,0
468,20,1,1,0,0,0,0
468,21,1,1,0,0,0,1
468,22,6,2,0,1,1,-1
468,23,7,2,1,0,0,0
468,24,7,2,1,0,0,0
468,25,3,1,1,0,0,0
468,26,7,2,1,0,0,1
468,27,8,2,1,1,-1,0
468,28,2,1,0,1,0,0
468,29,6,2,0,1,1,0
468,30,4,1,1,1,0,0
468,31,4,1,1,1,-1,0
468,32,2,1,0,1,1,-1
468,33,3,1,1,0,0,1
468,34,8,2,1,1,0,0
468,35,8,2,1,1,0,0
468,36,4,1,1,1,-1,0
468,37,2,1,0,1,0,0
468,38,2,1,0,1,0,0
468,39,2,1,0,1,0,-1
468,40,1,1,0,0,0,0
468,41,1,1,0,0,0,1
468,42,2,1,0,1,0,0
468,43,6,2,0,1,0,-1
468,44,5,2,0,0,0,0
468,45,5,2,0,0,0,0
468,46,5,2,0,0,0,0
468,47,5,2,0,0,1,1
468,48,8,2,1,1,0,0
468,49,8,2,1,1,0,0
468,50,8,2,1,1,0,0
469,1,1,1,0,0,0,0
469,2,1,1,0,0,0,0
469,3,1,1,0,0,1,1
469,4,8,2,1,1,0,0
469,5,8,2,1,1,0,-1
469,6,3,1,1,0,-1,0
469,7,5,2,0,0,1,0
469,8,7,2,1,0,0,0
469,9,3,1,1,0,0,1
469,10,4,1,1,1,0,0
469,11,4,1,1,1,0,0
469,12,4,1,1,1,0,0
469,13,8,2,1,1,-1,0
469,14,2,1,0,1,0,0
469,15,2,1,0,1,1,0
469,16,4,1,1,1,-1,-1
469,17,1,1,0,0,1,1
469,18,8,2,1,1,0,0
469,19,4,1,1,1,0,0
469,20,8,2,1,1,-1,0
469,21,6,2,0,1,0,0
469,22,6,2,0,1,0,0
469,23,2,1,0,1,0,0
469,24,2,1,0,1,1,0
469,25,4,1,1,1,-1,0
469,26,2,1,0,1,0,0
469,27,6,2,0,1,0,0
469,28,6,2,0,1,1,-1
469,29,3,1,1,0,0,1
469,30,4,1,1,1,0,0
469,31,4,1,1,1,-1,0
469,32,2,1,0,1,0,0
469,33,2,1,0,1,0,-1
469,34,5,2,0,0,0,1
469,35,6,2,0,1,0,0
469,36,2,1,0,1,0,0
469,37,2,1,0,1,1,0
469,38,8,2,1,1,0,0
469,39,8,2,1,1,0,0
469,40,4,1,1,1,0,0
469,41,4,1,1,1,0,-1
469,42,3,1,1,0,-1,0
469,43,5,2,0,0,0,0
469,44,5,2,0,0,1,0
469,45,7,2,1,0,0,0
469,46,7,2,1,0,0,0
469,47,3,1,1,0,0,0
469,48,3,1,1,0,0,1
469,49,4,1,1,1,-1,0
469,50,2,1,0,1,0,0
470,1,8,2,1,1,0,0
470,2,8,2,1,1,0,-1
470,3,7,2,1,0,-1,0
470,4,1,1,0,0,0,0
470,5,1,1,0,0,0,0
470,6,1,1,0,0,0,0
470,7,1,1,0,0,1,1
470,8,8,2,1,1,0,-1
470,9,7,2,1,0,0,0
470,10,7,2,1,0,0,0
470,11,7,2,1,0,-1,0
470,12,5,2,0,0,0,0
470,13,5,2,0,0,0,1
470,14,6,2,0,1,0,0
470,15,6,2,0,1,0,0
470,16,6,2,0,1,0,0
470,17,2,1,0,1,0,0
470,18,2,1,0,1,0,0
470,19,2,1,0,1,1,-1
470,20,3,1,1,0,0,0
470,21,7,2,1,0,0,0
470,22,7,2,1,0,0,1
470,23,8,2,1,1,0,0
470,24,4,1,1,1,0,-1
470,25,3,1,1,0,0,0
470,26,3,1,1,0,0,0
470,27,3,1,1,0,0,0
470,28,3,1,1,0,0,0
470,29,7,2,1,0,0,0
470,30,7,2,1,0,0,0
470,31,3,1,1,0,0,0
470,32,3,1,1,0,0,0
470,33,3,1,1,0,0,0
470,34,3,1,1,0,0,0
470,35,3,1,1,0,0,0
470,36,3,1,1,0,0,0
470,37,7,2,1,0,0,0
470,38,7,2,1,0,0,0
470,39,3,1,1,0,0,0
470,40,3,1,1,0,0,0
470,41,7,2,1,0,0,0
470,42,7,2,1,0,0,0
470,43,3,1,1,0,0,1
470,44,4,1,1,1,0,0
470,45,4,1,1,1,0,0
470,46,4,1,1,1,0,0
470,47,4,1,1,1,0,-1
470,48,3,1,1,0,0,0
470,49,7,2,1,0,-1,0
470,50,5,2,0,0,1,0
471,1,2,1,0,1,0,0
471,2,2,1,0,1,1,-1
471,3,7,2,1,0,0,0
471,4,3,1,1,0,0,0
471,5,3,1,1,0,0,0
471,6,3,1,1,0,0,0
471,7,3,1,1,0,0,1
471,8,4,1,1,1,-1,0
471,9,2,1,0,1,0,-1
471,10,1,1,0,0,1,1
471,11,4,1,1,1,0,0
471,12,8,2,1,1,0,-1
471,13,7,2,1,0,0,0
471,14,7,2,1,0,0,0
471,15,3,1,1,0,0,0
471,16,3,1,1,0,-1,0
471,17,1,1,0,0,0,0
471,18,1,1,0,0,0,0
471,19,1,1,0,0,1,0
471,20,3,1,1,0,0,0
471,21,3,1,1,0,0,1
471,22,8,2,1,1,0,0
471,23,4,1,1,1,0,-1
471,24,3,1,1,0,-1,0
471,25,1,1,0,0,0,0
471,26,1,1,0,0,1,0
471,27,3,1,1,0,0,1
471,28,8,2,1,1,0,0
471,29,4,1,1,1,0,0
471,30,8,2,1,1,0,-1
471,31,7,2,1,0,0,0
471,32,3,1,1,0,0,1
471,33,4,1,1,1,0,0
471,34,4,1,1,1,0,0
471,35,4,1,1,1,0,0
471,36,8,2,1,1,0,0
471,37,8,2,1,1,0,-1
471,38,7,2,1,0,0,1
471,39,8,2,1,1,0,-1
471,40,7,2,1,0,0,0
471,41,3,1,1,0,0,0
471,42,7,2,1,0,-1,0
471,43,5,2,0,0,0,1
471,44,6,2,0,1,0,-1
471,45,5,2,0,0,0,0
471,46,5,2,0,0,0,0
471,47,5,2,0,0,0,0
471,48,5,2,0,0,0,0
471,49,5,2,0,0,0,0
471,50,5,2,0,0,0,0
472,1,8,2,1,1,0,-1
472,2,3,1,1,0,0,0
472,3,3,1,1,0,0,0
472,4,7,2,1,0,0,0
472,5,7,2,1,0,-1,0
472,6,5,2,0,0,0,1
472,7,2,1,0,1,0,-1
472,8,5,2,0,0,0,0
472,9,1,1,0,0,0,1
472,10,6,2,0,1,0,0
472,11,2,1,0,1,0,-1
472,12,1,1,0,0,0,0
472,13,1,1,0,0,0,1
472,14,2,1,0,1,0,0
472,15,6,2,0,1,0,0
472,16,2,1,0,1,0,0
472,17,6,2,0,1,0,0
472,18,6,2,0,1,0,0
472,19,6,2,0,1,0,-1
472,20,5,2,0,0,0,1
472,21,2,1,0,1,0,0
472,22,2,1,0,1,0,0
472,23,2,1,0,1,0,0
472,24,6,2,0,1,0,0
472,25,6,2,0,1,0,0
472,26,6,2,0,1,1,0
472,27,8,2,1,1,0,0
472,28,4,1,1,1,-1,-1
472,29,5,2,0,0,0,0
472,30,1,1,0,0,0,1
472,31,6,2,0,1,0,0
472,32,2,1,0,1,0,0
472,33,2,1,0,1,1,-1
472,34,3,1,1,0,0,0
472,35,3,1,1,0,0,0
472,36,3,1,1,0,0,0
472,37,3,1,1,0,0,0
472,38,3,1,1,0,0,0
472,39,3,1,1,0,-1,0
472,40,1,1,0,0,0,0
472,41,1,1,0,0,1,0
472,42,3,1,1,0,0,1
472,43,8,2,1,1,0,0
472,44,4,1,1,1,0,0
472,45,8,2,1,1,0,0
472,46,8,2,1,1,0,0
472,47,4,1,1,1,-1,0
472,48,2,1,0,1,0,-1
472,49,5,2,0,0,1,0
472,50,3,1,1,0,-1,1
473,1,4,1,1,1,0,0
473,2,8,2,1,1,-1,0
473,3,6,2,0,1,0,0
473,4,2,1,0,1,0,0
473,5,2,1,0,1,0,0
473,6,2,1,0,1,0,0
473,7,2,1,0,1,0,-1
473,8,1,1,0,0,0,0
473,9,5,2,0,0,0,0
473,10,5,2,0,0,0,0
473,11,1,1,0,0,0,1
473,12,6,2,0,1,1,0
473,13,8,2,1,1,-1,-1
473,14,1,1,0,0,0,1
473,15,6,2,0,1,0,-1
473,16,5,2,0,0,0,1
473,17,6,2,0,1,0,-1
473,18,5,2,0,0,0,0
473,19,5,2,0,0,1,0
473,20,3,1,1,0,0,0
473,21,3,1,1,0,-1,0
473,22,1,1,0,0,1,0
473,23,3,1,1,0,0,1
473,24,8,2,1,1,0,0
473,25,4,1,1,1,0,0
473,26,8,2,1,1,-1,0
473,27,6,2,0,1,0,0
473,28,6,2,0,1,0,0
473,29,2,1,0,1,0,0
473,30,2,1,0,1,1,0
473,31,4,1,1,1,0,-1
473,32,3,1,1,0,-1,0
473,33,1,1,0,0,0,0
473,34,1,1,0,0,0,0
473,35,1,1,0,0,1,0
473,36,7,2,1,0,0,0
473,37,7,2,1,0,0,0
473,38,7,2,1,0,0,0
473,39,3,1,1,0,0,1
473,40,4,1,1,1,0,0
473,41,4,1,1,1,0,-1
473,42,7,2,1,0,-1,0
473,43,5,2,0,0,0,0
473,44,1,1,0,0,0,0
473,45,5,2,0,0,1,0
473,46,7,2,1,0,0,0
473,47,3,1,1,0,0,1
473,48,4,1,1,1,-1,0
473,49,2,1,0,1,0,0
473,50,2,1,0,1,1,0
474,1,6,2,0,1,0,0
474,2,6,2,0,1,1,0
474,3,8,2,1,1,0,0
474,4,4,1,1,1,0,0
474,5,4,1,1,1,0,0
474,6,8,2,1,1,0,0
474,7,4,1,1,1,0,-1
474,8,3,1,1,0,0,0
474,9,7,2,1,0,0,1
474,10,8,2,1,1,-1,-1
474,11,5,2,0,0,0,0
474,12,5,2,0,0,1,1
474,13,8,2,1,1,-1,0
474,14,6,2,0,1,0,0
474,15,2,1,0,1,1,0
474,16,4,1,1,1,0,0
474,17,4,1,1,1,0,0
474,18,4,1,1,1,0,0
474,19,4,1,1,1,0,-1
474,20,3,1,1,0,0,1
474,21,8,2,1,1,0,0
474,22,4,1,1,1,0,0
474,23,8,2,1,1,0,0
474,24,4,1,1,1,0,0
474,25,4,1,1,1,0,0
474,26,8,2,1,1,-1,-1
474,27,1,1,0,0,1,0
474,28,7,2,1,0,0,0
474,29,7,2,1,0,0,0
474,30,3,1,1,0,0,1
474,31,4,1,1,1,0,-1
474,32,7,2,1,0,0,0
474,33,7,2,1,0,-1,0
474,34,5,2,0,0,0,0
474,35,5,2,0,0,1,0
474,36,7,2,1,0,0,0
474,37,3,1,1,0,0,0
474,38,7,2,1,0,0,0
474,39,7,2,1,0,-1,0
474,40,5,2,0,0,0,1
474,41,6,2,0,1,1,0
474,42,8,2,1,1,0,0
474,43,8,2,1,1,0,0
474,44,4,1,1,1,0,0
474,45,8,2,1,1,0,0
474,46,8,2,1,1,0,0
474,47,4,1,1,1,0,0
474,48,8,2,1,1,0,-1
474,49,7,2,1,0,0,0
474,50,7,2,1,0,0,0
475,1,6,2,0,1,0,0
475,2,6,2,0,1,0,0
475,3,6,2,0,1,0,0
475,4,2,1,0,1,0,0
475,5,6,2,0,1,0,-1
475,6,5,2,0,0,1,0
475,7,7,2,1,0,-1,0
475,8,1,1,0,0,1,0
475,9,3,1,1,0,0,0
475,10,3,1,1,0,0,0
475,11,7,2,1,0,0,1
475,12,4,1,1,1,0,0
475,13,4,1,1,1,0,-1
475,14,7,2,1,0,-1,0
475,15,5,2,0,0,0,1
475,16,2,1,0,1,0,0
475,17,2,1,0,1,0,0
475,18,2,1,0,1,0,0
475,19,2,1,0,1,0,0
475,20,6,2,0,1,0,0
475,21,6,2,0,1,0,0
475,22,2,1,0,1,1,0
475,23,4,1,1,1,0,-1
475,24,3,1,1,0,0,1
475,25,4,1,1,1,0,0
475,26,4,1,1,1,0,0
475,27,4,1,1,1,0,0
475,28,8,2,1,1,0,0
475,29,4,1,1,1,0,0
475,30,4,1,1,1,0,-1
475,31,3,1,1,0,-1,0
475,32,5,2,0,0,0,0
475,33,1,1,0,0,0,0
475,34,1,1,0,0,0,1
475,35,2,1,0,1,1,-1
475,36,3,1,1,0,0,0
475,37,3,1,1,0,0,0
475,38,3,1,1,0,-1,1
475,39,6,2,0,1,0,0
475,40,2,1,0,1,0,0
475,41,2,1,0,1,0,0
475,42,2,1,0,1,0,0
475,43,2,1,0,1,0,0
475,44,6,2,0,1,0,0
475,45,2,1,0,1,1,0
475,46,4,1,1,1,-1,0
475,47,6,2,0,1,0,0
475,48,6,2,0,1,0,-1
475,49,1,1,0,0,0,1
475,50,2,1,0,1,0,-1
476,1,3,1,1,0,0,0
476,2,7,2,1,0,0,1
476,3,8,2,1,1,0,-1
476,4,7,2,1,0,0,1
476,5,8,2,1,1,0,-1
476,6,3,1,1,0,-1,0
476,7,5,2,0,0,0,1
476,8,6,2,0,1,0,0
476,9,6,2,0,1,1,0
476,10,8,2,1,1,0,0
476,11,4,1,1,1,0,0
476,12,4,1,1,1,0,0
476,13,4,1,1,1,0,-1
476,14,3,1,1,0,-1,0
476,15,1,1,0,0,0,0
476,16,1,1,0,0,0,0
476,17,1,1,0,0,0,1
476,18,2,1,0,1,0,-1
476,19,1,1,0,0,1,1
476,20,4,1,1,1,0,-1
476,21,7,2,1,0,0,1
476,22,4,1,1,1,0,0
476,23,4,1,1,1,0,0
476,24,8,2,1,1,0,0
476,25,4,1,1,1,-1,0
476,26,2,1,0,1,0,0
476,27,6,2,0,1,0,0
476,28,6,2,0,1,1,-1
476,29,3,1,1,0,0,0
476,30,3,1,1,0,-1,0
476,31,1,1,0,0,1,1
476,32,4,1,1,1,0,0
476,33,4,1,1,1,0,0
476,34,4,1,1,1,0,-1
476,35,3,1,1,0,0,0
476,36,3,1,1,0,0,1
476,37,4,1,1,1,0,0
476,38,4,1,1,1,0,0
476,39,8,2,1,1,0,0
476,40,8,2,1,1,0,0
476,41,8,2,1,1,0,0
476,42,8,2,1,1,0,0
476,43,4,1,1,1,-1,0
476,44,2,1,0,1,1,0
476,45,8,2,1,1,0,0
476,46,8,2,1,1,0,-1
476,47,7,2,1,0,-1,0
476,48,5,2,0,0,0,0
476,49,5,2,0,0,0,0
476,50,1,1,0,0,0,0
477,1,5,2,0,0,0,1
477,2,6,2,0,1,0,0
477,3,2,1,0,1,0,0
477,4,2,1,0,1,0,0
477,5,2,1,0,1,0,0
477,6,2,1,0,1,0,0
477,7,6,2,0,1,1,0
477,8,4,1,1,1,0,0
477,9,4,1,1,1,-1,-1
477,10,1,1,0,0,0,1
477,11,2,1,0,1,0,0
477,12,2,1,0,1,0,0
477,13,2,1,0,1,0,0
477,14,2,1,0,1,0,-1
477,15,1,1,0,0,0,1
477,16,6,2,0,1,0,-1
477,17,5,2,0,0,0,1
477,18,2,1,0,1,1,0
477,19,4,1,1,1,0,0
477,20,4,1,1,1,-1,0
477,21,2,1,0,1,0,0
477,22,2,1,0,1,1,0
477,23,4,1,1,1,-1,0
477,24,6,2,0,1,1,-1
477,25,7,2,1,0,0,0
477,26,7,2,1,0,0,1
477,27,4,1,1,1,0,0
477,28,4,1,1,1,0,-1
477,29,3,1,1,0,0,0
477,30,3,1,1,0,0,1
477,31,4,1,1,1,0,0
477,32,4,1,1,1,-1,-1
477,33,1,1,0,0,0,0
477,34,1,1,0,0,1,0
477,35,3,1,1,0,0,0
477,36,3,1,1,0,0,0
477,37,7,2,1,0,-1,0
477,38,1,1,0,0,0,0
477,39,1,1,0,0,0,0
477,40,1,1,0,0,0,1
477,41,2,1,0,1,1,0
477,42,4,1,1,1,-1,0
477,43,6,2,0,1,0,-1
477,44,5,2,0,0,0,1
477,45,2,1,0,1,0,0
477,46,6,2,0,1,1,0
477,47,4,1,1,1,0,0
477,48,8,2,1,1,0,-1
477,49,3,1,1,0,-1,0
477,50,1,1,0,0,0,1
478,1,2,1,0,1,0,0
478,2,2,1,0,1,1,0
478,3,8,2,1,1,0,0
478,4,8,2,1,1,0,-1
478,5,3,1,1,0,0,1
478,6,4,1,1,1,0,-1
478,7,3,1,1,0,0,0
478,8,3,1,1,0,0,0
478,9,3,1,1,0,-1,0
478,10,1,1,0,0,0,0
478,11,1,1,0,0,0,0
478,12,1,1,0,0,1,0
478,13,7,2,1,0,0,0
478,14,7,2,1,0,0,0
478,15,3,1,1,0,0,1
478,16,4,1,1,1,0,0
478,17,4,1,1,1,-1,0
478,18,2,1,0,1,0,0
478,19,2,1,0,1,0,0
478,20,2,1,0,1,0,0
478,21,2,1,0,1,1,0
478,22,4,1,1,1,-1,0
478,23,2,1,0,1,0,-1
478,24,1,1,0,0,0,1
478,25,2,1,0,1,0,-1
478,26,1,1,0,0,0,0
478,27,1,1,0,0,1,0
478,28,3,1,1,0,-1,1
478,29,2,1,0,1,0,-1
478,30,5,2,0,0,1,0
478,31,7,2,1,0,0,1
478,32,8,2,1,1,0,-1
478,33,3,1,1,0,-1,0
478,34,1,1,0,0,0,1
478,35,2,1,0,1,1,-1
478,36,3,1,1,0,0,1
478,37,8,2,1,1,-1,0
478,38,2,1,0,1,1,0
478,39,8,2,1,1,0,0
478,40,8,2,1,1,0,0
478,41,4,1,1,1,-1,-1
478,42,1,1,0,0,0,0
478,43,1,1,0,0,0,1
478,44,2,1,0,1,0,0
478,45,2,1,0,1,0,0
478,46,6,2,0,1,1,0
478,47,4,1,1,1,0,0
478,48,4,1,1,1,0,0
478,49,8,2,1,1,0,-1
478,50,3,1,1,0,0,0
479,1,6,2,0,1,1,0
479,2,8,2,1,1,0,-1
479,3,3,1,1,0,-1,0
479,4,1,1,0,0,1,1
479,5,4,1,1,1,0,0
479,6,8,2,1,1,-1,-1
479,7,5,2,0,0,1,0
479,8,7,2,1,0,0,1
479,9,4,1,1,1,0,0
479,10,4,1,1,1,0,0
479,11,4,1,1,1,0,0
479,12,4,1,1,1,-1,0
479,13,2,1,0,1,0,0
479,14,2,1,0,1,1,0
479,15,4,1,1,1,0,0
479,16,8,2,1,1,0,-1
479,17,3,1,1,0,0,0
479,18,3,1,1,0,-1,1
479,19,6,2,0,1,0,-1
479,20,5,2,0,0,0,0
479,21,5,2,0,0,0,0
479,22,5,2,0,0,0,1
479,23,2,1,0,1,0,0
479,24,2,1,0,1,0,0
479,25,2,1,0,1,0,0
479,26,2,1,0,1,0,0
479,27,2,1,0,1,0,-1
479,28,5,2,0,0,0,1
479,29,6,2,0,1,0,0
479,30,6,2,0,1,0,-1
479,31,1,1,0,0,1,1
479,32,4,1,1,1,0,-1
479,33,7,2,1,0,0,0
479,34,3,1,1,0,0,1
479,35,4,1,1,1,-1,-1
479,36,5,2,0,0,0,0
479,37,1,1,0,0,1,0
479,38,7,2,1,0,-1,0
479,39,5,2,0,0,1,0
479,40,7,2,1,0,0,0
479,41,7,2,1,0,-1,0
479,42,1,1,0,0,1,1
479,43,4,1,1,1,0,0
479,44,8,2,1,1,0,0
479,45,8,2,1,1,-1,-1
479,46,1,1,0,0,0,0
479,47,5,2,0,0,1,0
479,48,7,2,1,0,0,0
479,49,3,1,1,0,-1,1
479,50,6,2,0,1,1,-1
480,1,4,1,1,1,0,0
480,2,4,1,1,1,0,0
480,3,4,1,1,1,0,0
480,4,4,1,1,1,-1,0
480,5,6,2,0,1,0,0
480,6,2,1,0,1,0,0
480,7,2,1,0,1,0,-1
480,8,1,1,0,0,0,0
480,9,1,1,0,0,0,0
480,10,1,1,0,0,0,0
480,11,1,1,0,0,1,0
480,12,3,1,1,0,-1,0
480,13,1,1,0,0,0,0
480,14,1,1,0,0,1,0
480,15,7,2,1,0,0,1
480,16,4,1,1,1,-1,0
480,17,2,1,0,1,0,-1
480,18,5,2,0,0,0,0
480,19,1,1,0,0,1,1
480,20,4,1,1,1,0,-1
480,21,7,2,1,0,0,0
480,22,7,2,1,0,0,0
480,23,7,2,1,0,-1,1
480,24,6,2,0,1,0,-1
480,25,5,2,0,0,0,0
480,26,5,2,0,0,0,0
480,27,5,2,0,0,1,1
480,28,4,1,1,1,0,-1
480,29,3,1,1,0,0,1
480,30,4,1,1,1,0,0
480,31,4,1,1,1,-1,0
480,32,2,1,0,1,0,-1
480,33,5,2,0,0,0,0
480,34,1,1,0,0,0,0
480,35,5,2,0,0,0,1
480,36,6,2,0,1,1,0
480,37,4,1,1,1,0,0
480,38,4,1,1,1,0,-1
480,39,3,1,1,0,0,1
480,40,8,2,1,1,0,0
480,41,8,2,1,1,0,0
480,42,4,1,1,1,0,0
480,43,4,1,1,1,-1,0
480,44,6,2,0,1,0,0
480,45,6,2,0,1,0,0
480,46,2,1,0,1,0,0
480,47,2,1,0,1,0,-1
480,48,5,2,0,0,1,1
480,49,4,1,1,1,0,0
480,50,8,2,1,1,0,0
481,1,3,1,1,0,-1,0
481,2,5,2,0,0,0,0
481,3,1,1,0,0,1,0
481,4,3,1,1,0,0,0
481,5,7,2,1,0,0,1
481,6,4,1,1,1,0,0
481,7,4,1,1,1,0,0
481,8,4,1,1,1,0,0
481,9,4,1,1,1,0,0
481,10,8,2,1,1,0,-1
481,11,3,1,1,0,-1,0
481,12,1,1,0,0,0,1
481,13,2,1,0,1,0,-1
481,14,1,1,0,0,0,1
481,15,2,1,0,1,0,0
481,16,6,2,0,1,0,0
481,17,6,2,0,1,0,0
481,18,2,1,0,1,0,0
481,19,2,1,0,1,0,0
481,20,2,1,0,1,0,0
481,21,2,1,0,1,1,-1
481,22,3,1,1,0,-1,0
481,23,1,1,0,0,1,1
481,24,4,1,1,1,0,0
481,25,4,1,1,1,0,0
481,26,4,1,1,1,0,0
481,27,4,1,1,1,0,0
481,28,8,2,1,1,0,-1
481,29,7,2,1,0,0,0
481,30,3,1,1,0,0,0
481,31,3,1,1,0,0,0
481,32,3,1,1,0,0,0
481,33,3,1,1,0,0,1
481,34,8,2,1,1,-1,0
481,35,6,2,0,1,1,-1
481,36,7,2,1,0,0,1
481,37,4,1,1,1,0,0
481,38,8,2,1,1,0,0
481,39,8,2,1,1,0,-1
481,40,3,1,1,0,0,1
481,41,4,1,1,1,0,0
481,42,8,2,1,1,0,0
481,43,4,1,1,1,0,0
481,44,4,1,1,1,0,0
481,45,4,1,1,1,-1,0
481,46,2,1,0,1,0,0
481,47,2,1,0,1,0,0
481,48,2,1,0,1,0,0
481,49,2,1,0,1,0,0
481,50,2,1,0,1,0,0
482,1,7,2,1,0,0,0
482,2,7,2,1,0,0,1
482,3,8,2,1,1,0,0
482,4,8,2,1,1,-1,0
482,5,6,2,0,1,0,0
482,6,6,2,0,1,0,0
482,7,6,2,0,1,0,0
482,8,6,2,0,1,1,0
482,9,4,1,1,1,0,0
482,10,4,1,1,1,0,-1
482,11,3,1,1,0,0,0
482,12,7,2,1,0,0,1
482,13,8,2,1,1,0,0
482,14,8,2,1,1,0,-1
482,15,3,1,1,0,0,0
482,16,3,1,1,0,0,0
482,17,3,1,1,0,0,0
482,18,3,1,1,0,0,0
482,19,3,1,1,0,0,0
482,20,7,2,1,0,0,0
482,21,7,2,1,0,0,0
482,22,3,1,1,0,0,1
482,23,8,2,1,1,0,0
482,24,4,1,1,1,0,0
482,25,4,1,1,1,0,0
482,26,4,1,1,1,0,0
482,27,4,1,1,1,-1,0
482,28,2,1,0,1,0,0
482,29,2,1,0,1,1,0
482,30,8,2,1,1,-1,-1
482,31,5,2,0,0,1,1
482,32,8,2,1,1,-1,-1
482,33,5,2,0,0,1,0
482,34,7,2,1,0,0,0
482,35,3,1,1,0,0,0
482,36,7,2,1,0,-1,0
482,37,1,1,0,0,1,1
482,38,4,1,1,1,-1,0
482,39,2,1,0,1,0,0
482,40,6,2,0,1,1,0
482,41,8,2,1,1,0,-1
482,42,3,1,1,0,-1,0
482,43,5,2,0,0,1,0
482,44,7,2,1,0,0,0
482,45,3,1,1,0,0,0
482,46,3,1,1,0,0,0
482,47,3,1,1,0,0,0
482,48,3,1,1,0,0,0
482,49,7,2,1,0,0,0
482,50,3,1,1,0,0,0
483,1,4,1,1,1,-1,0
483,2,2,1,0,1,1,0
483,3,4,1,1,1,0,0
483,4,4,1,1,1,0,0
483,5,4,1,1,1,-1,0
483,6,6,2,0,1,0,0
483,7,2,1,0,1,0,0
483,8,6,2,0,1,0,-1
483,9,5,2,0,0,1,0
483,10,7,2,1,0,0,0
483,11,7,2,1,0,0,0
483,12,7,2,1,0,-1,0
483,13,5,2,0,0,0,0
483,14,5,2,0,0,0,0
483,15,1,1,0,0,0,0
483,16,5,2,0,0,0,0
483,17,1,1,0,0,0,0
483,18,1,1,0,0,1,0
483,19,3,1,1,0,0,1
483,20,4,1,1,1,0,0
483,21,4,1,1,1,0,0
483,22,4,1,1,1,0,0
483,23,4,1,1,1,-1,0
483,24,6,2,0,1,0,0
483,25,6,2,0,1,0,0
483,26,2,1,0,1,0,0
483,27,6,2,0,1,1,-1
483,28,3,1,1,0,0,0
483,29,7,2,1,0,0,0
483,30,7,2,1,0,0,1
483,31,8,2,1,1,-1,0
483,32,2,1,0,1,1,0
483,33,4,1,1,1,0,0
483,34,8,2,1,1,0,0
483,35,4,1,1,1,0,-1
483,36,3,1,1,0,0,1
483,37,4,1,1,1,0,-1
483,38,3,1,1,0,0,0
483,39,3,1,1,0,0,1
483,40,4,1,1,1,0,0
483,41,4,1,1,1,0,0
483,42,4,1,1,1,0,0
483,43,4,1,1,1,0,0
483,44,8,2,1,1,0,0
483,45,8,2,1,1,0,0
483,46,8,2,1,1,0,0
483,47,4,1,1,1,0,0
483,48,8,2,1,1,-1,0
483,49,6,2,0,1,0,0
483,50,2,1,0,1,0,0
484,1,5,2,0,0,1,1
484,2,8,2,1,1,-1,0
484,3,6,2,0,1,0,0
484,4,6,2,0,1,0,0
484,5,6,2,0,1,0,0
484,6,2,1,0,1,1,0
484,7,8,2,1,1,-1,0
484,8,6,2,0,1,0,0
484,9,2,1,0,1,0,0
484,10,6,2,0,1,1,-1
484,11,3,1,1,0,0,0
484,12,7,2,1,0,-1,0
484,13,1,1,0,0,0,0
484,14,1,1,0,0,0,1
484,15,2,1,0,1,0,0
484,16,6,2,0,1,0,0
484,17,6,2,0,1,0,0
484,18,6,2,0,1,1,0
484,19,4,1,1,1,0,0
484,20,4,1,1,1,0,0
484,21,4,1,1,1,0,0
484,22,4,1,1,1,0,0
484,23,4,1,1,1,0,0
484,24,4,1,1,1,-1,0
484,25,2,1,0,1,0,0
484,26,6,2,0,1,0,0
484,27,6,2,0,1,0,-1
484,28,1,1,0,0,1,0
484,29,3,1,1,0,-1,0
484,30,1,1,0,0,0,0
484,31,1,1,0,0,0,0
484,32,1,1,0,0,0,1
484,33,6,2,0,1,0,0
484,34,6,2,0,1,0,0
484,35,6,2,0,1,0,0
484,36,6,2,0,1,1,0
484,37,8,2,1,1,0,-1
484,38,3,1,1,0,-1,0
484,39,1,1,0,0,0,1
484,40,2,1,0,1,0,0
484,41,2,1,0,1,0,0
484,42,2,1,0,1,0,0
484,43,2,1,0,1,1,0
484,44,4,1,1,1,0,0
484,45,4,1,1,1,-1,0
484,46,2,1,0,1,0,0
484,47,6,2,0,1,0,0
484,48,6,2,0,1,0,0
484,49,6,2,0,1,0,-1
484,50,5,2,0,0,1,0
485,1,7,2,1,0,0,1
485,2,8,2,1,1,0,0
485,3,8,2,1,1,0,0
485,4,8,2,1,1,0,-1
485,5,3,1,1,0,0,0
485,6,3,1,1,0,0,1
485,7,4,1,1,1,0,0
485,8,8,2,1,1,-1,0
485,9,2,1,0,1,0,-1
485,10,5,2,0,0,0,0
485,11,1,1,0,0,0,0
485,12,1,1,0,0,1,1
485,13,4,1,1,1,0,0
485,14,4,1,1,1,0,0
485,15,4,1,1,1,0,-1
485,16,3,1,1,0,0,0
485,17,3,1,1,0,0,0
485,18,3,1,1,0,0,0
485,19,3,1,1,0,0,0
485,20,3,1,1,0,0,1
485,21,4,1,1,1,-1,0
485,22,2,1,0,1,0,0
485,23,2,1,0,1,1,0
485,24,4,1,1,1,0,0
485,25,4,1,1,1,0,-1
485,26,3,1,1,0,0,1
485,27,8,2,1,1,0,0
485,28,8,2,1,1,-1,0
485,29,6,2,0,1,0,0
485,30,2,1,0,1,1,-1
485,31,7,2,1,0,0,0
485,32,3,1,1,0,0,1
485,33,4,1,1,1,0,0
485,34,4,1,1,1,0,0
485,35,4,1,1,1,0,0
485,36,4,1,1,1,-1,-1
485,37,1,1,0,0,1,0
485,38,3,1,1,0,0,1
485,39,4,1,1,1,0,0
485,40,8,2,1,1,0,0
485,41,8,2,1,1,0,0
485,42,4,1,1,1,-1,0
485,43,2,1,0,1,0,0
485,44,2,1,0,1,0,0
485,45,6,2,0,1,0,0
485,46,2,1,0,1,0,0
485,47,2,1,0,1,0,0
485,48,6,2,0,1,0,0
485,49,6,2,0,1,0,0
485,50,6,2,0,1,0,0
486,1,7,2,1,0,0,0
486,2,7,2,1,0,0,0
486,3,7,2,1,0,-1,0
486,4,1,1,0,0,0,0
486,5,1,1,0,0,0,0
486,6,1,1,0,0,0,0
486,7,1,1,0,0,1,1
486,8,4,1,1,1,0,0
486,9,8,2,1,1,0,-1
486,10,7,2,1,0,0,0
486,11,7,2,1,0,0,0
486,12,7,2,1,0,0,0
486,13,7,2,1,0,0,0
486,14,7,2,1,0,-1,0
486,15,5,2,0,0,0,0
486,16,1,1,0,0,1,1
486,17,8,2,1,1,-1,0
486,18,6,2,0,1,0,-1
486,19,5,2,0,0,0,0
486,20,5,2,0,0,0,0
486,21,1,1,0,0,0,0
486,22,5,2,0,0,0,0
486,23,5,2,0,0,1,0
486,24,7,2,1,0,0,0
486,25,7,2,1,0,0,0
486,26,3,1,1,0,0,0
486,27,3,1,1,0,0,0
486,28,7,2,1,0,0,0
486,29,3,1,1,0,0,0
486,30,3,1,1,0,0,0
486,31,7,2,1,0,0,1
486,32,8,2,1,1,-1,-1
486,33,5,2,0,0,0,1
486,34,2,1,0,1,0,0
486,35,6,2,0,1,1,0
486,36,8,2,1,1,0,0
486,37,4,1,1,1,0,0
486,38,4,1,1,1,0,0
486,39,4,1,1,1,0,0
486,40,4,1,1,1,0,0
486,41,4,1,1,1,0,0
486,42,8,2,1,1,0,0
486,43,4,1,1,1,0,0
486,44,4,1,1,1,0,-1
486,45,7,2,1,0,0,0
486,46,7,2,1,0,-1,1
486,47,6,2,0,1,0,-1
486,48,1,1,0,0,1,0
486,49,3,1,1,0,0,0
486,50,7,2,1,0,0,1
487,1,8,2,1,1,0,0
487,2,4,1,1,1,0,0
487,3,8,2,1,1,0,-1
487,4,3,1,1,0,0,1
487,5,4,1,1,1,0,0
487,6,8,2,1,1,0,0
487,7,8,2,1,1,0,-1
487,8,3,1,1,0,0,1
487,9,4,1,1,1,0,0
487,10,4,1,1,1,0,0
487,11,8,2,1,1,0,0
487,12,4,1,1,1,0,-1
487,13,3,1,1,0,0,0
487,14,7,2,1,0,-1,0
487,15,1,1,0,0,0,1
487,16,6,2,0,1,0,0
487,17,6,2,0,1,0,0
487,18,6,2,0,1,0,0
487,19,6,2,0,1,0,-1
487,20,5,2,0,0,0,0
487,21,1,1,0,0,1,1
487,22,8,2,1,1,-1,0
487,23,2,1,0,1,1,0
487,24,8,2,1,1,0,0
487,25,8,2,1,1,0,0
487,26,4,1,1,1,0,0
487,27,4,1,1,1,0,0
487,28,4,1,1,1,0,0
487,29,4,1,1,1,0,0
487,30,8,2,1,1,0,0
487,31,8,2,1,1,0,0
487,32,4,1,1,1,0,0
487,33,8,2,1,1,0,0
487,34,8,2,1,1,0,0
487,35,4,1,1,1,0,0
487,36,4,1,1,1,0,-1
487,37,3,1,1,0,0,1
487,38,4,1,1,1,-1,-1
487,39,5,2,0,0,0,1
487,40,6,2,0,1,0,0
487,41,2,1,0,1,1,0
487,42,8,2,1,1,0,0
487,43,8,2,1,1,-1,0
487,44,6,2,0,1,0,0
487,45,2,1,0,1,0,0
487,46,6,2,0,1,0,-1
487,47,1,1,0,0,0,0
487,48,1,1,0,0,0,0
487,49,1,1,0,0,0,0
487,50,5,2,0,0,0,0
488,1,7,2,1,0,0,0
488,2,7,2,1,0,-1,1
488,3,2,1,0,1,0,-1
488,4,5,2,0,0,0,0
488,5,5,2,0,0,0,1
488,6,2,1,0,1,0,0
488,7,6,2,0,1,0,0
488,8,6,2,0,1,0,0
488,9,2,1,0,1,0,0
488,10,2,1,0,1,0,0
488,11,6,2,0,1,0,0
488,12,2,1,0,1,0,0
488,13,6,2,0,1,0,0
488,14,6,2,0,1,0,0
488,15,2,1,0,1,0,0
488,16,2,1,0,1,0,0
488,17,2,1,0,1,0,0
488,18,6,2,0,1,1,-1
488,19,7,2,1,0,0,0
488,20,3,1,1,0,0,0
488,21,3,1,1,0,0,0
488,22,3,1,1,0,-1,0
488,23,1,1,0,0,0,1
488,24,6,2,0,1,0,0
488,25,6,2,0,1,0,0
488,26,6,2,0,1,0,0
488,27,6,2,0,1,0,0
488,28,6,2,0,1,0,0
488,29,6,2,0,1,0,0
488,30,2,1,0,1,0,0
488,31,2,1,0,1,0,0
488,32,2,1,0,1,0,0
488,33,2,1,0,1,1,0
488,34,8,2,1,1,-1,0
488,35,6,2,0,1,0,-1
488,36,5,2,0,0,0,0
488,37,5,2,0,0,1,0
488,38,7,2,1,0,0,1
488,39,8,2,1,1,-1,0
488,40,6,2,0,1,0,0
488,41,2,1,0,1,0,0
488,42,2,1,0,1,0,0
488,43,2,1,0,1,0,0
488,44,2,1,0,1,0,0
488,45,2,1,0,1,1,0
488,46,4,1,1,1,0,-1
488,47,3,1,1,0,-1,1
488,48,2,1,0,1,1,0
488,49,4,1,1,1,-1,0
488,50,2,1,0,1,0,0
489,1,4,1,1,1,-1,0
489,2,2,1,0,1,0,-1
489,3,5,2,0,0,0,0
489,4,1,1,0,0,0,0
489,5,1,1,0,0,0,0
489,6,5,2,0,0,1,1
489,7,8,2,1,1,-1,0
489,8,6,2,0,1,0,0
489,9,2,1,0,1,0,0
489,10,6,2,0,1,0,0
489,11,2,1,0,1,1,0
489,12,8,2,1,1,0,0
489,13,4,1,1,1,0,-1
489,14,3,1,1,0,0,0
489,15,7,2,1,0,0,0
489,16,3,1,1,0,0,1
489,17,8,2,1,1,-1,-1
489,18,5,2,0,0,0,1
489,19,2,1,0,1,1,0
489,20,4,1,1,1,0,0
489,21,4,1,1,1,0,0
489,22,4,1,1,1,0,-1
489,23,3,1,1,0,0,0
489,24,3,1,1,0,0,0
489,25,3,1,1,0,-1,0
489,26,1,1,0,0,0,0
489,27,1,1,0,0,0,0
489,28,1,1,0,0,0,0
489,29,1,1,0,0,0,0
489,30,1,1,0,0,0,1
489,31,6,2,0,1,0,0
489,32,6,2,0,1,1,0
489,33,4,1,1,1,0,0
489,34,8,2,1,1,0,0
489,35,8,2,1,1,0,-1
489,36,7,2,1,0,0,1
489,37,8,2,1,1,0,-1
489,38,3,1,1,0,0,0
489,39,7,2,1,0,0,1
489,40,8,2,1,1,0,0
489,41,4,1,1,1,0,0
489,42,4,1,1,1,-1,0
489,43,6,2,0,1,0,0
489,44,2,1,0,1,0,0
489,45,2,1,0,1,0,0
489,46,2,1,0,1,1,0
489,47,4,1,1,1,-1,0
489,48,2,1,0,1,0,-1
489,49,5,2,0,0,0,0
489,50,5,2,0,0,0,0
490,1,6,2,0,1,0,0
490,2,6,2,0,1,1,0
490,3,8,2,1,1,0,0
490,4,4,1,1,1,0,0
490,5,4,1,1,1,0,0
490,6,8,2,1,1,-1,0
490,7,2,1,0,1,0,-1
490,8,5,2,0,0,0,0
490,9,1,1,0,0,0,0
490,10,1,1,0,0,1,0
490,11,3,1,1,0,0,0
490,12,3,1,1,0,0,0
490,13,7,2,1,0,0,1
490,14,4,1,1,1,-1,0
490,15,2,1,0,1,1,0
490,16,4,1,1,1,0,0
490,17,4,1,1,1,0,-1
490,18,3,1,1,0,0,1
490,19,8,2,1,1,0,0
490,20,8,2,1,1,0,0
490,21,8,2,1,1,0,0
490,22,8,2,1,1,0,0
490,23,8,2,1,1,-1,0
490,24,2,1,0,1,0,0
490,25,6,2,0,1,0,0
490,26,6,2,0,1,1,0
490,27,8,2,1,1,-1,-1
490,28,5,2,0,0,0,1
490,29,6,2,0,1,0,0
490,30,6,2,0,1,0,-1
490,31,5,2,0,0,0,0
490,32,5,2,0,0,0,1
490,33,2,1,0,1,0,0
490,34,6,2,0,1,0,-1
490,35,5,2,0,0,0,1
490,36,6,2,0,1,0,0
490,37,2,1,0,1,1,0
490,38,4,1,1,1,0,0
490,39,8,2,1,1,0,-1
490,40,7,2,1,0,0,0
490,41,3,1,1,0,0,0
490,42,3,1,1,0,0,0
490,43,7,2,1,0,0,1
490,44,8,2,1,1,0,0
490,45,8,2,1,1,0,-1
490,46,7,2,1,0,0,0
490,47,3,1,1,0,0,1
490,48,4,1,1,1,0,0
490,49,4,1,1,1,0,0
490,50,8,2,1,1,0,0
491,1,6,2,0,1,0,0
491,2,6,2,0,1,0,0
491,3,6,2,0,1,0,0
491,4,6,2,0,1,0,-1
491,5,1,1,0,0,0,0
491,6,1,1,0,0,0,0
491,7,5,2,0,0,1,0
491,8,3,1,1,0,0,0
491,9,3,1,1,0,0,0
491,10,3,1,1,0,0,0
491,11,3,1,1,0,0,0
491,12,3,1,1,0,0,0
491,13,3,1,1,0,0,0
491,14,3,1,1,0,0,0
491,15,7,2,1,0,0,0
491,16,7,2,1,0,0,0
491,17,3,1,1,0,0,0
491,18,3,1,1,0,0,1
491,19,4,1,1,1,-1,0
491,20,2,1,0,1,1,0
491,21,8,2,1,1,0,-1
491,22,3,1,1,0,0,0
491,23,3,1,1,0,0,0
491,24,3,1,1,0,-1,1
491,25,6,2,0,1,0,0
491,26,2,1,0,1,0,0
491,27,2,1,0,1,0,0
491,28,2,1,0,1,0,0
491,29,2,1,0,1,0,0
491,30,6,2,0,1,0,0
491,31,2,1,0,1,0,0
491,32,6,2,0,1,0,-1
491,33,5,2,0,0,0,0
491,34,5,2,0,0,0,0
491,35,5,2,0,0,0,1
491,36,2,1,0,1,0,0
491,37,6,2,0,1,0,0
491,38,6,2,0,1,1,0
491,39,8,2,1,1,0,0
491,40,4,1,1,1,-1,-1
491,41,5,2,0,0,0,0
491,42,1,1,0,0,0,1
491,43,6,2,0,1,0,0
491,44,2,1,0,1,0,0
491,45,2,1,0,1,0,0
491,46,2,1,0,1,0,-1
491,47,5,2,0,0,1,0
491,48,3,1,1,0,0,1
491,49,4,1,1,1,-1,0
491,50,6,2,0,1,1,0
492,1,5,2,0,0,1,1
492,2,4,1,1,1,0,-1
492,3,3,1,1,0,0,0
492,4,3,1,1,0,-1,0
492,5,1,1,0,0,1,0
492,6,3,1,1,0,0,0
492,7,7,2,1,0,-1,0
492,8,5,2,0,0,0,0
492,9,1,1,0,0,0,0
492,10,1,1,0,0,1,0
492,11,3,1,1,0,0,1
492,12,4,1,1,1,0,0
492,13,4,1,1,1,0,-1
492,14,7,2,1,0,-1,0
492,15,5,2,0,0,1,0
492,16,3,1,1,0,-1,0
492,17,1,1,0,0,0,0
492,18,5,2,0,0,1,1
492,19,8,2,1,1,0,0
492,20,4,1,1,1,0,0
492,21,4,1,1,1,0,-1
492,22,3,1,1,0,0,1
492,23,8,2,1,1,0,0
492,24,8,2,1,1,0,-1
492,25,7,2,1,0,-1,1
492,26,6,2,0,1,0,0
492,27,2,1,0,1,1,0
492,28,4,1,1,1,0,0
492,29,4,1,1,1,0,0
492,30,4,1,1,1,0,0
492,31,8,2,1,1,-1,-1
492,32,1,1,0,0,0,1
492,33,6,2,0,1,0,0
492,34,2,1,0,1,0,-1
492,35,5,2,0,0,1,0
492,36,7,2,1,0,0,0
492,37,3,1,1,0,0,0
492,38,7,2,1,0,0,0
492,39,7,2,1,0,0,0
492,40,3,1,1,0,0,0
492,41,3,1,1,0,0,0
492,42,3,1,1,0,0,1
492,43,4,1,1,1,0,0
492,44,4,1,1,1,-1,0
492,45,2,1,0,1,0,-1
492,46,1,1,0,0,1,1
492,47,8,2,1,1,0,0
492,48,4,1,1,1,-1,0
492,49,2,1,0,1,0,-1
492,50,1,1,0,0,0,0
493,1,4,1,1,1,0,-1
493,2,7,2,1,0,0,0
493,3,7,2,1,0,0,0
493,4,3,1,1,0,0,0
493,5,7,2,1,0,0,0
493,6,7,2,1,0,0,0
493,7,3,1,1,0,0,0
493,8,7,2,1,0,0,0
493,9,7,2,1,0,0,0
493,10,3,1,1,0,0,1
493,11,4,1,1,1,-1,-1
493,12,1,1,0,0,1,0
493,13,7,2,1,0,0,0
493,14,7,2,1,0,-1,0
493,15,1,1,0,0,0,1
493,16,2,1,0,1,0,0
493,17,6,2,0,1,0,0
493,18,2,1,0,1,0,-1
493,19,1,1,0,0,0,0
493,20,5,2,0,0,0,0
493,21,1,1,0,0,0,0
493,22,1,1,0,0,1,1
493,23,4,1,1,1,0,0
493,24,4,1,1,1,0,0
493,25,8,2,1,1,0,-1
493,26,7,2,1,0,0,0
493,27,7,2,1,0,0,0
493,28,7,2,1,0,0,1
493,29,8,2,1,1,0,0
493,30,4,1,1,1,-1,0
493,31,6,2,0,1,0,-1
493,32,1,1,0,0,0,0
493,33,1,1,0,0,0,0
493,34,1,1,0,0,0,1
493,35,2,1,0,1,0,0
493,36,2,1,0,1,0,0
493,37,2,1,0,1,0,0
493,38,2,1,0,1,0,0
493,39,6,2,0,1,0,0
493,40,6,2,0,1,1,0
493,41,8,2,1,1,-1,-1
493,42,5,2,0,0,0,0
493,43,5,2,0,0,0,0
493,44,5,2,0,0,1,0
493,45,7,2,1,0,0,0
493,46,7,2,1,0,-1,0
493,47,1,1,0,0,0,0
493,48,1,1,0,0,0,0
493,49,1,1,0,0,0,1
493,50,2,1,0,1,0,-1
494,1,5,2,0,0,0,0
494,2,5,2,0,0,0,0
494,3,5,2,0,0,1,1
494,4,4,1,1,1,0,0
494,5,4,1,1,1,0,0
494,6,8,2,1,1,-1,0
494,7,6,2,0,1,1,0
494,8,4,1,1,1,0,0
494,9,4,1,1,1,0,0
494,10,8,2,1,1,0,0
494,11,8,2,1,1,-1,0
494,12,2,1,0,1,0,0
494,13,6,2,0,1,0,0
494,14,6,2,0,1,0,0
494,15,6,2,0,1,1,0
494,16,8,2,1,1,0,0
494,17,8,2,1,1,-1,0
494,18,2,1,0,1,0,0
494,19,2,1,0,1,0,0
494,20,6,2,0,1,1,-1
494,21,3,1,1,0,-1,1
494,22,6,2,0,1,0,0
494,23,2,1,0,1,0,-1
494,24,1,1,0,0,1,0
494,25,3,1,1,0,0,1
494,26,4,1,1,1,0,0
494,27,4,1,1,1,0,-1
494,28,3,1,1,0,0,0
494,29,3,1,1,0,-1,0
494,30,1,1,0,0,1,0
494,31,3,1,1,0,0,0
494,32,7,2,1,0,0,0
494,33,3,1,1,0,0,0
494,34,3,1,1,0,0,0
494,35,3,1,1,0,0,0
494,36,3,1,1,0,0,1
494,37,4,1,1,1,0,0
494,38,8,2,1,1,-1,0
494,39,6,2,0,1,0,0
494,40,6,2,0,1,1,0
494,41,8,2,1,1,0,0
494,42,4,1,1,1,-1,0
494,43,2,1,0,1,0,-1
494,44,5,2,0,0,0,0
494,45,5,2,0,0,0,0
494,46,5,2,0,0,0,0
494,47,5,2,0,0,1,1
494,48,8,2,1,1,0,0
494,49,4,1,1,1,0,0
494,50,4,1,1,1,0,0
495,1,5,2,0,0,0,0
495,2,5,2,0,0,1,0
495,3,7,2,1,0,0,0
495,4,3,1,1,0,0,1
495,5,4,1,1,1,0,0
495,6,4,1,1,1,0,0
495,7,8,2,1,1,0,0
495,8,8,2,1,1,0,0
495,9,8,2,1,1,-1,0
495,10,6,2,0,1,0,-1
495,11,5,2,0,0,1,0
495,12,3,1,1,0,0,0
495,13,3,1,1,0,0,0
495,14,3,1,1,0,-1,1
495,15,2,1,0,1,0,0
495,16,2,1,0,1,0,0
495,17,2,1,0,1,0,0
495,18,2,1,0,1,0,-1
495,19,5,2,0,0,0,0
495,20,1,1,0,0,0,0
495,21,1,1,0,0,1,0
495,22,3,1,1,0,0,0
495,23,3,1,1,0,0,1
495,24,8,2,1,1,-1,-1
495,25,5,2,0,0,0,0
495,26,1,1,0,0,0,0
495,27,1,1,0,0,0,0
495,28,5,2,0,0,1,0
495,29,3,1,1,0,0,0
495,30,7,2,1,0,0,0
495,31,7,2,1,0,-1,0
495,32,5,2,0,0,0,1
495,33,6,2,0,1,0,0
495,34,2,1,0,1,1,0
495,35,8,2,1,1,0,0
495,36,8,2,1,1,0,0
495,37,4,1,1,1,0,0
495,38,8,2,1,1,0,0
495,39,8,2,1,1,-1,0
495,40,6,2,0,1,0,0
495,41,2,1,0,1,0,0
495,42,2,1,0,1,0,0
495,43,2,1,0,1,0,0
495,44,6,2,0,1,0,0
495,45,2,1,0,1,0,-1
495,46,5,2,0,0,1,1
495,47,8,2,1,1,0,-1
495,48,7,2,1,0,0,0
495,49,3,1,1,0,-1,1
495,50,2,1,0,1,0,0
496,1,5,2,0,0,0,1
496,2,2,1,0,1,0,0
496,3,2,1,0,1,0,0
496,4,2,1,0,1,0,-1
496,5,5,2,0,0,0,1
496,6,6,2,0,1,0,0
496,7,2,1,0,1,0,-1
496,8,5,2,0,0,1,0
496,9,7,2,1,0,0,0
496,10,7,2,1,0,0,0
496,11,3,1,1,0,0,1
496,12,4,1,1,1,-1,0
496,13,2,1,0,1,0,0
496,14,2,1,0,1,0,0
496,15,2,1,0,1,0,0
496,16,2,1,0,1,1,-1
496,17,3,1,1,0,0,0
496,18,3,1,1,0,0,0
496,19,3,1,1,0,-1,0
496,20,5,2,0,0,0,0
496,21,1,1,0,0,0,0
496,22,5,2,0,0,0,0
496,23,1,1,0,0,0,0
496,24,1,1,0,0,0,0
496,25,1,1,0,0,0,0
496,26,1,1,0,0,0,0
496,27,1,1,0,0,0,1
496,28,2,1,0,1,0,-1
496,29,1,1,0,0,0,0
496,30,5,2,0,0,0,0
496,31,5,2,0,0,0,0
496,32,1,1,0,0,0,0
496,33,1,1,0,0,1,0
496,34,3,1,1,0,0,1
496,35,4,1,1,1,0,-1
496,36,7,2,1,0,0,0
496,37,3,1,1,0,-1,0
496,38,1,1,0,0,0,1
496,39,2,1,0,1,1,0
496,40,4,1,1,1,0,0
496,41,4,1,1,1,0,0
496,42,4,1,1,1,0,0
496,43,4,1,1,1,0,-1
496,44,3,1,1,0,0,0
496,45,3,1,1,0,0,1
496,46,8,2,1,1,0,0
496,47,4,1,1,1,0,0
496,48,4,1,1,1,0,-1
496,49,3,1,1,0,0,0
496,50,7,2,1,0,0,0
497,1,2,1,0,1,0,0
497,2,2,1,0,1,0,0
497,3,2,1,0,1,0,0
497,4,2,1,0,1,0,0
497,5,6,2,0,1,0,-1
497,6,1,1,0,0,1,0
497,7,3,1,1,0,0,0
497,8,3,1,1,0,0,1
497,9,4,1,1,1,0,0
497,10,4,1,1,1,0,0
497,11,8,2,1,1,-1,0
497,12,6,2,0,1,0,0
497,13,6,2,0,1,0,0
497,14,6,2,0,1,0,0
497,15,6,2,0,1,1,0
497,16,4,1,1,1,0,0
497,17,4,1,1,1,0,0
497,18,4,1,1,1,-1,0
497,19,2,1,0,1,1,0
497,20,8,2,1,1,0,0
497,21,8,2,1,1,0,0
497,22,4,1,1,1,-1,0
497,23,2,1,0,1,0,0
497,24,2,1,0,1,0,-1
497,25,1,1,0,0,0,0
497,26,1,1,0,0,0,0
497,27,5,2,0,0,0,0
497,28,5,2,0,0,0,0
497,29,5,2,0,0,0,0
497,30,5,2,0,0,0,0
497,31,1,1,0,0,0,0
497,32,1,1,0,0,0,0
497,33,1,1,0,0,0,0
497,34,1,1,0,0,0,0
497,35,5,2,0,0,1,0
497,36,7,2,1,0,0,0
497,37,3,1,1,0,0,0
497,38,3,1,1,0,0,1
497,39,8,2,1,1,0,0
497,40,8,2,1,1,0,0
497,41,8,2,1,1,0,0
497,42,8,2,1,1,0,0
497,43,4,1,1,1,-1,0
497,44,2,1,0,1,0,0
497,45,2,1,0,1,1,0
497,46,4,1,1,1,0,0
497,47,4,1,1,1,0,0
497,48,4,1,1,1,-1,0
497,49,2,1,0,1,0,0
497,50,2,1,0,1,0,0
498,1,8,2,1,1,0,0
498,2,4,1,1,1,0,-1
498,3,3,1,1,0,0,0
498,4,3,1,1,0,-1,0
498,5,5,2,0,0,0,0
498,6,5,2,0,0,0,1
498,7,6,2,0,1,0,0
498,8,6,2,0,1,0,-1
498,9,1,1,0,0,0,0
498,10,1,1,0,0,0,0
498,11,5,2,0,0,0,0
498,12,5,2,0,0,0,0
498,13,5,2,0,0,0,1
498,14,2,1,0,1,0,-1
498,15,5,2,0,0,1,1
498,16,4,1,1,1,-1,0
498,17,6,2,0,1,1,0
498,18,8,2,1,1,0,-1
498,19,3,1,1,0,0,0
498,20,7,2,1,0,0,1
498,21,4,1,1,1,0,0
498,22,4,1,1,1,0,-1
498,23,3,1,1,0,0,1
498,24,8,2,1,1,0,0
498,25,8,2,1,1,0,0
498,26,8,2,1,1,0,0
498,27,8,2,1,1,0,0
498,28,8,2,1,1,0,-1
498,29,3,1,1,0,0,0
498,30,3,1,1,0,0,0
498,31,3,1,1,0,0,0
498,32,7,2,1,0,0,0
498,33,7,2,1,0,0,0
498,34,7,2,1,0,-1,0
498,35,5,2,0,0,0,0
498,36,5,2,0,0,1,0
498,37,3,1,1,0,0,1
498,38,4,1,1,1,0,-1
498,39,3,1,1,0,0,0
498,40,3,1,1,0,0,0
498,41,3,1,1,0,0,1
498,42,4,1,1,1,0,0
498,43,4,1,1,1,0,0
498,44,4,1,1,1,0,0
498,45,4,1,1,1,0,0
498,46,4,1,1,1,0,0
498,47,4,1,1,1,0,-1
498,48,3,1,1,0,0,0
498,49,3,1,1,0,-1,0
498,50,1,1,0,0,0,1
499,1,1,1,0,0,0,0
499,2,5,2,0,0,1,0
499,3,7,2,1,0,0,0
499,4,7,2,1,0,0,1
499,5,8,2,1,1,-1,-1
499,6,1,1,0,0,0,0
499,7,1,1,0,0,0,0
499,8,1,1,0,0,0,0
499,9,1,1,0,0,1,0
499,10,3,1,1,0,0,1
499,11,4,1,1,1,0,0
499,12,4,1,1,1,0,0
499,13,4,1,1,1,0,0
499,14,4,1,1,1,0,0
499,15,8,2,1,1,0,0
499,16,8,2,1,1,0,0
499,17,8,2,1,1,-1,0
499,18,6,2,0,1,1,0
499,19,4,1,1,1,-1,-1
499,20,1,1,0,0,0,0
499,21,1,1,0,0,0,0
499,22,1,1,0,0,1,0
499,23,3,1,1,0,0,0
499,24,7,2,1,0,0,1
499,25,4,1,1,1,0,0
499,26,4,1,1,1,0,0
499,27,8,2,1,1,0,0
499,28,4,1,1,1,0,0
499,29,4,1,1,1,0,0
499,30,8,2,1,1,-1,0
499,31,6,2,0,1,0,0
499,32,6,2,0,1,0,-1
499,33,1,1,0,0,1,1
499,34,4,1,1,1,-1,0
499,35,6,2,0,1,0,0
499,36,6,2,0,1,0,0
499,37,6,2,0,1,0,0
499,38,6,2,0,1,1,-1
499,39,3,1,1,0,-1,1
499,40,6,2,0,1,0,0
499,41,2,1,0,1,0,0
499,42,2,1,0,1,0,-1
499,43,5,2,0,0,1,0
499,44,7,2,1,0,0,0
499,45,7,2,1,0,0,0
499,46,7,2,1,0,-1,0
499,47,5,2,0,0,1,1
499,48,4,1,1,1,0,0
499,49,8,2,1,1,0,0
499,50,8,2,1,1,0,0
500,1,3,1,1,0,0,0
500,2,3,1,1,0,0,0
500,3,3,1,1,0,0,0
500,4,7,2,1,0,0,0
500,5,7,2,1,0,0,1
500,6,4,1,1,1,0,0
500,7,8,2,1,1,0,0
500,8,4,1,1,1,-1,0
500,9,2,1,0,1,0,0
500,10,2,1,0,1,0,0
500,11,6,2,0,1,1,0
500,12,4,1,1,1,0,0
500,13,4,1,1,1,0,-1
500,14,3,1,1,0,0,0
500,15,7,2,1,0,-1,1
500,16,2,1,0,1,0,0
500,17,2,1,0,1,0,0
500,18,2,1,0,1,0,0
500,19,6,2,0,1,1,0
500,20,8,2,1,1,0,-1
500,21,3,1,1,0,0,0
500,22,7,2,1,0,0,1
500,23,4,1,1,1,0,0
500,24,4,1,1,1,0,-1
500,25,7,2,1,0,0,0
500,26,7,2,1,0,0,0
500,27,3,1,1,0,0,0
500,28,3,1,1,0,-1,0
500,29,5,2,0,0,0,1
500,30,2,1,0,1,1,0
500,31,4,1,1,1,0,-1
500,32,7,2,1,0,0,0
500,33,7,2,1,0,0,0
500,34,7,2,1,0,0,0
500,35,7,2,1,0,0,0
500,36,7,2,1,0,0,1
500,37,8,2,1,1,0,0
500,38,8,2,1,1,0,0
500,39,8,2,1,1,0,0
500,40,4,1,1,1,0,0
500,41,4,1,1,1,0,0
500,42,8,2,1,1,0,0
500,43,8,2,1,1,0,-1
500,44,3,1,1,0,-1,1
500,45,2,1,0,1,0,0
500,46,6,2,0,1,0,0
500,47,2,1,0,1,0,0
500,48,6,2,0,1,0,0
500,49,6,2,0,1,1,0
500,50,4,1,1,1,0,0
