"","Payoff parameter: True","Normalized true","Estimated","SE"
"1",0.3,0.3375,0.3413744177467,0.0562557476841922
"2",0.2,0.2375,0.247746993135046,0.05567750315834
"3",-0.27,-0.27,-0.253616766318988,0.0440449604542708
"4",0.45,0.45,0.436552172693398,0.0873451213868119
"5",-2.1,-2.25,-2.25152032506515,0.0213140793359095
