"","CCP for firm 2: True","Estimated","SE"
"1",0.714724634310084,0.711278792692613,0.00850823379993574
"2",0.79240872185941,0.780517879161529,0.00755663735421782
"3",0.741696576709338,0.736777367773678,0.00700485536953449
"4",0.768730743535441,0.77271702367531,0.0059185604671043
"5",0.737684704574304,0.729480330257407,0.0101454336174167
"6",0.772705963784987,0.76969212315074,0.00859129037277213
"7",0.763529928050545,0.763861055444222,0.00689873953370897
"8",0.74730044502447,0.760992462311558,0.00662658169168394
