"","Payoff parameter: True","Normalized true","Estimated","SE"
"1",0.3,0.3375,0.327055873172729,0.0541916164159852
"2",0.2,0.2375,0.229904641590245,0.0537629434511262
"3",-0.27,-0.27,-0.253781362265042,0.0415113381106922
"4",0.45,0.45,0.468104939936974,0.08565818637306
"5",-2.1,-2.25,-2.25846630120366,0.0214834335265099
