"","Transition Probability (GG and BB): True","Estimated","SE"
"1",0.7,0.698136113689924,0.00415040168483012
"2",0.6,0.601028865390111,0.00425534156464975
