"","CCP for firm 1: True","Estimated","SE"
"1",0.683562712997245,0.686258935663225,0.00994712901245503
"2",0.71266197574011,0.717632552404439,0.00776598662984402
"3",0.815650785171852,0.8309963099631,0.00540281288124529
"4",0.793819237399761,0.797745208568207,0.0062034756821129
"5",0.708066547191591,0.704711024769305,0.00978514436268529
"6",0.73596505473337,0.735705717712915,0.00827161077627727
"7",0.79754667534199,0.79124916499666,0.00687595321930571
"8",0.774137343160642,0.771042713567839,0.00748953927611483
